s1_id,true_target_id,source,s1_name,target_name,s1_address,target_address,s1_country,target_country,name_ratio,addr_ratio,postal_compat,bldg_compat,category
S1-980758672,S3-181192349,S3,Perfect Technologies,परफेक्ट टेक्नोलॉजीज,"901, Mumbai City, Maharashtra, Mumbai, 9Th Floor, Padmavati Heights, Shraddhanand Road, Vileparle East","B3/901, 9Th Floor, Padmavati Heights, Shraddhanand Road, Vileparle East, Mumbai City, Mumbai, MH",IN,IN,5.128205128205132,69.56521739130434,False,False,10. cross-script
S1-980758672,S2-955752167,S2,Perfect Technologies,Perfect Tcehotlogses,"901, Mumbai City, Maharashtra, Mumbai, 9Th Floor, Padmavati Heights, Shraddhanand Road, Vileparle East","9-01, 9TH FLOOR, PADMAVATI HEIGHTS, SHRADDHANAND ROAD, VILEPARLE EAST, MUMBAI, Maharashtra",IN,IN,85.0,71.50837988826815,False,False,1. spelling corruption
S1-980758672,S2-163574323,S2,Perfect Technologies,परफेक्ट टेक्नोलॉजीज,"901, Mumbai City, Maharashtra, Mumbai, 9Th Floor, Padmavati Heights, Shraddhanand Road, Vileparle East","9-01, BOMBAY, MUMBAI CITY, Maharashtra",IN,IN,5.128205128205132,41.53846153846153,False,False,10. cross-script
S1-425155698,S3-872255058,S3,Indian Solutions Pvt Ltd,Indian Sólutions Pvt Ltd,"Mumbai, 01, M N Dsouza Compound, Kherani Road Sakinaka, Maharashtra",,IN,IN,95.83333333333334,0.0,False,False,6. missing address
S1-425155698,S2-851295700,S2,Indian Solutions Pvt Ltd,इंडियन सॉल्यूशंस प्रा. लि.,"Mumbai, 01, M N Dsouza Compound, Kherani Road Sakinaka, Maharashtra","BLOCK F-00377 01, MUMBAI, M N DSOUZA COMPOUND, KHERANI ROAD SAKINAKA, MUMBAI, Maharashtra",IN,IN,12.5,81.63265306122449,False,False,10. cross-script
S1-821524821,S2-915958365,S2,Shiva Technology,शिवा टेक्नोलॉजी,"House No.- 835A, Gali No.- 18B Sadh Nagar, Palam Colony, New Delhi, South West Delhi, Delhi","HOUSE NO.- 0835A, GALI NO.- 18B SADH NAGAR, PALAM COLONY, NEW DELHI, Delhi",IN,IN,6.451612903225811,87.83783783783784,False,False,10. cross-script
S1-821524821,S3-754994446,S3,Shiva Technology,... Shiva Shiva Tebhnoeogy,"House No.- 835A, Gali No.- 18B Sadh Nagar, Palam Colony, New Delhi, South West Delhi, Delhi","House No.- D/835a, Gali No.- 18B Sadh Nagar, Palam Colony, South West Delhi, DL",IN,IN,73.6842105263158,90.19607843137256,False,False,1. spelling corruption
S1-821524821,S3-233722189,S3,Shiva Technology,Shiva Téchnology,"House No.- 835A, Gali No.- 18B Sadh Nagar, Palam Colony, New Delhi, South West Delhi, Delhi","House No.- D/835a, South West Delhi, DL",IN,IN,93.75,56.41025641025641,False,False,10. cross-script
S1-821524821,S3-555810912,S3,Shiva Technology,शिवा टेक्नोलॉजी,"House No.- 835A, Gali No.- 18B Sadh Nagar, Palam Colony, New Delhi, South West Delhi, Delhi","South West Delhi, House No.- D/835a, Gali No.- 18B Sadh Nagar, Palam Colony, South West Delhi, DL",IN,IN,6.451612903225811,81.17647058823529,False,False,10. cross-script
S1-325647540,S3-396654947,S3,Eye Specialists Inc.,Eye Spcialitas Inc.,"112 Ashberry Drive, Bardstown, KY","Ashberry Drive, Bardstown, Kentucky",US,US,91.89189189189189,84.375,False,False,9. address variation
S1-763573530,S2-400974035,S2,Gujarat Builders Private Limited,गुजरात बिल्डर्स प्राइवेट लिमिटेड,"Free Press House215 Nariman Point, Mumbai, Maharashtra","MUMBAI, THANE, FREE PRESS HOUSE215 NARIMAN POINT, Maharashtra",IN,IN,9.375,81.81818181818181,False,False,10. cross-script
S1-763573530,S3-435168738,S3,Gujarat Builders Private Limited,गुजरात बिल्डर्स प्राइवेट लिमिटेड,"Free Press House215 Nariman Point, Mumbai, Maharashtra","Free Press House215 Nariman Point, Raigarh (MAHARASHTRA), Mumbai, महाराष्ट्र",IN,IN,9.375,78.04878048780488,False,False,10. cross-script
S1-572191738,S3-94990544,S3,Vs Medicare Pvt Ltd,Vs Médicare Pvt Ltd,"Prop No-D-10-A Second Floor, Acharya Niketan, Mayur Vihar Phase-1, East Delhi, Delhi","DL, Prop No-d-10-a Second Floor, East Delhi",IN,IN,94.73684210526316,62.8099173553719,False,False,10. cross-script
S1-805370358,S2-348692943,S2,Om Technologies,ಓಂ ಟೆಕ್ನಾಲಜೀಸ್,"Karnataka, 1-R Nethravathi Buildingbalmatta Mangalore, Mangalore, Dakshina Kannada","#1-R NETHRAVATHI BUILDINGBALMATTA MANGALORE, MANGALORE, DAKSHINA KANNADA, ಕರ್ನಾಟಕ",IN,IN,6.896551724137934,88.46153846153845,False,False,10. cross-script
S1-805370358,S3-34821061,S3,Om Technologies,Om  Technologies Corp,"Karnataka, 1-R Nethravathi Buildingbalmatta Mangalore, Mangalore, Dakshina Kannada","No 1-R Nethravathi Buildingbalmatta Mangalore, KA, Dakshina Kannada, Mangalore",IN,IN,85.71428571428572,81.81818181818181,False,False,1. spelling corruption
S1-152470525,S2-761792890,S2,Regency Accounting Private Limited,REGENCY PRIVATE-LIMITED SERVICES,"Sr No.250, Milkat No 230, Gat No 493, Materewadi, Tal- Dindori, Nashik, Maharashtra","SR NO.##250, MILKAT NO 230, GAT NO 493, MATEREWADI, TAL- DINDORI, NASHIK, महाराष्ट्र",IN,IN,69.6969696969697,86.09271523178808,False,False,1. spelling corruption
S1-553361238,S2-107692784,S2,Lower Enterprises,Lower Lower Enterprises LP,"412 Kempton Square, Folsom, CA","FOLSM, 412 Kempton Square, N/A, CA",US,US,79.06976744186046,74.57627118644068,False,False,1. spelling corruption
S1-994578306,S2-779735277,S2,Harbor Star Enclave Inc,Harbor Star Enliaeve Inc,"NC, 150 Preakness Farm Drive, Garner","GARNER, N/A, 148 PREAKNESS FARM DRIVE, NC",US,US,93.61702127659575,72.22222222222221,False,False,9. address variation
S1-994578306,S2-158254207,S2,Harbor Star Enclave Inc,Harbor Star  Enclave,"NC, 150 Preakness Farm Drive, Garner","148 PREAKNESS FARM DRIVE, N/A, GARNER, NC",US,US,90.47619047619048,80.55555555555556,False,False,9. address variation
S1-163638610,S3-414288176,S3,James's Health,jamesshealth.com,"433 Johnson Avenue, Morris, IL","Mroris CITY, Illinois, 433 Johnson Avenue",US,US,80.0,53.73134328358209,False,False,1. spelling corruption
S1-170768569,S3-113629263,S3,Kolkata Enterprises Ltd,Kolkata Enterprises Ltd. Ltd.,"Ganesh Chandra Avenue, Kolkata, West Bengal, 34, Kolkata, Howrah","D/34, Ganesh Chandra Avenue, Kolkata, Calcutta, Rampur Wb, WB",IN,IN,92.0,64.34782608695653,False,False,5. word reordering
S1-170768569,S3-616137371,S3,Kolkata Enterprises Ltd,Kolkata Enterprises,"Ganesh Chandra Avenue, Kolkata, West Bengal, 34, Kolkata, Howrah","D/34, Howrah, Rampur Wb, পশ্চিমবঙ্গ",IN,IN,90.47619047619048,24.17582417582418,False,False,8. common name
S1-170768569,S3-882467508,S3,Kolkata Enterprises Ltd,kolkataenterprises.com,"Ganesh Chandra Avenue, Kolkata, West Bengal, 34, Kolkata, Howrah","D/34, Ganesh Chandra Avenue, Kolkata, Howrah, Rampur Wb, WB",IN,IN,84.44444444444444,63.716814159292035,False,False,1. spelling corruption
S1-170768569,S2-296423484,S2,Kolkata Enterprises Ltd,Kolkata Ltd Services,"Ganesh Chandra Avenue, Kolkata, West Bengal, 34, Kolkata, Howrah","9-34, GANESH CHANDRA AVENUE, KOLKATA, KOLKATA, West Bengal",IN,IN,65.11627906976744,72.56637168141593,False,False,1. spelling corruption
S1-170768569,S2-609065782,S2,Kolkata Enterprises Ltd,Kolkata Énterprises Ltd,"Ganesh Chandra Avenue, Kolkata, West Bengal, 34, Kolkata, Howrah","9-34, GANESH CHANDRA AVENUE, KOLKATA, KOLKATA, West Bengal",IN,IN,95.65217391304348,72.56637168141593,False,False,10. cross-script
S1-486791303,S3-689310669,S3,UI Developers Care,UI Dévelopers Cáre,"The Laxmi, 8-2-686/B/6/D/K & 8-2-686/B/M/K, Ground & 1St Floor, Rd No.12, Banjara Hills, Near In, Dian Bank, Hyderabad, Telangana","TG, 8-2-686/B/6/D/K & 8-2-686/B/M/K, Ground & 1St Floor, Rd No.12, Banjara Hills, Near In, Dian Bank, The Laxmi, Hyderabad",IN,IN,88.88888888888889,88.06584362139918,False,False,10. cross-script
S1-486791303,S2-53478642,S2,UI Developers Care,uideveloperscare.com,"The Laxmi, 8-2-686/B/6/D/K & 8-2-686/B/M/K, Ground & 1St Floor, Rd No.12, Banjara Hills, Near In, Dian Bank, Hyderabad, Telangana","THE LAMI, 8-2-686/B/6/D/K & 8-2-686/B/M/K, GROUND & 1ST FLOOR, RD NO.12, BANJARA HILLS, NEAR IN, DIAN BANK, HYDERABAD, Telangana",IN,IN,84.21052631578947,99.59839357429718,False,False,1. spelling corruption
S1-486791303,S3-792078736,S3,UI Developers Care,uideveloperscare.com,"The Laxmi, 8-2-686/B/6/D/K & 8-2-686/B/M/K, Ground & 1St Floor, Rd No.12, Banjara Hills, Near In, Dian Bank, Hyderabad, Telangana","The Laxmi, Hyderabad, తెలంగాణ",IN,IN,84.21052631578947,26.315789473684216,False,False,1. spelling corruption
S1-278967720,S3-357912882,S3,Sol & Associates Private Limited,solassociates.com,"C/O United Phosphorus Ltdreadymoney Terrace 4Th Floor 167 Dr.Annie Besant Rd Worli, Mumbai, Maharashtra","C/o United Phosphorus Ltdreadymoney Terrace 4Th Floor 167 Dr.annie Besant Rd Worli, Mumbai, MH",IN,IN,58.82352941176471,95.33678756476685,False,False,9. address variation
S1-15998785,S3-160993058,S3,Diamond Equity Advisors,Diam0nd Equity Advisors LLC,"1203 Ashley Lake Road, Kalispell, MT",,US,US,88.0,0.0,False,False,6. missing address
S1-590100620,S3-652524078,S3,Beacon Security Company,Beacon Company Services,"Gloucester, Unit 1, 28 Granite Street, MA","Massachusetts, 28 Granite Street, PMB 6497, Gloucester",US,US,60.86956521739131,53.93258426966292,False,False,1. spelling corruption
S1-590100620,S2-58924785,S2,Beacon Security Company,Beacon Company Services,"Gloucester, Unit 1, 28 Granite Street, MA","28 GRAITE STREET, GLOUCSTER, MA",US,US,60.86956521739131,56.71641791044777,False,False,1. spelling corruption
S1-590100620,S3-450677026,S3,Beacon Security Company,beaconsecurity.com,"Gloucester, Unit 1, 28 Granite Street, MA","28 Granite Street, Unit 1, Gloucester, Massachusetts",US,US,87.8048780487805,48.275862068965516,False,False,1. spelling corruption
S1-186641835,S3-463160121,S3,Bison Americas Inc,Bison Americssa Inc,"1383 Hampshire Circle, Mountain Home, AR","383 Hampshire Cir, Mountain Home, Arkansas",US,US,91.89189189189189,87.17948717948718,False,False,9. address variation
S1-430821629,S3-948896868,S3,Vision Specialists Inc,Vision Specialists,"MA, 3026 Cranberry Highway, Unit 141, Wareham","3026 Cranberry Highway, Unit 141, Wareham, Massachusetts",US,US,90.0,82.10526315789474,False,False,9. address variation
S1-430821629,S3-570488233,S3,Vision Specialists Inc,inc vision specialists,"MA, 3026 Cranberry Highway, Unit 141, Wareham","3026 Cranberry Highway, Unit 141, Wareham, Massachusetts",US,US,81.81818181818181,82.10526315789474,False,False,5. word reordering
S1-430821629,S3-342773666,S3,Vision Specialists Inc,Vision Seecialsits Inc,"MA, 3026 Cranberry Highway, Unit 141, Wareham","3026 Cranberry Hwy, Wareham, Massachusetts",US,US,90.9090909090909,63.41463414634146,False,False,9. address variation
S1-8134511,S3-176350547,S3,Sky Silver Management Private Limited,skysilvermanagement.com,"Old No.27, Tamil Nadu, Coimbatore, New No.37, Iind Floor, Sir Shanmugam Road, R.S.Puram","27, New No.37, Iind Floor, Sir Shanmugam Road, R.s.puram, Coimbatore, தமிழ்நாடு",IN,IN,70.0,67.53246753246754,False,False,1. spelling corruption
S1-8134511,S3-215432819,S3,Sky Silver Management Private Limited,Sky Silver Private Limited Services,"Old No.27, Tamil Nadu, Coimbatore, New No.37, Iind Floor, Sir Shanmugam Road, R.S.Puram","Coimbatore, Door No 27, TN",IN,IN,72.22222222222221,38.095238095238095,False,False,1. spelling corruption
S1-8134511,S2-816869443,S2,Sky Silver Management Private Limited,ஸ்கை சில்வர் மேனேஜ்மெண்ட் பிரைவேட் லிமிடெட்,"Old No.27, Tamil Nadu, Coimbatore, New No.37, Iind Floor, Sir Shanmugam Road, R.S.Puram","OLD NO.2-7, NEW NO.37, IIND FLOOR, SIR SHANMUGAM ROAD, R.S.PURAM, COIMBATORE, Tamil Nadu",IN,IN,9.999999999999998,72.39263803680981,False,False,10. cross-script
S1-8134511,S2-423327140,S2,Sky Silver Management Private Limited,ஸ்கை சில்வர் மேனேஜ்மெண்ட் பிரைவேட் லிமிடெட்,"Old No.27, Tamil Nadu, Coimbatore, New No.37, Iind Floor, Sir Shanmugam Road, R.S.Puram","OLD NO.2-7, COIMBATORE, Tamil Nadu",IN,IN,9.999999999999998,49.557522123893804,False,False,10. cross-script
S1-8134511,S2-836267437,S2,Sky Silver Management Private Limited,Sky சில்வர் மேனேஜ்மெண்ட் Private Limited,"Old No.27, Tamil Nadu, Coimbatore, New No.37, Iind Floor, Sir Shanmugam Road, R.S.Puram","#2-7 , NEW NO.37, IIND FLOOR, SIR SHANMUGAM ROAD, R.S.PURAM, COIMBATORE, தமிழ்நாடு",IN,IN,54.54545454545454,67.09677419354838,False,False,10. cross-script
S1-509434034,S2-801436918,S2,Aspen P.C.,KELOFLUX,"772 Ashley Drive, Rural Hall, NC","772 ASHLEY DR, RURAL HALL, NC",US,US,11.764705882352944,94.73684210526316,False,True,9. address variation
S1-509434034,S2-930848452,S2,Aspen P.C.,Aspen,"772 Ashley Drive, Rural Hall, NC","NC, 772 ASLEY DR, RURAL HALL",US,US,71.42857142857143,82.14285714285714,False,False,1. spelling corruption
S1-735836529,S3-350473741,S3,Clear Fresh Taxable Inc,Clear Fresh Taxbael Inc Inc,"2500 Dykes Street, Dothan, AL",,US,US,84.0,0.0,False,False,6. missing address
S1-745467521,S3-257682397,S3,Jaipur Industrial,jaipurindustrial.com,"Plot No. 71, Kesar Vihar.Vidhyadhar Nagar, Near Govt. Dispensary, Jagatpura, Jaipur, Rajasthan, Basement","Basement, Jaipur, राजस्थान",IN,IN,86.48648648648648,21.666666666666668,False,False,1. spelling corruption
S1-47716313,S3-319929701,S3,Transformers Security LLP,TránsformerssecurityCom,"Kanyakumari, Tamil Nadu, Ward 4, Kannumamoodu, Vilavancode, Door No. 4 A1","4 A1, Ward 4, Kannumamoodu, Vilavancode, Kanyakumari, தமிழ்நாடு",IN,IN,79.16666666666666,59.20000000000001,False,False,10. cross-script
S1-453399699,S3-273118491,S3,Pune Home Private Limited,Pune Hmoe Private [Límited],"Sn-209/1 Fl-301-A Bldg-B, Lunkad Orchids, Viman Nagar, Pune, Maharashtra","Sn-209/1 Fl-301-a Bldg-b, Lunkad Orchids, Viman Nagar, Pune, MH",IN,IN,92.0,92.91338582677166,False,False,10. cross-script
S1-921309468,S3-927007916,S3,Dynamic Marine Studios LLC,Dynamic Marine,"Mason, OH, 4326 Spyglass Hill","Mason, Ohio, 04326 Spyglass Hill",US,US,70.0,94.73684210526316,False,False,1. spelling corruption
S1-834259545,S3-90183441,S3,Star Allegro LLC,Starallegro.Com,"NY, Brunswick, 361 Moonlawn Road","361 Moonlawn Rd, PMB 1853, Brunswick, New York",US,US,83.87096774193549,43.83561643835616,False,False,1. spelling corruption
S1-80797809,S3-683516625,S3,"Juli Hatfield, O.D., M.D., P.C.",Júlihatfieldod.Com,"2608 Summer Creek Drive, Pearland, TX","Pearland, 2608 Summer Creek Dr, Texas",US,US,69.76744186046511,65.71428571428571,False,False,10. cross-script
S1-580574225,S3-340113084,S3,Tamilnadu Polytechnic,tamilnadupolytechnic.com,"2 Cosmos Parkm G Road Borivali East, Mumbai, Maharashtra","#2 Cosmos Parkm G Road Borivali East, Mumbai, महाराष्ट्र",IN,IN,88.88888888888889,80.37383177570094,False,False,1. spelling corruption
S1-770389131,S2-591045435,S2,Pediatric Dentistry Center Inc.,pédiatricdentistrycenter.com,"6012 Wildwood Drive, Mckinney, TX","6012  WILDWOOD DR, MCKINNEY, TX",US,US,86.20689655172413,94.91525423728814,False,True,10. cross-script
S1-31071168,S2-730383065,S2,High Producer Private Limited,हाई प्रोड्यूसर प्राइवेट लिमिटेड,"6/408, Vidhyadhar Nagar Jaipur, Jaipur, Rajasthan","PLOT #369 6/408, VIDHYADHAR NAGAR JAIPUR, JAIPUR, राजस्थान",IN,IN,9.999999999999998,74.0,False,False,10. cross-script
S1-31071168,S3-803581208,S3,High Producer Private Limited,हाई Producer प्राइवेट लिमिटेड,"6/408, Vidhyadhar Nagar Jaipur, Jaipur, Rajasthan","Jaipur, 6/408, राजस्थान",IN,IN,37.93103448275862,23.880597014925375,False,False,10. cross-script
S1-498301200,S3-147258437,S3,Modern Property Enterprises Inc,modernpropertyent.com,"2527 Monroe Avenue, Corvallis, OR","Monroe Ave, Oregon, Corvallis",US,US,73.07692307692308,72.41379310344827,False,False,1. spelling corruption
S1-985225889,S3-200134771,S3,Piedmont Charities Inc,Piedmont Charities,"12530 Carr Road, Unit 31, La Porte City, IA","Carr Rd, Unit 31, La Porte City, Iowa",US,US,90.0,86.48648648648648,False,False,9. address variation
S1-403796378,S2-250874303,S2,"Edwards, Krissie, D.D.S.",krissieedwardsdds.com,"2540 Jeanette Drive, Mesquite, TX","2541 JEANETTE DR, MESQUITE, TX",US,US,47.61904761904761,91.52542372881356,False,False,9. address variation
S1-863349676,S2-432584546,S2,Ss Finance Private Limited,एसएस फाइनेंस प्राइवेट लिमिटेड,"Liberty Compound, Oshiwara Bridge, Jogeshwari West Sv Road, Mumbai, Shop 13, Mumbai City, Maharashtra","SHOP 1-3, Maharashtra, MUMBAI SUBURBAN, LIBERTY COMPOUND, OSHIWARA BRIDGE, JOGESHWARI WEST SV ROAD, BOMBAY",IN,IN,10.909090909090914,64.61538461538461,False,False,10. cross-script
S1-863349676,S3-545367044,S3,Ss Finance Private Limited,Sri Ss Finance,"Liberty Compound, Oshiwara Bridge, Jogeshwari West Sv Road, Mumbai, Shop 13, Mumbai City, Maharashtra","Shop 1-3, Mumbai, Mumbai City, MH",IN,IN,50.0,43.2,False,False,3. transliteration
S1-863349676,S2-945815626,S2,Ss Finance Private Limited,... Ss Finance Pmviaste Limited,"Liberty Compound, Oshiwara Bridge, Jogeshwari West Sv Road, Mumbai, Shop 13, Mumbai City, Maharashtra","SHOP 1-3, MUMBAI CITY, MUMBAI SUBURBAN, Maharashtra",IN,IN,90.56603773584906,46.15384615384615,False,False,11. other
S1-863349676,S2-927731595,S2,Ss Finance Private Limited,SS PRIVATE-LIMITED SERVICES,"Liberty Compound, Oshiwara Bridge, Jogeshwari West Sv Road, Mumbai, Shop 13, Mumbai City, Maharashtra","SHOP 1-3, LIBERTY COMPOUND, OSHIWARA BRIDGE, JOGESHWARI WEST SV RODA, MUMBAI, Maharashtra",IN,IN,67.9245283018868,83.79888268156425,False,False,1. spelling corruption
S1-451681154,S3-354039705,S3,Browning Express Photonics LLC,Browning  Express,"TX, 4364 Newman Boulevard, Frisco","4364 Newman Boulevard, Frisco, Texas",US,US,69.56521739130434,86.15384615384616,False,False,1. spelling corruption
S1-451681154,S2-575159936,S2,Browning Express Photonics LLC,Browning Express Pdotionlics LLC,"TX, 4364 Newman Boulevard, Frisco","4364-4366 NEWMAN BOULEVARD, FRISCO, TX",US,US,93.5483870967742,83.5820895522388,False,False,9. address variation
S1-676353363,S3-919574117,S3,Classic Services Private Limited,क्लासिक सर्विसेज प्राइवेट लिमिटेड,"Flat No. E-33, P. No. 91, Arya Nagar Cghs, I.P. Extension, New Delhi, East Delhi, Delhi","Hn 638 Flat No. E-33, Ashoka Niketan, DL",IN,IN,9.230769230769232,42.10526315789473,False,False,10. cross-script
S1-676353363,S3-878055043,S3,Classic Services Private Limited,क्लासिक सर्विसेज प्राइवेट लिमिटेड,"Flat No. E-33, P. No. 91, Arya Nagar Cghs, I.P. Extension, New Delhi, East Delhi, Delhi","Hn 638 Flat No. E-33, Ashoka Niketan, DL",IN,IN,9.230769230769232,42.10526315789473,False,False,10. cross-script
S1-676353363,S2-666872283,S2,Classic Services Private Limited,क्लासिक सर्विसेज प्राइवेट लिमिटेड,"Flat No. E-33, P. No. 91, Arya Nagar Cghs, I.P. Extension, New Delhi, East Delhi, Delhi","दिल्ली, NEW DELHI, EAST DELHI, P. NO. 91, ARYA NAGAR CGHS, I.P. EXTENSION, FLAT NO. E-33",IN,IN,9.230769230769232,64.51612903225806,False,False,10. cross-script
S1-865412009,S3-273333217,S3,Cardiology Integrated Care,Cardiology Care Center,"WI, 811 Windover Court, Village Of Howard","811 Windover Ct, Village Of Howard, Wisconsin",US,US,66.66666666666667,80.48780487804879,False,False,1. spelling corruption
S1-865412009,S2-22297125,S2,Cardiology Integrated Care,Cardiology Integrated Cneo,"WI, 811 Windover Court, Village Of Howard",,US,US,92.3076923076923,0.0,False,False,6. missing address
S1-865412009,S2-561858682,S2,Cardiology Integrated Care,Cardiology Integrated-Care Foundation,"WI, 811 Windover Court, Village Of Howard","11 WINDOVER CT, VILLAGE OF HOWARD, WI",US,US,82.53968253968253,86.48648648648648,False,False,1. spelling corruption
S1-621647373,S2-631974813,S2,National Trading Studios Corporation,National Trading  Suebis Corporation,"Pflugerville, 503 City Park Road, TX",,US,US,92.95774647887323,0.0,False,False,6. missing address
S1-251448646,S2-269149124,S2,Holy Trading Private Limited,Holy Trading Privotae Limited,"C-702, Sy 15/3A, N 15/3B Kasvanahalli Main Road, Bangalore, Bangalore Rural, Karnataka","C-702, SY 15/3A, N 15/3B KASVANAHALLI MAIN ROAD, BANGALORE, Karnataka",IN,IN,94.73684210526316,89.04109589041096,False,False,9. address variation
S1-228864356,S3-701421084,S3,Metropolitan Bay Machine Works,Metropolitan Bay Machine Works LP,"MD, 201 Lakeside Drive, Greenbelt","201 Lakeside Dr, Greenbelt, Maryland",US,US,95.23809523809523,76.92307692307692,False,False,9. address variation
S1-13810518,S2-302746657,S2,Aarav Enterprises Private Limited,aaraventerprises.com,"No.79, 4Th Floor, Kadayarapana Halli, B K Halli Post, Jala Hobli, Bangalore North, Bangalore, Karnataka","#79 , 4TH FLOOR, KADAYARAPANA HALLI, B K HALLI POST, JALA HOBLI, BANGALORE NORTH, Karnataka",IN,IN,67.9245283018868,92.73743016759776,False,False,1. spelling corruption
S1-888789276,S2-803707727,S2,Board of Aging,Board of Amigng,"5112 Jessica Court, Fl 1, Lacey, WA","JESSICA CT, PMB 2966, LACEY, WA",US,US,89.65517241379311,70.0,False,False,1. spelling corruption
S1-340461848,S3-394152492,S3,Dermatology Physicians,Dermatology Physicians Inc,"5035 Addison Lane, NC, Hickory","##5035 Addison Lane, PMB 3115, Hickory, North Carolina",US,US,91.66666666666666,67.53246753246754,False,False,9. address variation
S1-191441825,S3-146994190,S3,Big Ice Cream,Big Ice Cream Center,"13 Brown Street, Unit Apartment 12, Norwich, NY","013 Brown St, Unit Apartment 12, Norwich, New York",US,US,78.78787878787878,87.91208791208791,False,False,1. spelling corruption
S1-191441825,S3-870909157,S3,Big Ice Cream,Big  Ice Cream Partners,"13 Brown Street, Unit Apartment 12, Norwich, NY","PMB 9903, 013 Brown Street, Norwich, New York",US,US,74.28571428571429,60.46511627906976,False,False,1. spelling corruption
S1-802648116,S3-476078588,S3,NP Reliable Equipment LLC,NP Reliable Equipment,"7623 Tyler's Valley Drive, West Chester, OH",,US,US,91.30434782608697,0.0,False,False,6. missing address
S1-989747483,S2-848579793,S2,Rev It Up Ice Cream!,revitup.com,"2213 7th Street, Broken Arrow, OK","2213. SEVENTH ST, BROKEN ARROW, OK",US,US,66.66666666666667,83.87096774193549,False,True,1. spelling corruption
S1-941992336,S2-664847091,S2,Mafatlal Care Private Limited,Wexavi,"No 3 Sinthalamman Koil Street Pammal, Chennai, Tamil Nadu","NO 3 SINTHALAMMAN KOIL STREET PAMMAL, MADRAS, CHENNAI, Tamil Nadu",IN,IN,17.14285714285714,94.01709401709401,False,False,9. address variation
S1-157509157,S3-795347214,S3,New Exports Pvt Ltd,New Pvt Ltd Center,"C/O Mengade Shivram Nathuji, Sno 54, Yashlaxmi, Karve Ngr, Nr Pranit Computer, Pune, Maharashtra","No 935 C/o Mengade Shivram Nathuji, Sno 54, Yashlaxmi, Karve Ngr, Nr Pranit Computer, Pune, MH",IN,IN,59.45945945945945,91.01123595505618,False,False,9. address variation
S1-157509157,S3-35225109,S3,New Exports Pvt Ltd,न्यू एक्सपोर्ट्स प्रा. लि.,"C/O Mengade Shivram Nathuji, Sno 54, Yashlaxmi, Karve Ngr, Nr Pranit Computer, Pune, Maharashtra","H.no 935 C/o Mengade Shivram Nathuji, Sno 54, Yashlaxmi, Karve Ngr, Nr Pranit Computer, Pune, MH",IN,IN,13.953488372093027,90.0,False,False,10. cross-script
S1-157509157,S2-339994632,S2,New Exports Pvt Ltd,न्यू एक्सपोर्ट्स प्रा. लि.,"C/O Mengade Shivram Nathuji, Sno 54, Yashlaxmi, Karve Ngr, Nr Pranit Computer, Pune, Maharashtra","PLOT 652 C/O MENGADE SHIVRAM NATHUJI, SNO 54, YASHLAXMI, KARVE NGR, NR PRANIT COMPUTER, POONA, PUNE, महाराष्ट्र",IN,IN,13.953488372093027,81.44329896907216,False,False,10. cross-script
S1-706442482,S3-681923868,S3,Eastern Black LLC,Eastern Bláck [Llc],"711 153rd Street, Lynnwood, WA","00711 153rd Street, Lynnwodo, Washington",US,US,94.11764705882352,81.81818181818181,False,False,10. cross-script
S1-87608715,S2-373006187,S2,Red Power Private Limited,रेड पावर प्राइवेट लिमिटेड,"Shop No.1, Block No. 2, Ramayan Heights, Huzur, Bhopal, Madhya Pradesh","SHOP NO.01, HUZUR, BHOPAL, Madhya Pradesh",IN,IN,12.0,72.54901960784314,False,False,10. cross-script
S1-298225247,S2-188811639,S2,Liberty Atlantic Allspring Corp,Liberty  Allspring Corp Center,"Williamson County, 1703 Hillsboro Road, TN","TN, 1703 HILLSBORO ROAD, FRAKNLIN CITY",US,US,73.33333333333334,60.526315789473685,False,False,1. spelling corruption
S1-663129614,S3-551976663,S3,Indo Shree Healthcare,ইন্দো শ্রী হেলথকেয়ার,"C/O Chandra Shaker Choudhary 10, Sri Arobinda Sarani, Ground Floor, Kolkata, Howrah, West Bengal","C/o Chandra Shaker Choudhary ##10, Sri Arobinda Sarani, Ground Floor, Calcutta, Howrah, পশ্চিমবঙ্গ",IN,IN,9.523809523809524,83.51648351648352,False,False,10. cross-script
S1-345287900,S2-488100729,S2,Indian Hospitality,Indian Hospitaltiy,"No. 17/107, 3Rd Street, New Colony Perumal Koil St, Nerkundram, Chennai, Tamil Nadu","H.NO 17/107 , 3RD STREET, NEW COLONY PERUMAL KOIL ST, NERKUNDRAM, CHENNAI, Tamil Nadu",IN,IN,94.44444444444444,98.71794871794873,False,False,9. address variation
S1-345287900,S3-397055983,S3,Indian Hospitality,இந்தியன் ஹாஸ்பிடாலிட்டி,"No. 17/107, 3Rd Street, New Colony Perumal Koil St, Nerkundram, Chennai, Tamil Nadu","No. 17/107, 3Rd Street, New Colony Perumal Koil St, Nerkundram, Chennai, TN",IN,IN,4.878048780487809,94.52054794520548,False,False,10. cross-script
S1-345287900,S3-341881650,S3,Indian Hospitality,இந்தியன் ஹாஸ்பிடாலிட்டி,"No. 17/107, 3Rd Street, New Colony Perumal Koil St, Nerkundram, Chennai, Tamil Nadu","No. 17/107, 3Rd Street, New Colony Perumal Koil St, Nerkundram, Chennai, TN",IN,IN,4.878048780487809,94.52054794520548,False,False,10. cross-script
S1-345287900,S3-329230059,S3,Indian Hospitality,இந்தியன் ஹாஸ்பிடாலிட்டி,"No. 17/107, 3Rd Street, New Colony Perumal Koil St, Nerkundram, Chennai, Tamil Nadu","No. 17/107, 3Rd Street, New Colony Perumal Koil St, Nerkundram, Madras, TN",IN,IN,4.878048780487809,86.89655172413792,False,False,10. cross-script
S1-345287900,S2-953858860,S2,Indian Hospitality,Indian Hospitality Hospitality Ltd,"No. 17/107, 3Rd Street, New Colony Perumal Koil St, Nerkundram, Chennai, Tamil Nadu","#17/107 , 3RD STREET, NEW COLONY PERUMAL KOIL ST, NERKUNDRAM, CHENNAI, Tamil Nadu",IN,IN,69.23076923076923,98.01324503311258,False,False,1. spelling corruption
S1-345287900,S3-66891841,S3,Indian Hospitality,இந்தியன் ஹாஸ்பிடாலிட்டி,"No. 17/107, 3Rd Street, New Colony Perumal Koil St, Nerkundram, Chennai, Tamil Nadu","No. 17/107, 3Rd Street, New Colony Perumal Koil St, Nerkundram, Madras, தமிழ்நாடு",IN,IN,4.878048780487809,81.57894736842105,False,False,10. cross-script
S1-210073219,S3-926687703,S3,Golden Peoples LLC,#goldenpeoples,"3105 Claflin Road, Manhattan, KS","Claflin Rd, Manhattan, Kansas",US,US,83.87096774193549,80.70175438596492,False,False,1. spelling corruption
S1-667177706,S3-376990691,S3,Empire Project,Empire Project Trading,"253 Billings Street, Quincy, MA",,US,US,77.77777777777779,0.0,False,False,6. missing address
S1-557604407,S3-529880392,S3,Womens Health Partners Inc.,@womenshealth,"Cleveland, OH, 12200 Longmead Avenue","Cleveland, 12200 1/2 Longmead Ave, Ohio",US,US,63.1578947368421,78.87323943661973,True,False,1. spelling corruption
S1-886344424,S3-388729481,S3,Select Broadcast Corporation,Select Bcmroadiast Corporation,"70 Hickory Road, Braintree, MA",,US,US,93.10344827586206,0.0,False,False,6. missing address
S1-675122023,S3-930321105,S3,Sweet Hair Studio,Sweet Hair Studio Partners,"554 Pleasant Street, Hanson, MA","Massachusetts, Hanson, #554 Pleasant St",US,US,79.06976744186046,46.15384615384615,False,False,1. spelling corruption
S1-65645506,S3-608722879,S3,Services Seven Tyre,Services Seven Center,"Sector 27-28A, Hisar, 169, Haryana, Hissar",,IN,IN,85.0,0.0,False,False,6. missing address
S1-935058,S3-472259341,S3,Jai Food LLP,जय फूड एलएलपी,"229, C-401, Unique Residency, Haveli, Pune, Maharashtra","230, C-401, Unique Residency, Haveli, Pune, MH",IN,IN,16.000000000000004,85.71428571428572,False,False,10. cross-script
S1-935058,S2-955444698,S2,Jai Food LLP,जय फूड एलएलपी,"229, C-401, Unique Residency, Haveli, Pune, Maharashtra","22, C-401, UNIQUE RESIDENCY, PUNE REGION, PUNE, Maharashtra",IN,IN,16.000000000000004,86.53846153846155,False,False,10. cross-script
S1-935058,S2-449614181,S2,Jai Food LLP,Jai-Food,"229, C-401, Unique Residency, Haveli, Pune, Maharashtra","महाराष्ट्र, 22, C-401, UNIQUE RESIDENCY, HAVELI",IN,IN,80.0,68.81720430107528,False,False,1. spelling corruption
S1-935058,S2-101944024,S2,Jai Food LLP,JAI FGFD LLP,"229, C-401, Unique Residency, Haveli, Pune, Maharashtra","22, C-401, UNIQUE RESIDENCY, HAVELI, Maharashtra",IN,IN,83.33333333333334,93.61702127659575,False,False,1. spelling corruption
S1-935058,S3-284093389,S3,Jai Food LLP,Jai LLP Food (ID: 85386),"229, C-401, Unique Residency, Haveli, Pune, Maharashtra","230, Haveli, Pune, MH",IN,IN,54.54545454545454,50.0,False,False,9. address variation
S1-677059771,S3-795833168,S3,Pediatric Dentistry Health LLC,LLC Pediatric Dentistry Herablh,"9208 Bellegarde Drive, Charlotte, NC","North Carolina, 9208 Bellegarde Drive, Charlotte",US,US,81.9672131147541,77.5,False,False,1. spelling corruption
S1-630014433,S2-537886112,S2,Alpha Trading Private Limited,ஆல்ஃபா டிரேடிங் பிரைவேட் லிமிடெட்,"99, 2Nd Cross Street, Metronagar, 2Nd Cross Street, Alappakkam, Maduravoya, L, Chennai, Tamil Nadu","99, CHENNAI, MADURAVAYAL, Tamil Nadu",IN,IN,9.677419354838712,48.78048780487805,False,True,10. cross-script
S1-160483607,S3-740061447,S3,Clay Charitable Trust,C1ay Charitable Trust,"Block Arekere Mico Layout, Karnataka, Bangalore South, Bangalore, B106 Sjr Luxuria Sapphire","B106 Sjr Luxuria Sapphire, Bangalore South, Bangalore, KA",IN,IN,95.23809523809523,52.4822695035461,False,False,9. address variation
S1-824288079,S2-981966564,S2,Innovative Global Private Limited,इनोवेटिव ग्लोबल प्राइवेट लिमिटेड,"Nagpur, Maharashtra, House No. 234, Nagpur, Durga Nagar, Hingna, Midc","HOUSE NO. B3/234, DURGA NAGAR, HINGNA, MIDC, NAGPUR, Maharashtra",IN,IN,9.230769230769232,60.0,False,False,10. cross-script
S1-972475111,S3-243347670,S3,Ruiz Animal Hospital LLC,Ruiz Animal  Hospital,"Portland, 6122 Tenino Street, OR","6122 Tenino St, Portland, Oregon",US,US,90.9090909090909,63.33333333333333,False,False,9. address variation
S1-972475111,S3-582036978,S3,Ruiz Animal Hospital LLC,Nylasolflux,"Portland, 6122 Tenino Street, OR","6122 Tenino Street, Portland, Oregon",US,US,28.57142857142857,65.625,False,False,9. address variation
S1-972475111,S3-349176429,S3,Ruiz Animal Hospital LLC,Ruiz Animal Hospital,"Portland, 6122 Tenino Street, OR","Oregon, 6122 Tenio Street, Portland",US,US,90.9090909090909,76.19047619047619,False,False,9. address variation
S1-964283126,S2-222228139,S2,A Cure 2 IT,A CURB 2 IT,"145 Woodland Mead, Hamilton, MA","MA, Woodland Mead, HAMILTON",US,US,90.9090909090909,85.18518518518519,False,False,9. address variation
S1-759720352,S2-270545574,S2,Big Impex Pvt Ltd,बिग इम्पेक्स प्रा. लि.,"323 Sanjai Puram, Indira Nagar, Lucknow, Uttar Pradesh","DOOR NO D/323 SANJAI PURAM, INDIRA NAGAR, LUCKNOW, Uttar Pradesh",IN,IN,16.216216216216218,91.07142857142857,False,False,10. cross-script
S1-3480391,S2-634730621,S2,Shyam Investment Private Limited,श्याम इन्वेस्टमेंट प्राइवेट लिमिटेड,"Vishal Residencyhanuman Colony Kasarwadi, Pune, Maharashtra","VISHAL RESIDENCYHANUMAN COLONY KASAWRADI, PUNE, महाराष्ट्र",IN,IN,8.955223880597018,79.64601769911505,False,False,10. cross-script
S1-3480391,S3-927022765,S3,Shyam Investment Private Limited,Shyam इन्वेस्टमेंट Private Limited,"Vishal Residencyhanuman Colony Kasarwadi, Pune, Maharashtra","Hn 833 Vishal Residencyhanuman Colony Kasarwadi, Pune Region, Pune, महाराष्ट्र",IN,IN,66.66666666666667,71.21212121212122,False,False,10. cross-script
S1-3480391,S3-14265219,S3,Shyam Investment Private Limited,Shyam Investment प्राइवेट लिमिटेड,"Vishal Residencyhanuman Colony Kasarwadi, Pune, Maharashtra",,IN,IN,55.38461538461539,0.0,False,False,6. missing address
S1-341066638,S2-104601232,S2,Dsi Services Private Limited,DSISERVICES.COM,"Thiruavinankudi, New No. 3 / Old No.2 Second Links Street, Raghava Reddy Colon, Y, Plot No.115, Tamil Nadu, Chennai","PLOT NO.515 , THIRUAVINANKUDI, NEW NO. 3 / OLD NO.2 SECOND LINKS STREET, RAGHAVA REDDY COLON, Y, CHENNAI, தமிழ்நாடு",IN,IN,60.46511627906976,78.67298578199052,False,False,1. spelling corruption
S1-233145620,S2-839006751,S2,Interstate Trust III,lNTERSTATE TRUT III,"5655 Heron, Unit UNT C302, Osage Beach, MO","HERON, OSAGE BEACH, MO",US,US,92.3076923076923,67.79661016949152,False,False,9. address variation
S1-233145620,S3-931025828,S3,Interstate Trust III,>> lnterstate Trust III Co,"5655 Heron, Unit UNT C302, Osage Beach, MO","Osage Beach, Heron, Unit UNT C302, Missouri",US,US,88.37209302325581,58.22784810126582,False,False,1. spelling corruption
S1-365002126,S3-831272479,S3,Industries Adroit (india) Ltd,Industries ádroit (India) Ltd,"Survey No 24 Opp Reliance Book Co Khairpada Vasai East, Thane, Maharashtra","Survey No 24 Opp Reliance Book Co Khairpada Vasai East, Thane, MH",IN,IN,96.2962962962963,93.33333333333333,False,False,10. cross-script
S1-884826236,S2-873629174,S2,LT Centre Pvt. Ltd.,ltcentre.com,"16/6, Lower Ground Floor, New Delhi, South Delhi, Delhi","240 16/6, LOWER GROUND FLOOR, NEW DELHI, SOUTH DELHI, Delhi",IN,IN,62.06896551724138,96.22641509433963,False,False,1. spelling corruption
S1-147968150,S3-536855399,S3,Delta Signature Willow,Delta Sígnáture Willow,"9139 Indian Springs Court, Dayton, OH",,US,US,90.9090909090909,0.0,False,False,6. missing address
S1-147968150,S3-263925691,S3,Delta Signature Willow,Delta Willow [Sígnature],"9139 Indian Springs Court, Dayton, OH","Dayton, 9139b Indian Springs Court, Ohio",US,US,63.63636363636363,76.71232876712328,False,False,10. cross-script
S1-615792223,S2-51664124,S2,Blue Guild,Blue Gúild,"23512 Cardinal Drive, Cleveland, MN","023512 CARDINAL DRIVE, CLEVVELAND, MN",US,US,90.0,97.05882352941177,False,False,10. cross-script
S1-602375622,S2-133871619,S2,Sree Fiscal Pvt Ltd,Sree Ffoml Pvt Ltd,"No. 39B, Chakrapani Colony, 1St Street, North Parade Road, St. Thomas Mount, Chennai, Saidapet, Kanchipuram, Tamil Nadu","NO. 39B, CHAKRAPANI COLONY, 1ST STREET, NORTH PARADE ROAD, ST. THOMAS MOUNT, CHENNAI, SAIDAPET, Tamil Nadu",IN,IN,81.08108108108108,94.1747572815534,False,False,1. spelling corruption
S1-602375622,S2-513296957,S2,Sree Fiscal Pvt Ltd,Sree Fíesfcal Pvt Ltd,"No. 39B, Chakrapani Colony, 1St Street, North Parade Road, St. Thomas Mount, Chennai, Saidapet, Kanchipuram, Tamil Nadu","NO 39B , CHAKRAPANI COLONY, 1ST STREET, NORTH PARADE ROAD, ST. THOMAS MOUNT, CHENNAI, SAIDAPET, Tamil Nadu",IN,IN,90.0,94.1747572815534,False,False,10. cross-script
S1-602375622,S3-661022163,S3,Sree Fiscal Pvt Ltd,Sree Fisca1 Pvt Ltd,"No. 39B, Chakrapani Colony, 1St Street, North Parade Road, St. Thomas Mount, Chennai, Saidapet, Kanchipuram, Tamil Nadu","No. 39B, Kanchipuram, Saidapet, தமிழ்நாடு",IN,IN,94.73684210526316,35.61643835616438,False,False,8. common name
S1-252206834,S3-789434032,S3,Kandivli (West) Services Private Limited,Deltavantagepyra,"Hulas Basti Tower Chs Ltd., Mahavir Nagar, Dahanukarwadi, Kandivli (West), C/504, Maharashtra, Mumbai","C/504, Hulas Basti Tower Chs Ltd., Mahavir Nagar, Dahanukarwadi, Mumbai, Kandivli (West), MH",IN,IN,29.629629629629626,80.0,False,False,9. address variation
S1-463429212,S2-496947040,S2,Sri Ganganagar Alliance Private Limited,Sri Ganogangar Alliance Private Limited,"# 514, Agarsen Nagar, Sri Ganganagar, Sriganga Nagar, Rajasthan","NO 514 , AGARSEN NABAR, SRI GANGANAGAR, Rajasthan",IN,IN,97.43589743589743,80.3921568627451,False,False,9. address variation
S1-306807943,S3-498642201,S3,Aura Brothers Limited,Sri Aura Broaers Limited,"A-18, Second Floor, Neb Valley Neb Sarai, Delhi, South Delhi, Delhi","#106 A-18, DL, Delhi, South Delhi",IN,IN,84.44444444444444,54.94505494505495,False,False,1. spelling corruption
S1-306807943,S2-71258345,S2,Aura Brothers Limited,Aura  Br0thers Limited,"A-18, Second Floor, Neb Valley Neb Sarai, Delhi, South Delhi, Delhi","A-18, SECOND FLOOR, NEB VALLEY NEB SARAI, DELHI, दिल्ली",IN,IN,95.23809523809523,79.64601769911505,False,False,2. OCR corruption
S1-306807943,S2-562893528,S2,Aura Brothers Limited,AURA BROTHERS,"A-18, Second Floor, Neb Valley Neb Sarai, Delhi, South Delhi, Delhi","A-18, SECOND FLOOR, NEB VALLEY NEB SARAI, DELHI, Delhi",IN,IN,76.47058823529412,89.28571428571429,False,False,1. spelling corruption
S1-306807943,S2-998636699,S2,Aura Brothers Limited,Aura Bróthers Limited,"A-18, Second Floor, Neb Valley Neb Sarai, Delhi, South Delhi, Delhi","A-18, SECOND FLOOR, NEB VALLEY NEB SARAI, DELHI, दिल्ली",IN,IN,95.23809523809523,79.64601769911505,False,False,10. cross-script
S1-619509277,S3-140136101,S3,Ss Foods Limited,एसएस फूड्स लिमिटेड,"C-2/3B 2Nd Floor Rajapuri Lane No.-06, Uttam Nagar, New Delhi, West Delhi, Delhi","C-2/3b 2Nd Floor Rajapuri Lane No.-06, Uttam Nagar, Delhi, West Delhi, दिल्ली",IN,IN,11.764705882352944,89.79591836734694,False,False,10. cross-script
S1-619509277,S3-274569004,S3,Ss Foods Limited,Ss फूड्स Limited,"C-2/3B 2Nd Floor Rajapuri Lane No.-06, Uttam Nagar, New Delhi, West Delhi, Delhi","C-2/3b 2Nd Floor Rajapuri Lane No.-06, Uttam Nagar, Delhi, West Delhi, DL",IN,IN,68.75,95.1048951048951,False,False,10. cross-script
S1-619509277,S3-933036078,S3,Ss Foods Limited,एसएस फूड्स लिमिटेड,"C-2/3B 2Nd Floor Rajapuri Lane No.-06, Uttam Nagar, New Delhi, West Delhi, Delhi","C-2/3b 2Nd Floor Rajapuri Lane No.-06, Uttam Nagar, Delhi, West Delhi, DL",IN,IN,11.764705882352944,95.1048951048951,False,False,10. cross-script
S1-322631917,S2-995557333,S2,Cardiology Clinic,CARDIOLOGY CLINIC INC.,"TN, Memphis, 973 Mcclure Road","#973 MCCLURE ROAD, MEMPHHIS, TN",US,US,89.47368421052632,58.18181818181818,False,False,1. spelling corruption
S1-967838022,S3-316619519,S3,Precision Grand Limited,Precision Limited Center,"408 Heaslet Street, Clovis, NM","Heaslet Street, Clovis, New Mexico",US,US,72.34042553191489,80.0,False,False,1. spelling corruption
S1-967838022,S3-970364078,S3,Precision Grand Limited,Precision Limited Services,"408 Heaslet Street, Clovis, NM","Heaslet Street, Clovis, New Mexico",US,US,69.38775510204081,80.0,False,False,1. spelling corruption
S1-589724824,S3-139586984,S3,Smart Producer Limited,ସ୍ମାର୍ଟ୍ ପ୍ରୋଡ୍ୟୁସର୍ ଲିମିଟେଡ୍,"N/6 454 Irc Villagenayapalli, Bhubaneswar, Khordha, Orissa","N/6 454 Irc Villagenayapalli, Bhubaneswar, null, OD",IN,IN,7.843137254901967,83.49514563106796,False,False,10. cross-script
S1-589724824,S2-187762516,S2,Smart Producer Limited,ସ୍ମାର୍ଟ୍ ପ୍ରୋଡ୍ୟୁସର୍ ଲିମିଟେଡ୍,"N/6 454 Irc Villagenayapalli, Bhubaneswar, Khordha, Orissa","N/9-6 454 IRC VILLAGENAYAPALLI, BHUBANESWAR, KHORDHA, ଓଡ଼ିଶା",IN,IN,7.843137254901967,87.5,False,False,10. cross-script
S1-851473894,S2-697821882,S2,Tirupati Global Private Limited,તિરુપતિ ગ્લોબલ પ્રાઇવેટ લિમિટેડ,"104-106 Gala Argos, Beside Hari Krupa Tower Gujarat College Road, Ellisbridge, Ahmedabad, Gujarat","H.NO 104-106 GALA ARGOS, AHMEDABAD, ગુજરાત",IN,IN,9.677419354838712,43.609022556390975,False,False,10. cross-script
S1-851473894,S3-989859397,S3,Tirupati Global Private Limited,Tirupati Global Private Límited,"104-106 Gala Argos, Beside Hari Krupa Tower Gujarat College Road, Ellisbridge, Ahmedabad, Gujarat","No 104-106 Gala Argos, Beside Hari Krupa Tower Gujarat College Road, Ellisbridge, Ahmedabad Hq Region, Ahmedabad, ગુજરાત",IN,IN,96.7741935483871,85.57692307692308,False,False,10. cross-script
S1-451731570,S3-212661279,S3,International Finance Private Limited,International Private Private Limited (Services),"# 1-3-53, Hyderabad, General Bazar, Telangana, Sunderabad","#1-3-53, Sunderabad, Hyderabad, TG",IN,IN,79.51807228915662,56.790123456790134,False,False,1. spelling corruption
S1-451731570,S3-527158478,S3,International Finance Private Limited,International Finance Limited  Service,"# 1-3-53, Hyderabad, General Bazar, Telangana, Sunderabad","# #1-3-53, TG, Sunderabad, General Bazar, Hyderabad",IN,IN,78.37837837837837,75.78947368421053,False,False,1. spelling corruption
S1-451731570,S3-330201065,S3,International Finance Private Limited,ఇంటర్నేషనల్ ఫైనాన్స్ ప్రైవేట్ లిమిటెడ్,"# 1-3-53, Hyderabad, General Bazar, Telangana, Sunderabad","# #1-3-53, General Bazar, Sunderabad, Hyderabad, TG",IN,IN,7.9999999999999964,67.36842105263158,False,False,10. cross-script
S1-451731570,S3-896641674,S3,International Finance Private Limited,ఇంటర్నేషనల్ ఫైనాన్స్ ప్రైవేట్ లిమిటెడ్,"# 1-3-53, Hyderabad, General Bazar, Telangana, Sunderabad","No #1-3-53, General Bazar, Hyderabad, Sunderabad, TG",IN,IN,7.9999999999999964,71.42857142857143,False,False,10. cross-script
S1-451731570,S3-882069510,S3,International Finance Private Limited,ఇంటర్నేషనల్ ఫైనాన్స్ ప్రైవేట్ లిమిటెడ్,"# 1-3-53, Hyderabad, General Bazar, Telangana, Sunderabad","Hyderabad, తెలంగాణ, Sunderabad, H.no #1-3-53",IN,IN,7.9999999999999964,46.15384615384615,False,False,10. cross-script
S1-451731570,S2-294221614,S2,International Finance Private Limited,ఇంటర్నేషనల్ ఫైనాన్స్ ప్రైవేట్ లిమిటెడ్,"# 1-3-53, Hyderabad, General Bazar, Telangana, Sunderabad","DOOR NO B3/1-3-53, GENERAL BAZAR, SUNDERABAD, HYDERABAD, Telangana",IN,IN,7.9999999999999964,56.63716814159292,False,False,10. cross-script
S1-355699261,S3-730005049,S3,Global Logistics Works L.L.C.,Global Logistics,"11916 4th Avenue, Tacoma, WA",,US,US,72.72727272727273,0.0,False,False,6. missing address
S1-667318270,S2-565482691,S2,Dermatology Regional Specialists,Specialists Rigeiornial Dermatology,"1010 Race Street, Wapakoneta, OH","##1010 RACE ST, WAPAKONETA, OH",US,US,44.776119402985074,92.85714285714286,False,False,9. address variation
S1-549839380,S3-70408880,S3,Buverus Piedmont Lifesciences,bplifesciences.com,"OH, West Jefferson, 68 Town Street","68 Town St, West Jefferson, Ohio",US,US,59.57446808510638,58.06451612903225,False,False,9. address variation
S1-802599499,S3-214739004,S3,Digital Software Private Limited,डिजिटल सॉफ्टवेयर Private Limited,"Co Chhaya Agency 1St Floor Jhanda Chowk, Gopal Ganj, Sagar, Madhya Pradesh","647/4 Co Chhaya Agency 1St Floor Jhanda Chowk, Sagar, MP",IN,IN,53.125,76.8,False,False,10. cross-script
S1-802599499,S2-734268609,S2,Digital Software Private Limited,डिजिटल सॉफ्टवेयर प्राइवेट लिमिटेड,"Co Chhaya Agency 1St Floor Jhanda Chowk, Gopal Ganj, Sagar, Madhya Pradesh","CO CHHAYA AGENCY 1ST FLOOR JHANDA CHOWK, GOPAL GANJ, SAGR, SAGAR, मध्य प्रदेश",IN,IN,9.230769230769232,81.94444444444444,False,False,10. cross-script
S1-802599499,S2-118902323,S2,Digital Software Private Limited,डिजिटल सॉफ्टवेयर प्राइवेट लिमिटेड,"Co Chhaya Agency 1St Floor Jhanda Chowk, Gopal Ganj, Sagar, Madhya Pradesh","CO CHHAYA AGENCY 1ST FLOOR JHANDA CHOWK, GOPAL GANJ, SAGR, SAGAR, मध्य प्रदेश",IN,IN,9.230769230769232,81.94444444444444,False,False,10. cross-script
S1-802599499,S3-966923097,S3,Digital Software Private Limited,डिजिटल सॉफ्टवेयर प्राइवेट लिमिटेड,"Co Chhaya Agency 1St Floor Jhanda Chowk, Gopal Ganj, Sagar, Madhya Pradesh","#647/4 Co Chhaya Agency 1St Floor Jhanda Chowk, Sagar, MP",IN,IN,9.230769230769232,76.8,False,False,10. cross-script
S1-141385895,S2-686735749,S2,Lett Development Inc,LETTDEVELOPMENT.COM,"2220 Hartzell Street, Evanston, IL","2240 HARTZELL STREET, EVANSTON, IL",US,US,87.17948717948718,96.875,False,False,1. spelling corruption
S1-828390310,S2-574768254,S2,East Healthcare Limited,ਈਸਟ ਹੈਲਥਕੇਅਰ ਲਿਮਟਿਡ,"Cabin 2, 5Th Floor, E 260, Phase 8B, Industrial Area, S.A.S.Nagar (Mohali), Rupnagar, Punjab","CABIN 2, S.A.S.NAGAR (MOHALI), RUPNAGAR, Punjab",IN,IN,9.523809523809524,67.19999999999999,False,False,10. cross-script
S1-828390310,S3-966485655,S3,East Healthcare Limited,Sri East Healthcare Límited,"Cabin 2, 5Th Floor, E 260, Phase 8B, Industrial Area, S.A.S.Nagar (Mohali), Rupnagar, Punjab","Cabin 2, S.a.s.nagar (Mohali), Rupnagar, PB",IN,IN,88.0,62.8099173553719,False,False,10. cross-script
S1-828390310,S3-827239782,S3,East Healthcare Limited,East Healthcare,"Cabin 2, 5Th Floor, E 260, Phase 8B, Industrial Area, S.A.S.Nagar (Mohali), Rupnagar, Punjab","Cabn 2, 5Th Floor, E 260, Phase 8B, Industrial Area, PB, Rupnagar",IN,IN,78.94736842105263,80.28169014084507,False,False,1. spelling corruption
S1-846229557,S3-106524156,S3,Pediatric Dentistry Medicine Inc,Pediatric Dentistry Medicine,"4120 Lewis River Road, Woodland, WA","412 Lewis River Road, N/A, Woodland, Washington",US,US,93.33333333333333,83.11688311688312,False,False,9. address variation
S1-846229557,S3-562375685,S3,Pediatric Dentistry Medicine Inc,Pediatric Medicine Dentistry Inc Inc,"4120 Lewis River Road, Woodland, WA","412 Lewis River Rd, N/A, Woodland, Washington",US,US,76.47058823529412,80.0,False,False,5. word reordering
S1-846229557,S3-71400117,S3,Pediatric Dentistry Medicine Inc,pediatricmedicinedentistry.com,"4120 Lewis River Road, Woodland, WA","412 Lewis River Rd, N/A, Woodland, Washington",US,US,64.51612903225806,80.0,False,False,1. spelling corruption
S1-31947882,S3-970844563,S3,Jasper Co,Jasper  Co Enterprises,"3785 Washington Boulevard, University Heights, OH",,US,US,60.0,0.0,False,False,6. missing address
S1-205028186,S3-407932976,S3,Crawford Group,Orbilumvio,"303 Main Street, Syracuse, IN","Indiana, Syracuse, 303 Main Street",US,US,25.0,50.847457627118644,False,False,9. address variation
S1-205028186,S3-333914262,S3,Crawford Group,Csawodr Group,"303 Main Street, Syracuse, IN","Main St, Syracuse, Indiana",US,US,81.4814814814815,74.50980392156863,False,False,1. spelling corruption
S1-941784249,S2-145397968,S2,Pioneer Fusion LLC,Pioneer Fusion,"70 Cheek Turner Road, London, KY","KY, 0070 CHEEK TURNER RD, LONDON",US,US,87.5,83.33333333333334,False,False,1. spelling corruption
S1-743566661,S3-339948284,S3,Heramb Base Limited,Lyraariairi Sys,"1-1-727, 727/1/A, 2Nd Floor, Om Shiva Sai Nilayam Gandhi Nagar, Hyderabad, Telangana","727/1/A, 2Nd Floor, Om Shiva Sai Nilayam Gandhi Nagar, Hyderabad, Telangana, Hyderabad, 1-1-727",IN,IN,29.411764705882348,84.52380952380952,False,False,9. address variation
S1-861511459,S3-311061049,S3,Bison LLC,Bison  LLC Industries,"2769 Carefree Circle, Flagstaff, AZ",,US,US,62.06896551724138,0.0,False,False,6. missing address
S1-120310594,S2-825013463,S2,Eye Center of West Des Moines,eyecenterwest.com,"West Des Moines, Unit Unit 203, 2801 Ep True Parkway, IA","2801-2803 EP TRUE PARKWAY, WEST DES MOINES, IA",US,US,65.21739130434783,51.546391752577314,False,False,1. spelling corruption
S1-120310594,S3-398419185,S3,Eye Center of West Des Moines,Eye Center of West Des,"West Des Moines, Unit Unit 203, 2801 Ep True Parkway, IA","2801 Ep True Pkwy, # Unit 203, West Des Moines, Iowa",US,US,86.27450980392157,43.99999999999999,False,False,1. spelling corruption
S1-679781988,S3-437005294,S3,Surgical Care Inc,Surgical Care Incorporated (ID: 51091),"7925 Royal Arms Court, Unit UNIT 1, Saint Louis, MO","# UNIT 1, Saint Louis, Missouri, 7925 Royal Arms Ct",US,US,65.38461538461539,44.680851063829785,False,False,1. spelling corruption
S1-679781988,S3-467582814,S3,Surgical Care Inc,Surgical Inc Care,"7925 Royal Arms Court, Unit UNIT 1, Saint Louis, MO","Royal Arms Court, # UNIT 1, Saint Louis, Missouri",US,US,76.47058823529412,82.6086956521739,False,False,5. word reordering
S1-388342994,S3-153144210,S3,Platinum Entertainment LLC,Platinum Entertoaicneitn LLC,"508 76th Street, Tulsa, OK","76th Street, Tulsa, Oklahoma",US,US,88.88888888888889,80.0,False,False,1. spelling corruption
S1-134166110,S2-101126663,S2,"Rapid Centurion, LLC",rapidcenturion.com,"678 James Madison Highway, VA, Louisa County","JAMES MADISON HWY, GRDONSVILLE CITY, VA",US,US,86.48648648648648,60.75949367088608,False,False,1. spelling corruption
S1-603253877,S2-489164924,S2,Borivali West Construction Private Limited,BORIVALIWESTCONSTRUCTION.COM,"Office No. 404, 4Th Floor, W92, Lt Road, Opposite Bhoomi Height, Vazira Naka, Borivali West, Mumbai, Maharashtra","OFFICE NO. 404, 4TH FLOOR, W92, LT ROAD, OPPOSITE BHOOMI HEIGHT, VAZIRA NAKA, BORIVALI WEST, महाराष्ट्र",IN,IN,74.28571428571429,85.85858585858585,False,False,1. spelling corruption
S1-151237868,S2-210367954,S2,Gujarat Projects,गुजरात प्रोजेक्ट्स,"7Th Floor Plot No 463 Woxa It Park, Udyog Vihar Phase 5 Sector 19, Industrial Complex Dundahera, Gurgaon, Haryana","7TH FLOOR PLOT NO 463 WOXA IT PARK, DIVREPORTINGCIRCLE, N/A, Haryana",IN,IN,5.882352941176472,67.81609195402298,False,False,10. cross-script
S1-694883715,S2-995322131,S2,Tech Solutions Private Limited,டெக் சொல்யூஷன்ஸ் பிரைவேட் லிமிடெட்,"Plot No.37, Venkateswara Nagar Perungudi Neelankarai West, Chennai, Tamil Nadu","CHENNAI, 37, VENKATESWARA NAGAR PERUNGUDI NEELANKARAI WEST, CHENNAI, Tamil Nadu",IN,IN,9.375,92.0,False,False,10. cross-script
S1-694883715,S2-716925940,S2,Tech Solutions Private Limited,Sri Tech  Solutions Private Limited,"Plot No.37, Venkateswara Nagar Perungudi Neelankarai West, Chennai, Tamil Nadu","PLOT NO.37, VENKATESWARA NAGAR PERUNGUDI NEELANKARAI WEST, CHENNAI, தமிழ்நாடு",IN,IN,93.75,87.24832214765101,False,False,9. address variation
S1-694883715,S2-886481609,S2,Tech Solutions Private Limited,டெக் சொல்யூஷன்ஸ் பிரைவேட் லிமிடெட்,"Plot No.37, Venkateswara Nagar Perungudi Neelankarai West, Chennai, Tamil Nadu","H.NO 37, CHENNAI, தமிழ்நாடு",IN,IN,9.375,30.000000000000004,False,False,10. cross-script
S1-694883715,S3-552113131,S3,Tech Solutions Private Limited,Tech Solutions Private Límited,"Plot No.37, Venkateswara Nagar Perungudi Neelankarai West, Chennai, Tamil Nadu","TN, Chennai, Plot No.37",IN,IN,96.66666666666667,29.166666666666664,False,False,10. cross-script
S1-260388845,S3-797254103,S3,Metropolitan Gladstone,Metropolitan Gládstone,"1009 Phyllis Street, Deer Park, TX","Texas, 1009 Phyllis St, Deer Park",US,US,95.45454545454545,79.36507936507937,False,False,10. cross-script
S1-85636776,S2-983212376,S2,Jay Food Limited,जय फूड लिमिटेड,"Bunglow No.19, Padmalaya, Society Sus Road, Haveli, Pune, Maharashtra","PUNE, Maharashtra, PASHAN, BUNGLOW NO.19",IN,IN,13.33333333333333,35.64356435643564,False,False,10. cross-script
S1-906895339,S3-345901350,S3,Jordan Wisekey LP,Jordan-LP Center,"2941 Murdock Road, Ridgeway, NY","Ridgeway, New York, 2941 Murdock Road",US,US,54.54545454545454,53.125,False,False,9. address variation
S1-459461980,S3-329219298,S3,Tirupati India Private Limited,Limited Tirupati Private Center,"3A, Silver Manor, Langford Road Langford Town, Bangalore, Karnataka","##3A, Bangalore, KA",IN,IN,62.295081967213115,38.46153846153846,False,False,1. spelling corruption
S1-321502708,S3-694372132,S3,Family Clinic L.L.C.,Family L.L.C. Services,"Oakwood, 401 Harmon Street, OH","01 Harmon St, Oakwood, Ohio",US,US,65.0,56.60377358490566,False,False,1. spelling corruption
S1-321502708,S3-615405851,S3,Family Clinic L.L.C.,Family Clínic L.L.C.,"Oakwood, 401 Harmon Street, OH","01 Harmon St, Oakwood, Ohio",US,US,94.73684210526316,56.60377358490566,False,False,10. cross-script
S1-321502708,S3-327978161,S3,Family Clinic L.L.C.,Fami1y Clínic L.L.C.,"Oakwood, 401 Harmon Street, OH","01 Harmon Street, Oakwood, Ohio",US,US,89.47368421052632,66.66666666666667,False,False,10. cross-script
S1-321502708,S3-442765446,S3,Family Clinic L.L.C.,Gildiri aka Family Clinic L.L.C.,"Oakwood, 401 Harmon Street, OH","401 Harmon Street, Oakwood, OH",US,US,76.0,71.42857142857143,False,False,1. spelling corruption
S1-321502708,S3-933009551,S3,Family Clinic L.L.C.,LLC Family Clinic,"Oakwood, 401 Harmon Street, OH","01 Harmon St, Oakwood, Ohio",US,US,72.22222222222221,56.60377358490566,False,False,1. spelling corruption
S1-924070651,S3-964801403,S3,High Services Private Limited,हाई सर्विसेज प्राइवेट लिमिटेड,"At Post Waghi Tq.Nanded, Dist.Nanded, Nanded, Maharashtra","Door No 372 At Post Waghi Tq.nanded, Nanded, MH, Nanded, Dist.nanded",IN,IN,10.344827586206895,69.4915254237288,False,False,10. cross-script
S1-924070651,S2-644775347,S2,High Services Private Limited,हाई सर्विसेज प्राइवेट लिमिटेड,"At Post Waghi Tq.Nanded, Dist.Nanded, Nanded, Maharashtra","DOOR NO 511 AT POST WAGHI TQ.NANDED, NANDED, Maharashtra",IN,IN,10.344827586206895,77.77777777777779,False,False,10. cross-script
S1-924070651,S3-844786156,S3,High Services Private Limited,Dr High Services Poridvae Limited,"At Post Waghi Tq.Nanded, Dist.Nanded, Nanded, Maharashtra","H.no 372 At Post Waghi Tq.nanded, Dist.nanded, Nanded, MH",IN,IN,90.32258064516128,83.33333333333334,False,False,9. address variation
S1-368601735,S3-232319160,S3,Platinum Mountain Northwest Inc,Platinum Mountain,"1065 Hillcrest Street, Cherokee, AL","##1065 Hillcrest St, null, Cherokee, Alabama",US,US,70.83333333333333,80.55555555555556,False,False,1. spelling corruption
S1-633283175,S2-294924861,S2,Sairaj Hospitality Private Limited,VANTAGETAVO,"Scf No. 7, Balaji Enclave, Patiala Rd Teh. Derabassi, Rajpura, Mohali, Punjab","SCF NO. C-7, RAJPURA, MOHALI, ਪੰਜਾਬ",IN,IN,22.22222222222222,49.504950495049506,False,False,11. other
S1-904810934,S2-328842651,S2,Star Global Private Limited,स्टार ग्लोबल प्राइवेट लिमिटेड,"1579/13 Govind Purikalkaji, New Delhi, South Delhi, Delhi","DOOR NO 579/13 GOVIND PURIKALKAJI, SOUTH DELHI, NEW DELHI, दिल्ली",IN,IN,10.71428571428571,74.13793103448276,False,False,10. cross-script
S1-6444870,S2-744225677,S2,Black Producer Pvt Ltd,ব্ল্যাক প্রডিউসার প্রাইভেট লিমিটেড,"S/O Ram Babu Prasad, Cisf Dsp Durgapur 8/32 Old, Durga Pur (M Corp) Bardhman, Bardhman, Bardhaman, West Bengal","S/O RAM BABU PRASAD, BARDHMAN, BARDHAMAN, West Bengal",IN,IN,10.71428571428571,65.359477124183,False,False,10. cross-script
S1-6444870,S3-385027211,S3,Black Producer Pvt Ltd,ব্ল্যাক প্রডিউসার প্রাইভেট লিমিটেড,"S/O Ram Babu Prasad, Cisf Dsp Durgapur 8/32 Old, Durga Pur (M Corp) Bardhman, Bardhman, Bardhaman, West Bengal","No 896 S/o Ram Babu Prasad, Bardhman, Bardhaman, WB",IN,IN,10.71428571428571,54.3046357615894,False,False,10. cross-script
S1-639264350,S2-189722973,S2,Jackson & Pangelinan LLC,Jackson & Panogelinan LLC,"1149 Church Street, Ventura, CA","1149C CHURCH STREET, VENTURA, CA",US,US,98.11320754716981,98.30508474576271,False,False,9. address variation
S1-309934947,S3-40299530,S3,Village Of,Village Óf,"605 12th Street, Correctionville, IA","605A Twelfth Street, PO Box 509, Correctionville, Iowa",US,US,90.0,75.29411764705883,False,False,10. cross-script
S1-309934947,S3-466742431,S3,Village Of,village.com,"605 12th Street, Correctionville, IA","605A 12nd Street, Correctionville, Iowa",US,US,85.71428571428572,90.14084507042254,False,False,1. spelling corruption
S1-309934947,S3-629327063,S3,Village Of,Village Of Center Enterprises,"605 12th Street, Correctionville, IA",,US,US,51.28205128205128,0.0,False,False,6. missing address
S1-309934947,S2-469049929,S2,Village Of,Vi1lage Of LLC,"605 12th Street, Correctionville, IA","#452 TWELFTH ST, CORRECTIONVILLE CDP, IA",US,US,75.0,73.23943661971832,False,False,1. spelling corruption
S1-795298479,S2-276675381,S2,Lakshmi Consultants,ਲਕਸ਼ਮੀ ਕੰਸਲਟੈਂਟਸ,"Scf No. 18, Block D, Ranjit Avenue, Ajnala Road Scheme, Amritsar -I, Amritsar, Punjab","SCF NO. 18, AMRITSAR, AMRITSAR -I, Punjab",IN,IN,5.714285714285716,60.17699115044248,False,False,10. cross-script
S1-691591187,S3-449364085,S3,Maa Solutions Corporation,Halojax,"No.573/1E, Vellaikkalmedu Katpadi, Vellore, Tamil Nadu","Vellore, No.573/1E, Vellore, Vellaikkalmedu Katpadi, Tamil Nadu",IN,IN,25.0,78.18181818181819,False,False,9. address variation
S1-691591187,S2-1759854,S2,Maa Solutions Corporation,Shri MAA SOLUTIONS,"No.573/1E, Vellaikkalmedu Katpadi, Vellore, Tamil Nadu","NO.573/1 , VELLAIKKALMEDU KATPADI, VELLORE, Tamil Nadu",IN,IN,60.46511627906976,99.00990099009901,False,False,1. spelling corruption
S1-691591187,S3-983398887,S3,Maa Solutions Corporation,Mr Maa Corporation Solutions,"No.573/1E, Vellaikkalmedu Katpadi, Vellore, Tamil Nadu","No.573/1e, Vellore, Vellaikkalmedu Katpadi, தமிழ்நாடு, Vellore",IN,IN,56.60377358490566,73.39449541284404,False,False,9. address variation
S1-425090554,S3-376891451,S3,Hopkins and Sattler,Hopkins and Sáttler,"158 Seymour Street, Unit Apartment 3, Auburn, NY","158B Seymour Street, # Apartment 3, Auburn, New York",US,US,94.73684210526316,86.95652173913044,False,False,10. cross-script
S1-471747022,S3-392935849,S3,Consultancy Boston Finance Pvt Ltd,consultancybostonfinance.com,"11Thiru Nagar Singanallur Post, Coimbatore, Tamil Nadu","Coimbatore, H.no 11Thiru Nagar Singanallur Post, TN, Coimbatore",IN,IN,80.64516129032258,73.21428571428572,False,False,1. spelling corruption
S1-471747022,S2-50420850,S2,Consultancy Boston Finance Pvt Ltd,Consultancy Bóston Pvt Ltd-Center,"11Thiru Nagar Singanallur Post, Coimbatore, Tamil Nadu","#11THIRU NAGAR SINGANALLUR POST, COIMBATORE, தமிழ்நாடு",IN,IN,74.62686567164178,81.55339805825243,False,False,10. cross-script
S1-150023222,S3-838609594,S3,Atkinson Hudson,Atkinson (Hdusn),"505 Parkview Drive, New Whiteland, IN","Indiana, 505-509 Parkview Drive, Whiteland",US,US,89.65517241379311,74.66666666666666,False,False,1. spelling corruption
S1-891813148,S3-35133770,S3,Oncology Clinic,Oncology [Service] [Service],"56 Linden Avenue, Ossining, NY","Linden Ave, Ossining Townsip, New York",US,US,61.53846153846154,68.75,False,False,1. spelling corruption
S1-286819970,S2-538479383,S2,Economic Development Committee,Economic Development,"987 Custer Avenue, Atlanta, GA","##987 CUSTER AVE, ATLANTA CDP, GA",US,US,80.0,87.71929824561404,False,False,1. spelling corruption
S1-286819970,S2-271223577,S2,Economic Development Committee,Economic (Development),"987 Custer Avenue, Atlanta, GA","##987 CUSTER AVE, GA, ATLANTA CDP",US,US,80.0,80.70175438596492,False,False,1. spelling corruption
S1-286819970,S2-891637615,S2,Economic Development Committee,Economic Development,"987 Custer Avenue, Atlanta, GA","##987 CUSTER AVE, ATLANTA CDP, GA",US,US,80.0,87.71929824561404,False,False,1. spelling corruption
S1-135087161,S2-920094881,S2,Royal Infra Private Limited,ராயல் இன்ஃப்ரா பிரைவேட் லிமிடெட்,"Plot No.40, Abinaya Flats, 3Rd Cross Street, Balaji Nagar, Kolathur, Chennai, Tamil Nadu","PLOT NO.41, ABINAYA FLATS, 3RD CROSS STREET, BALAJI NAGAR, KOLATHUR, CHENNAI, Tamil Nadu",IN,IN,10.169491525423723,98.78048780487805,False,False,10. cross-script
S1-581426587,S2-606459549,S2,Y 6 Q Digital LLC,Y SIX Q DIGITAL (LLC),"24132 261st Place, Maple Valley, WA","WA, N/A, 24132 261ST PL, MAPLE VALLEY",US,US,88.88888888888889,80.59701492537313,True,False,1. spelling corruption
S1-693637123,S3-193318326,S3,Capital Allspring LLC,Capital Allprsing LLC,"8820 Fremont Street, Lincoln, NE","Nebraska, 8820 Fremont Saint, Lincoln",US,US,95.23809523809523,70.76923076923076,False,False,9. address variation
S1-165153019,S2-94003553,S2,Black Engineering Private Limited,Sri BLACK ENGINEERING PRIVATE LIMITED,"Building No. 8/489A, Venattu Building, Udumbanchola, Idukki, Kerala",,IN,IN,94.28571428571428,0.0,False,False,6. missing address
S1-165153019,S3-792835766,S3,Black Engineering Private Limited,ബ്ലാക്ക് എൻജിനീയറിംഗ് പ്രൈവറ്റ് ലിമിറ്റഡ്,"Building No. 8/489A, Venattu Building, Udumbanchola, Idukki, Kerala","Building No. 8/489A, Venattu Building, Kochi Region, Idukki, KL",IN,IN,8.108108108108103,81.66666666666667,False,False,10. cross-script
S1-165153019,S2-288669816,S2,Black Engineering Private Limited,ബ്ലാക്ക് എൻജിനീയറിംഗ് പ്രൈവറ്റ് ലിമിറ്റഡ്,"Building No. 8/489A, Venattu Building, Udumbanchola, Idukki, Kerala","BUILDING NO. 8/489A, IDUKKI, കേരളം",IN,IN,8.108108108108103,55.91397849462365,False,False,10. cross-script
S1-563479698,S3-354312649,S3,Federal Charities,Viociraonyx,"610 Frances Street, Kingsville, TX","Kingsville, Texas, 0610 Frances St",US,US,14.28571428571429,43.75,False,False,11. other
S1-563479698,S2-21959510,S2,Federal Charities,FEDERAL PARTNERS,"610 Frances Street, Kingsville, TX","#610 FRANCES ST, KINGSVILLE, TX",US,US,78.78787878787878,93.33333333333333,False,False,1. spelling corruption
S1-559453160,S3-873108519,S3,Allen Rapid Atlanta Co,Allen Rapid Atlanta Có,"786 Blue Hill Avenue, Boston, MA",,US,US,95.45454545454545,0.0,False,False,6. missing address
S1-559453160,S3-377268122,S3,Allen Rapid Atlanta Co,Allen Rapid Co Center,"786 Blue Hill Avenue, Boston, MA","Blue Hill Avenue, Massachusetts, PMB 2037, Dorchester Center",US,US,65.11627906976744,50.57471264367817,False,False,1. spelling corruption
S1-559453160,S3-888043510,S3,Allen Rapid Atlanta Co,allenrapidatlanta.com,"786 Blue Hill Avenue, Boston, MA","786A Blue Hill Ave, Dorchester Center, Massachusetts",US,US,93.02325581395348,62.5,False,False,9. address variation
S1-359662622,S3-163941825,S3,Baron Ventures Pvt Ltd,Bar0n Ventures Pvt  Ltd,"House Of Bina Paul, 16/1, Paresh Mazumdar Road, Kolkata, Kolkata, Howrah, West Bengal","House Of Bina Paul, Kolkata, Howrah, WB",IN,IN,95.45454545454545,62.60869565217391,False,False,2. OCR corruption
S1-724752772,S2-511068969,S2,# 4 FZ Intercontinental,# 4,"1830 Winding Way, White House, TN","WINDING WAY, WHITE HOUSE, TN",US,US,9.090909090909093,91.22807017543859,False,False,4. abbreviation
S1-724752772,S3-260073293,S3,# 4 FZ Intercontinental,# 4 FZ Ínterc0ntinental,"1830 Winding Way, White House, TN","Winding Way, White House, Tennessee",US,US,90.47619047619048,81.25,False,False,10. cross-script
S1-495807976,S3-328424011,S3,Ss Trading,Smt 5S TRADING,"299 1St Floor, Amarjyothi Layout, Bangalore North, Bangalore, Karnataka","KA, 299 1St Floor, Bangalore, Amarjyothi Layout, Bangalore Urban",IN,IN,83.33333333333334,72.44094488188976,False,False,1. spelling corruption
S1-495807976,S2-433787269,S2,Ss Trading,ಎಸ್ಎಸ್ ಟ್ರೇಡಿಂಗ್,"299 1St Floor, Amarjyothi Layout, Bangalore North, Bangalore, Karnataka","#299 1ST FLOOR, BANGALORE NORTH, BANGALORE, Karnataka",IN,IN,7.692307692307687,84.48275862068965,False,False,10. cross-script
S1-707854732,S3-615170319,S3,Supreme Estate Pvt Ltd,सुप्रीम एस्टेट प्रा. लि.,"C/O Shri Suresh Nimba, Mankar, Taharabad, Satana, Nashik, Maharashtra","C/o Shri Suresh Nimba, Satana, Nashik, महाराष्ट्र",IN,IN,13.636363636363635,65.45454545454545,False,False,10. cross-script
S1-699192379,S3-263060086,S3,Heartland Innovative Mae LLC,Heartland Ingatice Mae LLC,"2103 Laura Avenue, Fl 0, Wichita, KS",,US,US,88.88888888888889,0.0,False,False,6. missing address
S1-338326348,S2-555680015,S2,Complete Asset Solutions Inc,COMPLETE ASSET,"1503 Berkley Court, Unit D, Harwood, MD","MD, HARWOOD, 1503 BERLKEY CT",US,US,66.66666666666667,45.16129032258065,False,False,1. spelling corruption
S1-914766217,S2-153843356,S2,Trading Foremost Agriculture Corporation,Trading Foelhlsnot Agriculture Corporation,"1908 Cyber One Plot No 4 & 6 Sector 30A Vashi, Navi Mumbai, Thane, Maharashtra","Maharashtra, #908 CYBER ONE PLOT NO 4 & 6 SECTOR 30A VASHI, NAVI MUMBAI",IN,IN,90.2439024390244,78.91156462585033,False,False,9. address variation
S1-589206289,S3-414161588,S3,Classic Agro Private Limited,Classic Agro,"Thane, Shop No 3 K N 3, Wagle Estate, Ganesh Kripa, Maharashtra, Thane",,IN,IN,60.0,0.0,False,False,6. missing address
S1-589206289,S3-438831908,S3,Classic Agro Private Limited,क्लासिक एग्रो प्राइवेट लिमिटेड,"Thane, Shop No 3 K N 3, Wagle Estate, Ganesh Kripa, Maharashtra, Thane","Ganesh Kripa, Shop No 3 K N 3, Wagle Estate, Thane, MH",IN,IN,10.344827586206895,67.82608695652175,False,False,10. cross-script
S1-589206289,S2-679829551,S2,Classic Agro Private Limited,क्लासिक एग्रो प्राइवेट लिमिटेड,"Thane, Shop No 3 K N 3, Wagle Estate, Ganesh Kripa, Maharashtra, Thane","GANESH KRPA, SHOP NO 3 K N 3, WAGLE ESTATE, THANE, महाराष्ट्र",IN,IN,10.344827586206895,62.295081967213115,False,False,10. cross-script
S1-724248845,S3-552077782,S3,T/K Tinto Inc,T/K Inc-Center,"Unit 303, Upper Marlboro, 721 Harry S Truman Drive, MD","0721 Harry S Truman Drive, Upper Marlboro, Maryland",US,US,59.25925925925925,56.00000000000001,False,False,9. address variation
S1-958044664,S3-715849091,S3,Urology Health,Drexevokor,"Central City, 11050 Ronson Drive, LA","11050 Ronosn Dr, null, Greenwell Springs, Louisiana",US,US,25.0,43.90243902439024,True,False,11. other
S1-498573902,S3-607622843,S3,Douglas and Gutierrez,@douglasgutierrez,"Arlington, 100 Wingren Lane, TX","100 Wingren Lane, Arlington, Texas",US,US,86.48648648648648,62.295081967213115,False,False,1. spelling corruption
S1-498573902,S2-693103544,S2,Douglas and Gutierrez,Douglas & Gutierrez  Center,"Arlington, 100 Wingren Lane, TX","200 WINGREN LN, ARLINGTON, TX",US,US,85.71428571428572,60.71428571428572,False,False,1. spelling corruption
S1-498573902,S3-680420057,S3,Douglas and Gutierrez,Douglasgutierrez.Com,"Arlington, 100 Wingren Lane, TX","100 Wingren Lane, Arlington, Texas",US,US,78.04878048780488,62.295081967213115,False,False,1. spelling corruption
S1-836887070,S2-191903609,S2,East Systems Private Limited,Limited East Systems Center,"Flat No. 304, 18/12 W.E.A. Karol Bagh, New Delhi, Delhi","18/12 W.E.A. KAROL BAGH, FLAT NO. 304, दिल्ली, NEW DELHI",IN,IN,58.18181818181818,63.366336633663366,False,False,9. address variation
S1-836887070,S2-951215794,S2,East Systems Private Limited,ईस्ट सिस्टम्स प्राइवेट लिमिटेड,"Flat No. 304, 18/12 W.E.A. Karol Bagh, New Delhi, Delhi","DOOR NO 304, 18/12 W.E.A. KAROL BAGH, NEW DELHI, Delhi",IN,IN,10.344827586206895,92.0,False,False,10. cross-script
S1-802256481,S2-114349183,S2,Gujarat Energy Private Limited,ಗುಜರಾತ್ ಎನರ್ಜಿ ಪ್ರೈವೇಟ್ ಲಿಮಿಟೆಡ್,"Ii Floor, Karnataka, Math Galli, Cts 590/B1/B2, Belgaum","BELGAUM, II FLOOR, MATH GALLI, ಕರ್ನಾಟಕ, CTS C-590/B1/B2",IN,IN,9.677419354838712,64.70588235294117,False,False,10. cross-script
S1-578865806,S2-709868914,S2,International Producer Private Limited,இன்டர்நேஷனல் புரொட்யூசர் பிரைவேட் லிமிடெட்,"27/29, Nethajipuram, 2Nd Street, Ettimadi Village, Kg Chavadi, Coimbatore South, Coimbatore, Tamil Nadu","C-27/29, COIMBATORE, COIMBATORE SOUTH, Tamil Nadu",IN,IN,7.499999999999996,54.92957746478873,False,False,10. cross-script
S1-578865806,S3-485853271,S3,International Producer Private Limited,Mr INTERNATIONAL PRODUCER PRIVATE LIMITED LIMITED,"27/29, Nethajipuram, 2Nd Street, Ettimadi Village, Kg Chavadi, Coimbatore South, Coimbatore, Tamil Nadu",,IN,IN,87.35632183908046,0.0,False,False,6. missing address
S1-578865806,S2-353006023,S2,International Producer Private Limited,Dr INTERNATIONAL  PRODUCER PRIVATE LTD,"27/29, Nethajipuram, 2Nd Street, Ettimadi Village, Kg Chavadi, Coimbatore South, Coimbatore, Tamil Nadu","C-27/29, NETHAJIPURAM, 2ND STREET, ETTIMADI VILLAGE, KG CHAVADI, COIMBATORE SOUTH, Tamil Nadu",IN,IN,90.66666666666666,92.89617486338798,False,False,9. address variation
S1-53160217,S2-850343603,S2,South Producer Limited,South Pofrdcuer Limited,"No. 703 Embassy Orchid 8Th Main Road Sadashivnagar, Bengaluru, Bangalore, Karnataka","NO. 703 EMBASSY ORCHID 8TH MAIN ROAD SADASHIVNAGAR, BENGALURU, ಕರ್ನಾಟಕ",IN,IN,88.88888888888889,82.1917808219178,False,False,1. spelling corruption
S1-53160217,S3-321232855,S3,South Producer Limited,Mr South Prodhcer Limited,"No. 703 Embassy Orchid 8Th Main Road Sadashivnagar, Bengaluru, Bangalore, Karnataka","Bangalore, No. 703 Embassy Orchid 8Th Main Road Sadashivnagar, ಕರ್ನಾಟಕ, Bengaluru",IN,IN,89.36170212765957,75.64102564102564,False,False,1. spelling corruption
S1-53160217,S2-866195976,S2,South Producer Limited,ಸೌತ್ ಪ್ರೊಡ್ಯೂಸರ್ ಲಿಮಿಟೆಡ್,"No. 703 Embassy Orchid 8Th Main Road Sadashivnagar, Bengaluru, Bangalore, Karnataka","NO. 703 EMBASSY ORCHID 8TH MAIN ROAD SADASHIVNAGAR, BANGALORE, BENGALURU, ಕರ್ನಾಟಕ",IN,IN,8.510638297872342,82.05128205128204,False,False,10. cross-script
S1-705245988,S3-312107052,S3,Little Cafe Inc.,Little Cafe,"413 Canal Drive, Carolina Beach, NC","13 Canal Drive, Carolina Beach, North Carolina",US,US,84.61538461538461,83.11688311688312,False,False,1. spelling corruption
S1-557641781,S2-403323839,S2,12 Hour Locksmith,12 H0ur Locksith,"331 Cumberland Street, Greensboro, NC",,US,US,90.9090909090909,0.0,False,False,6. missing address
S1-275155815,S2-816454764,S2,Monmouth Tri-State Ship,M0nmouth Tri-State (Ship),"IL, Monmouth, 106 10th Street","#106 TENTH ST, MONMOUTH, IL",US,US,95.65217391304348,39.21568627450981,False,False,2. OCR corruption
S1-275155815,S3-529219667,S3,Monmouth Tri-State Ship,M0nmouth Tri-State  Service,"IL, Monmouth, 106 10th Street","0106 10th Street, Monouth CDP, Illinois",US,US,81.63265306122449,46.875,False,False,1. spelling corruption
S1-275251473,S3-787021333,S3,East Services Pvt Ltd,East Services Services Pvt,"Plot No-673, Sikharpur, Upper Sahi, Chauliaganj, Cuttack Sadar, Cuttack, Orissa",,IN,IN,72.34042553191489,0.0,False,False,6. missing address
S1-275251473,S2-86822865,S2,East Services Pvt Ltd,ଇଷ୍ଟ୍ ସର୍ଭିସେସ୍ ପ୍ରାଇଭେଟ୍ ଲିମିଟେଡ୍,"Plot No-673, Sikharpur, Upper Sahi, Chauliaganj, Cuttack Sadar, Cuttack, Orissa","CUTTACK, CUTTACK SADAR, ଓଡ଼ିଶା, PLOT NO-673",IN,IN,10.909090909090914,37.16814159292036,False,False,10. cross-script
S1-187820569,S2-192632220,S2,Red Agro Pvt Ltd,Red Aor Pvt  Ltd,"2249/67 Naiwala, Karol Bagh, New Delhi, Delhi","##2249/67 NAIWALA, KAROL BAGH, Delhi",IN,IN,90.32258064516128,86.48648648648648,False,False,9. address variation
S1-187820569,S2-244328919,S2,Red Agro Pvt Ltd,रेड एग्रो प्रा. लि.,"2249/67 Naiwala, Karol Bagh, New Delhi, Delhi","H.NO ##2249/67 NAIWALA, NEW DELHI, KAROL BAGH, दिल्ली",IN,IN,18.181818181818176,62.22222222222222,False,False,10. cross-script
S1-187820569,S3-155005132,S3,Red Agro Pvt Ltd,Ragro.Com,"2249/67 Naiwala, Karol Bagh, New Delhi, Delhi","67 Naiwala, Karol Bagh, New Delhi, DL",IN,IN,48.0,89.47368421052632,False,False,9. address variation
S1-187820569,S3-161314705,S3,Red Agro Pvt Ltd,रेड एग्रो प्रा. लि.,"2249/67 Naiwala, Karol Bagh, New Delhi, Delhi","67 Naiwala, Karol Bagh, New Delhi, दिल्ली",IN,IN,18.181818181818176,80.0,False,False,10. cross-script
S1-945629483,S3-509162088,S3,Green Travels Private Limited,Smt Green  Travels Private Limited,"207, Plot Bearing Ctc No364, Jai Prakash Rd, Nr. Canara Bank, Goregaon:East, Mumbai, Mumbai City, Maharashtra","207, Mumbai, Mumbai City, महाराष्ट्र",IN,IN,93.5483870967742,34.32835820895522,False,True,8. common name
S1-343150389,S2-766400346,S2,High Al Healthcare Private Limited,ஹை அல் ஹெல்த்கேர் பிரைவேட் லிமிடெட்,"No.11, Abdul Razaak Street Saidapet, Chennai, Tamil Nadu","NO.11, ABDUL RAZAAK STREET SAIDAPET, CHENNAI, MADRAS, தமிழ்நாடு",IN,IN,11.594202898550721,82.14285714285714,False,False,10. cross-script
S1-343150389,S2-856345243,S2,High Al Healthcare Private Limited,high a1 healthcare private limited,"No.11, Abdul Razaak Street Saidapet, Chennai, Tamil Nadu","NO.11, ABDLU RAZAAK STREET SAIDAPET, CHENNAI, தமிழ்நாடு",IN,IN,97.05882352941177,80.0,False,False,9. address variation
S1-343150389,S3-207772826,S3,High Al Healthcare Private Limited,High Al Healthcare Prhave Limited,"No.11, Abdul Razaak Street Saidapet, Chennai, Tamil Nadu","Door No 11, Chennai, TN",IN,IN,92.53731343283582,43.24324324324324,False,False,11. other
S1-343150389,S3-842124378,S3,High Al Healthcare Private Limited,High அல் ஹெல்த்கேர் பிரைவேட் லிமிடெட்,"No.11, Abdul Razaak Street Saidapet, Chennai, Tamil Nadu","தமிழ்நாடு, 11, Abdul Razaak Street Saidapet, Chennai",IN,IN,22.535211267605636,78.43137254901961,False,False,10. cross-script
S1-335975483,S2-412005346,S2,East Foundation Limited,East Foundation,"B-1/1Safdarjung Enclave, New Delhi, West Delhi, Delhi","B-1/1SAFDARJUNG ENCLAVE, NEW DELHI, Delhi",IN,IN,78.94736842105263,87.64044943820225,False,False,1. spelling corruption
S1-335975483,S3-121776845,S3,East Foundation Limited,East Limited Services,"B-1/1Safdarjung Enclave, New Delhi, West Delhi, Delhi","No 20 B-1/1safdarjung Enclave, New Delhi, West Delhi, DL",IN,IN,54.54545454545454,91.2621359223301,False,False,9. address variation
S1-335975483,S2-574617272,S2,East Foundation Limited,ईस्ट फाउंडेशन लिमिटेड,"B-1/1Safdarjung Enclave, New Delhi, West Delhi, Delhi","B-1/1SAFDARJUNG ENCLAVE, SOUTH WEST DELHI, WEST DELHI, दिल्ली",IN,IN,9.090909090909093,79.62962962962963,False,False,10. cross-script
S1-551799885,S3-680729537,S3,Lala Custom Safe PLLC,lálacustomsafe.com,"510 6th Street, OK, Hartshorne","6th Saint, Hartshorne, Oklahoma",US,US,76.92307692307692,59.64912280701755,False,False,10. cross-script
S1-296114775,S2-936323254,S2,Clinton Leapfrog Inc,Clinton Leapfrog,"403 Clearview Road, London, KY","03 CLEARVIEW RD, LONDON, KY",US,US,88.88888888888889,94.33962264150944,False,False,1. spelling corruption
S1-534406466,S2-181085847,S2,Silver Logistics Private Limited,सिल्वर लॉजिस्टिक्स प्राइवेट लिमिटेड,"Pune, Aditya Centeegra, Pune, Maharashtra, Office No. 6, 2Nd Floor, Shivaji Nagar","Maharashtra, ADITYA CENTEEGRA, PUNE",IN,IN,8.955223880597018,41.12149532710281,False,False,10. cross-script
S1-534406466,S3-29642658,S3,Silver Logistics Private Limited,सिल्वर लॉजिस्टिक्स प्राइवेट लिमिटेड,"Pune, Aditya Centeegra, Pune, Maharashtra, Office No. 6, 2Nd Floor, Shivaji Nagar","Aditya Centeegra, Office No. 6, 2Nd Floor, Shivaji Nagar, Pune, MH",IN,IN,8.955223880597018,77.61194029850746,False,False,10. cross-script
S1-326858924,S2-635720603,S2,Urban Healthcare Private Limited,अर्बन हेल्थकेयर प्राइवेट लिमिटेड,"110, Ghoghwa Badha Jari, Prayagraj, Bara, Allahabad, Uttar Pradesh","BARA, 10, Uttar Pradesh, ALLAHABAD",IN,IN,9.375,43.47826086956522,False,False,10. cross-script
S1-326858924,S2-102786728,S2,Urban Healthcare Private Limited,अर्बन हेल्थकेयर प्राइवेट लिमिटेड,"110, Ghoghwa Badha Jari, Prayagraj, Bara, Allahabad, Uttar Pradesh","10, GHOGHWA BADHA JARI, PRAYAGRAJ, ALLAHABAD, BARA, Uttar Pradesh",IN,IN,9.375,90.9090909090909,False,False,10. cross-script
S1-326858924,S3-724500648,S3,Urban Healthcare Private Limited,Sri >> Urban Private Limited Center,"110, Ghoghwa Badha Jari, Prayagraj, Bara, Allahabad, Uttar Pradesh","110, Bara, Allahabad, UP",IN,IN,65.625,51.21951219512195,False,True,1. spelling corruption
S1-744291797,S2-152015534,S2,Becker Classic Sumitomo,8ECKER CLASSIC SUMITOMO,"6 Sunflower Lane, Brookhaven, NY","#6 SUNFLOWER LANE, ROCKY POINT, NY",US,US,95.65217391304348,78.68852459016394,False,False,9. address variation
S1-411049048,S2-654652693,S2,Pacific Paper,Pacific Páper,"304 Fawn Meadows Drive, Ballwin, MO","30 FAWN MEADOWS DR, BALLWIN, MO",US,US,92.3076923076923,93.5483870967742,False,False,10. cross-script
S1-674021021,S2-197886361,S2,Bharat Impex Limited,BHÁRATIMPEX.COM,"Flat No. 4, Akshay Vihar, Plot No. 1 & 2, Prithviraj Nagar, Beside Gadiya Vihar, Aurangabad, Maharashtra","#4 , AKSHAY VIHAR, PLOT NO. 1 & 2, PRITHVIRAJ NAGAR, BESIDE GADIYA VIHAR, AURANGABAD, Maharashtra",IN,IN,68.57142857142857,95.74468085106383,False,False,10. cross-script
S1-674021021,S3-394711690,S3,Bharat Impex Limited,Mr Bharat  Impex Limited,"Flat No. 4, Akshay Vihar, Plot No. 1 & 2, Prithviraj Nagar, Beside Gadiya Vihar, Aurangabad, Maharashtra","Flat No. 4, Akshay Vihar, Plot No. 1 & 2, Prithviraj Nagar, Beside Gadiya Vihar, Aurangabad, MH",IN,IN,93.02325581395348,95.18716577540107,False,False,9. address variation
S1-674021021,S3-672127119,S3,Bharat Impex Limited,भारत Impex Limited,"Flat No. 4, Akshay Vihar, Plot No. 1 & 2, Prithviraj Nagar, Beside Gadiya Vihar, Aurangabad, Maharashtra","Door No 4, Akshay Vihar, Plot No. 1 & 2, Prithviraj Nagar, Beside Gadiya Vihar, Aurangabad, MH",IN,IN,73.6842105263158,90.9090909090909,False,False,10. cross-script
S1-674021021,S2-98946647,S2,Bharat Impex Limited,भारत इम्पेक्स लिमिटेड,"Flat No. 4, Akshay Vihar, Plot No. 1 & 2, Prithviraj Nagar, Beside Gadiya Vihar, Aurangabad, Maharashtra","#4, AKSHAY VIHAR, PLOT NO. 1 & 2, PRITHVIRAJ NAGAR, BESIDE GADIYA VIHAR, AURANGABAD, Maharashtra",IN,IN,9.756097560975608,95.74468085106383,False,False,10. cross-script
S1-472607427,S3-688815692,S3,Sree Care Private Limited,ਸ੍ਰੀ ਕੇਅਰ ਪ੍ਰਾਈਵੇਟ ਲਿਮਟਿਡ,"Village Dhabwala Kalan, Near Co-Operative Bank, Tehsil Arniwala, Fazilka, Fazilka, Firozpur, Punjab","Fazilka, ਪੰਜਾਬ, Village Dhabwala Kalan, Firozpur",IN,IN,12.0,44.927536231884055,False,False,10. cross-script
S1-472607427,S2-183613745,S2,Sree Care Private Limited,ਸ੍ਰੀ ਕੇਅਰ ਪ੍ਰਾਈਵੇਟ ਲਿਮਟਿਡ,"Village Dhabwala Kalan, Near Co-Operative Bank, Tehsil Arniwala, Fazilka, Fazilka, Firozpur, Punjab","BLOCK G-950 VILLAGE DHABWALA KALAN, NEAR CO-OPERATIVE BANK, TEHSIL ARNIWALA, FAZILKA, FAZILKA, FIROZPUR, Punjab",IN,IN,12.0,93.93939393939394,False,False,10. cross-script
S1-472607427,S2-80327063,S2,Sree Care Private Limited,Sree Care Prívate Limited,"Village Dhabwala Kalan, Near Co-Operative Bank, Tehsil Arniwala, Fazilka, Fazilka, Firozpur, Punjab","BLOCK G-950 VILLAGE DHABWALA KALAN, NEAR CO-OPERATIVE BANK, TEHSIL ARNIWALA, FAZILKA, FAZILKA, Punjab",IN,IN,96.0,88.88888888888889,False,False,10. cross-script
S1-472607427,S3-395898439,S3,Sree Care Private Limited,Sree Cnel Private (Limited),"Village Dhabwala Kalan, Near Co-Operative Bank, Tehsil Arniwala, Fazilka, Fazilka, Firozpur, Punjab",,IN,IN,92.0,0.0,False,False,6. missing address
S1-472607427,S3-469896305,S3,Sree Care Private Limited,Smt Sree Care Private  Limited,"Village Dhabwala Kalan, Near Co-Operative Bank, Tehsil Arniwala, Fazilka, Fazilka, Firozpur, Punjab","Near Co-operative Bank, Tehsil Arniwala, Fazilka, Firozpur, Fazilka, Village Dhabwala Kalan, PB",IN,IN,92.5925925925926,64.83516483516483,False,False,9. address variation
S1-240260171,S3-283446385,S3,Absolute Gold Private Limited,#Absolutegold,"East Delhi, Old Plot No-14, Gali No-5, Guru Nanak Pura, Laxmi Nagar, Near V3S Mall, Delhi, East Delhi, C-25 Office No-402","Old Plot No-14, Gali No-5, Guru Nanak Pura, Laxmi Nagar, Near V3s Mall, Hn 44 C-25 Office No-402, दिल्ली, East Delhi, East",IN,IN,58.53658536585367,77.5330396475771,False,False,9. address variation
S1-118403157,S3-377122038,S3,Veterans Trust,Veterans Turmst,"10226 Fuqua Street, Houston, TX","0010226 Fuqua St, Houston, Texas",US,US,89.65517241379311,84.7457627118644,False,False,1. spelling corruption
S1-100357755,S2-594181656,S2,Green Estate Private Limited,ग्रीन एस्टेट प्राइवेट लिमिटेड,"Flat 5, Cts 1263/2 J M Road, Gokulesh Apt. S Nagar, Pune, Maharashtra","FLAT 5, PUNE, Maharashtra",IN,IN,10.526315789473683,52.87356321839081,False,False,10. cross-script
S1-100357755,S3-231074812,S3,Green Estate Private Limited,ग्रीन एस्टेट प्राइवेट लिमिटेड,"Flat 5, Cts 1263/2 J M Road, Gokulesh Apt. S Nagar, Pune, Maharashtra","Flat 5, Poona, Pune, महाराष्ट्र",IN,IN,10.526315789473683,36.95652173913043,False,False,10. cross-script
S1-219569243,S3-646817940,S3,Vanguard Cargo Labs,#vanguardcargo,"2715 Bissonnet Street, Houston, TX","02715 Bissonnet St, Houston, Texas",US,US,81.25,87.5,False,False,1. spelling corruption
S1-397593130,S3-210608784,S3,Innovative Alpha Enterprises Private Limited,Innovative Alpha-Private Limited Partners,"Hissar, Near Shakti Hatcheries Vpo Sahanpur, Safidon, Plot No. 161, Haryana","Hissar, Near Shakti Hatcheries Vpo Sahanpur, No 161, हरियाणा",IN,IN,75.29411764705883,78.74015748031495,False,False,1. spelling corruption
S1-397593130,S3-711017813,S3,Innovative Alpha Enterprises Private Limited,इनोवेटिव अल्फा एंटरप्राइजेज प्राइवेट लिमिटेड,"Hissar, Near Shakti Hatcheries Vpo Sahanpur, Safidon, Plot No. 161, Haryana","#161, Safidon, Hissar, HR",IN,IN,9.090909090909093,30.76923076923077,False,False,10. cross-script
S1-397593130,S2-965914406,S2,Innovative Alpha Enterprises Private Limited,इनोवेटिव अल्फा एंटरप्राइजेज प्राइवेट लिमिटेड,"Hissar, Near Shakti Hatcheries Vpo Sahanpur, Safidon, Plot No. 161, Haryana","PLOT NO. 161., HISSAR, Haryana",IN,IN,9.090909090909093,39.583333333333336,False,False,10. cross-script
S1-219814715,S3-524436969,S3,Indo Services Private Limited,ഇന്തോ സർവീസസ് Private Limited,"Door No.61/3508 A8, Fourth Floor Indo Persian Njk Square, Valanjambalam, Ernakulam, Kerala","##61/3508 A8, Fourth Floor Indo Persian Njk Square, Valanjambalam, Ernakulam, Keralam, Eranakulam",IN,IN,58.62068965517242,88.63636363636364,False,False,10. cross-script
S1-219814715,S2-836632173,S2,Indo Services Private Limited,ഇന്തോ സർവീസസ് പ്രൈവറ്റ് ലിമിറ്റഡ്,"Door No.61/3508 A8, Fourth Floor Indo Persian Njk Square, Valanjambalam, Ernakulam, Kerala","NO 61/3508 A8, FOURTH FLOOR INDO PERSIAN NJK SQUARE, VALANJAMBALAM, ERNAKULAM, Kerala",IN,IN,9.677419354838712,97.0059880239521,False,False,10. cross-script
S1-219814715,S3-886203672,S3,Indo Services Private Limited,ഇന്തോ സർവീസസ് പ്രൈവറ്റ് ലിമിറ്റഡ്,"Door No.61/3508 A8, Fourth Floor Indo Persian Njk Square, Valanjambalam, Ernakulam, Kerala","##61/3508 A8, Fourth Floor Indo Persian Njk Square, Valanjambalam, Eranakulam, Ernakulam, Keralam",IN,IN,9.677419354838712,88.63636363636364,False,False,10. cross-script
S1-219814715,S3-938617390,S3,Indo Services Private Limited,Indo Services (Private),"Door No.61/3508 A8, Fourth Floor Indo Persian Njk Square, Valanjambalam, Ernakulam, Kerala","Door No.#61/3508 A8, Fourth Floor Indo Persian Njk Square, Valanjambalam, Eranakulam, Ernakulam, Keralam",IN,IN,84.0,93.47826086956522,False,False,1. spelling corruption
S1-251147951,S2-497144992,S2,Golden Properties Private Limited,ગોલ્ડન પ્રોપર્ટીઝ પ્રાઇવેટ લિમિટેડ,"405 Nandasay Viharownerasso Opp.Ratnakar Flat, Nr.Kumbhar Vas, Ramnagar, Sabarmati, Ahmedabad, Gujarat","AHMEDABAD, DOOR NO 405 NANDASAY VIHAROWNERASSO OPP.RATNAKAR FLAT, Gujarat",IN,IN,8.955223880597018,63.095238095238095,False,False,10. cross-script
S1-460216203,S2-327451584,S2,Perfect Systems Pvt Ltd,పర్‌ఫెక్ట్ సిస్టమ్స్ ప్రైవేట్ లిమిటెడ్,"Plot No 1, Patelguda, Mokshit Marvel, Ameenpur, Ramachandrapuram, Medak, Telangana","PLOT NO 1, RAMACHANDRAPURAM, MEDAK, Telangana",IN,IN,9.836065573770492,71.1864406779661,False,False,10. cross-script
S1-460216203,S3-589571788,S3,Perfect Systems Pvt Ltd,పర్‌ఫెక్ట్ సిస్టమ్స్ ప్రైవేట్ లిమిటెడ్,"Plot No 1, Patelguda, Mokshit Marvel, Ameenpur, Ramachandrapuram, Medak, Telangana","Door No 1, Ramachandrapuram, Medak, TG",IN,IN,9.836065573770492,57.65765765765766,False,False,10. cross-script
S1-300195255,S2-422719051,S2,Modern Law Group LLC,Modren  Law Group LLC,"2252 Barnbridge Road, Fl 0, Saint Louis, MO","252 BARNBRIDGE RD, ST LOUIS, MO",US,US,95.0,84.05797101449275,False,False,9. address variation
S1-98092578,S3-468266828,S3,Anna Carter Interiors,Anna Cárter Interiors Inc,"1828 Owasso Avenue, Tulsa, OK","#1828 Owasso Avenue, N/A, Tulsa, Oklahoma",US,US,86.95652173913044,84.375,False,False,10. cross-script
S1-98092578,S3-49134880,S3,Anna Carter Interiors,Anna Cárter Interiors,"1828 Owasso Avenue, Tulsa, OK","#1828 Owasso Avenue, N/A, Tulsa, Oklahoma",US,US,95.23809523809523,84.375,False,False,10. cross-script
S1-874355982,S3-946832385,S3,Carter and Harkins LLC,Carter and Hasrkafsn [LLC],"21 Cliff Road, MA, Nantucket","Massachusetts, 21 Cliff Rd, Nantucket",US,US,86.95652173913044,68.85245901639344,False,False,1. spelling corruption
S1-667717636,S3-677097005,S3,Green Logistics Pvt Ltd,6reen Logistics Pvt Ltd,"Flat No-64-D Pkt A Mayur Vihar, Ph Ii, Delhi, New Delhi, Delhi","Flat No-64-d Pkt A Mayur Vihar, Ph Ii, Delhi, New Delhi, DL",IN,IN,95.65217391304348,97.34513274336283,False,False,9. address variation
S1-667717636,S2-715394294,S2,Green Logistics Pvt Ltd,ग्रीन लॉजिस्टिक्स प्रा. लि.,"Flat No-64-D Pkt A Mayur Vihar, Ph Ii, Delhi, New Delhi, Delhi","Delhi, NEW DELHI, FLAT NO-6-4-D PKT A MAYUR VIHAR, PH II, DELHI",IN,IN,12.5,71.7948717948718,False,False,10. cross-script
S1-667717636,S2-645642355,S2,Green Logistics Pvt Ltd,ग्रीन लॉजिस्टिक्स प्रा. लि.,"Flat No-64-D Pkt A Mayur Vihar, Ph Ii, Delhi, New Delhi, Delhi","FLAT NO-6-4-D PKT A MAYUR VIHAR, DELHI, NEW DELHI, Delhi",IN,IN,12.5,93.69369369369369,False,False,10. cross-script
S1-667717636,S3-835774035,S3,Green Logistics Pvt Ltd,Greenlogistics.Com,"Flat No-64-D Pkt A Mayur Vihar, Ph Ii, Delhi, New Delhi, Delhi","Flat No-64-d Pkt A Mayur Vihar, Delhi, New Delhi, DL",IN,IN,73.17073170731707,91.58878504672897,False,False,1. spelling corruption
S1-251274619,S3-731188653,S3,Network Minerals Ltd,Ltd Network Mínerals,"May-Fair Buildinghazratganj Lucknow, Uttar Pradesh, Lucknow, Uttar Pradesh","May-fair Buildinghazratganj Lucknow, Lucknow, Uttar Pradesh, UP",IN,IN,75.0,87.02290076335878,False,False,10. cross-script
S1-251274619,S2-684969547,S2,Network Minerals Ltd,Network Minerals,"May-Fair Buildinghazratganj Lucknow, Uttar Pradesh, Lucknow, Uttar Pradesh","HN A-694 MAY-FAIR BUILDINGHAZRATGANJ LUCKNOW, UTTAR PRADESH, Uttar Pradesh",IN,IN,88.88888888888889,88.11188811188812,False,False,1. spelling corruption
S1-251274619,S3-885263412,S3,Network Minerals Ltd,networkmineralscom,"May-Fair Buildinghazratganj Lucknow, Uttar Pradesh, Lucknow, Uttar Pradesh","May-fair Buildinghazratganj Lucknow, Lucknow, Uttar Pradesh, UP",IN,IN,78.94736842105263,87.02290076335878,False,False,1. spelling corruption
S1-308026864,S3-127788735,S3,Life Exports Private Limited,লাইফ এক্সপোর্টস প্রাইভেট লিমিটেড,"Kolkata, West Bengal, South 24 Parganas, 2 Peter Lane","Kolkata, 2 Peter Lane, WB, South 24 Parganas",IN,IN,9.999999999999998,65.93406593406593,False,False,10. cross-script
S1-308026864,S3-26197069,S3,Life Exports Private Limited,Life এক্সপোর্টস Private Limited,"Kolkata, West Bengal, South 24 Parganas, 2 Peter Lane","2 Peter Lane, South 24 Parganas, WB, Kolkata",IN,IN,71.1864406779661,59.34065934065934,False,False,10. cross-script
S1-308026864,S3-761944868,S3,Life Exports Private Limited,লাইফ এক্সপোর্টস প্রাইভেট লিমিটেড,"Kolkata, West Bengal, South 24 Parganas, 2 Peter Lane","#2 Peter Lane, Kolkata, South 24 Parganas, WB",IN,IN,9.999999999999998,57.14285714285714,False,False,10. cross-script
S1-308026864,S2-632821172,S2,Life Exports Private Limited,লাইফ এক্সপোর্টস প্রাইভেট লিমিটেড,"Kolkata, West Bengal, South 24 Parganas, 2 Peter Lane","NO 2 PETER LANE, SOUTH 24 PARGANAS, KOLKATA, West Bengal",IN,IN,9.999999999999998,58.252427184466015,False,False,10. cross-script
S1-345020957,S2-234623740,S2,W 4 Classic Era Inc,W 4 CASSEC ERA INC - 4120113688,"245 Rochester Avenue, Atalissa, IA","ROCHESTER AVE, ATALISSA, IA",US,US,70.83333333333333,87.71929824561404,False,False,1. spelling corruption
S1-345020957,S2-618142566,S2,W 4 Classic Era Inc,#w4,"245 Rochester Avenue, Atalissa, IA","45 ROCHESTER AVENUE, ATALISSA, IA",US,US,19.047619047619047,98.41269841269842,False,False,4. abbreviation
S1-903548267,S3-607464757,S3,"Williams and Brantley, Inc",Williamsbrantley.Com,"32 Buckner Street, Winchester, KY","Buckner Street, N/A, Winchester, Kentucky",US,US,80.0,81.15942028985508,False,False,1. spelling corruption
S1-958684617,S2-336739522,S2,VY Metals Ltd,VY VY Mtéasl Ltd,"Plot No 159, Mullai Street, Satyanarayana Puram, Maulivakkam, Porur, Chennai, Tamil Nadu","PLOT NO 159, MULLAI STREET, SATYANARAYANA PURAM, MAULIVAGKAM, PORUR, CHENNAI, Tamil Nadu",IN,IN,75.86206896551724,98.78048780487805,False,False,10. cross-script
S1-136696648,S2-916777605,S2,Sree Marketing Limited,Sree Marketing लिमिटेड,"Maharashtra, Kailash Puram, Nr. Kailash Hall A.G. Road, Sakinaka, Kurla West, Mumbai City, Mumbai, G.No. 4","G.NO. 4, KAILASH PURAM, NR. KAILASH HALL A.G. ROAD, SAKINAKA, KURLA WEST, MUMBAI, महाराष्ट्र",IN,IN,68.18181818181819,74.86033519553072,False,False,10. cross-script
S1-136696648,S2-363025137,S2,Sree Marketing Limited,श्री मार्केटिंग लिमिटेड,"Maharashtra, Kailash Puram, Nr. Kailash Hall A.G. Road, Sakinaka, Kurla West, Mumbai City, Mumbai, G.No. 4","G.NO. 4, KAILASH PURAM, NR. KAILASH HALL A.G. ROAD, SAKINAKA, KURLA WEST, BOMBAY, MUMBAI CITY, Maharashtra",IN,IN,8.888888888888891,77.08333333333334,False,False,10. cross-script
S1-136696648,S3-984207417,S3,Sree Marketing Limited,Sree Marketing Ltd | www.sreemarke.com,"Maharashtra, Kailash Puram, Nr. Kailash Hall A.G. Road, Sakinaka, Kurla West, Mumbai City, Mumbai, G.No. 4","Mumbai (SUBURBAN), महाराष्ट्र, Kailash Puram, Nr. Kailash Hall A.g. Road, Sakinaka, Kurla West, G.no. C-4",IN,IN,62.06896551724138,74.73684210526315,False,False,1. spelling corruption
S1-670053083,S2-710374319,S2,Premier Security Concepts LLC,Premier Sécurity C0ncepts LLC,"3397 Newport Drive, Lake Havasu City, AZ","NEWPORT DRIVE, LAKE HAVASU CIYT, AZ",US,US,93.10344827586206,90.14084507042254,False,False,10. cross-script
S1-132865803,S3-76919362,S3,Basalt,Basalt LLC,"3333 Dunlap Avenue, Unit 344, Phoenix, AZ","Phoenix, Arizona, 3333 Dunlap Avenue",US,US,75.0,50.0,False,False,1. spelling corruption
S1-132865803,S2-596166221,S2,Basalt,Basa1t Services,"3333 Dunlap Avenue, Unit 344, Phoenix, AZ","#3333 DUNLAP AVE, WASHINGTON, AZ",US,US,47.61904761904761,68.65671641791045,False,False,9. address variation
S1-251778171,S2-262560397,S2,Lindsey Light,Lindsey Leegth,"4 Evelyn Street, Union Township, PA","##4 EVELYN SAINT, FINLEYVILLE, PA",US,US,81.4814814814815,58.06451612903225,False,False,1. spelling corruption
S1-68203113,S3-316302864,S3,Peer's Secure Software,peerssecuresoftware.com,"30 St Stephens Road, Riverton, WY","Saint Stephens Rd, Riverton, Wyoming",US,US,84.44444444444444,80.0,False,False,1. spelling corruption
S1-976531572,S2-894256330,S2,Office of Aging,OFFICE-OF SERVICES,"21 Violetwood Circle, Marlborough, MA","MARLBOROUGH, 21 1/2 VIOLETWOOD CIR, MA",US,US,66.66666666666667,56.33802816901409,False,False,1. spelling corruption
S1-93033948,S2-610559464,S2,Red Producer Limited,ರೆಡ್ ಪ್ರೊಡ್ಯೂಸರ್ ಲಿಮಿಟೆಡ್,"Bangalore, Panchayath Layout, 8Th Cross Near Ig Circle, J P Nagar 1St Phase, Karnataka, No .1/2, Bangalore","BANGALORE, Karnataka, NO .C-1/2, PANCHAYATH LAYOUT, 8TH CROSS NEAR IG CIRCLE, J P NAGAR 1ST PHASE, BANGALORE",IN,IN,8.888888888888891,82.0,False,False,10. cross-script
S1-722921194,S2-527522217,S2,Lower Health Center,Lower Health,"820 Lincoln Way, Unit 302, Mishawaka, IN","0820 LINCOLN WAY, MISHAWAKA, IN",US,US,77.41935483870968,84.84848484848484,False,False,1. spelling corruption
S1-464614135,S3-902287529,S3,Henrico County Memorial Tri-State Network,Memorial County Henrico Network Center,"10517 Runnymeade Drive, Henrico County, VA","Virginia, Henrico County, 10517 Runnymeade Dr",US,US,55.696202531645575,48.19277108433735,True,False,3. transliteration
S1-144925637,S3-349789918,S3,Advanced Columbia Inc,Advanced  Columbia-Inc #7476,"1115 Henrietta Drive, Knoxville, TN","Henrietta Drive, Knoxville, Tennessee",US,US,89.36170212765957,82.35294117647058,False,False,1. spelling corruption
S1-144925637,S3-968532019,S3,Advanced Columbia Inc,Advanced Ccolumbiba Inc,"1115 Henrietta Drive, Knoxville, TN","Tennessee, 1115 Henrietta Drive, Knoxville",US,US,95.45454545454545,82.1917808219178,False,False,9. address variation
S1-768976245,S3-479023187,S3,Heritage Rapid Open,Heritage Rapid,"2011 Granite Pass Drive, Pearland, TX","#2011 Granite Pass Drive, Pearland, Texas",US,US,84.84848484848484,95.89041095890411,False,False,1. spelling corruption
S1-891667479,S2-419600093,S2,Value Safe Virtus LLC,Value Safe Virtus Llc - 1540087803,"8657 Avers Avenue, Skokie, IL",,US,US,79.24528301886792,0.0,False,False,6. missing address
S1-673951811,S3-563401451,S3,Warren Realty LLC,Warren Realty,"4107 Broadway Avenue, Evansville, IN","Evansville, Indiana, 004107 Broadway Avenue",US,US,86.66666666666667,53.333333333333336,False,False,1. spelling corruption
S1-673951811,S3-227780327,S3,Warren Realty LLC,Warren Réalty Llc,"4107 Broadway Avenue, Evansville, IN","004107 Broadway Avenue, Evansville, Indiana",US,US,94.11764705882352,90.66666666666666,False,False,10. cross-script
S1-526648550,S2-480556590,S2,White Sun Constructions Private Limited,ವೈಟ್ ಸನ್ ಕನ್‌ಸ್ಟ್ರಕ್ಷನ್ಸ್ ಪ್ರೈವೇಟ್ ಲಿಮಿಟೆಡ್,"321/A, Ibbani Apartment 5Th Cross, 1St Block, Jayanagar, Bangalore, Karnataka, Bangalore, Flat No.104","NO 104., 321/A, IBBANI APARTMENT 5TH CROSS, 1ST BLOCK, JAYANAGAR, BANGALORE, BENGALURU URBAN, Karnataka",IN,IN,9.756097560975608,77.24867724867725,False,False,10. cross-script
S1-526648550,S3-78955341,S3,White Sun Constructions Private Limited,ವೈಟ್ Sun Constructions ಪ್ರೈವೇಟ್ ಲಿಮಿಟೆಡ್,"321/A, Ibbani Apartment 5Th Cross, 1St Block, Jayanagar, Bangalore, Karnataka, Bangalore, Flat No.104","Door No 104, 321/A, Ibbani Apartment 5Th Cross, 1St Block, Jayanagar, Bangalore, Bengaluru, KA",IN,IN,50.63291139240506,78.45303867403315,False,False,10. cross-script
S1-526648550,S3-987533839,S3,White Sun Constructions Private Limited,ವೈಟ್ ಸನ್ ಕನ್‌ಸ್ಟ್ರಕ್ಷನ್ಸ್ ಪ್ರೈವೇಟ್ ಲಿಮಿಟೆಡ್,"321/A, Ibbani Apartment 5Th Cross, 1St Block, Jayanagar, Bangalore, Karnataka, Bangalore, Flat No.104","Flat No.104, Bengaluru, 321/A, Ibbani Apartment 5Th Cross, 1St Block, Jayanagar, Bangalore, KA",IN,IN,9.756097560975608,71.82320441988949,False,False,10. cross-script
S1-526648550,S2-433751221,S2,White Sun Constructions Private Limited,ವೈಟ್ ಸನ್ ಕನ್‌ಸ್ಟ್ರಕ್ಷನ್ಸ್ ಪ್ರೈವೇಟ್ ಲಿಮಿಟೆಡ್,"321/A, Ibbani Apartment 5Th Cross, 1St Block, Jayanagar, Bangalore, Karnataka, Bangalore, Flat No.104","FLAT NO.104., 321/A, IBBANI APARTMENT 5TH CROSS, 1ST BLOCK, JAYANAGAR, BANGALORE, BENGALURU URBAN, Karnataka",IN,IN,9.756097560975608,75.25773195876289,False,False,10. cross-script
S1-526648550,S3-214480831,S3,White Sun Constructions Private Limited,Limited White Sun Private Partners,"321/A, Ibbani Apartment 5Th Cross, 1St Block, Jayanagar, Bangalore, Karnataka, Bangalore, Flat No.104","No 104, Bengaluru, Bangalore, KA",IN,IN,54.794520547945204,37.398373983739845,False,False,3. transliteration
S1-88617647,S2-87359079,S2,Vishesh Advisors,visheshadvisors.com,"C/O. Ramkrishna B. Patil, A/P- Varange Padali, Tal- Karveer, Kolhapur, Maharashtra","C/O. RAMKRISHNA B. PATIL, A/P- VARANGE PADALI, TAL- KARVEER, KOLHAPUR, महाराष्ट्र",IN,IN,85.71428571428572,85.71428571428572,False,False,1. spelling corruption
S1-450037437,S3-256164450,S3,Great School of Medicine,Great-of Medicine Center,"3 Dover Place, Moreau, NY",,US,US,70.83333333333333,0.0,False,False,6. missing address
S1-703804649,S3-6466776,S3,Conner Spdr Inc,Conner Spdr Ínc.,"25 Green Street, Unit 2, Reading, MA","Reading, Massachusetts, 25 Green St, # 2",US,US,93.33333333333333,44.11764705882353,False,False,10. cross-script
S1-340704274,S3-489163702,S3,IM Permian LLC,IM Permian,"323 Stablebrook Street, Magnolia, TX","Magnolia, Texas, 323-325 Stablebrook St",US,US,83.33333333333334,50.70422535211267,False,False,1. spelling corruption
S1-340704274,S2-569710430,S2,IM Permian LLC,IM Permian,"323 Stablebrook Street, Magnolia, TX",,US,US,83.33333333333334,0.0,False,False,6. missing address
S1-226625944,S3-365960218,S3,A Cure 6 You Inc,A Cure 6 You,"380 Bartlett Avenue, Staten Island, NY","New York, Staten Island, 00380 Bartlett Avenue",US,US,85.71428571428572,47.5,False,False,1. spelling corruption
S1-544345907,S3-631862422,S3,Lotus It Private Limited,लोटस आईटी प्राइवेट लिमिटेड,"A-05, N/S Nehru Ground Neelam Bata Road, Faridabad, Haryana","A-05, Faridabad, HR",IN,IN,12.0,46.57534246575342,False,False,10. cross-script
S1-544345907,S2-146434073,S2,Lotus It Private Limited,लोटस आईटी प्राइवेट लिमिटेड,"A-05, N/S Nehru Ground Neelam Bata Road, Faridabad, Haryana","#787 A-05, N/S NEHRU GROUND NEELAM BATA ROAD, FARIDABAD, हरियाणा",IN,IN,12.0,84.48275862068965,False,False,10. cross-script
S1-792728375,S3-944437642,S3,Kenai Peninsula Borough Design Group,kpborough.com,"32487 Secluded Circle, Kenai Peninsula Borough, AK","Homer, Alaska, 32487 Secluded Circle",US,US,44.89795918367348,51.21951219512195,True,False,9. address variation
S1-285825204,S2-734597676,S2,Vertical Brothers Pvt Ltd,Shri Vertical Brothers Pvt (Ltd),"No 3/4 United India Nagar 3Rd Main Road Ayanavaram, Chennai, Tamil Nadu","3/4 UNITED INDIA NAGAR 3RD MAIN ROAD AYANAVARAM, CHENNAI, Tamil Nadu",IN,IN,90.9090909090909,97.77777777777777,False,False,9. address variation
S1-615952540,S3-274165663,S3,Heartland Green PC,Heartland PC Center,"14 Sugar Creek Drive, Austin, TX","Sugar Creek Drive, Austin CDP, Texas",US,US,64.86486486486487,84.375,False,False,1. spelling corruption
S1-615952540,S2-497478833,S2,Heartland Green PC,Heartland Green Inc,"14 Sugar Creek Drive, Austin, TX","14C SUGAR CREEK DR, AUSTIN, TX",US,US,91.89189189189189,93.10344827586206,False,False,9. address variation
S1-902194370,S3-952072764,S3,Secure Jab Inc,@securejab,"117 Greenwood Circle, Harvest, AL","00117 Greenwood Cir, Harvest, Alabama",US,US,78.26086956521739,84.84848484848484,False,False,1. spelling corruption
S1-902194370,S3-229777095,S3,Secure Jab Inc,Secure Jáb Inc,"117 Greenwood Circle, Harvest, AL","00117 Greenwood Cir, Harvest, Alabama",US,US,92.85714285714286,84.84848484848484,False,False,10. cross-script
S1-902194370,S2-548109977,S2,Secure Jab Inc,SRCRUE  JAB INC,"117 Greenwood Circle, Harvest, AL","#117 GREENWOOD CIR, HARVEST, AL",US,US,85.71428571428572,94.91525423728814,False,False,1. spelling corruption
S1-539717040,S2-675729683,S2,Ellis Multitrade Ltd,Service Ellis Ltd,"Shop No 7, Opp Vetarnary Hospital Bhiwani Road, Jind, Haryana","SHCP NO 7, OPP VETARNARY HOSPITAL BHIWANI ROAD, JIND, Haryana",IN,IN,48.64864864864865,98.27586206896551,False,False,9. address variation
S1-539717040,S3-585768050,S3,Ellis Multitrade Ltd,Sri Ellis Multitrade Limited,"Shop No 7, Opp Vetarnary Hospital Bhiwani Road, Jind, Haryana","#7, Jind, HR",IN,IN,83.33333333333334,26.865671641791046,False,False,1. spelling corruption
S1-539717040,S3-845258670,S3,Ellis Multitrade Ltd,Ellis-Multitrade,"Shop No 7, Opp Vetarnary Hospital Bhiwani Road, Jind, Haryana",,IN,IN,88.88888888888889,0.0,False,False,6. missing address
S1-956219652,S3-279688157,S3,Pioneer Pioneer Services Private Limited,Pioneer Píoneer Services Private Limited,"19/426, Hi-Q Center, Mankuzhi, West Vengola P O, Eranakulam, Kunnathunad, Ernakulam, Kerala","Ernakulam, KL, 19/426",IN,IN,97.5,25.24271844660194,False,False,10. cross-script
S1-956219652,S2-83206197,S2,Pioneer Pioneer Services Private Limited,പയനിയർ പയനിയർ സർവീസസ് പ്രൈവറ്റ് ലിമിറ്റഡ്,"19/426, Hi-Q Center, Mankuzhi, West Vengola P O, Eranakulam, Kunnathunad, Ernakulam, Kerala","19/426, ERNAKULAM, KUNNATHUNAD, Kerala",IN,IN,9.876543209876543,58.82352941176471,False,True,10. cross-script
S1-956219652,S2-440485067,S2,Pioneer Pioneer Services Private Limited,പയനിയർ പയനിയർ സർവീസസ് പ്രൈവറ്റ് ലിമിറ്റഡ്,"19/426, Hi-Q Center, Mankuzhi, West Vengola P O, Eranakulam, Kunnathunad, Ernakulam, Kerala","19/426, KUNNATHUNAD, ERNAKULAM, Kerala",IN,IN,9.876543209876543,58.82352941176471,False,True,10. cross-script
S1-438747683,S3-810164217,S3,Om Premier Infra Private Limited,ઓમ પ્રીમિયર ઇન્ફ્રા પ્રાઇવેટ લિમિટેડ,"Block-K, Ff Shop No-17 To 20, Sur No 47/1, Al - Burooj Nr.Empire Party Plot, 132 Ft Makarba Road, Ahmadabad City, Ahmedabad, Gujarat","Block-k, Ff Shop No-17 To 20, Sur No 47/1, Al - Burooj Nr.empire Party Plot, 132 Ft Makarba Road, Ahmadabad City, Ahmedabad, GJ",IN,IN,11.764705882352944,97.9253112033195,False,False,10. cross-script
S1-611820175,S3-665093697,S3,South Dental L.L.C.,Nexgild,"2120 Mclean Road, NC, Charlotte","002120 Mclean Road, Charltote CITY, North Carolina",US,US,16.000000000000004,64.93506493506493,False,False,9. address variation
S1-611820175,S3-719250388,S3,South Dental L.L.C.,Kelolum (ID: 56455),"2120 Mclean Road, NC, Charlotte","North Carolina, 002120 Mclean Rd, Charltote CITY",US,US,29.411764705882348,61.33333333333333,False,False,9. address variation
S1-304160920,S3-687945842,S3,Garcia Holdings,Garcia Holdings Trading,"2747 Avenue N, Council Bluffs, IA",,US,US,78.94736842105263,0.0,False,False,6. missing address
S1-68352667,S2-221553790,S2,Dale Greenfield Federal,Dale Greenfield,"8010 Butterfly Street, Fl 0, Clearwater, KS",,US,US,78.94736842105263,0.0,False,False,6. missing address
S1-553617770,S3-707336521,S3,Chennai Systems Pvt Ltd,Chennai (Systems),"Plot No 12 C/1, 3Rd Cross Street, South Phase, Industrial Estate, Guindy, Chennai, Tamil Nadu","Plot No 12 C/1, Madras, Guindy, TN",IN,IN,78.94736842105263,50.847457627118644,False,False,1. spelling corruption
S1-294723682,S3-764823134,S3,Weaver Tri-State Phoenix Clinic,Weaver Trí-State Phoenix Clinic,"Green Mountain, NC, 190 Ernest Hughes Road","19 Ernest Hughes Road, Green Montain, North Carolina",US,US,96.7741935483871,48.88888888888889,False,False,10. cross-script
S1-294723682,S3-106223819,S3,Weaver Tri-State Phoenix Clinic,Weaver Tri-State,"Green Mountain, NC, 190 Ernest Hughes Road","19 Ernest Hughes Rd, Green Montain, North Carolina",US,US,68.08510638297872,50.0,False,False,1. spelling corruption
S1-174661724,S2-143657863,S2,Saint Cathedral,SAINTCATHEDRAL.COM,"3191 Cypress Lake Drive, Memphis, TN","CYPRESS LAKE DRIVE, MEMPHIS, TN",US,US,84.84848484848484,92.06349206349206,False,False,1. spelling corruption
S1-263598699,S2-283558645,S2,Pinnacle Mortgage Labs LLC,Pinnacle Mortgage Labs,"Unit A, Nashville, TN, 8223 Terry Lane","##8223 Terry Ln, HERMITAGE, TN",US,US,91.66666666666666,45.90163934426229,False,False,11. other
S1-263598699,S2-167885968,S2,Pinnacle Mortgage Labs LLC,Pinnacle Mrtogge Labs LLC,"Unit A, Nashville, TN, 8223 Terry Lane","##8223 TERRY LN, NASHVILLE, TN",US,US,94.11764705882352,49.18032786885246,False,False,11. other
S1-263598699,S2-334244008,S2,Pinnacle Mortgage Labs LLC,Pinnacle Mórtgage Labs LLC,"Unit A, Nashville, TN, 8223 Terry Lane","NASHVILLE, ##8223 TERRY LN, TN",US,US,96.15384615384616,75.40983606557377,False,False,10. cross-script
S1-263598699,S3-755430031,S3,Pinnacle Mortgage Labs LLC,Pinnacle Mortgage Lábs LLC,"Unit A, Nashville, TN, 8223 Terry Lane","8223 Terry Ln, Tennessee, Hermitage, # A",US,US,96.15384615384616,40.0,False,False,10. cross-script
S1-695600238,S3-804385474,S3,Classic Payroll Innovations Inc.,classicpayrollinnovations.com,"6385 Goodan Lane, Missoula, MT","638 Goodan Lane, PMB 6564, Missoula, Montana",US,US,90.0,78.26086956521739,False,False,9. address variation
S1-695600238,S3-967473156,S3,Classic Payroll Innovations Inc.,C1assic Payroll Innovations Inc.,"6385 Goodan Lane, Missoula, MT","Montana, 638 Goodan Lane, Missoula",US,US,96.7741935483871,80.0,False,False,9. address variation
S1-695600238,S3-570891379,S3,Classic Payroll Innovations Inc.,Classic Payroll Ínnovations Inc.,"6385 Goodan Lane, Missoula, MT","638 Goodan Ln, Missoula, Montana",US,US,96.7741935483871,86.20689655172413,False,False,10. cross-script
S1-827398428,S2-912194946,S2,Regional Alliance,THE REGlONAL ALLIANCE,"2163 County Road, Unit C, Alexander City, AL","AL, ALEXANDER CITY, 2163- COUNTY RD",US,US,84.21052631578947,46.57534246575342,False,False,1. spelling corruption
S1-827398428,S3-683660190,S3,Regional Alliance,Regional Alliance District,"2163 County Road, Unit C, Alexander City, AL","County Rd, # C, Alexander City, Alabama",US,US,79.06976744186046,77.33333333333333,False,False,1. spelling corruption
S1-898750350,S3-137653436,S3,Womens Health Custom Medicine LLC,Women Health Custom Medicine LLC,"1425 Fishers Mill Court, Fairfax County, VA","Virginia, Herndon, 1425-1429 Fishers Mill Ct",US,US,98.46153846153847,48.19277108433735,False,False,11. other
S1-417462735,S3-561102055,S3,Choice Algonquin Inc,Choice  Atgsonui Inc,"Elkridge, MD, 6570 Deep Run Parkway","6570 Deep Run Pkwy, Elkridge, Maryland",US,US,87.17948717948718,55.072463768115945,False,False,1. spelling corruption
S1-275254832,S3-53665379,S3,Neal Reliable Cafe,Neal Rllgbibael Cáfe,"730 Roberts Cut Off Road, Fort Worth, TX","730C Roberts Cut Off Road, Fort Worth, Texas",US,US,73.6842105263158,95.0,False,False,10. cross-script
S1-217445884,S3-182852369,S3,Family Medicine of Staten Island,Family Medicine of Island Center,"Staten Island, 54 Richmond Terrace, NY","##54 Richmond Terrace, Staten Island, New York",US,US,78.125,56.41025641025641,False,False,1. spelling corruption
S1-217445884,S3-881889686,S3,Family Medicine of Staten Island,Family Family Medicine Of,"Staten Island, 54 Richmond Terrace, NY","##54 Richmond Terrace, Staten Island, New York",US,US,63.1578947368421,56.41025641025641,False,False,1. spelling corruption
S1-782266,S2-640420807,S2,Smith and Ryan LLC,Haloiri,"221 Washington Street, Belchertown, MA","223 Washington Street, BELCHERTOWN, MA",US,US,24.0,97.22222222222221,False,False,9. address variation
S1-782266,S3-180656092,S3,Smith and Ryan LLC,Sryan.Com,"221 Washington Street, Belchertown, MA","223 Washington Street, Belchertown, Massachusetts",US,US,51.85185185185186,84.33734939759037,False,False,9. address variation
S1-517319413,S2-599958393,S2,Primary Care Specialists,PRIMARY CARE SPECIALISTS INC,"Terre Haute, 1324 Garden Drive, IN","1324 GARDEN DR, TERRE HAUTE CITY, IN",US,US,92.3076923076923,54.54545454545454,False,False,9. address variation
S1-517319413,S2-238824612,S2,Primary Care Specialists,Primary Care  Center,"Terre Haute, 1324 Garden Drive, IN","1324 GARDEN DRIVE, TERRE HAUTE CITY, IN",US,US,69.76744186046511,57.971014492753625,False,False,1. spelling corruption
S1-960487279,S2-661122813,S2,Guru Technologies (India) Private Limited,GURUTECHNOLOGIESINDIA.COM,"C/O Tejendra K. Gangwar, Amrita Khas Pilibheet, Bisalpur, Pilibhit, Uttar Pradesh","Uttar Pradesh, C/O TEJENDRA K. GANGWAR, AMRITA KHAS PILIBHEET, BISALPUR",IN,IN,71.875,74.12587412587412,False,False,1. spelling corruption
S1-191985182,S3-252619154,S3,Blue Infrastructure Limited,Blue Lnfrastructure Limited,"S/O Sh. Ranveer Singh Vill. & Post-Ghunna, Behat Road, Saharnpur, Saharanpur, Uttar Pradesh","S/o Sh. Ranveer Singh Vill. & Post-ghunna, Saharnpur, Saharanpur, UP",IN,IN,96.2962962962963,85.52631578947368,False,False,9. address variation
S1-748576106,S2-618973081,S2,Regional Commercial Advisors Inc,Regional Commercial Adveiers Inc,"8094 Whitebirch Drive, Breezy Point, MN","MN, 8094 WHITEBIRCH DR, PEQUOT LAKES",US,US,93.75,64.7887323943662,False,False,9. address variation
S1-748576106,S3-162573252,S3,Regional Commercial Advisors Inc,Regional Commercial,"8094 Whitebirch Drive, Breezy Point, MN","Whitebirch Dr, Breezy Point, Minnesota",US,US,74.50980392156863,79.45205479452055,False,False,1. spelling corruption
S1-961203805,S2-3542889,S2,Heart Network,Heart Nétwork,"1339 Loving Road, Louisa County, VA","LOVING ROAD, GORDONSVILLE CITY, VA",US,US,92.3076923076923,64.61538461538461,False,False,10. cross-script
S1-719565764,S2-70544862,S2,Department of Veterans Affairs,DEPARTMENT OF  AFFAIRS SERVICE,"5805 Jomali Drive, Durham, NC",,US,US,71.1864406779661,0.0,False,False,6. missing address
S1-436517635,S3-671335630,S3,Jalgaon Clinic Ltd,Jalgaon Clglnfric Ltd,"105 Swami Complex 1 Murai Mohalla Chhawni, Indore, Madhya Pradesh","Indore, MP, H.no 105 Swami Complex 1 Murai Mohalla Chhawni",IN,IN,87.17948717948718,68.90756302521008,False,False,1. spelling corruption
S1-35296676,S3-390517409,S3,Physical Therapy Care LLC,Physical Therapy Cber LLC LLC,"902 Apache Avenue, Town Of Rome, WI","917 Apache Ave, PO Box 7041, Town Of Rome, Wisconsin",US,US,85.18518518518519,68.29268292682926,False,False,1. spelling corruption
S1-35296676,S3-425948983,S3,Physical Therapy Care LLC,Physical Therapy LLC Center Enterprises,"902 Apache Avenue, Town Of Rome, WI",,US,US,62.5,0.0,False,False,6. missing address
S1-816029139,S2-31677335,S2,Vinayak & Co,Vinayak & Có,"Plot No- Ma 32 Badagada Brit Colony, Bhubaneswar, Khordha, Orissa","PLOT NO- MA 32 BADAGADA BRIT COLONY, BHUBANESWAR, Orissa",IN,IN,92.85714285714286,92.98245614035088,False,False,10. cross-script
S1-583752198,S2-36502518,S2,Global Foods,ग्लोबल फूड्स,"J1006, Wembley Estate, Eros Rosewood City, Near Macdonald, Sector 49, Gurgaon, Haryana","GURGAON, Haryana, #21 J1006",IN,IN,8.333333333333337,28.846153846153843,False,False,10. cross-script
S1-583752198,S3-137904495,S3,Global Foods,ग्लोबल फूड्स,"J1006, Wembley Estate, Eros Rosewood City, Near Macdonald, Sector 49, Gurgaon, Haryana","J1006, Gurgaon, HR",IN,IN,8.333333333333337,33.333333333333336,False,False,10. cross-script
S1-583752198,S3-822149510,S3,Global Foods,ग्लोबल फूड्स,"J1006, Wembley Estate, Eros Rosewood City, Near Macdonald, Sector 49, Gurgaon, Haryana","J1006, Wembley Estate, Eros Rosewood City, Near Macdonald, Sector 49, Gurgaon, HR",IN,IN,8.333333333333337,96.7741935483871,False,False,10. cross-script
S1-583752198,S3-558109295,S3,Global Foods,ग्लोबल फूड्स,"J1006, Wembley Estate, Eros Rosewood City, Near Macdonald, Sector 49, Gurgaon, Haryana","J1006, Wembley Estate, Eros Rosewood City, Near Macdonald, Sector 49, Gurgaon, हरियाणा",IN,IN,8.333333333333337,91.25,False,False,10. cross-script
S1-616481375,S2-28233399,S2,Martin Mountain Term Corp,MARTIN MOUNTAIN  TERM | www.martinmou.com,"Burlington, 5585 Chip Shot Drive, IA","5585 CHIP SHOT DR, BURLINGTOON, IA",US,US,73.01587301587303,63.63636363636363,False,False,1. spelling corruption
S1-736451240,S2-260666492,S2,Samruddhi Mutual Limited,samruddhimutual.com,"Moh- Sarai Rafi Dhanaura Road Ps Chandpur, Bijnor, Bijnore, Uttar Pradesh","H.NO 961 MOH- SRAI RAFI DHANAURA ROAD PS CHANDPUR, BIJNOR, BIJNOR, Uttar Pradesh",IN,IN,79.06976744186046,92.41379310344827,False,False,1. spelling corruption
S1-514177496,S3-797756562,S3,Goel Technologies Clinic,M/s Nylaquo,"Karnataka, Bangalore, 21, 2Nd Cross, Nilgiris Rd, Kacharakanahalli, Bangalore North","Bolck F-640 21, Bengaluru Urban, KA",IN,IN,22.857142857142854,27.27272727272727,False,False,11. other
S1-509683730,S2-860791471,S2,Red Projects Private Limited,రెడ్ ప్రాజెక్ట్స్ ప్రైవేట్ లిమిటెడ్,"116-2-124, Dwaraka Nagar Gadala, Rajahmundry, East Godavari, Andhra Pradesh","16-2-124, DWARAKA NAGAR GADALA, EAST GODAVARI, Andhra Pradesh",IN,IN,9.523809523809524,89.92248062015504,False,False,10. cross-script
S1-509683730,S3-731581566,S3,Red Projects Private Limited,రెడ్ ప్రాజెక్ట్స్ ప్రైవేట్ లిమిటెడ్,"116-2-124, Dwaraka Nagar Gadala, Rajahmundry, East Godavari, Andhra Pradesh","116-2-124, Rajahmundry, AP",IN,IN,9.523809523809524,50.526315789473685,False,True,10. cross-script
S1-509683730,S3-109298167,S3,Red Projects Private Limited,రెడ్ ప్రాజెక్ట్స్ ప్రైవేట్ లిమిటెడ్,"116-2-124, Dwaraka Nagar Gadala, Rajahmundry, East Godavari, Andhra Pradesh","116-2-124, ఆంధ్రప్రదేశ్, Rajahmundry, Dwaraka Nagar Gadala",IN,IN,9.523809523809524,52.38095238095239,False,True,10. cross-script
S1-509683730,S3-683183236,S3,Red Projects Private Limited,Red Projects Private Límited,"116-2-124, Dwaraka Nagar Gadala, Rajahmundry, East Godavari, Andhra Pradesh","ఆంధ్రప్రదేశ్, 116-2-124, Rajahmundry",IN,IN,96.42857142857143,40.0,False,False,10. cross-script
S1-184377685,S3-223244366,S3,Apex Patriot Inc,Apex Patriot,"495 Middlesex Road, Darien, CT","Connecticut, 495 Middlesex Road, Darien",US,US,85.71428571428572,76.92307692307692,False,False,1. spelling corruption
S1-429821577,S3-234790008,S3,Rojo Dbdr,Arcaviecto,"287 Blacks Road, Middlefield, NY","287 Blcaks Rd, Cooperstown, New York",US,US,21.052631578947366,53.125,False,True,9. address variation
S1-740249593,S3-348439728,S3,Prime Prairie Ameren,Prime-Prairie,"8618 Plank Road, Norwood, NC","Norwodo CDP, 8618-8620 Plank Rd, North Carolina",US,US,78.78787878787878,53.52112676056338,False,False,1. spelling corruption
S1-873846808,S2-435174751,S2,Board of Finance,Board of Fínance,"6519 Tammarack Lane, Peoria, IL","651 TAMMARACK LANE, PEORIA, IL",US,US,93.75,98.24561403508771,False,False,10. cross-script
S1-179650831,S3-677472776,S3,Cornerstone Snow Inc,Cornerstone Inc Services Enterprises,"6607 Brooks Road, Mcneal, AZ",,US,US,57.14285714285714,0.0,False,False,6. missing address
S1-375438010,S3-932978005,S3,Swastik Finance Private Limited,Private 5wastik Finance Límited,"Va-11, Grd Floor, Tata Primanti, Sector-72, Badshahpur, Gurgaon, Haryana","Va-11, Grd Floor, Tata Primanti, Sector-72, Gurgaon, Badshahpur, HR",IN,IN,67.74193548387098,83.46456692913385,False,False,10. cross-script
S1-375438010,S2-847796240,S2,Swastik Finance Private Limited,स्वस्तिक फाइनेंस प्राइवेट लिमिटेड,"Va-11, Grd Floor, Tata Primanti, Sector-72, Badshahpur, Gurgaon, Haryana","हरियाणा, BADSHAHPUR, VA-11",IN,IN,9.375,31.11111111111111,False,False,10. cross-script
S1-375438010,S2-263569933,S2,Swastik Finance Private Limited,स्वस्तिक फाइनेंस प्राइवेट लिमिटेड,"Va-11, Grd Floor, Tata Primanti, Sector-72, Badshahpur, Gurgaon, Haryana","813. VA-11, GURGAON, हरियाणा",IN,IN,9.375,30.76923076923077,False,False,10. cross-script
S1-999372470,S3-99815151,S3,Ridge Midwest Championsgate LP,-- Ridge-Midwest Chapmosgafe LP,"3148 Marquette Road, Chicago, IL","Chicago Township, Illinois, 3148 Marquette Road",US,US,89.65517241379311,50.66666666666666,False,False,1. spelling corruption
S1-905307683,S2-896635348,S2,Desert Cable Co,Desert Cche Co,"Plot No 20, D-Iii Midc, Chinchwad., Pune, Maharashtra","DNOR NO 20 , D-III MIDC, CHINCHWAD., Maharashtra",IN,IN,82.75862068965517,87.91208791208791,False,False,1. spelling corruption
S1-5266274,S2-517716581,S2,Grand Starling Inc,GRAND STRDARLIGN INC,"1074 New Walter's Mill Road, Providence, NC","PROVIDENCE, NC, 1074 NEW WALTER'S MILL RD",US,US,89.47368421052632,62.5,False,False,1. spelling corruption
S1-25097028,S3-43295501,S3,"Vision Physicians, Inc","Inc Vision Pysicians,","1177 Benjamin Avenue, Hutchinson, MN","Hutchinson, 1177 Benjamin Avenue, null, Minnesota",US,US,78.04878048780488,65.0,False,False,1. spelling corruption
S1-779047256,S3-598543131,S3,Future Technology LLP,फ्यूचर टेक्नोलॉजी एलएलपी,"Shop No.24, Sm Visionplot No.166, Sector9 Panvel, Ulwe, Navi Mumbai, Raigarh, Maharashtra","No 24, Sm Visionplot No.166, Sector9 Panvel, Ulwe, Navi Mumbai, Raigarh, MH",IN,IN,8.888888888888891,90.78947368421053,False,False,10. cross-script
S1-779047256,S3-90990134,S3,Future Technology LLP,फ्यूचर टेक्नोलॉजी एलएलपी,"Shop No.24, Sm Visionplot No.166, Sector9 Panvel, Ulwe, Navi Mumbai, Raigarh, Maharashtra","MH, Sm Visionplot No.166, Sector9 Panvel, Ulwe, Navi Mumbai, Raigarh, #24",IN,IN,8.888888888888891,84.56375838926175,False,False,10. cross-script
S1-779047256,S3-222785730,S3,Future Technology LLP,Future LLP  Services,"Shop No.24, Sm Visionplot No.166, Sector9 Panvel, Ulwe, Navi Mumbai, Raigarh, Maharashtra","Shop No.24, Raigarh, MH",IN,IN,50.0,40.38461538461539,False,False,3. transliteration
S1-779047256,S2-212768485,S2,Future Technology LLP,फ्यूचर टेक्नोलॉजी एलएलपी,"Shop No.24, Sm Visionplot No.166, Sector9 Panvel, Ulwe, Navi Mumbai, Raigarh, Maharashtra","SHOP NO.24, RAIGARH, महाराष्ट्र",IN,IN,8.888888888888891,33.92857142857143,False,False,10. cross-script
S1-779047256,S2-104492755,S2,Future Technology LLP,फ्यूचर टेक्नोलॉजी एलएलपी,"Shop No.24, Sm Visionplot No.166, Sector9 Panvel, Ulwe, Navi Mumbai, Raigarh, Maharashtra","#24, SM VISIONPLOT NO.166, SECTOR9 PANVEL, ULWE, NAVI MUMBAI, RAIGARH, Maharashtra",IN,IN,8.888888888888891,94.9367088607595,False,False,10. cross-script
S1-747507244,S2-760342392,S2,"Regional Automation Technologies, Inc","REGIONAL AMUTEODOMTAIN TECHNOLOGIES, [INC]","14 Rock Avenue, Rouses Point, NY","14A ROCK AVE, ROUSES POINT, NY",US,US,90.66666666666666,93.10344827586206,False,False,9. address variation
S1-747507244,S3-967180341,S3,"Regional Automation Technologies, Inc","Regional Áutomation Téchnologies, Inc","14 Rock Avenue, Rouses Point, NY","Rouses Point, 14 Rock Ave, New York",US,US,94.44444444444444,47.61904761904761,False,False,10. cross-script
S1-748849609,S3-647012164,S3,Cascade Network LLC,Cascade LLC Service,"24 Harrow Street, Unit 2, Boston, MA","##24 Harrow Street, Unit 2, Boston, Massachusetts",US,US,57.89473684210527,85.71428571428572,False,False,9. address variation
S1-319482019,S2-869331877,S2,Supreme Enterprises Pvt Ltd,SUPREME ÉNTERPRISES PVT-LIMITED,"Kerala, 21/349-39 West Fort Junction Trissur Taluk, Thrissur","21/349-39 WEST FORT JUNCTION TRISSUR TALUK, THRISSUR, Kerala",IN,IN,89.65517241379311,87.93103448275862,False,False,10. cross-script
S1-319482019,S2-564666345,S2,Supreme Enterprises Pvt Ltd,സുപ്രീം എന്റർപ്രൈസസ് പ്രൈവറ്റ് ലിമിറ്റഡ്,"Kerala, 21/349-39 West Fort Junction Trissur Taluk, Thrissur","NO 21/349-39 WEST FORT JUNCTION TRISSUR TALUK, THRISSUR, Kerala",IN,IN,8.955223880597018,87.39495798319328,False,False,10. cross-script
S1-319482019,S3-745565364,S3,Supreme Enterprises Pvt Ltd,Mr Supreme Enterprises Pvt [Ltd.],"Kerala, 21/349-39 West Fort Junction Trissur Taluk, Thrissur","Thrissur, Keralam, Thrissur, 21/349-39 West Fort Junction Trissur Taluk",IN,IN,94.73684210526316,77.77777777777779,False,False,9. address variation
S1-757208756,S3-917992763,S3,National Transport Inc,National Inc Services,"444 Glen Street, Unit Suite 4, Glens Falls, NY","Glen Street, Unit Suite 4, Glens Falls, New York",US,US,65.11627906976744,88.63636363636364,False,False,1. spelling corruption
S1-757208756,S2-153661094,S2,National Transport Inc,>> NATIONAL TDRANSPORT INC,"444 Glen Street, Unit Suite 4, Glens Falls, NY","GLEN STREET, GLENS FALLS, NY",US,US,97.77777777777777,75.36231884057972,False,False,9. address variation
S1-106287662,S3-385449151,S3,Electricians Local Union 345,Electricians  Local Union,"2650 96th Street, Inver Grove Heights, MN",,US,US,92.3076923076923,0.0,False,False,6. missing address
S1-966808109,S2-725361633,S2,Kris's Innovative Tax,krissinnovative.com,"IA, Shenandoah, 48 Keith Drive","Keith Drive, SHENANDOAH, IA",US,US,80.0,52.83018867924528,False,False,1. spelling corruption
S1-993120564,S3-648901382,S3,Pinnacle Materials Innovations,pinnaclematerialsinnovations.com,"102 Main Street, Unit Trailer 27, Mohawk, NY","102 Main St, Unit Trailer 27, Mohawk, New York",US,US,90.32258064516128,88.09523809523809,False,True,9. address variation
S1-172337225,S3-737712423,S3,Digital Infrastructure Private Limited,Cal0kor,"C/O Yernagula Kalyan, Y Laxman Rao, Kashinagar, Gajapati, Orissa","C/o Yernagula Kalyan, Gajapati, OD, Y Laxman Rao, Kashinagar",IN,IN,13.33333333333333,75.86206896551724,False,False,9. address variation
S1-172337225,S2-468993893,S2,Digital Infrastructure Private Limited,Digital Infrarstrccture Private Limited,"C/O Yernagula Kalyan, Y Laxman Rao, Kashinagar, Gajapati, Orissa",,IN,IN,96.1038961038961,0.0,False,False,6. missing address
S1-177391937,S3-751791800,S3,Cascade Supreme Voya Inc,CASCADE SUPREME VOYA INC (ID: 95979),"273 Rue Reece, Houma, LA","Bayou Cane, Louisiana, 273 Rue Reece",US,US,84.21052631578947,46.42857142857143,False,False,1. spelling corruption
S1-177391937,S3-887173097,S3,Cascade Supreme Voya Inc,Cascade Supreme Voya,"273 Rue Reece, Houma, LA","Houma, Louisiana, 273 Rue Reece",US,US,90.9090909090909,50.98039215686274,False,False,9. address variation
S1-177391937,S3-677682803,S3,Cascade Supreme Voya Inc,Cascade Supreme Voya,"273 Rue Reece, Houma, LA","Bayou Cane, 273 Rue Reece, Louisiana",US,US,90.9090909090909,64.28571428571428,False,False,9. address variation
S1-315435753,S3-637238363,S3,Solus Ocean Inc,Inc Solu Ócean,"3201 Coquina Lane, Charlotte, NC","03201 Coquina Lane, Charlotte, North Carolina",US,US,62.06896551724138,82.1917808219178,False,False,10. cross-script
S1-695039386,S3-429323026,S3,North Projects,North Phdjetcs,"Block-C West Wing 1209-10, Stratum Venus Ground, Ahmadabad City, Ahmedabad, Gujarat",,IN,IN,78.57142857142857,0.0,False,False,6. missing address
S1-990160858,S2-683359594,S2,Urban Hair Studio,URBAN HAIR STUDIO LP,"2704 Madison Street, Wilmington, DE","WILMINGTON, 2704-2706 MADISON STREET, DE",US,US,91.89189189189189,61.9718309859155,False,False,9. address variation
S1-990160858,S3-159218595,S3,Urban Hair Studio,Urban Hthor Studio,"2704 Madison Street, Wilmington, DE","Delaware, 2704 Madison Street, Wilmington",US,US,85.71428571428572,83.33333333333334,False,False,1. spelling corruption
S1-687768015,S2-834617777,S2,Faridabad Estates Ltd,Faridabad Estates,"Plot No. 7, Site No. 2, 14/3, Mathura Road, Faridabad, Haryana","##7 , SITE NO. 2, 14/3, MATHURA ROAD, FARIDABAD, Haryana",IN,IN,89.47368421052632,92.15686274509804,False,False,1. spelling corruption
S1-687768015,S3-32559328,S3,Faridabad Estates Ltd,Faridabad Estates,"Plot No. 7, Site No. 2, 14/3, Mathura Road, Faridabad, Haryana","Plot No. 7, Site No. 2, 14/3, Mathura Road, Faridabad, HR",IN,IN,89.47368421052632,95.23809523809523,False,False,1. spelling corruption
S1-687768015,S2-252292556,S2,Faridabad Estates Ltd,Faridabad Estate Ltd,"Plot No. 7, Site No. 2, 14/3, Mathura Road, Faridabad, Haryana","H.NO ##7 , SITE NO. 2, 14/3, MATHURA ROAD, FARIDABAD, Haryana",IN,IN,97.5609756097561,95.32710280373831,False,False,9. address variation
S1-687768015,S3-474947847,S3,Faridabad Estates Ltd,Faridabad Estates #42999,"Plot No. 7, Site No. 2, 14/3, Mathura Road, Faridabad, Haryana","H.no 7, Faridabad, Site No. 2, 14/3, Mathura Road, Faridabad, HR",IN,IN,81.81818181818181,82.14285714285714,False,False,1. spelling corruption
S1-898192470,S3-849410866,S3,Sky Hospitality Private Limited,ಸ್ಕೈ ಹಾಸ್ಪಿಟಾಲಿಟಿ ಪ್ರೈವೇಟ್ ಲಿಮಿಟೆಡ್,"Cmc No 8-11-39/23 S.B.H, Colony Near K.E.B Office, Bidar, Karnataka","Bidar, Cmc No 8-11-39/23/3 S.b.h, KA",IN,IN,9.090909090909093,53.06122448979591,False,False,10. cross-script
S1-574428764,S3-122856550,S3,Davis Rush LLC,Davis Rúsh,"735 Park Street, Middleport, OH","00735 Park St, Middleport, Ohio",US,US,75.0,86.20689655172413,False,False,10. cross-script
S1-880171940,S2-383335487,S2,Jain Products Private Limited,जैन प्रोडक्ट्स प्राइवेट लिमिटेड,"114-26-3, Taranpur Road Mavai Khurd 2 Mughalsarai, Varanasi, Uttar Pradesh","00114-26-3, TARANPUR ROAD MAVAI KHURD 2 MUGHALSARAI, Uttar Pradesh, VARANASI",IN,IN,9.999999999999998,86.11111111111111,False,False,10. cross-script
S1-630554723,S3-957835464,S3,"Edwards, Cruz & Castro LLC","Edwards, Cruz + [Castro]","813 2nd Street, City Of Kiel, WI","81 2nd St, City Of Kiel, Wisconsin",US,US,82.6086956521739,80.64516129032258,False,False,1. spelling corruption
S1-908803532,S3-219412385,S3,Royal Road,r0yalroad.com,"B1/315, Yamuna Vihar, Delhi, East Delhi, Delhi","B1/315, Yamuna Vihar, Delhi, East Delhi, DL",IN,IN,69.56521739130434,96.2962962962963,False,False,1. spelling corruption
S1-908803532,S2-531601487,S2,Royal Road,Dr Royal Services,"B1/315, Yamuna Vihar, Delhi, East Delhi, Delhi",,IN,IN,51.85185185185186,0.0,False,False,6. missing address
S1-908803532,S2-605845190,S2,Royal Road,Royal Róad,"B1/315, Yamuna Vihar, Delhi, East Delhi, Delhi","B1/315, YAMUNA VIHAR, DELHI, Delhi",IN,IN,90.0,84.93150684931507,False,False,10. cross-script
S1-908803532,S3-575166603,S3,Royal Road,Royal Service,"B1/315, Yamuna Vihar, Delhi, East Delhi, Delhi","B1/315, East Delhi, Delhi, DL",IN,IN,60.86956521739131,67.64705882352942,False,False,1. spelling corruption
S1-720511529,S3-90785537,S3,Saint Community Church,Saint Community Church Córporation,"IL, 1251 Lauren Drive, Sandwich","Lauren Dr, Sandwich Township, Illinois",US,US,78.57142857142857,55.38461538461539,False,False,10. cross-script
S1-720511529,S3-300622751,S3,Saint Community Church,Saint Community [Chrgdh],"IL, 1251 Lauren Drive, Sandwich","1251 Lauren Dr, Sandwich Township, Illinois",US,US,90.9090909090909,65.71428571428571,False,False,9. address variation
S1-720511529,S2-365834192,S2,Saint Community Church,saintcommunitychurch.com,"IL, 1251 Lauren Drive, Sandwich","1251 LAUREN DRIVE, SANDWCIH, IL",US,US,86.95652173913044,86.20689655172413,False,False,1. spelling corruption
S1-454513107,S3-536178989,S3,Summit Partners LLC,Summit Pártners LLC,"1203 David A Barry Drive, Shorewood, IL",,US,US,94.73684210526316,0.0,False,False,6. missing address
S1-890386288,S2-644696923,S2,Sky Bank Company,Sky Bank,"Plot No 147, Juneja Colony, Near Gopal Nagar, Tibba Road, Ludhiana, Punjab","ਪੰਜਾਬ, PLOT NO 147, JUNEJA COLONY, NEAR GOPAL NAGAR, TIBBA ROAD, LUDHIANA",IN,IN,66.66666666666667,90.51094890510949,False,False,1. spelling corruption
S1-333449389,S2-570725952,S2,Best Food Private Limited,बेस्ट फूड प्राइवेट लिमिटेड,"707, Maharashtra, Level 6 & 7, Maker, Maxity No. 4 North Avenue, Mumbai","POLT 110 707, MUMBAI, महाराष्ट्र",IN,IN,11.764705882352944,22.680412371134018,False,False,10. cross-script
S1-333449389,S2-135340534,S2,Best Food Private Limited,bestfood.com,"707, Maharashtra, Level 6 & 7, Maker, Maxity No. 4 North Avenue, Mumbai","PLOT 110 707, LEVEL 6 & 7, MAKER, MAXITY NO. 4 NORTH AVENUE, MUMBAI, महाराष्ट्र",IN,IN,54.054054054054056,77.46478873239437,False,False,9. address variation
S1-333449389,S2-306494617,S2,Best Food Private Limited,बेस्ट फूड प्राइवेट लिमिटेड,"707, Maharashtra, Level 6 & 7, Maker, Maxity No. 4 North Avenue, Mumbai","PLOT 110 707, LEVEL 6 & 7, MAKER, MAXITY NO. 4 NORTH AVENUE, MUMBAI, Maharashtra",IN,IN,11.764705882352944,76.92307692307692,False,False,10. cross-script
S1-90409071,S3-658247295,S3,Seven Exports Private Limited,സെവൻ എക്സ്പോർട്സ് പ്രൈവറ്റ് ലിമിറ്റഡ്,"6B, Heera Palace Kowdiar, Thiruvananthapuram, Thiruvananthapuram, Trivandrum, Kerala","##6B, KL, Thiruvananthapuram, Heera Palace Kowdiar, Thiruvananthapuram",IN,IN,9.090909090909093,58.74125874125874,False,False,10. cross-script
S1-90409071,S3-678272003,S3,Seven Exports Private Limited,സെവൻ എക്സ്പോർട്സ് പ്രൈവറ്റ് ലിമിറ്റഡ്,"6B, Heera Palace Kowdiar, Thiruvananthapuram, Thiruvananthapuram, Trivandrum, Kerala","##6B, Heera Palace Kowdiar, Thiruvananthapuram, Trivandrum, KL",IN,IN,9.090909090909093,82.96296296296296,False,False,10. cross-script
S1-90409071,S3-938821412,S3,Seven Exports Private Limited,സെവൻ എക്സ്പോർട്സ് പ്രൈവറ്റ് ലിമിറ്റഡ്,"6B, Heera Palace Kowdiar, Thiruvananthapuram, Thiruvananthapuram, Trivandrum, Kerala","##6B, Heera Palace Kowdiar, Thiruvananthapuram, Trivandrum, KL",IN,IN,9.090909090909093,82.96296296296296,False,False,10. cross-script
S1-10584126,S2-141472821,S2,Ss Engineering Private Limited,एसएस इंजीनियरिंग प्राइवेट लिमिटेड,"B-61, Basement Kalkaji, New Delhi, Delhi","B-61, BASEMENT KALKAJI, NEW DELHI, दिल्ली",IN,IN,9.523809523809524,85.33333333333333,False,False,10. cross-script
S1-10584126,S2-723177330,S2,Ss Engineering Private Limited,एसएस इंजीनियरिंग प्राइवेट लिमिटेड,"B-61, Basement Kalkaji, New Delhi, Delhi","दिल्ली, NEW DELHI, B-61, BASEMENT KALKAJI",IN,IN,9.523809523809524,56.00000000000001,False,False,10. cross-script
S1-10584126,S2-734688593,S2,Ss Engineering Private Limited,एसएस इंजीनियरिंग प्राइवेट लिमिटेड,"B-61, Basement Kalkaji, New Delhi, Delhi","B-61, BASEMENT KALKAJI, NEW DELHI, दिल्ली",IN,IN,9.523809523809524,85.33333333333333,False,False,10. cross-script
S1-375287305,S2-326940121,S2,"Basia B. Fox, Ph.D.",basiabfox.com,"29 Berry Lane, Murphy, NC","#29 BERRY LN, MURPHY, NC",US,US,68.96551724137932,95.45454545454545,False,False,1. spelling corruption
S1-130237515,S2-166534266,S2,Good Consultants Limited,Smt >> Good Consultants,"No.2/2, Jyoti Enclave, Azad Nagar, Gangwa Road, Hisar, Haryana","NO.2/2, HISAR, KAPRO, Haryana",IN,IN,72.72727272727273,53.012048192771076,False,False,1. spelling corruption
S1-130237515,S3-700414556,S3,Good Consultants Limited,गुड कंसल्टेंट्स लिमिटेड,"No.2/2, Jyoti Enclave, Azad Nagar, Gangwa Road, Hisar, Haryana","No.2/2, Haryana, Hisar, हरियाणा",IN,IN,8.510638297872342,44.705882352941174,False,False,10. cross-script
S1-130237515,S2-908211077,S2,Good Consultants Limited,GOOD CONSULTANTS LÍMITED,"No.2/2, Jyoti Enclave, Azad Nagar, Gangwa Road, Hisar, Haryana","NO.2/2, JYOTI ENCLAVE, AZAD NAGAR, GANGWA ROAD, HISAR, हरियाणा",IN,IN,95.83333333333334,87.71929824561404,False,False,10. cross-script
S1-117258612,S2-946168402,S2,Creative Services Private Limited,क्रिएटिव सर्विसेज प्राइवेट लिमिटेड,"1702, 17Th Flr, Crescenzo, Bld, Bandra Kurla Complex, Mumbai, Maharashtra","702, <NULL>, MUMBAI, Maharashtra",IN,IN,8.955223880597018,57.446808510638306,False,False,10. cross-script
S1-117258612,S2-861215671,S2,Creative Services Private Limited,CREATIVE 5ERVICES [PRIVATE],"1702, 17Th Flr, Crescenzo, Bld, Bandra Kurla Complex, Mumbai, Maharashtra","702, 17TH FLR, CRESCENZO, BLD, BANDRA KURLA COMPLEX, MUMBAI, <NULL>, Maharashtra",IN,IN,82.75862068965517,95.65217391304348,False,False,1. spelling corruption
S1-117258612,S2-854657323,S2,Creative Services Private Limited,Creative Private Limited Partners,"1702, 17Th Flr, Crescenzo, Bld, Bandra Kurla Complex, Mumbai, Maharashtra","702, 17TH FLR, CRESCENZO, BLD, BANDRA KURLA COMPLEX, MUMBAI, <NULL>, Maharashtra",IN,IN,72.72727272727273,95.65217391304348,False,False,1. spelling corruption
S1-117258612,S3-921582013,S3,Creative Services Private Limited,क्रिएटिव सर्विसेज प्राइवेट लिमिटेड,"1702, 17Th Flr, Crescenzo, Bld, Bandra Kurla Complex, Mumbai, Maharashtra","1702, 17Th Flr, Crescenzo, Bld, Bandra Kurla Complex, Mumbai, महाराष्ट्र",IN,IN,8.955223880597018,84.21052631578947,False,True,10. cross-script
S1-117258612,S2-340291590,S2,Creative Services Private Limited,क्रिएटिव सर्विसेज प्राइवेट लिमिटेड,"1702, 17Th Flr, Crescenzo, Bld, Bandra Kurla Complex, Mumbai, Maharashtra","702, <NULL>, MUMBAI, Maharashtra",IN,IN,8.955223880597018,57.446808510638306,False,False,10. cross-script
S1-117258612,S3-678442314,S3,Creative Services Private Limited,Creative Services Private,"1702, 17Th Flr, Crescenzo, Bld, Bandra Kurla Complex, Mumbai, Maharashtra","Mumbai, 17Th Flr, Crescenzo, Bld, Bandra Kurla Complex, 1702, MH, Mumbai",IN,IN,86.20689655172413,77.27272727272727,False,False,1. spelling corruption
S1-260902783,S3-312568582,S3,Chiropractic Group,Chiropractic Group Authority,"1844 Broadway Avenue, Moses Lake, WA","Broadway Avenue, Moses Lake, Washington",US,US,78.26086956521739,81.69014084507043,False,False,1. spelling corruption
S1-260902783,S2-454350245,S2,Chiropractic Group,Chiropractic Group - (5935815869),"1844 Broadway Avenue, Moses Lake, WA","1844 BROADWAY AVE, MSOES LAKE, WA",US,US,76.59574468085107,92.3076923076923,False,True,1. spelling corruption
S1-193244587,S2-425161037,S2,Eye Clinic Inc,eyeclinic.com,"54 Orchard Meadows Drive, Collins, NY","ORCHARD MEADOWS DRIVE, COLLINS, NY",US,US,81.4814814814815,95.52238805970148,False,False,1. spelling corruption
S1-925786955,S3-290853888,S3,Unique Hospitality Private Limited,यूनिक हॉस्पिटैलिटी प्राइवेट लिमिटेड,"Ram Laxman Santosh Nagar Gkp, Gorakhpur, Uttar Pradesh","Ram Laxman Santosh Nagar Gkp, Gorakhpur, N/A, UP",IN,IN,8.695652173913048,86.5979381443299,False,False,10. cross-script
S1-925786955,S3-656428311,S3,Unique Hospitality Private Limited,यूनिक हॉस्पिटैलिटी प्राइवेट लिमिटेड,"Ram Laxman Santosh Nagar Gkp, Gorakhpur, Uttar Pradesh","Ram Laxman Santosh Nagar Gkp, Gorakhpur, N/A, UP",IN,IN,8.695652173913048,86.5979381443299,False,False,10. cross-script
S1-925786955,S2-350613850,S2,Unique Hospitality Private Limited,यूनिक हॉस्पिटैलिटी प्राइवेट लिमिटेड,"Ram Laxman Santosh Nagar Gkp, Gorakhpur, Uttar Pradesh","Uttar Pradesh, GORAKHPUR, PLOT 401 RAM LAXMAN SANTOSH NAGAR GKP",IN,IN,8.695652173913048,49.557522123893804,False,False,10. cross-script
S1-925786955,S3-350675196,S3,Unique Hospitality Private Limited,यूनिक हॉस्पिटैलिटी प्राइवेट लिमिटेड,"Ram Laxman Santosh Nagar Gkp, Gorakhpur, Uttar Pradesh","Ram Laxman Santosh Nagar Gkp, N/A, उत्तर प्रदेश, Gorakhpur",IN,IN,8.695652173913048,71.02803738317758,False,False,10. cross-script
S1-925786955,S2-147249358,S2,Unique Hospitality Private Limited,यूनिक हॉस्पिटैलिटी प्राइवेट लिमिटेड,"Ram Laxman Santosh Nagar Gkp, Gorakhpur, Uttar Pradesh","PLOT 401 RAM LAXMAN SANTOSH NAGAR GKP, GORAKHPUR, Uttar Pradesh",IN,IN,8.695652173913048,92.03539823008849,False,False,10. cross-script
S1-127334339,S2-537566436,S2,Gujarat Constructions,गुजरात कंस्ट्रक्शंस,"Gautam Buddha Nagar, Tower B, Bhutani Alphathm, Sec-90, Noida, Unit No 925, Uttar Pradesh","UNIT NO 925, NOIDA, GAUTAM BUDDHA NAGAR, Uttar Pradesh",IN,IN,5.000000000000004,49.25373134328358,False,False,10. cross-script
S1-535793806,S2-765341401,S2,All Wells LLC,All Wélls LLC,"2619 Anthony Hay Lane, Katy, TX","#2619 ANTHONY HAY LN, KATY, TX",US,US,92.3076923076923,96.42857142857143,False,False,10. cross-script
S1-734200797,S3-231702577,S3,Wheeler's Fitness,Wheeler's Center,"11434 Presidio Drive, Indianapolis, IN","1434 Presidio Dr, Indianapolis, Indiana",US,US,72.72727272727273,87.67123287671232,False,False,1. spelling corruption
S1-734200797,S3-291065049,S3,Wheeler's Fitness,Wheeler's Fstnse,"11434 Presidio Drive, Indianapolis, IN","1434 Presidio Drive, Indianapolis, Indiana",US,US,84.84848484848484,92.10526315789474,False,False,1. spelling corruption
S1-240965254,S3-312481584,S3,Kalpaka Shree Limited,Novizeta,"P. No. 1092, Ward No - 1, G/F, Mehrauli, New Delhi, South West Delhi, Delhi","P. No. 01092, Ward No - 1, G/f, Mehrauli, New Delhi, South West Delhi, DL",IN,IN,13.793103448275868,96.875,False,False,9. address variation
S1-240965254,S3-869087170,S3,Kalpaka Shree Limited,Sri Kshree.Com,"P. No. 1092, Ward No - 1, G/F, Mehrauli, New Delhi, South West Delhi, Delhi","P. No. 01092, Ward No - 1, G/f, Mehrauli, South West Delhi, New Delhi, दिल्ली",IN,IN,45.714285714285715,83.33333333333334,False,False,9. address variation
S1-240965254,S3-989695966,S3,Kalpaka Shree Limited,Quoavi,"P. No. 1092, Ward No - 1, G/F, Mehrauli, New Delhi, South West Delhi, Delhi","P. No. 01092, South West Delhi, New Delhi, DL",IN,IN,14.814814814814813,60.952380952380956,False,False,9. address variation
S1-227819479,S2-273456633,S2,Garcia's Cleaning Service,garciascleaningservice.com,"6308 Green Manor Dr, Louisville, KY","GREEN MANOR DR, LOUISVILLE, KY",US,US,86.27450980392157,91.80327868852459,False,False,1. spelling corruption
S1-799378916,S3-145171379,S3,Real Solutions,Dr Real Solutions Company,"614, Shashwat World, Rolex 80 Ft. Main Road, Rajkot, Gujarat","##614, Shashwat World, Rolex 80 Ft. Main Road, Rajkot, ગુજરાત",IN,IN,71.7948717948718,88.07339449541286,False,False,1. spelling corruption
S1-799378916,S3-909952493,S3,Real Solutions,રિયલ સોલ્યુશન્સ,"614, Shashwat World, Rolex 80 Ft. Main Road, Rajkot, Gujarat","Shashwat World, Rolex 80 Ft. Main Road, Rajkot, ##614, Rajkot, GJ",IN,IN,6.896551724137934,83.92857142857143,False,False,10. cross-script
S1-799378916,S2-453575428,S2,Real Solutions,રિયલ સોલ્યુશન્સ,"614, Shashwat World, Rolex 80 Ft. Main Road, Rajkot, Gujarat","0614, SHASHWAT WORLD, ROLEX 80 FT. MAIN ROAD, RAJKOT, Gujarat",IN,IN,6.896551724137934,99.09909909909909,False,False,10. cross-script
S1-268809249,S2-277953933,S2,Sharp Traders Private Limited,sharptraders.com,"15-283A, Punartham, Kallanam Thottam, Painkulam Post, Kanyakumari, Tamil Nadu","#15-283A, PUNARTHAM, KALLANAM THOTTAM, PAINKULAM POST, தமிழ்நாடு",IN,IN,62.22222222222222,76.33587786259541,False,False,1. spelling corruption
S1-555256486,S3-382050633,S3,Christ Chapel,Christ Céhla,"74 A Franklin Street, Tisbury, MA",,US,US,80.0,0.0,False,False,6. missing address
S1-687794443,S2-93244284,S2,Balaji Producer LLP,பாலாஜி புரொட்யூசர் எல்எல்பி,"39B2/2 Dnc Theatre Near, Tiruchengodu, Namakkal, Tamil Nadu","H.NO 39B2/2 DNC THEATRE NEAR, NAMAKKAL, TIRUCHENGODU, Tamil Nadu",IN,IN,8.695652173913048,80.34188034188034,False,False,10. cross-script
S1-687794443,S3-472105527,S3,Balaji Producer LLP,ba1aji producer llp,"39B2/2 Dnc Theatre Near, Tiruchengodu, Namakkal, Tamil Nadu","39B2/2 Dnc Theatre Near, Tiruchengodu, Namakkal, TN",IN,IN,94.73684210526316,92.3076923076923,False,False,9. address variation
S1-892917858,S2-503313157,S2,Firefighters Local 487,Firefighters Firefighters Local,"1805 Ave I, Unit 1805, Levelland, TX","TX, LEVELLAND, AVE I",US,US,67.9245283018868,47.05882352941176,False,False,1. spelling corruption
S1-642790704,S2-18573108,S2,Anand International,आनंद इंटरनेशनल,"Plot No. 72/4, 2 Nd Floor, Blk-B, Wazirpur Industrial Area, Delhi, North West Delhi, Delhi","PLOT NO. 72/4, 2 ND FLOOR, BLK-B, WAZIRPUR INDUSTRIAL AREA, NORTH WEST DELHI, Delhi",IN,IN,6.060606060606055,96.25,False,False,10. cross-script
S1-642790704,S3-583672608,S3,Anand International,Anand International Ltd,"Plot No. 72/4, 2 Nd Floor, Blk-B, Wazirpur Industrial Area, Delhi, North West Delhi, Delhi","Plot No. 72/4., North West Delhi, Delhi, दिल्ली",IN,IN,90.47619047619048,56.00000000000001,False,False,9. address variation
S1-815533411,S3-478514383,S3,Gujarat Consulting,गुजरात कंसल्टिंग,"Latur, Pragati Nagar, Maharashtra, At Post Sawe Wadi","MH, Latur, Pragati Nagar, Osmanabad",IN,IN,5.882352941176472,61.728395061728406,False,False,10. cross-script
S1-815533411,S2-186920318,S2,Gujarat Consulting,गुजरात कंसल्टिंग,"Latur, Pragati Nagar, Maharashtra, At Post Sawe Wadi","HN 400 PRAGATI NAGAR, AT POST SAWE WADI, LATUR, Maharashtra",IN,IN,5.882352941176472,60.952380952380956,False,False,10. cross-script
S1-49840811,S2-525795064,S2,Shram Trading Limited,5hram-Trading Límited,"Flat No A 501, John Rose Chs Ltd Silva Pakhadi Road, Andheri West, Mumbai, Mumbai City, Maharashtra","Maharashtra, MUMBAI, MUMBAI CITY, NO. 63 FLAT NO A 501, JOHN ROSE CHS LTD SILVA PAKHADI ROAD, ANDHERI WEST",IN,IN,90.47619047619048,64.94845360824742,False,False,10. cross-script
S1-318508124,S3-551171939,S3,Grand Consultancy Public Limited,Grand [Consultancy],"76-9-5, Revenue Ward 27, Vijayawada Municipal Corporation, Krishna, Andhra Pradesh","076-9-5, Krishna, AP",IN,IN,69.38775510204081,35.416666666666664,False,False,1. spelling corruption
S1-958615135,S2-268122488,S2,Quest Trading Pvt Ltd,QUEST  TRAIDNG PVT LTD,"New Delhi, Delhi, North West, Delhi, Plot No-58 Ssi G.T.Karnal Road",,IN,IN,95.23809523809523,0.0,False,False,6. missing address
S1-68461783,S3-670221118,S3,Galaxy Foundation Limited,गैलेक्सी फाउंडेशन लिमिटेड,"House No.3864, Plot No.24, Kh.No.102, Ground Floor Street No. Gali No.11, Kanhaiya Nagar Tr, I Nagar, Delhi, North West, Delhi","DL, Plot No.24, Kh.no.102, Ground Floor Street No. Gali No.11, Kanhaiya Nagar Tr, I Nagar, Tri Nagar, Delhi, House No.#3864",IN,IN,7.9999999999999964,80.0,False,False,10. cross-script
S1-68461783,S2-333467356,S2,Galaxy Foundation Limited,गैलेक्सी फाउंडेशन लिमिटेड,"House No.3864, Plot No.24, Kh.No.102, Ground Floor Street No. Gali No.11, Kanhaiya Nagar Tr, I Nagar, Delhi, North West, Delhi","HOUSE NO.3864/3, DELHI, NORTH WEST, Delhi",IN,IN,7.9999999999999964,47.74193548387097,False,False,10. cross-script
S1-68461783,S3-469376521,S3,Galaxy Foundation Limited,Galaxy फाउंडेशन लिमिटेड,"House No.3864, Plot No.24, Kh.No.102, Ground Floor Street No. Gali No.11, Kanhaiya Nagar Tr, I Nagar, Delhi, North West, Delhi","House No.#3864, Tri Nagar, Plot No.24, Kh.no.102, Ground Floor Street No. Gali No.11, Kanhaiya Nagar Tr, I Nagar, DL, Delhi",IN,IN,33.333333333333336,89.56521739130436,False,False,10. cross-script
S1-290915668,S2-6947808,S2,Back Alley Coffee,BACK ALLEY CÓFFEE,"528 St Alban's Way, Henrico County, VA","ST ALBAN'S WAY, HENRICO COUNTY, VA",US,US,94.11764705882352,94.11764705882352,False,False,10. cross-script
S1-744937617,S2-467177390,S2,Smart Mortgage Consultants Inc,Smart Mortgage Consultants,"IN, 6644 Georgetown Lane, Fort Wayne","6644 1/2 GEORGETOWN LN, ST JOSEPH, IN",US,US,92.85714285714286,63.76811594202898,False,False,9. address variation
S1-744937617,S2-944423349,S2,Smart Mortgage Consultants Inc,Smart Mortgage Cinosrltafts Inc,"IN, 6644 Georgetown Lane, Fort Wayne","SAINT JOSEPH, IN, 6644 1/2 GEORGETOWN LANE",US,US,88.52459016393442,62.16216216216216,False,False,1. spelling corruption
S1-14706684,S3-594192909,S3,Bright Ram Developers Private Limited,ब्राइट राम डेवलपर्स प्राइवेट लिमिटेड,"Groma House, Plot No. 14-C, Sector 19, Vashi, Office No B-502, Maharashtra, Thane, Navi Mumbai","Office No B-502, Navi Mumbai, Thane, MH",IN,IN,10.95890410958904,44.26229508196722,False,False,10. cross-script
S1-14829195,S2-114330845,S2,Shree Medical Centre Private Limited,SHREE MEDICAL CENTRE LIMITED SERVICE,"G.I.D.C. Industrial Estate Nandeshari, Vadodara, Plot No. 91/4, Gujarat","Gujarat, H.NO 91/4 , G.I.D.C. INDUSTRIAL ESTATE NANDESHARI, VADODARA",IN,IN,77.77777777777779,69.76744186046511,False,False,1. spelling corruption
S1-14829195,S3-302915920,S3,Shree Medical Centre Private Limited,#shreemedical,"G.I.D.C. Industrial Estate Nandeshari, Vadodara, Plot No. 91/4, Gujarat","H.no 91/4, Vadodara, GJ",IN,IN,50.0,36.7816091954023,False,False,3. transliteration
S1-14829195,S2-372837958,S2,Shree Medical Centre Private Limited,Dr Shree Medical-Centre-Private Limited,"G.I.D.C. Industrial Estate Nandeshari, Vadodara, Plot No. 91/4, Gujarat","Gujarat, #91/4 , G.I.D.C. INDUTSRIAL ESTATE NANDESHARI, VADODARA",IN,IN,96.0,70.96774193548387,False,False,9. address variation
S1-649636199,S3-52286,S3,Total Engineering Labs Group,Total Engineering Labs,"Los Lunas, NM, 20 Poplar Place",,US,US,88.0,0.0,False,False,6. missing address
S1-649636199,S3-326131183,S3,Total Engineering Labs Group,Services Engineering Group Total,"Los Lunas, NM, 20 Poplar Place","20 Poplar Pl, Los Lunas, New Mexico",US,US,60.0,45.90163934426229,False,False,1. spelling corruption
S1-652825504,S3-38280398,S3,Jolly Logistics Pvt. Ltd.,Mr Jolly Logistics Pvt. Ltd,"Plot No 98, Road No 1 Venkat Reddy Nagar, Nagole, Hyderabad, Rangareddy, Telangana","H.no #98, Road No 1 Venkat Reddy Nagar, Nagole, Hyderabad, Rangareddy, తెలంగాణ",IN,IN,93.87755102040816,85.90604026845638,False,False,9. address variation
S1-875014784,S3-37244239,S3,Best Gold Technology Limited,Best Geotdr Technology Limited,"Bangalore, Karnataka, No. 2, Old No.2, Pid No. 21 88 2, 1St Main Road, Industrial Town, New Ward, No.106, Bindu Galaxy, Bangalore","Bindu Galaxy, Bengaluru, Bangalore, KA",IN,IN,93.10344827586206,31.57894736842105,False,False,8. common name
S1-875014784,S2-911184695,S2,Best Gold Technology Limited,ಬೆಸ್ಟ್ ಗೋಲ್ಡ್ ಟೆಕ್ನಾಲಜಿ ಲಿಮಿಟೆಡ್,"Bangalore, Karnataka, No. 2, Old No.2, Pid No. 21 88 2, 1St Main Road, Industrial Town, New Ward, No.106, Bindu Galaxy, Bangalore","NO. 2, OLD NO.2, PID NO. 21 88 2, 1ST MAIN ROAD, INDUSTRIAL TOWN, NEW WARD, NO.106, BENGALURU HQ REGION, Karnataka, BANGALORE, BINDU GALAXY",IN,IN,9.999999999999998,75.40983606557377,False,False,10. cross-script
S1-875014784,S3-422890966,S3,Best Gold Technology Limited,ಬೆಸ್ಟ್ ಗೋಲ್ಡ್ ಟೆಕ್ನಾಲಜಿ ಲಿಮಿಟೆಡ್,"Bangalore, Karnataka, No. 2, Old No.2, Pid No. 21 88 2, 1St Main Road, Industrial Town, New Ward, No.106, Bindu Galaxy, Bangalore","ಕರ್ನಾಟಕ, Bengaluru, No. 2, Old No.2, Pid No. 21 88 2, 1St Main Road, Industrial Town, New Ward, No.106, Bindu Galaxy",IN,IN,9.999999999999998,84.68468468468468,False,False,10. cross-script
S1-774107770,S3-652590802,S3,Bright Care Pvt Ltd,Bright Cea Pvt Ltd,"B-412, Himalaya Arcade, Opp. Lake, Vastrapur, Ahmedabad, Gujarat","B-412, Himalaya Arcade, Opp. Lake, Vastrapur, Ahmedabad, ગુજરાત",IN,IN,91.89189189189189,88.69565217391305,False,False,9. address variation
S1-774107770,S2-11821578,S2,Bright Care Pvt Ltd,બ્રાઇટ કેર પ્રા. લિ.,"B-412, Himalaya Arcade, Opp. Lake, Vastrapur, Ahmedabad, Gujarat","AHMEDABAD, HIMALAYA ARCADE, OPP. LAKE, VASTRAPUR, Gujarat, B-4-12",IN,IN,16.216216216216218,75.21367521367522,False,False,10. cross-script
S1-117234781,S3-990296907,S3,Leaf (India) Mind LLP,Calovioumbra,"H No- 358 W No- 5 Sarvoday Nagar, Raebareli, Rae Bareli, Raibareilly, Uttar Pradesh","H No- B3/358 W No- 5 Sarvoday Nagar, Rae Bareli, Raibareilly, उत्तर प्रदेश",IN,IN,19.354838709677423,75.34246575342466,False,False,9. address variation
S1-217229682,S2-929637028,S2,Global Logistics Private Limited,Mr global logistics private limited,"W 40 T Blockmidc Bhosari, Pune, Maharashtra","W 40 T BLOCKMIDC BHOSARI, PUNE, महाराष्ट्र",IN,IN,95.52238805970148,74.07407407407408,False,False,9. address variation
S1-217229682,S3-224627335,S3,Global Logistics Private Limited,ग्लोबल लॉजिस्टिक्स प्राइवेट लिमिटेड,"W 40 T Blockmidc Bhosari, Pune, Maharashtra","W #40 T Blockmidc Bhosari, Pune, MH",IN,IN,8.955223880597018,87.67123287671232,False,False,10. cross-script
S1-445832682,S2-626335673,S2,Brianne's Diagnostics LP,Xylosynfaye,"3030 Bermuda Bay Lane, Unit 301, Mebane, NC","BERMUDA BAY LN, MEBANE, NC",US,US,11.428571428571432,75.0,False,False,9. address variation
S1-70217371,S3-95353888,S3,Remo Producer Thiruvananthapuram,Rizanex,"Valiyamanacadu Veedu, Gandhi Smaraka Lane, Resmi Nagar, Thiruvananthapuram, Trivandrum, 18-2734/2, Kerala, Thiruvananthapuram","18-2734/2, Valiyamanacadu Veedu, Gandhi Smaraka Lane, Resmi Nagar, Thiruvananthapuram, Thiruvananthapuram, KL",IN,IN,20.512820512820518,81.44796380090497,False,False,9. address variation
S1-693644984,S3-892666158,S3,Department of Health,Department of Heatlh,"875 Louise Circle, Durham, NC","Louise Cir, Durham, North Carolina",US,US,95.0,67.79661016949152,False,False,9. address variation
S1-820910356,S3-700447323,S3,National Alliance,National Álliance District,"2129 Downing Lane, Unit 120, Leander, TX","2052 Downing Ln, PMB 5341, Leander, Texas",US,US,74.4186046511628,72.0,False,False,10. cross-script
S1-403724398,S3-347724270,S3,Red International Pvt Ltd,रेड इंटरनेशनल प्रा. लि.,"Madhya Pradesh, Rajgarh, C/O Rambabu / Mohanlal, Dhar, Sharma, Khilchipur","C/o Rambabu / Mohanlal, Indore Region, Rajgarh, MP",IN,IN,13.043478260869568,50.45045045045045,False,False,10. cross-script
S1-403724398,S2-379274180,S2,Red International Pvt Ltd,Red Internati0na1 Pvt Ltd,"Madhya Pradesh, Rajgarh, C/O Rambabu / Mohanlal, Dhar, Sharma, Khilchipur","C/O RAMBABU / MOHANLAL, SHARMA, KHILCHIPUR, RAJGARH, Madhya Pradesh",IN,IN,92.0,59.84251968503938,False,False,9. address variation
S1-745416628,S3-732236861,S3,"Costello, Rand and Gomez","Costello, Rasnd And (Gomez)","Saint Albans, ME, 420 Finson Road","Saint Albans, Maine, #420 Finson Rd",US,US,97.87234042553192,92.06349206349206,False,False,9. address variation
S1-346365248,S3-455443456,S3,Atlantic Chemical Innovations Corp,Atlantic Chemical,"140 Columbia, Unit 0, Poplar Grove, IL","Illinois, Poplar Grove, 140 Columbia, # 0",US,US,66.66666666666667,53.52112676056338,False,False,1. spelling corruption
S1-970894992,S2-865933477,S2,Trusted Financial Digital PLLC,TRUSTED  FINANCIAL,"Clarksburg, WV, 210 Mcdowell Street","210 MCDOWELL SAINT, CLARKSBURG, WV",US,US,72.34042553191489,49.23076923076923,False,False,1. spelling corruption
S1-124776957,S3-554431219,S3,Zhang Dte Inc,Services Zhang Inc,"3404 Kerrville Avenue, Snyder, TX","03404 Kerrville Ave, Snyder, Texas",US,US,58.06451612903225,88.88888888888889,False,False,9. address variation
S1-717282228,S3-267761445,S3,Jai Infotech Pvt Ltd,Pvt Jai Inftoech Ltd,"74, South Anarkali, J P Gupta, Delhi, East Delhi","East Delhi, Delhi, J P Gupta, DL",IN,IN,75.0,52.05479452054795,False,False,1. spelling corruption
S1-717282228,S2-886991459,S2,Jai Infotech Pvt Ltd,जय इंफोटेक प्रा. लि.,"74, South Anarkali, J P Gupta, Delhi, East Delhi","J P GUPTA, 74, SOUTH ANARKALI, DELHI, FARIDABAD, Delhi",IN,IN,15.789473684210531,66.66666666666667,False,False,10. cross-script
S1-717282228,S2-724558557,S2,Jai Infotech Pvt Ltd,जय इंफोटेक प्रा. लि.,"74, South Anarkali, J P Gupta, Delhi, East Delhi","J P GUPTA, DELHI, FARIDABAD, Delhi",IN,IN,15.789473684210531,61.33333333333333,False,False,10. cross-script
S1-717282228,S2-312520771,S2,Jai Infotech Pvt Ltd,K0rumbra,"74, South Anarkali, J P Gupta, Delhi, East Delhi","J P GUPTA, 74, SOUTH ANARKALI, DELHI, FARIDABAD, Delhi",IN,IN,7.14285714285714,66.66666666666667,False,False,9. address variation
S1-717282228,S3-223037919,S3,Jai Infotech Pvt Ltd,जय इंफोटेक प्रा. लि.,"74, South Anarkali, J P Gupta, Delhi, East Delhi","J P Gutpa, 74, South Anarkali, Delhi, East Delhi, दिल्ली",IN,IN,15.789473684210531,71.57894736842105,False,False,10. cross-script
S1-717282228,S3-684476628,S3,Jai Infotech Pvt Ltd,Shri Jai Ínfotech Pvt Ltd,"74, South Anarkali, J P Gupta, Delhi, East Delhi","Delhi, DL, East Delhi, J P Gupta, 74, South Anarkali",IN,IN,84.44444444444444,50.54945054945055,False,False,10. cross-script
S1-717282228,S3-637789106,S3,Jai Infotech Pvt Ltd,Mr Jai Pvt Ltd Partners,"74, South Anarkali, J P Gupta, Delhi, East Delhi",,IN,IN,51.162790697674424,0.0,False,False,6. missing address
S1-495332116,S3-523066168,S3,"Crump, Haight and Nunez Inc",crumphaight.com,"217 Hunters Crossing, Village Of Slinger, WI","217. Hunters Xing, Slinger, Wisconsin",US,US,63.41463414634146,68.42105263157895,False,True,1. spelling corruption
S1-653040871,S2-441907484,S2,Blazing Mills Pvt. Ltd.,Arcnex,"Morvi, Arunodaynagar, Near Arunoday Mill, Gujarat, 161, Rajkot","BLOCK F-336 161, ARUNODAYNAGAR, NEAR ARUNODAY MILL, MORVI, RAJKOT, ગુજરાત",IN,IN,14.814814814814813,68.8,False,False,9. address variation
S1-653040871,S3-342716995,S3,Blazing Mills Pvt. Ltd.,B1azing Midlls Pvt. Ltd.,"Morvi, Arunodaynagar, Near Arunoday Mill, Gujarat, 161, Rajkot","161, Arunodaynagar, Near Arunoday Mill, Morvi, Rajkot, GJ",IN,IN,93.02325581395348,77.06422018348624,False,False,9. address variation
S1-958241522,S2-435599360,S2,Red Properties Private Limited,रेड प्रॉपर्टीज प्राइवेट लिमिटेड,"C/O. Akash Ramhari Dalavi, Near Jain Sthanak, Rahata, Ahmed Nagar, Maharashtra","BLOCK D-588 C/O. AKASH RAMHARI DALAVI, RAHATA, AHMED NAGAR, Maharashtra",IN,IN,9.836065573770492,78.57142857142857,False,False,10. cross-script
S1-958241522,S2-811924302,S2,Red Properties Private Limited,रेड प्रॉपर्टीज प्राइवेट लिमिटेड,"C/O. Akash Ramhari Dalavi, Near Jain Sthanak, Rahata, Ahmed Nagar, Maharashtra","Maharashtra, NEAR JAIN STHANAK, RAHATA, BOCK D-588 C/O. AKASH RAMHARI DALAVI, AHMED NAGAR",IN,IN,9.836065573770492,57.324840764331206,False,False,10. cross-script
S1-958241522,S2-73501042,S2,Red Properties Private Limited,रेड प्रॉपर्टीज प्राइवेट लिमिटेड,"C/O. Akash Ramhari Dalavi, Near Jain Sthanak, Rahata, Ahmed Nagar, Maharashtra","BLICK D-588 C/O. AKASH RAMHARI DALAVI, NEAR JAIN STHANAK, RAHATA, AHMED NAGAR, Maharashtra",IN,IN,9.836065573770492,92.40506329113924,False,False,10. cross-script
S1-958241522,S2-792455978,S2,Red Properties Private Limited,रेड प्रॉपर्टीज प्राइवेट लिमिटेड,"C/O. Akash Ramhari Dalavi, Near Jain Sthanak, Rahata, Ahmed Nagar, Maharashtra","BLOCK D-588 C/O. AKASH RAMHARI DALAVI, AHMED NAGAR, RAHATA, Maharashtra",IN,IN,9.836065573770492,70.0,False,False,10. cross-script
S1-517087875,S3-250382053,S3,Classic All Xii LLC,caxii.com,"171 Fairway Drive, City Of Clintonville, WI","17 Fairway Dr, City Of Clintonville, Wisconsin",US,US,50.0,87.05882352941177,False,False,9. address variation
S1-68005112,S3-58176372,S3,Big Industries Pvt Ltd,Mr Big Industries Pvt-Ltd,"A -406, Sec-5, Indira Nagar, Lucknow, Uttar Pradesh","Lucknow, UP, A -G-406",IN,IN,93.61702127659575,34.375,False,False,8. common name
S1-934838757,S2-875172124,S2,Anand Media Private Limited,આણંદ મીડિયા પ્રાઇવેટ લિમિટેડ,"City L, Ight Road, Surat, H.G.Floor Office Hg/22 23 25 Tps 8 Plot112/113 Sajani Complex, Gujarat","H.G.FLOOR OFFICE HG/22 23 25 TPS 8 PLOT112/113 SAJANI COMPLEX, SURAT, Gujarat",IN,IN,10.909090909090914,82.63473053892216,False,False,10. cross-script
S1-934838757,S3-509635173,S3,Anand Media Private Limited,M/s Anand Media Privmee Limited,"City L, Ight Road, Surat, H.G.Floor Office Hg/22 23 25 Tps 8 Plot112/113 Sajani Complex, Gujarat","Surat, Surat M Corp, GJ, H.g.floor Office Hg/5-22 23 25 Tps 8 Plot112/113 Sajani Complex",IN,IN,86.20689655172413,79.09604519774011,False,False,1. spelling corruption
S1-934838757,S3-866582300,S3,Anand Media Private Limited,Anand Media Media Private,"City L, Ight Road, Surat, H.G.Floor Office Hg/22 23 25 Tps 8 Plot112/113 Sajani Complex, Gujarat","H.g.floor Office Hg/5-22 23 25 Tps 8 Plot112/113 Sajani Complex, City L, Ight Road, Surat, Surat M Corp, GJ",IN,IN,73.07692307692308,70.10309278350515,False,False,1. spelling corruption
S1-624031755,S2-858822004,S2,Womens Health Medicine Corporation,#womenshealth,"318 Church Avenue, Stanley Town, VA","318 CHURCH AVE, STANLEY, VA",US,US,52.17391304347826,86.20689655172413,False,True,9. address variation
S1-464932226,S3-575092459,S3,Surat City Solutions LLP,Surat Cidty Solutions LLP,"Pl No-A-10F, Bhagavanagar Soc, Surat City, Surat, Gujarat","Pl No--a10f, GJ, Surat, Surat Varachha",IN,IN,97.95918367346938,64.36781609195403,False,False,9. address variation
S1-232345195,S2-331913030,S2,Value Electricity Inc,Value Inc  Services,"100 Henry Street, Henry County, VA","STANLEYTOWN, 10 HENRY STREET, VA",US,US,56.41025641025641,58.06451612903225,False,False,9. address variation
S1-232345195,S3-197445709,S3,Value Electricity Inc,Value Inc Services,"100 Henry Street, Henry County, VA","Henry St, Stanleytown, Virginia",US,US,56.41025641025641,52.459016393442624,False,False,9. address variation
S1-232345195,S2-173714608,S2,Value Electricity Inc,Value Electricity,"100 Henry Street, Henry County, VA","10 HENRY STREET, HENRY COUNTY, VA",US,US,89.47368421052632,98.41269841269842,False,False,1. spelling corruption
S1-577064499,S2-107533394,S2,Regional Mortgage Partners Ltd,Regional Partners  Ltd Service,"27930 Houston Ridge Road, Elkmont, AL","27932 HOUSTON RIDGE ROAD, ELKMONT, AL",US,US,71.1864406779661,97.14285714285714,False,False,1. spelling corruption
S1-411697140,S2-860655676,S2,Lotus Swastik Construction Private Limited,લોટસ સ્વસ્તિક કન્સ્ટ્રક્શન પ્રાઇવેટ લિમિટેડ,"Ahmedabad, 2Nd Floor, Siddhi Vinayak Plaza, Near Nirant Char Rasta, Vastral Road, Ma, Hadevnagar, Gujarat, Sf- 201","SF- 201, 2ND FLOOR, SIDDHI VINAYAK PLAZA, NEAR NIRANT CHAR RASTA, VASTRAL ROAD, MA, HADEVNAGAR, THANE, AHMEDABAD, ગુજરાત",IN,IN,9.411764705882353,79.06976744186046,False,False,10. cross-script
S1-411697140,S3-764434732,S3,Lotus Swastik Construction Private Limited,લોટસ સ્વસ્તિક કન્સ્ટ્રક્શન પ્રાઇવેટ લિમિટેડ,"Ahmedabad, 2Nd Floor, Siddhi Vinayak Plaza, Near Nirant Char Rasta, Vastral Road, Ma, Hadevnagar, Gujarat, Sf- 201","Sf- A-201, 2Nd Floor, Siddhi Vinayak Plaza, Near Nirant Char Rasta, Vastral Road, Ma, Hadevnagar, Ahmedabad, NULL, GJ",IN,IN,9.411764705882353,82.0754716981132,False,False,10. cross-script
S1-411697140,S3-996670452,S3,Lotus Swastik Construction Private Limited,લોટસ સ્વસ્તિક કન્સ્ટ્રક્શન પ્રાઇવેટ લિમિટેડ,"Ahmedabad, 2Nd Floor, Siddhi Vinayak Plaza, Near Nirant Char Rasta, Vastral Road, Ma, Hadevnagar, Gujarat, Sf- 201","Sf- A-201, 2Nd Floor, Siddhi Vinayak Plaza, Near Nirant Char Rasta, Vastral Road, Ma, Hadevnagar, Ahmedabad, NULL, GJ",IN,IN,9.411764705882353,82.0754716981132,False,False,10. cross-script
S1-318877184,S3-867239147,S3,Legacy Electronics Associates,Legacy Electr0nics Associates Co,"600 Stewarts Ferry Pike, Unit 2101, Nashville, TN","##600 Stewarts Ferry Pike, PMB 3553, Nashville, Tennessee",US,US,91.80327868852459,77.55102040816327,False,False,9. address variation
S1-318877184,S2-616760878,S2,Legacy Electronics Associates,*** LEGACY ECETROMTICS ASSOCIATES,"600 Stewarts Ferry Pike, Unit 2101, Nashville, TN","NASHVILLE, TN, 600 STEWARTS FERRY PIKE",US,US,89.65517241379311,56.09756097560976,False,False,1. spelling corruption
S1-143004744,S2-848583392,S2,"Southern Ishares, Inc.","SOUTHERN  ISHARES,","1607 Northbrook Drive, Normal, IL","##1607 NORTHBROOK DR, NORMAL, IL",US,US,88.88888888888889,94.91525423728814,False,False,1. spelling corruption
S1-143004744,S3-762138679,S3,"Southern Ishares, Inc.","Southern Íshares, Inc. Inc.","1607 Northbrook Drive, Normal, IL","Illinois, 1607 Northbrook Drive, Normal",US,US,86.36363636363636,82.35294117647058,False,False,10. cross-script
S1-272014420,S3-91259460,S3,United Services Pvt Ltd,United Services Pvt Limited,"Delhi, 56/3, Delhi, East Delhi, Deepak Enclave Partap Nagar, Mayur Vihar Phase-I","56/3, East Delhi, Delhi, DL",IN,IN,92.0,42.42424242424242,False,False,11. other
S1-272014420,S2-669135336,S2,United Services Pvt Ltd,यूनाइटेड Services प्रा. लि.,"Delhi, 56/3, Delhi, East Delhi, Deepak Enclave Partap Nagar, Mayur Vihar Phase-I","BLOCK G-519 56/3, DEEPAK ENCLAVE PARTAP NAGAR, MAYUR VIHAR PHASE-I, DELHI, EAST DELHI, Delhi",IN,IN,45.833333333333336,66.66666666666667,False,False,10. cross-script
S1-281830215,S2-150943858,S2,Upper Braemar LLC,Upper Bráemar,"3509 106th Drive, Avondale, AZ",,US,US,80.0,0.0,False,False,6. missing address
S1-556447626,S3-109409794,S3,Henson Assets LLC,Henson Asrcaemst LLC,"10801 Happy Valley Road, Unit LOT 4, Scottsdale, AZ","0801 Happy Valley Road, Unit LOT 4, Scottsdale, Arizona",US,US,81.08108108108108,94.0,False,False,1. spelling corruption
S1-556447626,S3-955300372,S3,Henson Assets LLC,hassets.com,"10801 Happy Valley Road, Unit LOT 4, Scottsdale, AZ","Arizona, 0801 Happy Valley Road, Scottsdale, Unit LOT 4",US,US,64.28571428571428,68.0,False,False,1. spelling corruption
S1-556447626,S3-907108502,S3,Henson Assets LLC,hensonassets.com,"10801 Happy Valley Road, Unit LOT 4, Scottsdale, AZ","0801 Happy Valley Rd, # LOT 4, Scottsdale, Arizona",US,US,84.84848484848484,86.02150537634408,False,False,1. spelling corruption
S1-877738844,S3-959777086,S3,Beacon Tech LLC,Beacon Tech,"8422 Frost Way, Fairfax County, VA","Virginia, 8422 Frost Way, Annandale",US,US,84.61538461538461,58.46153846153845,False,False,1. spelling corruption
S1-382047589,S2-391429478,S2,"Roth, Rodriguez & Trujillo Fact Inc.","ROTH, RODRIGUEZ + TRUJILLO","245 Antebellum Lane, Mt. Juliet, TN","0245 ANTEBELLUM LANE, MT. JULIET, TN",US,US,77.96610169491525,98.46153846153847,False,False,1. spelling corruption
S1-433473869,S3-964093346,S3,Marygold Clinic,marygoldclinic.com,"Palekar Chambers1St Floor 12 1St Marine St, Mumbai, Maharashtra","Mumbai, MH, Palekar Chambers1st. Floor 12 1St Marine St",IN,IN,84.84848484848484,74.33628318584071,False,False,1. spelling corruption
S1-437945099,S2-836058013,S2,Vari Ventures,VARIVENTURES.COM,"C-80, 2Nd Floor Fathe Nagar, Near 1, Delhi, New Delhi, Delhi","C-80, 2ND FLOOR FATHE NAGAR, NEAR 1, DELHI, Delhi",IN,IN,82.75862068965517,90.0,False,False,1. spelling corruption
S1-437945099,S2-307376992,S2,Vari Ventures,VARIVENTURES.COM,"C-80, 2Nd Floor Fathe Nagar, Near 1, Delhi, New Delhi, Delhi","C-80, 2ND FLOOR FATHE NAGAR, NEAR 1, DELHI, Delhi",IN,IN,82.75862068965517,90.0,False,False,1. spelling corruption
S1-437945099,S3-89184748,S3,Vari Ventures,variventures.com,"C-80, 2Nd Floor Fathe Nagar, Near 1, Delhi, New Delhi, Delhi","C-80, 2Nd Floor Fathe Nagar, Near 1, Delhi, New Delhi, DL",IN,IN,82.75862068965517,97.19626168224299,False,False,1. spelling corruption
S1-201853388,S3-369725690,S3,Al Business Pvt Ltd,Al Búsiness Pvt Ltd,"C/O Santosh, H. No.49 Vill. Ahrod, Teh. Rewari, Rewari, Haryana","765 C/o Santosh, H. No.49 Vill. Ahrod, Teh. Rewari, Rewari, HR",IN,IN,94.73684210526316,91.89189189189189,False,False,10. cross-script
S1-201853388,S2-513617800,S2,Al Business Pvt Ltd,अल बिजनेस प्रा. लि.,"C/O Santosh, H. No.49 Vill. Ahrod, Teh. Rewari, Rewari, Haryana","C/O SANOTSH, REWARI, Haryana",IN,IN,16.666666666666664,60.97560975609756,False,False,10. cross-script
S1-861201801,S3-722302267,S3,Silver Enterprises Pvt Ltd,Silver  Enterprises Pvt,"18 Rabindra Sarani Poddar, Room No 325A Gate 1 3Flor, Kolkata, Kolkata, Howrah, West Bengal","Door No 18 Rabindra Sarani Poddar, Kolkata, Howrah, WB",IN,IN,91.66666666666666,62.77372262773723,False,False,9. address variation
S1-861201801,S3-363312145,S3,Silver Enterprises Pvt Ltd,Silver Enterprises Pvt,"18 Rabindra Sarani Poddar, Room No 325A Gate 1 3Flor, Kolkata, Kolkata, Howrah, West Bengal",,IN,IN,91.66666666666666,0.0,False,False,6. missing address
S1-861201801,S2-690501430,S2,Silver Enterprises Pvt Ltd,সিলভার এন্টারপ্রাইজেস প্রাইভেট লিমিটেড,"18 Rabindra Sarani Poddar, Room No 325A Gate 1 3Flor, Kolkata, Kolkata, Howrah, West Bengal","RABINDRA SARANI PODDAR, পশ্চিমবঙ্গ, KOLKATA",IN,IN,9.375,48.818897637795274,False,False,10. cross-script
S1-861201801,S3-691352737,S3,Silver Enterprises Pvt Ltd,Shri Silver Enterprises Pvt  (Ltd),"18 Rabindra Sarani Poddar, Room No 325A Gate 1 3Flor, Kolkata, Kolkata, Howrah, West Bengal",,IN,IN,91.22807017543859,0.0,False,False,6. missing address
S1-861201801,S3-521854683,S3,Silver Enterprises Pvt Ltd,Silver Enterprises Pvt Limited,"18 Rabindra Sarani Poddar, Room No 325A Gate 1 3Flor, Kolkata, Kolkata, Howrah, West Bengal","Door No 18 Rabindra Sarani Poddar, Room No 325A Gate 1 3Flor, Kolkata, Kolkata, Howrah, WB",IN,IN,92.85714285714286,90.05847953216374,False,False,9. address variation
S1-263628614,S2-300665941,S2,Trinity Baptist Church,Trinity Baptist Church Church Council,"Cincinnati, 3416 Ferncroft Drive, OH","3416-3420 Ferncroft Drive, CINCINNATI, OH",US,US,74.57627118644068,63.01369863013699,False,False,1. spelling corruption
S1-263628614,S2-133706940,S2,Trinity Baptist Church,Báptist Trinity Church,"Cincinnati, 3416 Ferncroft Drive, OH","3416-3420 FERNCROFT DRIVE, CINCINNATI, OH",US,US,63.63636363636363,63.01369863013699,False,False,10. cross-script
S1-263628614,S2-573154379,S2,Trinity Baptist Church,Trinity Basest Church,"Cincinnati, 3416 Ferncroft Drive, OH","3416-3420 FERNCROFT DR, CINCINNATI, OH",US,US,88.37209302325581,60.0,False,False,1. spelling corruption
S1-402804524,S2-801539804,S2,Big Hypnosis,BIG HYPNSS HYPNSS,"184 Lake Meadow Drive, Greece, NY","LAKE MEADOW DR, GREECE, NY",US,US,68.96551724137932,87.27272727272728,False,False,1. spelling corruption
S1-39380090,S3-781971131,S3,Shakti Hitech Technology LLP,Shakti Hitech,"Plot No.18/1, 1St Floor, Sector-Iii, Huda Techno Enclave, Hitech City, Madhap, Ur, Hyderabad, Rangareddy, Telangana","Rangareddy, TG, Plot No.18/1",IN,IN,63.41463414634146,21.212121212121215,False,False,1. spelling corruption
S1-39380090,S3-239057257,S3,Shakti Hitech Technology LLP,Shakti ((Hitech)),"Plot No.18/1, 1St Floor, Sector-Iii, Huda Techno Enclave, Hitech City, Madhap, Ur, Hyderabad, Rangareddy, Telangana","Plot No.18/1, 1St Floor, Sector-iii, Huda Techno Enclave, Hitech City, Madhap, Ur, Ranga Reddy, Rangareddy, TG",IN,IN,63.41463414634146,90.82125603864735,False,False,1. spelling corruption
S1-39380090,S2-78014200,S2,Shakti Hitech Technology LLP,శక్తి హైటెక్ టెక్నాలజీ ఎల్‌ఎల్‌పీ,"Plot No.18/1, 1St Floor, Sector-Iii, Huda Techno Enclave, Hitech City, Madhap, Ur, Hyderabad, Rangareddy, Telangana","PLOT NO.18/1, HYDERABAD, RANGAREDDY, Telangana",IN,IN,9.836065573770492,57.71812080536913,False,False,10. cross-script
S1-84551686,S2-322262867,S2,Mg Educational Society,Mg Society Services,"K-1/113, G/F Chitranjan Park, New Delhi, South Delhi, Delhi","K-1/113 , G/F CHITRANJAN PARK, NEW DELHI, Delhi",IN,IN,48.78048780487805,87.75510204081633,False,False,9. address variation
S1-453551279,S2-519816845,S2,Midwest Program IV,Midwest  Pr0gram IV,"IL, Peoria, 406 Albany Avenue","406-410 Albany Ave, PEORIA, IL",US,US,94.44444444444444,54.54545454545454,False,False,2. OCR corruption
S1-49417438,S3-214415577,S3,Studio 70 Coffee PLLC,Ectorizaavi,"216 Ja Don Drive, Houma, LA","#216 Ja Don Dr, Houma, Louisiana",US,US,12.5,81.4814814814815,False,False,9. address variation
S1-380511880,S3-854474138,S3,Northwind,Nórthwind,"145-100 225 Street, Springfield Gardens, NY",,US,US,88.88888888888889,0.0,False,False,6. missing address
S1-380511880,S2-223287445,S2,Northwind,Northgdin,"145-100 225 Street, Springfield Gardens, NY","NY, SPRINGFIELD GARDENS, ##145-100 225 St",US,US,77.77777777777779,53.84615384615385,False,False,1. spelling corruption
S1-464252385,S3-29506832,S3,Indo Energy Private Limited,Dr Indo Energy Private Ltd,"10-B Krushna Sagar Soc, Nizampura, Vadodara, Gujarat","No 10-B Krushna Sagar Soc, Gandhinagar, Vadodara, Nizampura, GJ",IN,IN,86.79245283018868,74.07407407407408,False,False,1. spelling corruption
S1-94332756,S3-950677206,S3,Ivie's Tri-State Hospitality,iviestristatehospitality.com,"104 2nd Avenue, Rio Rancho, NM","104 2th Ave, Rio Rancho, New Mexico",US,US,85.71428571428572,75.40983606557377,False,True,1. spelling corruption
S1-115330994,S3-562330491,S3,Taral Trading Private Limited,Tara1 Trading Private Limited,"Fl.No, G-806 Sukhwani, Palms Nagar Road, Wagholi, Pune, Maharashtra","Pune, Fl.no, G-806 Sukhwani, Palms Nagar Road, Wagholi, Wagholi, MH",IN,IN,96.55172413793103,79.67479674796748,False,False,9. address variation
S1-521882128,S3-423159236,S3,Signature Services Private Limited,Signature Services Prívate Limited,"F-159/160 Pandav Nagar, Delhi, East Delhi, Delhi","DL, East Delhi, Delhi, F-159/160 Pandav Nagar",IN,IN,97.05882352941177,50.57471264367817,False,False,10. cross-script
S1-521882128,S2-678877890,S2,Signature Services Private Limited,Sri Signature Services Private Ltd,"F-159/160 Pandav Nagar, Delhi, East Delhi, Delhi","F-159/160 PANDAV NAGAR, DELHI, Delhi",IN,IN,88.23529411764706,86.07594936708861,False,False,1. spelling corruption
S1-956051833,S3-543157095,S3,Life Business Private Limited,लाइफ बिजनेस प्राइवेट लिमिटेड,"A-10, Dsidc Complex Jhilmil Industrial Area, Delhi, East Delhi, Delhi","Delhi, A-10, East Delhi, DL, Dsidc Complex Jhilmil Industrial Area",IN,IN,10.526315789473683,66.14173228346456,False,False,10. cross-script
S1-956051833,S3-544703070,S3,Life Business Private Limited,लाइफ बिजनेस प्राइवेट लिमिटेड,"A-10, Dsidc Complex Jhilmil Industrial Area, Delhi, East Delhi, Delhi","A-10, Dsidc Complex Jhilmil Industrial Area, Delhi, East Delhi, DL",IN,IN,10.526315789473683,97.63779527559055,False,False,10. cross-script
S1-956051833,S3-466758448,S3,Life Business Private Limited,@lifebusiness,"A-10, Dsidc Complex Jhilmil Industrial Area, Delhi, East Delhi, Delhi","A-10, Dsidc Complex Jhilmil Industrial Area, Delhi, East Delhi, DL",IN,IN,58.53658536585367,97.63779527559055,False,False,9. address variation
S1-956051833,S2-146018855,S2,Life Business Private Limited,लाइफ बिजनेस प्राइवेट लिमिटेड,"A-10, Dsidc Complex Jhilmil Industrial Area, Delhi, East Delhi, Delhi","#885 A-10, DELHI, EAST DELHI, Delhi",IN,IN,10.526315789473683,56.25,False,False,10. cross-script
S1-910648133,S3-516150002,S3,Veo Gen Inc,veogen.com,"Unit 212, 1444 Rock Creek Ford Road, DC, Washington","1444a Rock Creek Ford Road, NULL, Washington, District of Columbia",US,US,76.19047619047619,66.66666666666667,False,False,1. spelling corruption
S1-780655377,S3-119596261,S3,Foxborough Rocky Pearl,Foxboroughrockypearl.Com,"Foxborough, 12 Barros Lane, MA","12 Barros Ln, Foxborough, Massachusetts",US,US,86.95652173913044,46.15384615384615,False,False,1. spelling corruption
S1-780655377,S3-849500915,S3,Foxborough Rocky Pearl,foxboroughrockypearl.com,"Foxborough, 12 Barros Lane, MA","12 Barros Lane, Foxborough, Massachusetts",US,US,86.95652173913044,50.74626865671642,False,False,1. spelling corruption
S1-185749189,S3-440874268,S3,Classic Motor LLP,Dr C1assic LLP Sérvices,"Above Tvs Showroom, Anishabad Chowk Anishabad By-Pass Road, Patna, Bihar","H.no 371 Above Tvs Showroom, Patna, BR",IN,IN,50.0,51.42857142857142,False,False,10. cross-script
S1-192717634,S2-114101409,S2,Houston Family Association,Houston Family Partners,"131 Gruss Drive, Houston, TX",,US,US,73.46938775510203,0.0,False,False,6. missing address
S1-192717634,S2-151279976,S2,Houston Family Association,Houston Fámily Association,"131 Gruss Drive, Houston, TX","##131 GRUSS DR, HOUSTON, TX",US,US,96.15384615384616,93.87755102040816,False,False,10. cross-script
S1-863574107,S2-602545743,S2,Pacific Society V,... Pacific Society  V District,"3122 Arlington Avenue, Bronx, NY","312 ARLINGTON AVENUE, NY, BRONX",US,US,79.06976744186046,88.13559322033898,False,False,1. spelling corruption
S1-863574107,S3-417101986,S3,Pacific Society V,Pacific Sóciety V,"3122 Arlington Avenue, Bronx, NY","Arlington Avenue, Bronx CITY, New York",US,US,94.11764705882352,75.75757575757575,False,False,10. cross-script
S1-662872272,S2-129669735,S2,Urgent Care Heartland Health,Urgent Care Heartland,"1019 Park Street, Altavista Town, VA","VA, ALTAVISTA, 01019 PARK STREET",US,US,85.71428571428572,50.0,False,False,1. spelling corruption
S1-662872272,S2-154081552,S2,Urgent Care Heartland Health,Urgent Care (Heartland),"1019 Park Street, Altavista Town, VA","ALTAVISTA TOWN, 01019 PARK SAINT, VA",US,US,85.71428571428572,50.0,False,False,1. spelling corruption
S1-910175515,S2-979855795,S2,Shakun Engineering Private Limited,Vántageevo,"M4/14, Heeramani Ratan Chsltd, Goregaon West, Mumbai, Maharashtra","M4/14, GOREGAON WEST, MUMBAI, Maharashtra",IN,IN,22.72727272727273,76.76767676767678,False,False,10. cross-script
S1-7344265,S2-12605903,S2,Cancer Association,NEXXYLO,"923 Miami Boulevard, Durham, NC","00923 MIAMI BOULEVARD, DURHAM, NC",US,US,24.0,96.66666666666667,False,False,9. address variation
S1-568053863,S2-361412982,S2,Solutions Nishtha Education Private Limited,Solutions Nishtna Education Private Limited,"B-32, Kh No-19/8 Gali No.-3, Ambika Vihar Near Chuna Bhatti Wali Gali, Delhi, New Delhi, Delhi","दिल्ली, B-32, KH NO-19/8 GALI NO.-3, AMBIKA VIHAR NEAR CHUNA BHATTI WLI GALI, DELHI",IN,IN,97.67441860465115,85.54216867469879,False,False,9. address variation
S1-590753930,S3-97321483,S3,Blue Global Private Limited,Blue Global Pivmae Limited,"Bunglow No-13, Prem Niwas Raj Villa, Soham Garden, Manpada, Thane, Maharashtra","Manpada, MH, Prem Niwas Raj Villa, Soham Garden, Bunglow No-013, Thane",IN,IN,94.33962264150944,63.76811594202898,False,False,9. address variation
S1-590753930,S2-904355387,S2,Blue Global Private Limited,ब्लू ग्लोबल प्राइवेट लिमिटेड,"Bunglow No-13, Prem Niwas Raj Villa, Soham Garden, Manpada, Thane, Maharashtra","Maharashtra, MANPADA, BUNGLOW NO-13/9, THANE",IN,IN,10.909090909090914,36.8421052631579,False,False,10. cross-script
S1-177564825,S3-471626959,S3,Heart Charities Inc,Heart Charities-Incorporated Charities-Incorporated,"839 University Avenue, Saint Paul, MN",,US,US,54.28571428571429,0.0,False,False,6. missing address
S1-186065439,S3-145880005,S3,Om Infotech Private Limited,Om Limited Private Ínfotech,"Kerala, Karanthur, Kozhikode, Opp. Toppas, 18/204 G","No 18/204 G, Karanthur, Kozhikode, KL",IN,IN,62.96296296296296,52.5,False,False,10. cross-script
S1-186065439,S3-582286021,S3,Om Infotech Private Limited,ഓം ഇൻഫോടെക് പ്രൈവറ്റ് ലിമിറ്റഡ്,"Kerala, Karanthur, Kozhikode, Opp. Toppas, 18/204 G","18/204 G, Opp. Toppas, Karanthur, Kozhikode, KL",IN,IN,10.344827586206895,50.0,False,False,10. cross-script
S1-801681207,S3-55864338,S3,Ziraiya Engineers Limited,Vi0mira,"Aspee House B.J.Patel Road Malad (W), Mumbai, P.B.No 7602, Mumbai, Maharashtra","Aspee House B.j.patel Road Malad (W), P.b.no 7602, Mumbai, MH",IN,IN,18.75,87.5,False,False,9. address variation
S1-215941114,S2-155344968,S2,Weaver Factory PLLC,WEAVERFACTORY.COM,"IL, 1363 East Street, Crete","1363 EAST ST, CRETE, IL",US,US,83.33333333333334,78.26086956521739,False,False,1. spelling corruption
S1-215941114,S3-804137854,S3,Weaver Factory PLLC,Weaver Fáctory PLLC,"IL, 1363 East Street, Crete","Crete, Illinois, <NULL>, 1363 East St",US,US,94.73684210526316,52.63157894736843,False,False,10. cross-script
S1-298983053,S2-515168244,S2,Lakshmi Estate LLP,લક્ષ્મી એસ્ટેટ એલએલપી,"B/35, Jyoti Kalash, Co. Op. Housing Soc. Ltd, Nr. Satellite Stn, Isro, Jodhpur Tekra, Ahmedabad, Gujarat","B/#35, AHMEDABAD, Gujarat",IN,IN,10.256410256410254,38.26086956521739,False,False,10. cross-script
S1-298983053,S3-749289106,S3,Lakshmi Estate LLP,Lakshmi  Estate,"B/35, Jyoti Kalash, Co. Op. Housing Soc. Ltd, Nr. Satellite Stn, Isro, Jodhpur Tekra, Ahmedabad, Gujarat","B/##35, Ahmedabad, GJ, Ahmedabad",IN,IN,87.5,35.0,False,False,1. spelling corruption
S1-298983053,S2-959418364,S2,Lakshmi Estate LLP,LAKSHMI  ESTATE,"B/35, Jyoti Kalash, Co. Op. Housing Soc. Ltd, Nr. Satellite Stn, Isro, Jodhpur Tekra, Ahmedabad, Gujarat","B/#35, JYOTI KALASH, CO. OP. HOUSING SOC. LTD, NR. SATELLITE STN, ISRO, JODHPUR TEKRA, AHMEDABAD, ગુજરાત",IN,IN,87.5,92.97297297297298,False,False,1. spelling corruption
S1-298983053,S2-953705656,S2,Lakshmi Estate LLP,લક્ષ્મી એસ્ટેટ એલએલપી,"B/35, Jyoti Kalash, Co. Op. Housing Soc. Ltd, Nr. Satellite Stn, Isro, Jodhpur Tekra, Ahmedabad, Gujarat","AHMEDABAD, Gujarat, B/#35, AHMEDABAD",IN,IN,10.256410256410254,30.400000000000006,False,False,10. cross-script
S1-755798861,S3-872367951,S3,Metropolitan Security Global LLC,Metropolitan Secusity Global (LLC),"10405 Georgetown Road, Hanover County, VA","010405 Georgetown Road, Mechanicsville, Virginia",US,US,96.875,70.58823529411764,False,False,9. address variation
S1-755798861,S3-792953517,S3,Metropolitan Security Global LLC,Metropolitan Security,"10405 Georgetown Road, Hanover County, VA",,US,US,79.24528301886792,0.0,False,False,6. missing address
S1-668363686,S2-98180279,S2,Tri-State Coalition,Tri-State Coalrnsltihn,"4545 Shimerville Road, Bldg Left, Clarence, NY","##4545 SHIMERVILLE ROAD, PO BOX 8683, CLARENCE, NY",US,US,82.92682926829268,81.81818181818181,False,False,1. spelling corruption
S1-299326037,S2-96970077,S2,Shiva Metal Private Limited,Shiva Métal Private Limited,"Delhi, South West, New Delhi, 22 Community Centrebasant Lok Vasant Vihar","NO 22 COMMUNITY CENTREBASANT LOK VASANT VIHAR, NEW DELHI, Delhi",IN,IN,96.2962962962963,67.6923076923077,False,False,10. cross-script
S1-230782460,S2-703587396,S2,Suvan Solutions Private Limited,... 5uvan Solutions Private Limited,"No.54, Bharathi Park Road, 7Th Cross, Saibaba Colony, Coimbatore, Tamil Nadu","#54, BHARATHI PARK ROAD, 7TH CROSS, SAIBABA COLONY, COIMBATORE, Tamil Nadu",IN,IN,96.7741935483871,97.84172661870504,False,False,2. OCR corruption
S1-131869602,S2-880129341,S2,Rupali Space Pvt Ltd,Halojaxumbra,"R7 Sector, Pune, Maharashtra, Mulashi, B-1607, Life Republic, S No 74, Marunji Hinjawadi Kasarsai Rd","732 R7 SECTOR, B-1607, LIFE REPUBLIC, S NO 74, MARUNJI HINJAWADI KASARSAI RD, MULASHI, PUNE, Maharashtra",IN,IN,18.75,71.57894736842105,False,False,9. address variation
S1-392166762,S2-747048789,S2,Hyderabad Services Limited,HYDERABAD SERVICES LTD,"18-395, Malikarjuna Nagar Near Malkajgiri Railway Station, Malkajg, Iri, Hyderabad, Telangana","NO. #159 18-395, MALIKARJUNA NAGAR NEAR MALKAJGIRI RAILWAY STATION, MALKAJG, IRI, HYDERABAD, Andhra Pradesh",IN,IN,91.66666666666666,88.29787234042553,False,False,9. address variation
S1-392166762,S3-527196838,S3,Hyderabad Services Limited,Limited Hyderabad Servecs,"18-395, Malikarjuna Nagar Near Malkajgiri Railway Station, Malkajg, Iri, Hyderabad, Telangana","D/18-395, Hyderabad, Andhra Pradesh",IN,IN,62.745098039215684,34.71074380165289,False,False,1. spelling corruption
S1-392166762,S3-298713887,S3,Hyderabad Services Limited,Hyderabad Servnes Limited,"18-395, Malikarjuna Nagar Near Malkajgiri Railway Station, Malkajg, Iri, Hyderabad, Telangana",,IN,IN,94.11764705882352,0.0,False,False,6. missing address
S1-392166762,S3-928216556,S3,Hyderabad Services Limited,Zetayuma Co doing business as Hyderabad Services Limited,"18-395, Malikarjuna Nagar Near Malkajgiri Railway Station, Malkajg, Iri, Hyderabad, Telangana","Malikarjuna Nagar Near Malkajgiri Railway Station, Malkajg, Iri, Hyderabad, Telangana, 18-395",IN,IN,63.41463414634146,92.04545454545455,False,False,1. spelling corruption
S1-211994577,S3-324259530,S3,Optimal Health Services LLC,Optimal Health,"920 Silkwood Circle, Nashville, TN","Silkwood Cir, Nashville, Tennessee",US,US,68.29268292682926,78.125,False,False,1. spelling corruption
S1-764786100,S2-124064580,S2,Jain Exports Limited,ஜைன் எக்ஸ்போர்ட்ஸ் லிமிடெட்,"No.1, Sardar Patel Road, Guindy, Chennai, Tamil Nadu","NO.1, CHENNAI, தமிழ்நாடு",IN,IN,8.510638297872342,37.142857142857146,False,False,10. cross-script
S1-764786100,S2-662335628,S2,Jain Exports Limited,ஜைன் எக்ஸ்போர்ட்ஸ் லிமிடெட்,"No.1, Sardar Patel Road, Guindy, Chennai, Tamil Nadu","NO.1, CHENNAI, Tamil Nadu",IN,IN,8.510638297872342,64.7887323943662,False,False,10. cross-script
S1-546305944,S3-371429560,S3,DO Foundation Private Limited,DO Foundation Limited Service,"H.No.1-1-751/B, Behind Canara Bank, Gandhinagar, Musheerabad, Hyderabad, Telangana","1-1-751/B, Hyderabad, తెలంగాణ",IN,IN,72.41379310344827,38.46153846153846,False,False,1. spelling corruption
S1-28219385,S2-850665203,S2,Pacific Direct Automotive Corp,Pacific Dírect Automotive Corp,"5118 Peabody Street, Duluth, MN","5118B PEABODY STREET, DULUTH, MN",US,US,96.66666666666667,98.30508474576271,False,False,10. cross-script
S1-28219385,S2-336367707,S2,Pacific Direct Automotive Corp,Pacific Direct Amve Corp,"5118 Peabody Street, Duluth, MN","DULUTH, 5118B Peabody Street, MN",US,US,88.88888888888889,74.57627118644068,False,False,1. spelling corruption
S1-768303820,S2-64430682,S2,Asset Building Foundation,Asset Buglditg Foundation,"339 17th Street, Chicago Heights, IL","33 17ST STREET, CHICAGO HEIGHTS, IL",US,US,92.0,95.52238805970148,False,False,9. address variation
S1-768303820,S2-977552291,S2,Asset Building Foundation,Asset 8uilding Foundation,"339 17th Street, Chicago Heights, IL","33 17ST ST, CHICAGO HEIGHTS, IL",US,US,96.0,88.88888888888889,False,False,9. address variation
S1-819503563,S3-527805604,S3,Warren Vision Center Inc,Warren Vision,"MD, Laurel, 13819 Shannon Avenue","Shannon Ave, Laurel, Maryland",US,US,70.27027027027026,45.614035087719294,False,False,1. spelling corruption
S1-686636004,S2-676516500,S2,Best Championsgate LLC,Best Championsgate,"TX, 2927 Barnhill Lane, Sugar Land","TX, SUGAR LAND, 2887C Barnhill Lane",US,US,90.0,58.46153846153845,False,False,9. address variation
S1-686636004,S3-943943689,S3,Best Championsgate LLC,Best LLC (Service),"TX, 2927 Barnhill Lane, Sugar Land","2927 Barnhrll Ln, Sugar Land, Texas",US,US,47.36842105263158,80.0,False,False,9. address variation
S1-686636004,S3-106923850,S3,Best Championsgate LLC,Best Championsgate,"TX, 2927 Barnhill Lane, Sugar Land","2927 Barnhill Lane, Sugar Land, Texas",US,US,90.0,86.56716417910448,False,False,9. address variation
S1-686636004,S3-573327687,S3,Best Championsgate LLC,Best LLC Partners,"TX, 2927 Barnhill Lane, Sugar Land","Texas, Sugar Land, 2927 Barnhill Lane",US,US,51.28205128205128,62.68656716417911,False,False,9. address variation
S1-318393615,S2-891238118,S2,Prime Robotics Partners Inc,primeroboticspartnerscom,"2716 Sunnyside Drive, Phoenix, AZ","AZ, CPU KARENS HALLMARK CACTUS, 2716 SUNNYSIDE DR, N/A",US,US,86.27450980392157,51.21951219512195,False,False,1. spelling corruption
S1-733732822,S3-910154032,S3,Krishna Consultancy Company,M/s Krishna Company Center,"Mauje Dhanore Gaon, Tal -Khed Dist -Pune, Pune, Maharashtra",,IN,IN,60.37735849056604,0.0,False,False,6. missing address
S1-733732822,S2-229070575,S2,Krishna Consultancy Company,Dr Krishna Cdutlabfnncy Company,"Mauje Dhanore Gaon, Tal -Khed Dist -Pune, Pune, Maharashtra","MAUJE DHANORE GAON, TAL -KHED DIST -PUN,E PUNE, Maharashtra",IN,IN,79.3103448275862,99.08256880733946,False,False,1. spelling corruption
S1-167216557,S3-326090673,S3,Foot & Ankle Physicians P.C.,Foot & Ánkle Physicians P.C.,"729 Tillman Street, Burlington, NC","Burlington, 729-B Tillman St, North Carolina",US,US,96.55172413793103,56.75675675675676,False,False,10. cross-script
S1-982752051,S3-982125875,S3,Hunger Network LLC,Hunger LLC Partners,"Town Of Bradley, WI, W5828 Clear Lake Road","Wisconsin, W5828 Clear Lake Rd, Tomahawk",US,US,54.054054054054056,61.53846153846154,False,False,9. address variation
S1-982752051,S2-402024511,S2,Hunger Network LLC,Center Hunger LLC,"Town Of Bradley, WI, W5828 Clear Lake Road","W5828 CLEAR LAKE RD, TOWN OF BRADLEY, WI",US,US,62.857142857142854,53.84615384615385,False,False,1. spelling corruption
S1-24699698,S2-40177601,S2,Pioneer Exports Pvt Ltd,పయనీర్ ఎక్స్‌పోర్ట్స్ ప్రైవేట్ లిమిటెడ్,"Pt 5, 6, Sy : 12 Kondapur Village, Kondapur, Hyderabad, Telangana","HYDERABAD, PT 5, తెలంగాణ, HYDERABAD",IN,IN,9.677419354838712,35.55555555555555,False,False,10. cross-script
S1-822284714,S3-737662414,S3,Tri-State Center,tristatecenter.com,"2703 Harborside Drive, Granbury, TX","Granbury, 2703 Harborside Drive, Texas",US,US,82.35294117647058,69.56521739130434,False,False,1. spelling corruption
S1-364651854,S3-30632855,S3,Tech Infotech Pvt Ltd,टेक इंफोटेक प्रा. लि.,"C/O Shri Shashi Kant Chandra Shekhar Pd. Bhagat Laxmipur, Siwan, Bihar","C/o Shri Shashi Kant Chandra Shekhar Pd. Bhagat Laxmipur, Siwan, BR",IN,IN,15.000000000000002,97.70992366412213,False,False,10. cross-script
S1-804082553,S2-237804960,S2,High Systems Pvt Ltd,हाई सिस्टम्स प्रा. लि.,"G-224-225, Iii Phase, Riico Industrial Area, Pur Road, Bhilwara, Rajasthan","G-D/224-225, PUR ROAD, BHILWARA, Rajasthan",IN,IN,15.000000000000002,68.5185185185185,False,False,10. cross-script
S1-804082553,S3-863768021,S3,High Systems Pvt Ltd,हाई Systems प्रा. लि.,"G-224-225, Iii Phase, Riico Industrial Area, Pur Road, Bhilwara, Rajasthan","G-224-225, Iii Phase, Riico Industrial Area, Pur Road, Bhilwara, राजस्थान",IN,IN,51.28205128205128,87.59124087591242,False,False,10. cross-script
S1-804082553,S3-559416791,S3,High Systems Pvt Ltd,High 5ystems Pvt Ltd,"G-224-225, Iii Phase, Riico Industrial Area, Pur Road, Bhilwara, Rajasthan","G-224-225, Iii Phase, Riico Industrial Area, Pur Road, Bhilwara, RJ",IN,IN,95.0,94.65648854961832,False,False,2. OCR corruption
S1-804082553,S2-17570673,S2,High Systems Pvt Ltd,हाई सिस्टम्स प्रा. लि.,"G-224-225, Iii Phase, Riico Industrial Area, Pur Road, Bhilwara, Rajasthan","G-D/224-225, BHILWARA, PUR ROAD, Rajasthan",IN,IN,15.000000000000002,64.81481481481481,False,False,10. cross-script
S1-804082553,S2-513698591,S2,High Systems Pvt Ltd,High सिस्टम्स Pvt Ltd,"G-224-225, Iii Phase, Riico Industrial Area, Pur Road, Bhilwara, Rajasthan","Rajasthan, G-D/224-225, III PHASE, RIICO INDUSTRIAL AREA, PUR ROAD",IN,IN,63.41463414634146,76.33587786259541,False,False,10. cross-script
S1-940876146,S2-869581884,S2,Faizabad Technologies Private Limited,Vioarcvio,"C/O Rajit Ram Verma Kushamaha Darshan Nagar Fatteypur, Faizabad, Uttar Pradesh","Uttar Pradesh, FAIZABAD, AMBEDKAR NAGAR, C/O RAJIT RAM VERMA KUSHAMAHA DARSHAN NAGAR FATTEYPUR",IN,IN,21.739130434782606,63.47305389221557,False,False,9. address variation
S1-624853788,S3-576706568,S3,Haveli Forestry Pvt Ltd,Haveli Pvt Ltd Center,"Office No 411, Fourth Floor, Kakade Bizz Icon Next To E-Square, Shivajinagar, Bhamburda, Pune, Haveli, Pune, Maharashtra","Office No 411, Haveli, MH",IN,IN,63.63636363636363,34.074074074074076,False,False,1. spelling corruption
S1-624853788,S2-660018845,S2,Haveli Forestry Pvt Ltd,Haveli Fóréstry Pvt Ltd,"Office No 411, Fourth Floor, Kakade Bizz Icon Next To E-Square, Shivajinagar, Bhamburda, Pune, Haveli, Pune, Maharashtra","BLOCK E-720 OFFICE NO 411, FOURTH FLOOR, KAKADE BIZZ ICON NEXT TO E-SQUARE, SHIVAJINAGAR, BHAMBURDA, PUNE, HAVELI, Maharashtra",IN,IN,91.30434782608697,92.64069264069263,False,False,10. cross-script
S1-914118304,S3-311013679,S3,Global Infra Private Limited,Solecto,"1St Floor Mg 3/1, Basant, Thakkar Bappa Chembur S.G, Mumbai, Maharashtra","Floor Mg 3/1, Basant, Thakkar Bappa Chembur S.g, Bombay, MH",IN,IN,22.857142857142854,84.55284552845528,False,False,9. address variation
S1-914118304,S2-270902558,S2,Global Infra Private Limited,Global Infra Pbtae Limited,"1St Floor Mg 3/1, Basant, Thakkar Bappa Chembur S.G, Mumbai, Maharashtra","NO 1ST FLOOR MG 3/1, BASANT, THAKKAR BAPPA CHEMBUR S.G, MUMBAI, महाराष्ट्र",IN,IN,88.88888888888889,82.6086956521739,False,False,1. spelling corruption
S1-914118304,S3-501808826,S3,Global Infra Private Limited,Global Infra Limited Center,"1St Floor Mg 3/1, Basant, Thakkar Bappa Chembur S.G, Mumbai, Maharashtra","Floor Mg 3/1, Basant, Thakkar Bappa Chembur S.g, Bombay, MH",IN,IN,72.72727272727273,84.55284552845528,False,False,1. spelling corruption
S1-716106407,S2-136195551,S2,Physical Therapy Medicine Center,PHYSICAL THERAPY,"4837 Aqua Drive, Bonney Lake, WA","4836 AQUA DR, BONNEY LAKE, WA",US,US,66.66666666666667,91.22807017543859,False,False,1. spelling corruption
S1-789900746,S3-492927409,S3,"Summit Freight, LLC","5ummit Freight, L.L.C.","1105 Ave D, Scottsbluff, NE","Scottsbluff, ##1105 Ave D, Nebraska",US,US,89.47368421052632,50.0,False,False,1. spelling corruption
S1-293642377,S3-804671266,S3,Patriot Pinnacle Frequency Inc,Patriot Pinnacle Fréquency Inc,"1328 Meredith Way, Clarksville, TN",,US,US,96.66666666666667,0.0,False,False,6. missing address
S1-293838942,S3-762194086,S3,Harris Sunrise LLC,Harris Snrie LLC,"6561 Kandi Avenue, Portage, IN","Kandi Ave, null, Porrtage CITY, Indiana",US,US,94.11764705882352,68.75,False,False,9. address variation
S1-299634847,S2-721281170,S2,Green Sree Foundation Pvt Ltd,ग्रीन श्री फाउंडेशन प्रा. लि.,"G-1-9, Iid Center Kaladas Industrial Area, Udaipur, Rajasthan","G-1-9, IID CENTER KALADAS INDUSTRIAL AREA, UDAIPUR, राजस्थान",IN,IN,14.28571428571429,85.21739130434783,False,False,10. cross-script
S1-299634847,S3-356929231,S3,Green Sree Foundation Pvt Ltd,ग्रीन श्री फाउंडेशन प्रा. लि.,"G-1-9, Iid Center Kaladas Industrial Area, Udaipur, Rajasthan","Plot 753 G-1-9, Iid Center Kaladas Industrial Area, Udaipur, RJ",IN,IN,14.28571428571429,86.4406779661017,False,False,10. cross-script
S1-719801429,S3-339372303,S3,Pediatric Dental Legacy Associates,Pediatric Dental-Legacy,"3398 000 Road, Herscher, IL",,US,US,80.70175438596492,0.0,False,False,6. missing address
S1-511882403,S2-797070893,S2,Shree Builders Private Limited,श्री बिल्डर्स प्राइवेट लिमिटेड,"B-19, Sector-A Mahanagar, Lucknow, Uttar Pradesh","B-19, SECTOR-A MAHANAGAR, LUCKNOW, उत्तर प्रदेश",IN,IN,9.999999999999998,74.15730337078652,False,False,10. cross-script
S1-511882403,S3-272885418,S3,Shree Builders Private Limited,श्री बिल्डर्स प्राइवेट लिमिटेड,"B-19, Sector-A Mahanagar, Lucknow, Uttar Pradesh","B-19, Sector-a Mahanagar, Lucknow, UP",IN,IN,9.999999999999998,86.07594936708861,False,False,10. cross-script
S1-2921835,S3-485778279,S3,Womens Health Legacy Care Associates LLC,Xylonyla,"De Witt, 11 Watertree Drive, NY","##11 Watertree Drive, E. Syrause, New York",US,US,16.666666666666664,63.63636363636363,False,False,9. address variation
S1-2921835,S3-505992692,S3,Womens Health Legacy Care Associates LLC,Womens Health Lgecay Care Associates LLC,"De Witt, 11 Watertree Drive, NY","E. Syrause, ##11 Watertree Drive, New York",US,US,95.0,72.72727272727273,False,False,9. address variation
S1-569139778,S3-644787053,S3,Valdez Choice Virtus,Pyradova,"29 Whitehall Circle, Elkton, MD","Whitehall Circle, Elkton, Maryland",US,US,28.57142857142857,85.24590163934427,False,False,9. address variation
S1-554508075,S3-842431992,S3,Ahmednagar Builders,Ahmednagar Center,"Flat. No. 3, Plot. No. 97 A, S. No.87 A, Kavijung Nagar, Gulmohar Road, Ahmednagar, Ahmednagar, Maharashtra","#3, MH, Mumbai, Plot. No. 97 A, S. No.87 A, Kavijung Nagar, Gulmohar Road, Ahmednagar, Ahmednagar",IN,IN,72.22222222222221,84.44444444444444,False,False,1. spelling corruption
S1-554508075,S3-928625609,S3,Ahmednagar Builders,Ahmednagar Búilders LLP,"Flat. No. 3, Plot. No. 97 A, S. No.87 A, Kavijung Nagar, Gulmohar Road, Ahmednagar, Ahmednagar, Maharashtra","Mumbai, Plot. No. 97 A, S. No.87 A, Kavijung Nagar, Gulmohar Road, Ahmednagar, Ahmednagar, Door No 3, MH",IN,IN,85.71428571428572,82.97872340425532,False,False,10. cross-script
S1-554508075,S2-742932698,S2,Ahmednagar Builders,Ahmednagar Builders | www.ahmednagar.com,"Flat. No. 3, Plot. No. 97 A, S. No.87 A, Kavijung Nagar, Gulmohar Road, Ahmednagar, Ahmednagar, Maharashtra","#3 , PLOT. NO. 97 A, S. NO.87 A, KAVIJUNG NAGAR, GULMOHAR ROAD, AHMEDNAGAR, AHMEDNAGAR, Maharashtra",IN,IN,66.66666666666667,95.6043956043956,False,False,1. spelling corruption
S1-201936596,S2-324003674,S2,Regional Apparel Works LLC,Regional Apparel Wórks LLC,"17 Sunset Ridge Drive, Wilson's Mills, NC","SUNSET RIDGE DRIVE, WILSON'S MILLS, NC",US,US,96.15384615384616,96.0,False,False,10. cross-script
S1-201936596,S3-142193709,S3,Regional Apparel Works LLC,Regional Apparel,"17 Sunset Ridge Drive, Wilson's Mills, NC","North Carolina, Sunset Ridge Drive, Wilson'S Mills",US,US,76.19047619047619,78.16091954022988,False,False,1. spelling corruption
S1-449563216,S3-899218221,S3,Atlantic Great Pelican,atlanticgreatpelican.com,"665 Saco Street, Unit Lot 49, Westbrook, ME","0338 Saco Street, Westbrook, Maine",US,US,86.95652173913044,69.44444444444444,False,False,1. spelling corruption
S1-755180880,S3-283721740,S3,A Optimal Therapeutics P.C.,P.C. A Optimal Thérapeutics,"4897 Sand Lake Road, Town Of Sand Lake, WI","Town Of Sand Lake, Wisconsin, 4897 Sand Lake Rd",US,US,80.76923076923077,58.82352941176471,False,False,10. cross-script
S1-643862502,S3-570248339,S3,First Agro Private Limited,ഫസ്റ്റ് അഗ്രോ പ്രൈവറ്റ് ലിമിറ്റഡ്,"Kozhikode, Kp 21/313 C, Markaz Law College Markaz Knowledge City, Kannoth (Po), Kerala, Kozhikode","Kp 21/313 C, Kozhikode, Keralam",IN,IN,10.169491525423723,43.69747899159664,False,False,10. cross-script
S1-643862502,S2-894498897,S2,First Agro Private Limited,ഫസ്റ്റ് അഗ്രോ പ്രൈവറ്റ് ലിമിറ്റഡ്,"Kozhikode, Kp 21/313 C, Markaz Law College Markaz Knowledge City, Kannoth (Po), Kerala, Kozhikode","KP 21/313 C, KOZHIKODE, കേരളം",IN,IN,10.169491525423723,35.89743589743589,False,False,10. cross-script
S1-491896418,S3-173422945,S3,Innovative Properties Private Limited,Innovative Private Limited Partners,"4Th Floor, Bells House 10A H0-Chi-Minh Sarani, Kolkata, Kolkata, Howrah, West Bengal","4Th Floor, Kolkata, Howrah, WB",IN,IN,72.22222222222221,50.943396226415096,False,False,1. spelling corruption
S1-491896418,S3-540339463,S3,Innovative Properties Private Limited,Shri Innovative Properties Private Ltd,"4Th Floor, Bells House 10A H0-Chi-Minh Sarani, Kolkata, Kolkata, Howrah, West Bengal","Door No 4Th Floor, Bells House 10A H0-chi-minh Sarani, Kolkata, Kolkata, Howrah, পশ্চিমবঙ্গ",IN,IN,88.0,82.42424242424242,False,False,1. spelling corruption
S1-491896418,S3-428010751,S3,Innovative Properties Private Limited,Innovative Pormpebmltrioes Private Limited,"4Th Floor, Bells House 10A H0-Chi-Minh Sarani, Kolkata, Kolkata, Howrah, West Bengal","4Th Floor, Kolkata, Howrah, WB",IN,IN,88.60759493670886,50.943396226415096,False,False,1. spelling corruption
S1-260370532,S2-646606403,S2,Good Global Private Limited,गुड ग्लोबल प्राइवेट लिमिटेड,"43 Second Floor Bhera Enclave Paschim Vihar, New Delhi, Delhi","DOOR NO 43 SECOND FLOOR BHERA ENCLAVE PASCHIM VIHAR, NEW DELHI, Delhi",IN,IN,11.111111111111116,93.65079365079364,False,False,10. cross-script
S1-260370532,S2-528593907,S2,Good Global Private Limited,6OOD  GLOBAL PRIVATE LIMITED,"43 Second Floor Bhera Enclave Paschim Vihar, New Delhi, Delhi","H.NO 43 SECOND FLOOR BHERA ENCLAVE PASCHIM VIHAR, NEW DELHI, Delhi",IN,IN,96.2962962962963,95.9349593495935,False,False,9. address variation
S1-260370532,S2-482935763,S2,Good Global Private Limited,गुड ग्लोबल प्राइवेट लिमिटेड,"43 Second Floor Bhera Enclave Paschim Vihar, New Delhi, Delhi","DOOR NO 43 SECOND FLOOR BHERA ENCLAVE PASCHIM VIHAR, NEW DELHI, दिल्ली",IN,IN,11.111111111111116,85.03937007874016,False,False,10. cross-script
S1-877125510,S2-371505088,S2,Hall Apex Battery PC,Kelomiralum,"8901 Elm Street, Willowbrook, IL","IL, LYONS TWP, ELM STREET",US,US,12.903225806451612,41.509433962264154,False,False,11. other
S1-515454024,S3-176749339,S3,Goldy's Excavation LLC,@Goldysexcavation,"Huntsville, 6002 Macon Court, AL","6002 Macon Ct, Huntsville, Alabama",US,US,84.21052631578947,54.83870967741935,False,False,1. spelling corruption
S1-704244230,S2-919429982,S2,Colonial Project LLC,COLONIAL LLC SERVICES,"VA, Norfolk City, 950 Woodrow Avenue","950 WOODROW AVENUE, NORFOLK, VA",US,US,58.53658536585367,57.14285714285714,False,False,9. address variation
S1-704244230,S3-66973734,S3,Colonial Project LLC,Colonial Project,"VA, Norfolk City, 950 Woodrow Avenue","950 Woodrow Avenue, Norfolk Township, Virginia",US,US,88.88888888888889,46.15384615384615,False,False,1. spelling corruption
S1-620514860,S3-321525267,S3,Trading Shree Services Private Limited,Trading Shree Services Private [Limited] | www.tradingsh.com,"Mohammadpur Khansa Road, Gurgaon, Basai Road, Gurgaon, Haryana","Mohammadpur Khansa Road, Basai Road, HR",IN,IN,80.85106382978724,77.89473684210526,False,False,1. spelling corruption
S1-711096871,S2-797429309,S2,"Interstate Apollo, LLC","INTERSTATE APOLLO,","Dawson, 2784 Dawson Road, IL","2784. DAWSON RD, DAWSON, IL",US,US,89.47368421052632,68.0,False,False,1. spelling corruption
S1-711096871,S3-896347664,S3,"Interstate Apollo, LLC","Interstate Alpmll, LLC","Dawson, 2784 Dawson Road, IL","2784- Dawson Rd, Dawson, Illinois",US,US,90.47619047619048,60.71428571428572,False,False,9. address variation
S1-857540374,S3-148278132,S3,Great Interstate Biopharma LLC,(Center) Great Biopharma LLC,"148 95th Street, Chicago, IL","Illinois, 148 95rd St, Chicago",US,US,75.0,62.96296296296296,False,False,1. spelling corruption
S1-857540374,S2-773609991,S2,Great Interstate Biopharma LLC,Great Intersabhe Biopharma LLC,"148 95th Street, Chicago, IL","150 95TH ST, CHICAGO, IL",US,US,93.33333333333333,83.33333333333334,False,False,9. address variation
S1-857540374,S2-37347268,S2,Great Interstate Biopharma LLC,GREAT INTERSTATE BIOPHARMA LLC | www.greatinte.com,"148 95th Street, Chicago, IL","150 95TH ST, CHICAGO, IL",US,US,76.92307692307692,83.33333333333334,False,False,1. spelling corruption
S1-13095934,S3-28318375,S3,Dynamic Digital Pvt Ltd,M/s #dynamicdigital,"43 Amrut Keshavnaik Marg Fort, Mumbai, Maharashtra","No 43 Amrut Keshavnaik Marg Fort, Bombay, Mumbai, MH",IN,IN,68.29268292682926,80.41237113402062,False,False,1. spelling corruption
S1-13095934,S2-202352792,S2,Dynamic Digital Pvt Ltd,Shri Dynamic Digita1 Pvt Ltd.,"43 Amrut Keshavnaik Marg Fort, Mumbai, Maharashtra","NO G-43 AMRUT KESHAVNAIK MARG FORT, MUMBAI, Maharashtra",IN,IN,86.27450980392157,95.04950495049505,False,False,1. spelling corruption
S1-297614245,S3-182374422,S3,Om Investments Private Limited,Om Invgstments Private Limited,"Nellore, No.21, Andhra Pradesh, Trunk Road, Rangasai Complex, 15-326-1, A C Centre","H.no 21, Trunk Road, Nellore, AP",IN,IN,96.66666666666667,43.80952380952381,False,False,11. other
S1-297614245,S2-852545396,S2,Om Investments Private Limited,ఓం ఇన్వెస్ట్‌మెంట్స్ ప్రైవేట్ లిమిటెడ్,"Nellore, No.21, Andhra Pradesh, Trunk Road, Rangasai Complex, 15-326-1, A C Centre","NO.21, ఆంధ్రప్రదేశ్, SPSR NELLORE, RANGASAI COMPLEX, 15-326-1, A C CENTRE",IN,IN,8.823529411764708,68.05555555555556,False,False,10. cross-script
S1-297614245,S3-516100439,S3,Om Investments Private Limited,ఓమ్ ఇన్వెస్ట్‌మెంట్స్ ప్రైవేట్ లిమిటెడ్,"Nellore, No.21, Andhra Pradesh, Trunk Road, Rangasai Complex, 15-326-1, A C Centre","No.21, Trunk Road, ఆంధ్రప్రదేశ్",IN,IN,8.695652173913048,32.38095238095238,False,False,10. cross-script
S1-391669096,S2-796930743,S2,Davis Edp Inc,DAVIS  INC CENTER,"2467 Peachtree Road, Unit 9, Atlanta, GA","002467 PEACHTREE RD, ATLANTA, GA",US,US,62.06896551724138,83.5820895522388,False,False,1. spelling corruption
S1-439360847,S3-944950351,S3,Moradabad Homes LLP,Moradabad Harfmms LLP,"A-33, Ramganga Vihar Phase-I, Moradabad, Uttar Pradesh","#665 A-33, Ramganga Vihar Phase-i, Moradabad, UP",IN,IN,85.0,84.21052631578947,False,False,1. spelling corruption
S1-439360847,S3-403605533,S3,Moradabad Homes LLP,Moradabad Hmohis LLP,"A-33, Ramganga Vihar Phase-I, Moradabad, Uttar Pradesh","Door No #665 A-33, Ramganga Vihar Phase-i, Moradabad, UP",IN,IN,87.17948717948718,77.66990291262135,False,False,1. spelling corruption
S1-439360847,S3-912237500,S3,Moradabad Homes LLP,Moradabad Htmmes LLP,"A-33, Ramganga Vihar Phase-I, Moradabad, Uttar Pradesh","#665 A-33, Ramganga Vihar Phase-i, Moradabad, UP",IN,IN,92.3076923076923,84.21052631578947,False,False,9. address variation
S1-822763297,S3-513556276,S3,Marino Qdro,Marino Center Center,"14508 Des Plaines Street, Harvey, IL","Des Plaines St, Harvey, Illinois",US,US,51.61290322580645,75.0,False,False,9. address variation
S1-353141995,S3-948611291,S3,Delta Health Center,Delta Héalth Center,"2132 Ridge Road, Town Of Turtle, WI","Wisconsin, Town Of Turtle, 2132d Ridge Rd",US,US,94.73684210526316,52.77777777777778,False,False,10. cross-script
S1-353141995,S3-659694821,S3,Delta Health Center,Ciranex,"2132 Ridge Road, Town Of Turtle, WI","2132d Ridge Rd, Town Of Turtle, Wisconsin",US,US,23.076923076923073,86.11111111111111,False,False,9. address variation
S1-607955269,S2-961838251,S2,Bailey and Leu Otg PC,blotg.com,"9852 Dartmouth Way, Loveland, OH","852 DARTMOUTH WAY, LOVELAND, OH",US,US,46.666666666666664,98.30508474576271,False,False,9. address variation
S1-43122719,S3-159941644,S3,Erode Solution Private Limited,Erode Solution Private Límited,"No2A, Vivekanandar Salai, Nasiyanoor Road, Erode, Tamil Nadu","No 2A, Erode, TN",IN,IN,96.66666666666667,37.142857142857146,False,False,10. cross-script
S1-850440555,S3-308453781,S3,Gold Seven Infotech Private Limited,गोल्ड सेवन इंफोटेक प्राइवेट लिमिटेड,"122, 12Th Floor, Plot No. 100, Persepolise Buidling, G D Somani Marg, Cuffe Parade, Mumbai, Maharashtra","Mumbai, 47 122, MH",IN,IN,11.428571428571432,16.216216216216218,False,False,10. cross-script
S1-938969575,S3-709589808,S3,Garner Express Ellington Inc,Garner Epxsr Ellington Inc,"392 N Lyman Street, Wadsworth City, OH","Ohio, ##392 N Lyman Street, Wadsworth City",US,US,88.88888888888889,89.1891891891892,False,False,1. spelling corruption
S1-410195779,S3-905186147,S3,First Equity Labs LLC,LLC First Equity Lfshb,"South Middleton Township, PA, 101 Forge Road","101 Forge Rd, PMB 6264, South Middleton Township, Pennsylvania",US,US,69.76744186046511,55.44554455445545,False,False,1. spelling corruption
S1-410195779,S3-12045620,S3,First Equity Labs LLC,First Equity Labs,"South Middleton Township, PA, 101 Forge Road","101 Forge Road, South Middleton Township, Pennsylvania",US,US,89.47368421052632,59.57446808510638,False,False,1. spelling corruption
S1-969435654,S2-211499931,S2,Dynamic Marketing Private Limited,Dynamic मार्केटिंग प्राइवेट लिमिटेड,"Sant Kutir Plot No 500Linking Road Khar West, Mumbai, Maharashtra","SANT KUTIR PLOT NO 500LINKING ROAD KHAR WEST, MUMBAI, महाराष्ट्र",IN,IN,29.411764705882348,83.2,False,False,10. cross-script
S1-969435654,S3-522191917,S3,Dynamic Marketing Private Limited,डायनामिक Marketing Private Limited,"Sant Kutir Plot No 500Linking Road Khar West, Mumbai, Maharashtra","Sant Kutir Plot No 500Linking/6 Road Khar West, Mumbai, महाराष्ट्र",IN,IN,77.61194029850746,81.88976377952756,False,False,10. cross-script
S1-969435654,S2-464928742,S2,Dynamic Marketing Private Limited,डायनामिक मार्केटिंग प्राइवेट लिमिटेड,"Sant Kutir Plot No 500Linking Road Khar West, Mumbai, Maharashtra","SANT KUTIR PLOT NO 500LINKING ROAD KHAR WEST, GREATER MUMBAI, MUMBAI, Maharashtra",IN,IN,8.695652173913048,89.36170212765957,False,False,10. cross-script
S1-563778846,S2-946380737,S2,Dermatology Partners Inc.,Dermatology  Partners,"525 Brown Road, Mesa, AZ","BROWN ROAD, MESA, AZ",US,US,90.9090909090909,90.0,False,False,9. address variation
S1-296562591,S3-116885649,S3,Sapphire,Sápphire,"5 Louella Drive, Plymouth Township, PA","5 Louella Dr, Plymouth Township, Pennsylvania",US,US,87.5,83.54430379746836,False,True,10. cross-script
S1-215417574,S3-451310385,S3,Foot & Ankle Physicians LLC,Foot & Ankle  LLC Partners,"1525 300, Peru, IN","1525d 300, PEU CDP, Indiana",US,US,67.85714285714286,73.17073170731707,False,False,1. spelling corruption
S1-215417574,S3-139537309,S3,Foot & Ankle Physicians LLC,Foot & Ankle Physicians,"1525 300, Peru, IN","1525d 300, PEU CDP, Indiana",US,US,92.5925925925926,73.17073170731707,False,False,9. address variation
S1-215417574,S3-852415091,S3,Foot & Ankle Physicians LLC,Foot & Ank1e Physicians LLC Foundation,"1525 300, Peru, IN","Indiana, 1525D 300, PEU CDP",US,US,81.15942028985508,63.41463414634146,False,False,1. spelling corruption
S1-63478184,S2-77321943,S2,Nagpur Solar Private Limited,NAGPUR SOLAR,"Plot No.2437/C/35, 36, 37, 38, Wanjri Layout, Nagpur, Maharashtra","DOOR NO 2437/C/35/4 , 36, 37, 38, WANJRI LAYOUT, NAGPUR, महाराष्ट्र",IN,IN,60.0,75.63025210084034,False,False,1. spelling corruption
S1-63478184,S3-430037718,S3,Nagpur Solar Private Limited,Nagpur Private-Limited Center,"Plot No.2437/C/35, 36, 37, 38, Wanjri Layout, Nagpur, Maharashtra","Plot No.2437/c/35, Nagpur, MH",IN,IN,77.19298245614034,62.7906976744186,False,False,1. spelling corruption
S1-63478184,S2-872487692,S2,Nagpur Solar Private Limited,Nagpur Private Limited Partners,"Plot No.2437/C/35, 36, 37, 38, Wanjri Layout, Nagpur, Maharashtra","2437/C/35/4 , 36, 37, 38, WANJRI LAYOUT, NAGPUR, Maharashtra",IN,IN,74.57627118644068,91.07142857142857,False,False,1. spelling corruption
S1-501897365,S3-801978532,S3,Ellis's Frontier Healthcare,ellissfrontierhealthcare.com,"3850 Hickory Grove Lane, Frisco, TX","3850 Hickry Grove Lane, Texas, Frisco",US,US,87.27272727272728,85.29411764705883,False,True,1. spelling corruption
S1-48531458,S2-24418633,S2,"Orthopedic Select Medicine, LLC","Orthopedic Sélect Medicine, LLC","4323 Irvington Road, Irvington Town, VA","004323 IRVINGTON ROAD, IRVINGTON TOWN, VA",US,US,96.66666666666667,97.36842105263158,False,False,10. cross-script
S1-48531458,S2-47380487,S2,"Orthopedic Select Medicine, LLC","Orthopedic Select Medicine, Llc (ID: 53232)","4323 Irvington Road, Irvington Town, VA","004323 IRVINGTON RD, IRVINGTON TOWN, VA",US,US,86.95652173913044,94.5945945945946,False,False,1. spelling corruption
S1-510188523,S2-75349754,S2,Gujarat Hari Technology Private Limited,Ciraorbi,"326, Ground Floor, Raghuleela Mega Mall, Behind Poisar Depot, S. V.Road, Kandivali (West, ), Mumbai, Mumbai City, Maharashtra","DOOR NO 5-23 326, GROUND FLOOR, RAGHULEELA MEGA MALL, BEHIND POISAR DEPOT, S. V.ROAD, KANDIVALI (WEST, ), MUMBAI, MUMBAI CITY, Maharashtra",IN,IN,21.276595744680847,94.51476793248945,False,False,9. address variation
S1-510188523,S3-383869600,S3,Gujarat Hari Technology Private Limited,Gujarat Hári Technology Private Limited,"326, Ground Floor, Raghuleela Mega Mall, Behind Poisar Depot, S. V.Road, Kandivali (West, ), Mumbai, Mumbai City, Maharashtra","##326, Ground Floor, Raghuleela Mega Mall, Behind Poisar Depot, S. V.road, Kandivali (West, ), Mumbai City, Bombay, MH",IN,IN,97.43589743589743,90.23255813953487,False,False,10. cross-script
S1-510188523,S2-309770005,S2,Gujarat Hari Technology Private Limited,गुजरात हरि टेक्नोलॉजी प्राइवेट लिमिटेड,"326, Ground Floor, Raghuleela Mega Mall, Behind Poisar Depot, S. V.Road, Kandivali (West, ), Mumbai, Mumbai City, Maharashtra","5-23 326, GROUND FLOOR, RAGHULEELA MEGA MALL, BEHIND POISAR DEPOT, S. V.ROAD, KANDIVALI (WEST, ), MUMBAI, MUMBAI CITY, Maharashtra",IN,IN,10.389610389610393,97.81659388646288,False,False,10. cross-script
S1-510188523,S2-162736942,S2,Gujarat Hari Technology Private Limited,gujaratharitechnology.com,"326, Ground Floor, Raghuleela Mega Mall, Behind Poisar Depot, S. V.Road, Kandivali (West, ), Mumbai, Mumbai City, Maharashtra","DOOR NO 5-23 326, GROUND FLOOR, RAGHULEELA MEGA MALL, BEHIND POISAR DEPOT, S. V.ROAD, KANDIVALI (WEST, ), MUMBAI, महाराष्ट्र",IN,IN,71.875,79.46428571428572,False,False,1. spelling corruption
S1-883222007,S2-793383575,S2,Park and Wurst LLC,Nylaarcbrix,"Lenox, NY, 8201 Lewis Point Road","NY, LENOX, LEWIS POINT ROAD",US,US,27.586206896551722,80.0,False,False,9. address variation
S1-890860217,S3-594658031,S3,Lewis's Consulting,lewissconsulting.com,"873 Oneida Street, Fulton, NY","869 Oneida Street, Fulton, New York",US,US,84.21052631578947,83.33333333333334,False,False,1. spelling corruption
S1-418199762,S3-453708551,S3,Life Investments,Life இன்வெஸ்ட்மெண்ட்ஸ்,"139, Third Floor, Angappa Naicken Street, Chennai, Tamil Nadu","Chennai, Third Floor, #1-206 139, TN, Angappa Naicken Street",IN,IN,26.315789473684216,62.5,False,False,10. cross-script
S1-418199762,S3-874983718,S3,Life Investments,லைஃப் இன்வெஸ்ட்மெண்ட்ஸ்,"139, Third Floor, Angappa Naicken Street, Chennai, Tamil Nadu","1-206 139, Third Floor, Angappa Naicken Street, Chennai, TN",IN,IN,5.128205128205132,87.5,False,False,10. cross-script
S1-560228765,S3-355881454,S3,Continental Industries,Continental Services,"327 Aurora Hudson Road, Aurora, OH","32 Aurora Hudson Rd, Aurora, Ohio",US,US,80.95238095238095,92.06349206349206,False,False,1. spelling corruption
S1-560228765,S3-987407781,S3,Continental Industries,Continental [Center],"327 Aurora Hudson Road, Aurora, OH","32 Aurora Hudson Road, Aurora, Ohio",US,US,75.0,95.38461538461537,False,False,1. spelling corruption
S1-438665752,S3-795961218,S3,Scholarship Initiative LLC,Scholarship LLC Service,"31 Powder House Road, Medford, MA","Medford, Powder House Rd, Massachusetts",US,US,61.224489795918366,55.88235294117647,False,False,1. spelling corruption
S1-250165831,S3-24544019,S3,Aditya Foods Private Limited,Aditya Fods  Private Limited,"Matawali Gali Johripur, Delhi, C-5, Shahdara","C-5, Delhi, Shahdara, DL",IN,IN,98.18181818181819,51.61290322580645,False,False,9. address variation
S1-250165831,S2-58696038,S2,Aditya Foods Private Limited,आदित्य फूड्स प्राइवेट लिमिटेड,"Matawali Gali Johripur, Delhi, C-5, Shahdara","C-5, SHAHDARA, DELHI",IN,IN,10.526315789473683,40.67796610169492,False,False,10. cross-script
S1-70353671,S2-581732288,S2,Krishna Enterprises Private Limited,कृष्णा एंटरप्राइजेज प्राइवेट लिमिटेड,"Plot No. 49, Basement, Near Moga Colony, Sector 69, Badshahpur, Gurgaon, Haryana","#49, BASEMENT, NEAR MOGA COLONY, SECTOR 69, BADSHAHPUR, GURGAON, हरियाणा",IN,IN,8.450704225352112,84.05797101449275,False,False,10. cross-script
S1-70353671,S3-574163356,S3,Krishna Enterprises Private Limited,krishnaenterprises.c0m,"Plot No. 49, Basement, Near Moga Colony, Sector 69, Badshahpur, Gurgaon, Haryana","#49, Badshahpur, Gurgaon, HR",IN,IN,70.17543859649122,49.48453608247423,False,False,1. spelling corruption
S1-268398726,S2-325412270,S2,Ellis Harbor Housing,Ellis Harbor,"851 Eastgate Drive S, Cincinnati, OH","EASTGATE DRIVE SOUTH, CINCINNATI, OH",US,US,75.0,88.23529411764706,False,False,1. spelling corruption
S1-375227094,S3-696680177,S3,Hindustan Estate Pvt. Ltd.,Hindustan Pvt. Ltd. Sérvices,"Plot No.2A, First Floor, Kh 294, Kehar Singh State, Saidulajab, Village Lane-2, Delhi, South Delhi, Delhi","2A, First Floor, Kh 294, Kehar Singh State, Saidulajab, Village Lane-2, South West Delhi, South Delhi, दिल्ली",IN,IN,68.0,84.84848484848484,False,False,10. cross-script
S1-375227094,S2-150912241,S2,Hindustan Estate Pvt. Ltd.,Smt HINDUSTAN ESTATE,"Plot No.2A, First Floor, Kh 294, Kehar Singh State, Saidulajab, Village Lane-2, Delhi, South Delhi, Delhi","H.NO #2A , FIRST FLOOR, KH 294, KEHAR SINGH STATE, SAIDULAJAB, VILLAGE LANE-2, DELHI, दिल्ली",IN,IN,72.72727272727273,84.44444444444444,False,False,1. spelling corruption
S1-887503575,S3-616153473,S3,FN Builders Co,FN Co (Center),"Ag-1/190Avikas Puri, New Delhi, West Delhi, Delhi","West Delhi, New Delhi, दिल्ली, Ag-1/190avikas Puri",IN,IN,38.46153846153846,40.86021505376344,False,False,11. other
S1-829703958,S3-447463096,S3,Unified Seafood LLC,Unified  Seafood,"Columbus, 5330 Newport Road, OH","5330 Newport Rd, Ohio, Columbus",US,US,88.23529411764706,62.06896551724138,False,False,1. spelling corruption
S1-829703958,S3-160910342,S3,Unified Seafood LLC,Unified Seafood,"Columbus, 5330 Newport Road, OH","5330 Newport Road, Columbus, Ohio",US,US,88.23529411764706,66.66666666666667,False,False,1. spelling corruption
S1-829703958,S3-834949098,S3,Unified Seafood LLC,Unified Seafood,"Columbus, 5330 Newport Road, OH","5330 Newport Road, Columbus, Ohio",US,US,88.23529411764706,66.66666666666667,False,False,1. spelling corruption
S1-202642129,S3-271749833,S3,@ Style 5 All Clinic,@ Sty1e 5,"1309 Clara Avenue, Joliet, IL","Illinois, Incorporated, 1309 Clara Avenue",US,US,48.0,51.515151515151516,False,False,9. address variation
S1-122545062,S3-226986764,S3,Vision Group,Vrson Group,"6854 81, Runge, TX","Runge, Texas, 6854 81",US,US,86.95652173913044,45.714285714285715,False,False,1. spelling corruption
S1-7150008,S2-932385278,S2,KR Battery LLC,KR  LLC PARTNERS,"22 Montclair Street, Springfield, MA","1 MONTCLAIR ST, SPRINGFIELD, MA",US,US,48.275862068965516,88.88888888888889,False,False,9. address variation
S1-515905117,S3-759896125,S3,"Conley, Albrecht and Silva Plus LLC",Dovaaria,"1955 Newman Place, GA, Atlanta","Atl, Georgia, 7955 Newman Place",US,US,23.809523809523814,56.14035087719298,False,False,9. address variation
S1-354789548,S2-920023858,S2,First Investment Private Limited,फर्स्ट इन्वेस्टमेंट प्राइवेट लिमिटेड,"12, 2Nd Floor, Pushpakshri Society, Chikanghar, Kalyan, Thane, Maharashtra","#167 12, 2ND FLOOR, PUSHPAKSHRI SOCIETY, CHIKANGHAR, KALYAN, THANE, महाराष्ट्र",IN,IN,8.823529411764708,82.01438848920863,False,False,10. cross-script
S1-354789548,S2-685840500,S2,First Investment Private Limited,FIR5T INVESTMENT PRIVATE LTD,"12, 2Nd Floor, Pushpakshri Society, Chikanghar, Kalyan, Thane, Maharashtra","NO. 167 12, 2ND FLOOR, PUSHPAKSHRI SOCIETY, CHIKANGHAR, KALYAN, महाराष्ट्र",IN,IN,90.0,75.0,False,False,9. address variation
S1-354789548,S2-583756084,S2,First Investment Private Limited,फर्स्ट इन्वेस्टमेंट प्राइवेट लिमिटेड,"12, 2Nd Floor, Pushpakshri Society, Chikanghar, Kalyan, Thane, Maharashtra","THANE, Maharashtra, KALYAN, NO. 167 12, 2ND FLOOR, PUSHPAKSHRI SOCIETY, CHIKANGHAR",IN,IN,8.823529411764708,60.13986013986015,False,False,10. cross-script
S1-416553798,S3-850681811,S3,Georgette's Textiles Associates,Georgettestextilesassociates.Com,"306 Main Street, Unit 10, Melrose, MA","291 Main Street, Unit 10, Melrose, Massachusetts",US,US,88.88888888888889,78.48101265822784,False,False,1. spelling corruption
S1-855800198,S2-217360376,S2,Raj Ss Engineering Private Limited,राज एसएस इंजीनियरिंग प्राइवेट लिमिटेड,"Maharashtra, 635, Bl. A-1 Gala No. 09 Pimplas T.M. Developers Complex, Bhiwandi, Thane","635, THANE, Maharashtra",IN,IN,11.267605633802813,28.000000000000004,False,False,10. cross-script
S1-855800198,S2-51486160,S2,Raj Ss Engineering Private Limited,राज एसएस इंजीनियरिंग प्राइवेट लिमिटेड,"Maharashtra, 635, Bl. A-1 Gala No. 09 Pimplas T.M. Developers Complex, Bhiwandi, Thane","635, THANE, Maharashtra",IN,IN,11.267605633802813,28.000000000000004,False,False,10. cross-script
S1-209412022,S3-880214943,S3,VM Tirupati Private Limited,Vtprivate.Com,"No.19/2, Renganathan Garden, 15Th Main Road, Anna Nagar, Chennai, Tamil Nadu","No.17/2, Chennai, TN",IN,IN,55.00000000000001,38.20224719101124,False,False,3. transliteration
S1-166270898,S2-223402412,S2,Emerging College,Mr Emerging Center,"Nilaj, Nagpur, Nilaj Nilaj Nilaj, Maharashtra","NILAJ NILAJ NILAJ, NILAJ, Maharashtra",IN,IN,70.58823529411764,90.9090909090909,False,False,1. spelling corruption
S1-166270898,S2-279946399,S2,Emerging College,Emerging Services,"Nilaj, Nagpur, Nilaj Nilaj Nilaj, Maharashtra","Maharashtra, NILAJ NILAJ NILAJ, NILAJ",IN,IN,66.66666666666667,59.74025974025974,False,False,1. spelling corruption
S1-166270898,S3-620717257,S3,Emerging College,Dr Emerging College,"Nilaj, Nagpur, Nilaj Nilaj Nilaj, Maharashtra","Nilaj Nilaj Nilaj, Nilaj, Nagpur, MH",IN,IN,91.42857142857143,72.0,False,False,9. address variation
S1-166270898,S2-947698723,S2,Emerging College,Emerging Center,"Nilaj, Nagpur, Nilaj Nilaj Nilaj, Maharashtra","NILAJ NILAJ NILAJ, NILAJ, महाराष्ट्र",IN,IN,77.41935483870968,63.1578947368421,False,False,1. spelling corruption
S1-166270898,S3-399576858,S3,Emerging College,Emerging Services,"Nilaj, Nagpur, Nilaj Nilaj Nilaj, Maharashtra","Nilaj, Nilaj Nelaj Nilaj, Nagpur, महाराष्ट्र",IN,IN,66.66666666666667,60.24096385542168,False,False,1. spelling corruption
S1-395465296,S3-783618236,S3,Family Ace Group,Falisyl Ace Group,"260 Walnut Lane, Stanton, KY","00260 Walnut Ln, Stanton, Kentucky",US,US,84.84848484848484,82.75862068965517,False,False,1. spelling corruption
S1-90863702,S3-968260117,S3,Dynamic Ventures Private Limited,డైనమిక్ వెంచర్స్ ప్రైవేట్ లిమిటెడ్,"Plot No 33 Sy No 264/Phase 1 Ida Jeedimetla, Quthbullapur, Rangareddy, Telangana","Plot No 33 Sy No 264/Phase 1 Ida Jeedimetla, Quthbullapur, Rangareddy, TG",IN,IN,9.090909090909093,95.23809523809523,False,False,10. cross-script
S1-90863702,S3-674002700,S3,Dynamic Ventures Private Limited,Mr Dynamic Ventures,"Plot No 33 Sy No 264/Phase 1 Ida Jeedimetla, Quthbullapur, Rangareddy, Telangana","No 33 Sy No 264/Phase 1 Ida Jeedimetla, Quthbullapur, Rangareddy, TG",IN,IN,62.745098039215684,91.54929577464789,False,False,1. spelling corruption
S1-90863702,S2-484931027,S2,Dynamic Ventures Private Limited,Dynamic Ventures ప్రైవేట్ లిమిటెడ్,"Plot No 33 Sy No 264/Phase 1 Ida Jeedimetla, Quthbullapur, Rangareddy, Telangana","PLOT NO 33 SY NO 264/PHASE 1 IDA JEEDIMETLA, QUTHBULLAPUR, తెలంగాణ",IN,IN,54.54545454545454,80.85106382978724,False,False,10. cross-script
S1-90863702,S2-501808460,S2,Dynamic Ventures Private Limited,డైనమిక్ వెంచర్స్ ప్రైవేట్ లిమిటెడ్,"Plot No 33 Sy No 264/Phase 1 Ida Jeedimetla, Quthbullapur, Rangareddy, Telangana","PLOT NO 33 SY NO 264/PHASE 1 IDA JEEDIMETLA, QUTHBULLAPUR, HYDERABAD, Telangana",IN,IN,9.090909090909093,92.81045751633987,False,False,10. cross-script
S1-17584200,S3-968333866,S3,"Reliable Frontier Realty, LLC","Reliable Frontier Rladilg, LLC","154 Broadturn Road, Scarborough, ME","#154 Broadturn Rd, Scarborough, Maine",US,US,87.71929824561404,92.53731343283582,False,False,1. spelling corruption
S1-17584200,S3-323606698,S3,"Reliable Frontier Realty, LLC","Reliable Frontier Realty,","154 Broadturn Road, Scarborough, ME","Scarborough, #154 Broadturn Rd, Maine",US,US,92.3076923076923,56.71641791044777,False,False,9. address variation
S1-928151614,S2-324160220,S2,Prime Technology Pvt Ltd,प्राइम टेक्नोलॉजी प्रा. लि.,"Shop No.12, Ishwar Plaza, Sr No.7/14/2/2 Nr Bsnl D'Gaon, Nashik, Maharashtra","12, NASHIK, महाराष्ट्र",IN,IN,12.244897959183676,21.739130434782606,False,False,10. cross-script
S1-928151614,S3-697395113,S3,Prime Technology Pvt Ltd,primetechnology.com,"Shop No.12, Ishwar Plaza, Sr No.7/14/2/2 Nr Bsnl D'Gaon, Nashik, Maharashtra","Shop No.12, Nashik, महाराष्ट्र",IN,IN,74.4186046511628,36.0,False,False,1. spelling corruption
S1-271610649,S3-79366081,S3,Technology Brothers Limited,Technology Limited Services,"P-18 Milit Diat Girinagar Sinhagad Rd Tal Haveli Iat Poona, Pune, Maharashtra","P-c-18 Milit Diat Girinagar Sinhagad Rd Tal Haveli Iat Poona, Pune, Poona, MH",IN,IN,66.66666666666667,88.59060402684564,False,False,1. spelling corruption
S1-271610649,S2-588924564,S2,Technology Brothers Limited,Orbisynlum,"P-18 Milit Diat Girinagar Sinhagad Rd Tal Haveli Iat Poona, Pune, Maharashtra","P-18 MILIT DIAT GIRINAGAR SINHAGD RD TAL HAVELI IAT POONA, PUNE, Maharashtra",IN,IN,27.027027027027028,99.32885906040269,False,False,9. address variation
S1-271610649,S3-337402297,S3,Technology Brothers Limited,Technology Brothers,"P-18 Milit Diat Girinagar Sinhagad Rd Tal Haveli Iat Poona, Pune, Maharashtra","P-c-18 Milit Diat Girinagar Sinhagad Rd Tal Haveli Iat Poona, Poona, Pune, MH",IN,IN,82.6086956521739,88.59060402684564,False,False,1. spelling corruption
S1-374659241,S3-861028196,S3,Ace Engineering Limited,Ace Engineering लिमिटेड,"B 37/165 F-4 Birdopur, Mahmoorganj, Varanasi, Uttar Pradesh","B 37/165 F-4 Birdopur, Mahmoorganj, Varanasi, UP",IN,IN,69.56521739130434,89.10891089108911,False,False,10. cross-script
S1-374659241,S3-854838584,S3,Ace Engineering Limited,एस इंजीनियरिंग लिमिटेड,"B 37/165 F-4 Birdopur, Mahmoorganj, Varanasi, Uttar Pradesh","B 37/165 F-4 Birdopur, Varanasi, UP",IN,IN,8.888888888888891,74.15730337078652,False,False,10. cross-script
S1-374659241,S2-482530374,S2,Ace Engineering Limited,एस इंजीनियरिंग लिमिटेड,"B 37/165 F-4 Birdopur, Mahmoorganj, Varanasi, Uttar Pradesh","B 37/16 F-4 BIRDOPUR, MAHMOORGANJ, VARANASI, Uttar Pradesh",IN,IN,8.888888888888891,99.09909909909909,False,False,10. cross-script
S1-405853517,S2-24791530,S2,Consultancy Clover Infrastructures Ltd,Consultancy Clrlvmr Infrastructures Ltd,"C/O Amrish Avinash Deshpande, Plot No. A, Aishwarya App, Aurangabad, Maharashtra","C/O AMRISH AVINASH DESHPANDE, PLOT NO. A, AISHWARYA APP, AURANGABAD, महाराष्ट्र",IN,IN,93.5064935064935,85.90604026845638,False,False,9. address variation
S1-405853517,S3-370836457,S3,Consultancy Clover Infrastructures Ltd,Cloverinfrastructures.Com,"C/O Amrish Avinash Deshpande, Plot No. A, Aishwarya App, Aurangabad, Maharashtra","C/o Amrish Avinash Deshpande, Aurangabad, MH",IN,IN,69.84126984126983,71.7948717948718,False,False,1. spelling corruption
S1-431410120,S2-599763144,S2,Shivam Properties Private Limited,శివం ప్రాపర్టీస్ ప్రైవేట్ లిమిటెడ్,"Hyderabad, Telangana, Road No.68, Jubilee Hills, Plot No.1321","1321, ROAD NO.68, JUBILEE HILLS, HYDERABAD, తెలంగాణ, HYDERABAD",IN,IN,8.955223880597018,49.122807017543856,False,False,10. cross-script
S1-431410120,S3-815981668,S3,Shivam Properties Private Limited,శివం ప్రాపర్టీస్ ప్రైవేట్ లిమిటెడ్,"Hyderabad, Telangana, Road No.68, Jubilee Hills, Plot No.1321","తెలంగాణ, #132, Hyderabad, Road No.68, Jubilee Hills",IN,IN,8.955223880597018,66.01941747572815,False,False,10. cross-script
S1-173283468,S3-456818056,S3,Transocean Ai Limited,Trnamocan Ai Limited,"No.1/671, Sona Complex, Trichy Road Vaiyampatti Post, Tiruchirappalli, Tamil Nadu","Door No /671, Sona Complex, Trichy Road Vaiyampatti Post, Tiruchirappalli, தமிழ்நாடு",IN,IN,87.8048780487805,83.33333333333334,False,False,1. spelling corruption
S1-532375402,S2-398575461,S2,New Finance Limited,न्यू फाइनेंस लिमिटेड,"D-288, Gali No 10, Wadhwa Comples, Vikas Marg, Laxmi Nagar, New Delhi, Delhi","D-288, NEW DELHI, Delhi",IN,IN,10.256410256410254,46.15384615384615,False,False,10. cross-script
S1-532375402,S3-483766375,S3,New Finance Limited,Limited New Fínance,"D-288, Gali No 10, Wadhwa Comples, Vikas Marg, Laxmi Nagar, New Delhi, Delhi","H.no A-599 D-288, East Delhi, New Delhi, DL",IN,IN,52.63157894736843,47.27272727272728,False,False,10. cross-script
S1-532375402,S3-583254568,S3,New Finance Limited,New Finance लिमिटेड,"D-288, Gali No 10, Wadhwa Comples, Vikas Marg, Laxmi Nagar, New Delhi, Delhi","No. A-599 D-288, East Delhi, New Delhi, दिल्ली",IN,IN,63.1578947368421,41.07142857142857,False,False,10. cross-script
S1-797530522,S3-940982889,S3,County Of,*** county.com,"9474 Doe Meadow Drive, Germantown, TN","Tennessee, Germantown, Doe Meadow Dr",US,US,84.21052631578947,43.47826086956522,False,False,1. spelling corruption
S1-835105639,S3-270079784,S3,Garner Trusted Culture Inc,Garner Trústed,"TX, Fort Worth, 920 Reveille Road","920 Reveille Rd, Fort Worth, Texas",US,US,65.0,50.79365079365079,False,False,10. cross-script
S1-835105639,S3-995978269,S3,Garner Trusted Culture Inc,Garner Trusted Curlore Inc,"TX, Fort Worth, 920 Reveille Road",,US,US,92.3076923076923,0.0,False,False,6. missing address
S1-835105639,S3-559030246,S3,Garner Trusted Culture Inc,Garner  Trusted Culture,"TX, Fort Worth, 920 Reveille Road","920 Reveille Rd, Fort Worth, Texas",US,US,91.66666666666666,50.79365079365079,False,False,9. address variation
S1-862132051,S3-514542708,S3,Department of Motor Vehicles,Department of Motor Vehicles LP,"TX, 512 Parkhaven Drive, Mckinney","512 1/2 Parkhaven Drive, Mckinney, Texas",US,US,94.91525423728814,81.15942028985508,False,False,9. address variation
S1-862132051,S2-769224161,S2,Department of Motor Vehicles,... DEPARTMENT  OF,"TX, 512 Parkhaven Drive, Mckinney","512 PARKHAVEN DR, MCKINNEY, TX, PMB 8985",US,US,63.41463414634146,73.52941176470588,False,False,1. spelling corruption
S1-862132051,S2-756686302,S2,Department of Motor Vehicles,Department of Mótor Vehicles,"TX, 512 Parkhaven Drive, Mckinney","512 PARKHAVEN DR, PMB 8985, MCKINNEY, TX",US,US,96.42857142857143,73.52941176470588,False,False,10. cross-script
S1-592194169,S2-593132736,S2,Torres Beijing LP,Torres LP Service,"110 Vega Drive, Goleta, CA",,US,US,52.94117647058824,0.0,False,False,6. missing address
S1-369587864,S3-767394094,S3,Meade Bioscience,Meade Bioscience  LP,"Davenport, IA, 5600 Jersey Ridge Rd, Unit APT L2","5600 Jersey Ridge Rd, # APT L2, Davenport, Iowa",US,US,91.42857142857143,62.06896551724138,False,False,9. address variation
S1-203832454,S3-725373794,S3,Radhika Farming Pvt. Ltd.,Radhika Fanddn Pvt. Pvt. [Ltd.],"2/161, West Street Ward 1, Vakkanangundu, Virudhunagar, Kariapatti, Kariapatti, Virudhunagar, Tamil Nadu","Kariapatti, D/2/161, Virudhunagar, TN",IN,IN,77.55102040816327,41.221374045801525,False,False,1. spelling corruption
S1-203832454,S2-887880001,S2,Radhika Farming Pvt. Ltd.,Ltd. Radhika Pvt. Services,"2/161, West Street Ward 1, Vakkanangundu, Virudhunagar, Kariapatti, Kariapatti, Virudhunagar, Tamil Nadu","NO. 25 2/161, KARIAPATTI, VIRUDHUNAGAR, Tamil Nadu",IN,IN,51.06382978723405,55.94405594405594,False,False,9. address variation
S1-209843107,S2-420066966,S2,Unique New Industries Private Limited,Unique New Industries Industries Private Ltd,"No.1/44, Ground Floor, Mettu Street, Thaiyur, Chingleput, Kanchipuram, Tamil Nadu","NO.1/44, GROUND FLOOR, METTU STREET, THAIYUR, CHINGLEPUT, Tamil Nadu",IN,IN,81.4814814814815,91.30434782608697,False,False,1. spelling corruption
S1-209843107,S3-800074836,S3,Unique New Industries Private Limited,யுனிக் நியூ இண்டஸ்ட்ரீஸ் பிரைவேட் லிமிடெட்,"No.1/44, Ground Floor, Mettu Street, Thaiyur, Chingleput, Kanchipuram, Tamil Nadu","153, Chingleput, Kanchipuram, TN",IN,IN,10.126582278481012,51.92307692307692,False,False,10. cross-script
S1-209843107,S2-590674094,S2,Unique New Industries Private Limited,யுனிக் நியூ இண்டஸ்ட்ரீஸ் பிரைவேட் லிமிடெட்,"No.1/44, Ground Floor, Mettu Street, Thaiyur, Chingleput, Kanchipuram, Tamil Nadu","1-53, CHINGLEPUT, KANCHIPURAM, Tamil Nadu",IN,IN,10.126582278481012,63.716814159292035,False,False,10. cross-script
S1-209843107,S2-630228385,S2,Unique New Industries Private Limited,UNIQUE NEW INDUSTRIES PRÍVATE,"No.1/44, Ground Floor, Mettu Street, Thaiyur, Chingleput, Kanchipuram, Tamil Nadu","1-53, GROUND FLOOR, METTU STREET, THAIYUR, CHINGLEPUT, Tamil Nadu",IN,IN,84.84848484848484,85.92592592592592,False,False,10. cross-script
S1-452060118,S3-629940126,S3,Br (india) Pvt. Ltd.,Br (índia) Pvt. Ltd.,"Office No. 707, Eliment Mall Ajmer Road, Dcm, Jaipur, Rajasthan","राजस्थान, Office No. 707, Mundiya Ramsar, Jaipur",IN,IN,93.75,54.90196078431373,False,False,10. cross-script
S1-246368318,S2-736988267,S2,Star Tech Private Limited,स्टार टेक प्राइवेट लिमिटेड,"S. No.1, Maharashtra, Gaonthan, Near Mahadev Mandir, Pune City, Pune","PUNE CITY, Maharashtra, PUNE, S. NO.1",IN,IN,11.764705882352944,46.31578947368421,False,False,10. cross-script
S1-492823850,S2-772439645,S2,Round and Burton Legato,Round Legato Burton and | www.roundlega.com,"2045 Chesapeake Road, Fl 0, Annapolis, MD","1718 CHESAPEAKE RD, ANNAPOLIS, MD",US,US,62.5,78.26086956521739,False,False,1. spelling corruption
S1-492823850,S3-107043689,S3,Round and Burton Legato,Round and Burton,"2045 Chesapeake Road, Fl 0, Annapolis, MD","5718 Chesapeake Rd, PMB 2658, Annapolis, Maryland",US,US,82.05128205128204,71.42857142857143,False,False,1. spelling corruption
S1-753112419,S2-331798773,S2,Hotel Enterprises Private Limited,హోటల్ ఎంటర్‌ప్రైజెస్ ప్రైవేట్ లిమిటెడ్,"Hyderabad, H No 6-3-180, Telangana, Secunderabad, Jai Nagar Colony New Boiguda","6-3-180, SECUNDERABAD, HYDERABAD, Telangana",IN,IN,8.450704225352112,49.122807017543856,False,False,10. cross-script
S1-753112419,S2-927689436,S2,Hotel Enterprises Private Limited,హోటల్ ఎంటర్‌ప్రైజెస్ ప్రైవేట్ లిమిటెడ్,"Hyderabad, H No 6-3-180, Telangana, Secunderabad, Jai Nagar Colony New Boiguda","NO 6-3-180, HYDERABAD, SECUNDERABAD, Telangana",IN,IN,8.450704225352112,58.11965811965811,False,False,10. cross-script
S1-753112419,S3-104714758,S3,Hotel Enterprises Private Limited,హోటల్ ఎంటర్‌ప్రైజెస్ ప్రైవేట్ లిమిటెడ్,"Hyderabad, H No 6-3-180, Telangana, Secunderabad, Jai Nagar Colony New Boiguda","No 6-3-180, Secunderabad, Hyderabad, Andhra Pradesh",IN,IN,8.450704225352112,49.18032786885246,False,False,10. cross-script
S1-753112419,S2-47234334,S2,Hotel Enterprises Private Limited,హోటల్ ఎంటర్‌ప్రైజెస్ ప్రైవేట్ లిమిటెడ్,"Hyderabad, H No 6-3-180, Telangana, Secunderabad, Jai Nagar Colony New Boiguda","H NO 6-3-180, JAI NAGAR COLONY NEW BOIGUDA, SECUNDERABAD, HYDERABAD, Telangana",IN,IN,8.450704225352112,55.4054054054054,False,False,10. cross-script
S1-753112419,S2-738943500,S2,Hotel Enterprises Private Limited,హోటల్ ఎంటర్‌ప్రైజెస్ ప్రైవేట్ లిమిటెడ్,"Hyderabad, H No 6-3-180, Telangana, Secunderabad, Jai Nagar Colony New Boiguda","H NO 6-3-180, JAI NAGAR COLONY NEW BOIGUDA, SECUNDERABAD, HYDERABAD, తెలంగాణ",IN,IN,8.450704225352112,56.16438356164384,False,False,10. cross-script
S1-579463906,S2-954809368,S2,Visakhapatnam (india) Pvt Ltd,Visakhapatnam (dinla) Pvt Ltd,"Hill No: 3 Incubation, Pedda Rushikonda, Visakhapatnam (Rural), Visakhapatnam, Vishakhapatnam, Andhra Pradesh","HILL NO: 3 INCUBATION, PEDDA RUSHIKONDA, VISAKHAPATNAM (RURAL), VISAKHAPATNAM, Andhra Pradesh",IN,IN,92.5925925925926,91.97860962566845,False,False,9. address variation
S1-201583073,S2-316299425,S2,Urban Consultants Private Limited,ಅರ್ಬನ್ ಕನ್ಸಲ್ಟೆಂಟ್ಸ್ ಪ್ರೈವೇಟ್ ಲಿಮಿಟೆಡ್,"No.3, 80 Feet Road Baddihalli, Tumkur, Bangalore, Karnataka","NO.3, BANGALORE, N/A, Karnataka",IN,IN,8.450704225352112,57.831325301204814,False,False,10. cross-script
S1-201583073,S3-296051458,S3,Urban Consultants Private Limited,Urban Cosulgtnrs Private Limited,"No.3, 80 Feet Road Baddihalli, Tumkur, Bangalore, Karnataka","#3, Tumkur, Bangalore, KA",IN,IN,92.3076923076923,55.263157894736835,False,False,9. address variation
S1-201583073,S3-101855055,S3,Urban Consultants Private Limited,Urban Consultants ಪ್ರೈವೇಟ್ ಲಿಮಿಟೆಡ್,"No.3, 80 Feet Road Baddihalli, Tumkur, Bangalore, Karnataka","Bangalore, #3, Tumkur, ಕರ್ನಾಟಕ",IN,IN,55.88235294117647,29.629629629629626,False,False,10. cross-script
S1-471199878,S3-127792845,S3,One Estate,వన్ ఎస్టేట్,"#10-2-289/113, Second Floor C Flat, Shantinagar, Masabtank, Hyderabad, Telangana","Door No 10-2-289/113, Hyderabad, TG",IN,IN,9.523809523809524,46.728971962616825,False,False,10. cross-script
S1-471199878,S3-220883187,S3,One Estate,One Partners,"#10-2-289/113, Second Floor C Flat, Shantinagar, Masabtank, Hyderabad, Telangana","#10-2-289/113, Hyderabad, తెలంగాణ",IN,IN,63.63636363636363,44.230769230769226,False,False,1. spelling corruption
S1-471199878,S3-516795004,S3,One Estate,One Estate Estate Limited,"#10-2-289/113, Second Floor C Flat, Shantinagar, Masabtank, Hyderabad, Telangana","H.no 10-2-289/113, Second Floor C Flat, Shantinagar, Masabtank, Hyderabad, TG",IN,IN,57.14285714285714,91.78082191780823,False,False,9. address variation
S1-115312651,S2-149763610,S2,Blue Technology Private Limited,ब्लू टेक्नोलॉजी प्राइवेट लिमिटेड,"Floor No. 14, Building No. 5, Tower -A, Dlf Cyber City, Dlf Phase -Ii, Dlf Qe, Gurgaon, Haryana","FLOOR NO. 14, DLF QE, GURGAON, Haryana",IN,IN,9.523809523809524,57.6271186440678,False,False,10. cross-script
S1-115312651,S3-836800564,S3,Blue Technology Private Limited,ब्लू टेक्नोलॉजी प्राइवेट लिमिटेड,"Floor No. 14, Building No. 5, Tower -A, Dlf Cyber City, Dlf Phase -Ii, Dlf Qe, Gurgaon, Haryana","Gurgaon, Dlf Qe, Building No. 5, Tower -A, Dlf Cyber City, Dlf Phase -Ii, HR, #759 Floor No. 14",IN,IN,9.523809523809524,70.65868263473054,False,False,10. cross-script
S1-115312651,S3-134644376,S3,Blue Technology Private Limited,ब्लू टेक्नोलॉजी प्राइवेट लिमिटेड,"Floor No. 14, Building No. 5, Tower -A, Dlf Cyber City, Dlf Phase -Ii, Dlf Qe, Gurgaon, Haryana","#759 Floor No. 14, Gurgaon, Dlf Qe, HR",IN,IN,9.523809523809524,42.73504273504274,False,False,10. cross-script
S1-315841512,S3-499329517,S3,Fresh Industries Pvt Ltd,Pvt Fresh Indusaties Ltd,"29, Kismatnagar Gali No. - 3, Nr. Durga School, Guru Krupa Nagar, Meghaninagar, Naroda R, Oad, Ahmedabad, Gujarat","0029, Kismatnagar Gali No. - 3, Nr. Durga School, Guru Krupa Nagar, Meghaninagar, Naroda R, Oad, Ahmedabad, GJ",IN,IN,79.16666666666666,96.4824120603015,False,False,1. spelling corruption
S1-640597291,S2-387429435,S2,Clyeus Homes Corp,CLYEU5 CORP HOMES,"2026 Main Street, Paoli, IN","MAIN ST, PAOLI, IN",US,US,64.70588235294117,78.04878048780488,False,False,1. spelling corruption
S1-349215600,S2-23622258,S2,"Empire Opportunities, LLC",Empire LLC Center,"43 Huckleberry Hill, Unit APARTMENT 6, Fort Mitchell, KY","KY, FT MITCHELL CITY, 43 HUCKLEBERRY HILL",US,US,48.78048780487805,41.30434782608695,False,False,3. transliteration
S1-246301191,S3-976299948,S3,Hitech Food Private Limited,Smt Hitech Food Limited Services,"House No 49 Near Durga Devi Gudi, Nagavi Tande, Gadag, Karnataka","KA, House No 49 Near Durga Devi Gudi, Nagavi Tande, Gadag",IN,IN,64.40677966101696,88.69565217391305,False,False,1. spelling corruption
S1-101961417,S3-955546773,S3,Behavioral Health Clinic of Silver Spring,#behavioralhealth,"MD, Silver Spring, 800 Briggs Chaney Road","800 Briggs Chaney Rd, NULL, Silve Spring, Maryland",US,US,56.14035087719298,48.837209302325576,False,False,3. transliteration
S1-101961417,S2-402347533,S2,Behavioral Health Clinic of Silver Spring,behavioralhealthclinic.com,"MD, Silver Spring, 800 Briggs Chaney Road","800 BRIGGS CHANEY RD, SILVER SPRING, MD",US,US,71.64179104477613,52.63157894736843,False,False,1. spelling corruption
S1-232349264,S2-374078469,S2,Mumbai Management Ltd,Ltd Mumbai Mamgement,"8, 23Rd Kotwala Niwas 3Rd Khetwadi, S V P Road, Mumbai, Mumbai City, Maharashtra","DOOR NO 133 8, 23RD KOTWALA NIWAS 3RD KHETWADI, S V P ROAD, MUMBAI, MUMBAI CITY, Maharashtra",IN,IN,73.17073170731707,92.5925925925926,False,False,1. spelling corruption
S1-232349264,S3-122085807,S3,Mumbai Management Ltd,mumbaimanagement.com,"8, 23Rd Kotwala Niwas 3Rd Khetwadi, S V P Road, Mumbai, Mumbai City, Maharashtra","8, Mumbai, Mumbai City, MH",IN,IN,82.92682926829268,46.93877551020408,False,True,1. spelling corruption
S1-33028534,S3-920622948,S3,Alpha Marketing Private Limited,अल्फा मार्केटिंग प्राइवेट लिमिटेड,"H.No 44, 2Nd Floor, Sector 35, Vastu Infratech, Karnal, Haryana","Door No 44, 2Nd Floor, Sector 35, Vastu Infratech, Karnal, HR",IN,IN,9.375,91.22807017543859,False,False,10. cross-script
S1-33028534,S2-444167751,S2,Alpha Marketing Private Limited,अल्फा मार्केटिंग प्राइवेट लिमिटेड,"H.No 44, 2Nd Floor, Sector 35, Vastu Infratech, Karnal, Haryana","H.NO 44, KARNAL, हरियाणा",IN,IN,9.375,37.5,False,False,10. cross-script
S1-33028534,S3-147826605,S3,Alpha Marketing Private Limited,अल्फा मार्केटिंग प्राइवेट लिमिटेड,"H.No 44, 2Nd Floor, Sector 35, Vastu Infratech, Karnal, Haryana","H.no 44, 2Nd Floor, Sector 35, Vastu Infratech, Karnal, HR",IN,IN,9.375,95.4954954954955,False,False,10. cross-script
S1-418780445,S3-354816968,S3,Life Impex Private Limited,Lummira,"Shop No. 58, Ambala, Haryana, New Anaj Mandi, Ambala","#58, Ambala, HR",IN,IN,24.242424242424242,40.67796610169492,False,False,11. other
S1-418780445,S3-755006405,S3,Life Impex Private Limited,लाइफ इम्पेक्स प्राइवेट लिमिटेड,"Shop No. 58, Ambala, Haryana, New Anaj Mandi, Ambala","330, Ambala, हरियाणा, Ambala",IN,IN,10.71428571428571,41.666666666666664,False,False,10. cross-script
S1-418780445,S2-479834157,S2,Life Impex Private Limited,लाइफ इम्पेक्स प्राइवेट लिमिटेड,"Shop No. 58, Ambala, Haryana, New Anaj Mandi, Ambala","330, AMBALA, Haryana",IN,IN,10.71428571428571,46.15384615384615,False,False,10. cross-script
S1-418780445,S3-653311581,S3,Life Impex Private Limited,lifeimpex.com,"Shop No. 58, Ambala, Haryana, New Anaj Mandi, Ambala","Shfp No. 58, New Anaj Mandi, Ambala, हरियाणा",IN,IN,56.41025641025641,71.26436781609196,False,False,9. address variation
S1-418780445,S2-216468973,S2,Life Impex Private Limited,लाइफ इम्पेक्स प्राइवेट लिमिटेड,"Shop No. 58, Ambala, Haryana, New Anaj Mandi, Ambala","330, AMBALA, Haryana",IN,IN,10.71428571428571,46.15384615384615,False,False,10. cross-script
S1-313874570,S3-341731256,S3,Aida Renewables Private Limited,aidarenewables.com,"Moh- Raura Khurd Naalepar, Tehsil Milak, Rampur, Uttar Pradesh","Moh- Raura Khurd Naalepar, Tehsil Milak, Rampur, उत्तर प्रदेश",IN,IN,65.3061224489796,80.0,False,False,1. spelling corruption
S1-686286171,S2-777295357,S2,Internal Medicine Associates Inc,Internal  Medicine,"105 Sweeney Hill Road, Elk City, ID","SWEENEY HILL RD, ELK CITY, ID",US,US,69.38775510204081,90.0,False,False,1. spelling corruption
S1-686286171,S2-161670013,S2,Internal Medicine Associates Inc,INTERNAL ((MEDICINE)),"105 Sweeney Hill Road, Elk City, ID","SWEENEY HILL ROAD, ELK CITY, ID",US,US,69.38775510204081,93.5483870967742,False,False,1. spelling corruption
S1-686286171,S2-46184361,S2,Internal Medicine Associates Inc,Internal Medside Associates Inc,"105 Sweeney Hill Road, Elk City, ID","ID, 92. SWEENEY HILL ROAD, ELK CITY",US,US,92.06349206349206,83.07692307692307,False,False,9. address variation
S1-811920457,S2-31128283,S2,Royal International Pvt Ltd,रॉयल इंटरनेशनल प्रा. लि.,"9/86 C-Splbuilding Gitanjali Nagar Borivli (West), Mumbai, Maharashtra","H.NO 9/86 C-SPLBUILDING GITANJALI NAGAR BORIVLI (WEST), MUMBAI, Maharashtra",IN,IN,12.244897959183676,96.35036496350365,False,False,10. cross-script
S1-811920457,S3-309302991,S3,Royal International Pvt Ltd,Royal International Pvt  Limited,"9/86 C-Splbuilding Gitanjali Nagar Borivli (West), Mumbai, Maharashtra",,IN,IN,93.10344827586206,0.0,False,False,6. missing address
S1-196935438,S3-629460525,S3,Ironclad,Ironclad Ltd,"7460 300, Greensburg, IN",,US,US,80.0,0.0,False,False,6. missing address
S1-196935438,S3-79337982,S3,Ironclad,Verairi One,"7460 300, Greensburg, IN","Greensburg, IN, 7460 300",US,US,42.10526315789473,59.09090909090908,False,False,9. address variation
S1-521624293,S3-121712312,S3,Smart (India) Solutions Private Limited,5mart (India) Solutions Limited [Service],"Fl No-K2 Pl-2 Chankyapuri, Kartikeya Aprt Darga Road, Aurangabad, Maharashtra","Plot 795 Fl No-k2 Pl-2 Chankyapuri, Aurangabad, MH",IN,IN,75.67567567567568,63.934426229508205,False,False,1. spelling corruption
S1-521624293,S3-261584127,S3,Smart (India) Solutions Private Limited,M/s Smart (ondi) (ondi) Solutions Private Limited,"Fl No-K2 Pl-2 Chankyapuri, Kartikeya Aprt Darga Road, Aurangabad, Maharashtra","Plot 795 Fl No-k2 Pl-2 Chankyapuri, Kartikeya Aprt Darga Road, Aurangabad, MH",IN,IN,87.8048780487805,87.83783783783784,False,False,1. spelling corruption
S1-521624293,S2-977972543,S2,Smart (India) Solutions Private Limited,smartsolindia.com,"Fl No-K2 Pl-2 Chankyapuri, Kartikeya Aprt Darga Road, Aurangabad, Maharashtra","FL NO-K2 PL-2 CHANKYAPURI, KARTIKEYA ARPT DARGA ROAD, AURANGABAD, Maharashtra",IN,IN,51.85185185185186,98.64864864864865,False,False,9. address variation
S1-521624293,S3-439359066,S3,Smart (India) Solutions Private Limited,Mr SMART (INDIA) SOLUTIONS PRIVATE LIMITED,"Fl No-K2 Pl-2 Chankyapuri, Kartikeya Aprt Darga Road, Aurangabad, Maharashtra","Plot 795 Fl No-k2 Pl-2 Chankyapri, Kartikeya Aprt Darga Road, Aurangabad, महाराष्ट्र",IN,IN,96.1038961038961,80.0,False,False,9. address variation
S1-403385058,S2-929381255,S2,Solstice Indonesia Care,Solstice Indonesia Indonesia Care Corp,"4881 2000 Road N, Flanagan, IL","2000 RD NORTH, FLANAGAN, IL",US,US,75.40983606557377,79.24528301886792,False,False,1. spelling corruption
S1-465915143,S3-687372858,S3,Sunrise Energy Private Limited,సన్‌రైజ్ ఎనర్జీ ప్రైవేట్ లిమిటెడ్,"6-3-650, Flat No 414, Maheshwari Chambers Near Erramanzil Metro Station, Somajiguda, Hyderabad, Telangana","196 6-3-650, తెలంగాణ, Hyderabad",IN,IN,9.523809523809524,27.906976744186053,False,False,10. cross-script
S1-465915143,S3-384735937,S3,Sunrise Energy Private Limited,సన్‌రైజ్ ఎనర్జీ ప్రైవేట్ లిమిటెడ్,"6-3-650, Flat No 414, Maheshwari Chambers Near Erramanzil Metro Station, Somajiguda, Hyderabad, Telangana","H.no 196 6-3-650, Flat No 414, Maheshwari Chambers Near Erramanzil Metro Station, Somajiguda, Hyderabad, TG",IN,IN,9.523809523809524,92.07920792079209,False,False,10. cross-script
S1-465915143,S2-327534239,S2,Sunrise Energy Private Limited,సన్‌రైజ్ ఎనర్జీ ప్రైవేట్ లిమిటెడ్,"6-3-650, Flat No 414, Maheshwari Chambers Near Erramanzil Metro Station, Somajiguda, Hyderabad, Telangana","258 6-3-650, FLAT NO 414, MAHESHWARI CHAMBERS NEAR ERRAMANZIL METRO STATION, SOMAJIGUDA, HYDERABAD, Telangana",IN,IN,9.523809523809524,98.0392156862745,False,False,10. cross-script
S1-465915143,S3-160675067,S3,Sunrise Energy Private Limited,Limited Sunrise Private Center,"6-3-650, Flat No 414, Maheshwari Chambers Near Erramanzil Metro Station, Somajiguda, Hyderabad, Telangana","H.no 196 6-3-650, Flat No 414, Maheshwari Chambers Near Erramanzil Metro Station, Somajiguda, Hyderabad, TG",IN,IN,60.0,92.07920792079209,False,False,1. spelling corruption
S1-658057542,S2-82788523,S2,Hotel Infra Private Limited,ഹോട്ടൽ ഇൻഫ്ര പ്രൈവറ്റ് ലിമിറ്റഡ്,"Thiruvananthapuram, Muhabath Building 10Th Stone, Kerala, Trivandrum, Vip Cottages, Nedumangad","MUHABATH BUILDING 10TH STONE, TRIVANDRUM, THIRUVANANTHAPURAM, Keralam",IN,IN,10.169491525423723,60.64516129032258,False,False,10. cross-script
S1-843551442,S3-598519468,S3,"Rose, Lopez & Williams","Lopez Rose, & Wsilliasm","Unit 14B, Canton, OH, 5906 Hawks Nest Circle","5906 Hawks Nest Cir, PO Box 3875, Jackson Twp, Ohio",US,US,72.34042553191489,44.9438202247191,False,False,1. spelling corruption
S1-411841957,S3-65839023,S3,Bright Marketing Private Limited,ब्राइट मार्केटिंग प्राइवेट लिमिटेड,"G. No. 171, 172, 177, Dhanore, Tal: Khed, Pune, Maharashtra","G. No. 171, 172, 177, Dhanore, Tal: Khed, Pune, MH",IN,IN,9.090909090909093,90.10989010989012,False,False,10. cross-script
S1-411841957,S2-517222000,S2,Bright Marketing Private Limited,ब्राइट मार्केटिंग प्राइवेट लिमिटेड,"G. No. 171, 172, 177, Dhanore, Tal: Khed, Pune, Maharashtra","DOOR NO 156 G. NO. 171, 172, 177, DHANORE, TAL: KHED, PUNE, Maharashtra",IN,IN,9.090909090909093,89.28571428571429,False,False,10. cross-script
S1-411841957,S2-720662339,S2,Bright Marketing Private Limited,ब्राइट मार्केटिंग प्राइवेट लिमिटेड,"G. No. 171, 172, 177, Dhanore, Tal: Khed, Pune, Maharashtra","DOOR NO 156 G. NO. 171, PUNE, महाराष्ट्र",IN,IN,9.090909090909093,37.2093023255814,False,False,10. cross-script
S1-411841957,S3-297420305,S3,Bright Marketing Private Limited,Bright Marketing Limited Service,"G. No. 171, 172, 177, Dhanore, Tal: Khed, Pune, Maharashtra","G. No. 171, 172, 177, Dhanore, Tal: Khed, Pune, MH",IN,IN,75.0,90.10989010989012,False,False,1. spelling corruption
S1-34459685,S3-811398329,S3,Right Aluminium Care,Aluemnsiuim Right Care,"131 Gf Pkt-A-8, Kalkaji Extn, New Delhi, South Delhi, Delhi","No 131 Gf Pkt-a-8, दिल्ली, New Delhi, South Delhi",IN,IN,61.904761904761905,73.26732673267327,False,False,1. spelling corruption
S1-34459685,S2-738962538,S2,Right Aluminium Care,right áluminium care,"131 Gf Pkt-A-8, Kalkaji Extn, New Delhi, South Delhi, Delhi","#131  GF PKT-A-8, KALKAJI EXTN, NEW DELHI, Delhi",IN,IN,95.0,87.75510204081633,False,False,10. cross-script
S1-581817238,S2-522811720,S2,Kolkata Victory Pvt Ltd,Kolkata Pvt Ltd Center,"Flat-5B, Lalkamal 27, Baker Road, Kolkata, Howrah, West Bengal","FLAT-5B, LALKAMAL 27, BAKER ROAD, KOLKATA, West Bengal",IN,IN,66.66666666666667,93.45794392523365,False,False,1. spelling corruption
S1-581817238,S2-204800606,S2,Kolkata Victory Pvt Ltd,Kelofluxcira,"Flat-5B, Lalkamal 27, Baker Road, Kolkata, Howrah, West Bengal","FLAT-5B, HOWRAH, KOLKATA, West Bengal",IN,IN,28.57142857142857,65.93406593406593,False,False,9. address variation
S1-50249457,S3-305132728,S3,Big Diner,Big Diner Service,"3511 Stratford Plaza Lane, Sugar Land, TX","Stratford Plaza Lane, Sugar Land, Texas",US,US,69.23076923076923,89.47368421052632,False,False,1. spelling corruption
S1-565994794,S3-857679265,S3,Brown Companies LLC,Brown Cómpanies LLC,"W7164 Sunset Lane, Town Of Spooner, WI","W7164 Sunset Ln, Spooner, Wisconsin",US,US,94.73684210526316,75.36231884057972,False,False,10. cross-script
S1-158270794,S3-990057348,S3,Pune Laxmi Private Limited,Pune Láxmi Private Limited,"S.No 77/1A, Mundwa Pune Road, Pingale Vasti Besides Marwel Matrix Apartment, Pune, Maharashtra","S.no 0077/1A, Mundwa Pune Road, Pingale Vasti Besides Marwel Matrix Apartment, Pune, MH",IN,IN,96.15384615384616,93.64161849710982,False,False,10. cross-script
S1-260792998,S3-633458160,S3,Lopez Insight PLLC,Lopez PLLC [Service],"211 14th Street, Nederland, TX","11 Fourteenth St, Nederland Township, Texas",US,US,55.55555555555556,60.86956521739131,False,False,9. address variation
S1-260792998,S2-542613574,S2,Lopez Insight PLLC,lopezinsight.com,"211 14th Street, Nederland, TX","NEDERLAND, TX, 14TH ST",US,US,82.35294117647058,50.0,False,False,1. spelling corruption
S1-122413121,S2-363647264,S2,Children's Charities III,Children's Charities,"25 Fredericksburg Avenue, Harwich, MA","##25 FREDERICKSBURG AVE, <NULL>, HARWICH, MA",US,US,90.9090909090909,94.44444444444444,False,False,9. address variation
S1-330859629,S2-581137267,S2,Womens Health Partners,Womens-Health,"3703 Kimberly Lane, City Of Wilson, NC","WILSON, NC, 3703 KIMBERLY LANE",US,US,74.28571428571429,56.25,False,False,1. spelling corruption
S1-330859629,S3-500519014,S3,Womens Health Partners,Womens Health,"3703 Kimberly Lane, City Of Wilson, NC","003703 Kimberly Lane, Wilson, North Carolina",US,US,74.28571428571429,71.7948717948718,False,False,1. spelling corruption
S1-206908985,S2-716472658,S2,Ss Marketing Private Limited,एसएस मार्केटिंग प्राइवेट लिमिटेड,"Sco 12A, Galleria Market, Marvel City, Talwandi Rana, Hisar, Hissar, Haryana","SCO ##12A, GALLERIA MARKET, MARVEL CITY, TALWANDI RANA, HISAR, HISSAR, हरियाणा",IN,IN,9.999999999999998,90.0,False,False,10. cross-script
S1-206908985,S3-638614772,S3,Ss Marketing Private Limited,एसएस मार्केटिंग प्राइवेट लिमिटेड,"Sco 12A, Galleria Market, Marvel City, Talwandi Rana, Hisar, Hissar, Haryana","#847 Sco 12A, Hisar, Hissar, HR",IN,IN,9.999999999999998,47.42268041237113,False,False,10. cross-script
S1-249544218,S2-855836903,S2,Carlee Metzger Mortgage,carleemetzgermortgage.com,"321 Westbury Ct, Iowa City, IA","IA, IOWA CITY, WESTBURY CT",US,US,87.5,46.15384615384615,False,False,1. spelling corruption
S1-494857641,S3-58476895,S3,"Scales, Prewitt and Weddington, LLC",Prewittscales.Com,"1818 La Vieve Lane, Tempe, AZ","181 La Vieve Ln, Tempe, Arizona",US,US,43.99999999999999,85.71428571428572,False,False,9. address variation
S1-784030802,S2-339669211,S2,Axis Assets Public Limited,Axis Public Limited Services,"G-1 Akruti Trade Centre Roadno -7 Midc, Mumbai, Mumbai City, Maharashtra","G-1- AKRUTI TRADE CENTRE ROADNO -7 MIDC, MUMBAI, महाराष्ट्र",IN,IN,70.37037037037037,73.17073170731707,False,False,1. spelling corruption
S1-611725055,S2-83292608,S2,Digital Memorial Trust,Mr Digital Memorial  Trust,"Third Floor Preet Vihar, New Delhi, East Delhi, G - 24, Delhi","G - 24, THIRD FLOOR PREET VIHAR, NEW DELHI, Delhi",IN,IN,93.61702127659575,78.78787878787878,False,False,9. address variation
S1-958222424,S2-753752725,S2,Future Infra Private Limited,Shri Future Infra Private Ltd,"Maharashtra, Mumbai, Mumbai City, 202, 02Nd Floor, Churchgate Chembers, 5 New Marine Line","HN 280 202, 02ND FLOOR, CHURCHGATE CHEMBERS, 5 NEW MARINE LINE, MUMBAI, Maharashtra",IN,IN,84.21052631578947,68.32298136645963,False,False,1. spelling corruption
S1-958222424,S2-263944330,S2,Future Infra Private Limited,फ्यूचर इंफ्रा प्राइवेट लिमिटेड,"Maharashtra, Mumbai, Mumbai City, 202, 02Nd Floor, Churchgate Chembers, 5 New Marine Line","HN 280 202, MUMBAI, MUMBAI CITY, Maharashtra",IN,IN,10.344827586206895,43.548387096774185,False,False,10. cross-script
S1-618124700,S2-257719696,S2,Janapriya (India) Pharma LLP,Tavohalo,"25, 92Nd Street, 18Th Avenue Ashok Nagar, Chennai, Tamil Nadu","CHENNAI, 18TH AVENUE ASHOK NAGAR, 25, 92ND STREET, தமிழ்நாடு",IN,IN,23.529411764705888,53.09734513274336,False,False,9. address variation
S1-116895680,S3-776714707,S3,Anand Enterprises Private Limited,ஆனந்த் எண்டர்பிரைசஸ் பிரைவேட் லிமிடெட்,"Plot.No.7, 8 & 9, Flat.No.B-4, Rr Omkar Apartments, Chodry Nagar Main Road, Valasaravakkam, Chennai, Tamil Nadu","7, 8 & 9, Flat.no.b-4, Rr Omkar Apartments, Chodry Nagar Main Road, Valasaravakkam, TN, Chennai, Tiruvallur",IN,IN,8.450704225352112,88.88888888888889,False,False,10. cross-script
S1-116895680,S3-379753853,S3,Anand Enterprises Private Limited,ஆனந்த் எண்டர்பிரைசஸ் பிரைவேட் லிமிடெட்,"Plot.No.7, 8 & 9, Flat.No.B-4, Rr Omkar Apartments, Chodry Nagar Main Road, Valasaravakkam, Chennai, Tamil Nadu","#7, Chennai, Tiruvallur, தமிழ்நாடு",IN,IN,8.450704225352112,20.588235294117652,False,False,10. cross-script
S1-116895680,S3-285064929,S3,Anand Enterprises Private Limited,Shri entanandprivate.com,"Plot.No.7, 8 & 9, Flat.No.B-4, Rr Omkar Apartments, Chodry Nagar Main Road, Valasaravakkam, Chennai, Tamil Nadu","Plot.no.7, Chennai, Tiruvallur, தமிழ்நாடு",IN,IN,49.122807017543856,30.555555555555557,False,False,3. transliteration
S1-981639993,S3-459082416,S3,Media Aadi Media Private Limited,Private Media Acgid Media Limited,"Flat No. 908, 9Th Floor, Cosmos D Block, Amravati Enclave, Panchkula, Haryana","Flat No. 908, Panchkula, हरियाणा",IN,IN,67.6923076923077,43.99999999999999,False,False,1. spelling corruption
S1-981639993,S3-75420020,S3,Media Aadi Media Private Limited,Rizaavix,"Flat No. 908, 9Th Floor, Cosmos D Block, Amravati Enclave, Panchkula, Haryana","Panchkula, Haryana, Panchkula, 9Th Floor, Cosmos D Block, Amravati Enclave, Flat No. 908",IN,IN,25.0,68.42105263157895,False,False,9. address variation
S1-550491319,S3-765626909,S3,Maa Construction,maaconstruction.com,"30, 31, Shankeshwar Parshavnath, Mandsaur, Madhya Pradesh","MP, 30, 31, Shankeshwar Parshavnath, Mandsaur",IN,IN,85.71428571428572,80.85106382978724,False,False,1. spelling corruption
S1-78680357,S3-857027625,S3,YCB India Private Limited,ycbindia.com,"H. No-A-2292, Green Field, Faridabad, Haryana","H. No-a-2292, Faridabad, HR, Faridabad",IN,IN,54.054054054054056,72.0,False,False,9. address variation
S1-78680357,S3-282455459,S3,YCB India Private Limited,Ycbindia.Com,"H. No-A-2292, Green Field, Faridabad, Haryana","H. No-a-2292, Faridabad, HR",IN,IN,54.054054054054056,73.84615384615385,False,False,9. address variation
S1-565273136,S3-107343170,S3,Crystal Elite Research,Crystal Research Services,"7162 Scarlet Oak Court, Mason, OH","Ohio, Scarlet Oak Ct, Mason",US,US,68.08510638297872,75.0,False,False,1. spelling corruption
S1-527934157,S3-25886496,S3,Arts Institute LLC,Arts  Institute,"8393 Garden Valley Road, Roseburg, OR","Oregon, 8393 Grden Valley Road, Roseburg",US,US,87.5,84.93150684931507,False,False,1. spelling corruption
S1-220480552,S3-254364585,S3,Tech Agro Limited,Evokelo,"Plot No. 4B, Sector C, Industrial Area, Huzur, Bhopal, Madhya Pradesh","Plot No. 4B, Sector C, Industrial Area, Huzur, Bhopal, मध्य प्रदेश",IN,IN,25.0,81.30081300813008,False,False,9. address variation
S1-220480552,S2-894523278,S2,Tech Agro Limited,Tech Agro,"Plot No. 4B, Sector C, Industrial Area, Huzur, Bhopal, Madhya Pradesh","H.NO 4B , SECTOR C, INDUSTRIAL AEA, HUZUR, Madhya Pradesh",IN,IN,69.23076923076923,88.69565217391305,False,False,1. spelling corruption
S1-220480552,S3-868027727,S3,Tech Agro Limited,Sri Tech Ágro Ágro Ltd,"Plot No. 4B, Sector C, Industrial Area, Huzur, Bhopal, Madhya Pradesh","Bhopal, MP, 4B, Huzur",IN,IN,61.53846153846154,29.629629629629626,False,False,10. cross-script
S1-220480552,S3-477828289,S3,Tech Agro Limited,टेक एग्रो लिमिटेड,"Plot No. 4B, Sector C, Industrial Area, Huzur, Bhopal, Madhya Pradesh","Door No 4B, Sector C, Industrial Area, Huzur, Bhopal, MP",IN,IN,11.764705882352944,84.21052631578947,False,False,10. cross-script
S1-220480552,S2-741026092,S2,Tech Agro Limited,टेक एग्रो लिमिटेड,"Plot No. 4B, Sector C, Industrial Area, Huzur, Bhopal, Madhya Pradesh","मध्य प्रदेश, BHOPAL, HUZUR, DOOR NO 4B",IN,IN,11.764705882352944,32.6530612244898,False,False,10. cross-script
S1-592394942,S3-432261522,S3,Shah's Liberty Ventures,Services Liberty Shah's,"13826 Meyers Road, Unit #1032, Oregon City, OR","#13826 Meyers Road, # #1032, Oregon City, Oregon",US,US,52.17391304347826,89.1566265060241,True,False,9. address variation
S1-248168433,S3-164477129,S3,United Systems LLP,Mr United Systems L.L.P.,"539C/C-012, Paper Mill Colony, Lucknow, Uttar Pradesh","UP, Lucknow, Paper Mill Colony, 539C/C-012",IN,IN,87.8048780487805,53.93258426966292,False,False,1. spelling corruption
S1-248168433,S2-308037188,S2,United Systems LLP,यूनाइटेड सिस्टम्स एलएलपी,"539C/C-012, Paper Mill Colony, Lucknow, Uttar Pradesh","G-539C/C-012, LUCKNOW, Uttar Pradesh",IN,IN,9.523809523809524,76.19047619047619,False,False,10. cross-script
S1-435571069,S2-614478336,S2,Urban Exports Pvt Ltd,अर्बन एक्सपोर्ट्स प्रा. लि.,"Matoshree 363, Shri Mahalaxmi Ngr, Nagpur, Maharashtra","HN 627 MATOSHREE 363, SHRI MAHALAXMI NGR, NAGPUR, महाराष्ट्र",IN,IN,13.043478260869568,74.07407407407408,False,False,10. cross-script
S1-435571069,S3-198298353,S3,Urban Exports Pvt Ltd,urbanexports.com (ID: 94663),"Matoshree 363, Shri Mahalaxmi Ngr, Nagpur, Maharashtra","Nagpur, MH, Shri Mahalaxmi Ngr, Matoshrte 363",IN,IN,65.21739130434783,60.215053763440864,False,False,1. spelling corruption
S1-435571069,S3-646436500,S3,Urban Exports Pvt Ltd,अर्बन एक्सपोर्ट्स प्रा. लि.,"Matoshree 363, Shri Mahalaxmi Ngr, Nagpur, Maharashtra","Nagpur, Matoshree 363, MH",IN,IN,13.043478260869568,43.24324324324324,False,False,10. cross-script
S1-872228997,S3-180878831,S3,Lucky Tattoo,Lucky Táttoo,"111 Smith Lake Drive, Kalispell, MT","Montana, Kalispell, 111 Smith Lake Drive",US,US,91.66666666666666,56.33802816901409,False,False,10. cross-script
S1-26437692,S3-38420566,S3,Hartsville Historical Pioneer Network LLC,Deltakelo,"670 Lock Six Road, Hartsville, TN","Lock Six Rd, Hartsville, Tennessee",US,US,19.999999999999996,79.36507936507937,False,False,9. address variation
S1-699221149,S3-163689610,S3,Innovative Sree Logistics Pvt Ltd,Innovative Sree Lógistics Pvt,"Rajasthan, F-266, Road No.13, V.K.I Area, 1St Floor, Jaipur","राजस्थान, H.no 1St Floor, Jaipur, Doongariya, F-266, Road No.13, V.k.i Area",IN,IN,90.32258064516128,52.032520325203244,False,False,10. cross-script
S1-792541093,S2-994992057,S2,Chennai Infrastructures Private Limited,Chennai Private Limited Services,"Ap 838/A, Belly Area Anna Nagar, Chennai, Tamil Nadu","Tamil Nadu, AP 838/, BELLY AREA ANNA NAGAR, CHENNAI",IN,IN,64.7887323943662,75.0,False,False,1. spelling corruption
S1-528481422,S3-300988836,S3,Sunrise Consultancy Private Limited,Sunrise Private Limited Service,"C/O Bhagwati Ramnagar Colony, Jaisalmer, Rajasthan","C/o Bhagwati Ramnagar Colony, Jaisalmer, RJ",IN,IN,69.6969696969697,92.13483146067416,False,False,1. spelling corruption
S1-528481422,S2-243133270,S2,Sunrise Consultancy Private Limited,M/s 5unrise Consultancy Private Limited,"C/O Bhagwati Ramnagar Colony, Jaisalmer, Rajasthan","C/O BHAGWATI RAMNAGAR COLONY, JAIPUR, JAISALMER, Rajasthan",IN,IN,94.5945945945946,93.20388349514563,False,False,9. address variation
S1-573922586,S3-528868562,S3,Sparsh Soil,M/s sparshsoil.com,"Shop No 606, Kyros Business Centre, Surat City, Surat, Gujarat","Kyros Business Centre, Surat, 424, GJ, Surat City",IN,IN,68.96551724137932,69.90291262135922,False,False,1. spelling corruption
S1-777292565,S2-63544742,S2,Bombay Investments Private Limited,बॉम्बे इन्वेस्टमेंट्स प्राइवेट लिमिटेड,"C7 233 2Nd Floor Sec-8, Rohini Delhi, Delhi, North West Delhi, Delhi","C7 233 2ND FLOOR SEC-8, E EH, NORTH WEST DELHI, Delhi",IN,IN,8.333333333333337,87.71929824561404,False,False,10. cross-script
S1-777292565,S2-213592908,S2,Bombay Investments Private Limited,M/s Bombay Private Limited Center,"C7 233 2Nd Floor Sec-8, Rohini Delhi, Delhi, North West Delhi, Delhi","C7 233 2ND FLOOR SEC-8, ROHINI DELHI, DELHI, Delhi",IN,IN,65.67164179104478,84.68468468468468,False,False,1. spelling corruption
S1-777292565,S2-798303413,S2,Bombay Investments Private Limited,Shri BOMBAY INVESTMENTS PNRVT  LIMITED,"C7 233 2Nd Floor Sec-8, Rohini Delhi, Delhi, North West Delhi, Delhi","C7 233 2ND FLOOR SEC-8, ROHINI DELHI, DELHI, दिल्ली",IN,IN,87.32394366197182,75.0,False,False,1. spelling corruption
S1-798408400,S3-357803314,S3,Agro Research Limited,Agro Résearch Limited,"8/2/2, 8/3/2, 13/1, Jhundpur, Musttil And Killa No. 53, Sonipat, Haryana, Sonipat","Musttil And Killa No. 53., 8/2/2, 8/3/2, 13/1, Jhundpur, Sonipat, हरियाणा",IN,IN,95.23809523809523,50.72463768115942,False,False,10. cross-script
S1-798408400,S3-912029213,S3,Agro Research Limited,Agr0 Resrbh Limited,"8/2/2, 8/3/2, 13/1, Jhundpur, Musttil And Killa No. 53, Sonipat, Haryana, Sonipat","Musttil And Killa No. 53., Sonipat, HR",IN,IN,85.0,63.55140186915889,False,False,1. spelling corruption
S1-798408400,S3-653333324,S3,Agro Research Limited,Agro Retreh [Limited],"8/2/2, 8/3/2, 13/1, Jhundpur, Musttil And Killa No. 53, Sonipat, Haryana, Sonipat","Musttil And Killa No. 53., 8/2/2, 8/3/2, 13/1, Jhundpur, Sonipat, HR",IN,IN,85.0,54.13533834586466,False,False,1. spelling corruption
S1-7182048,S2-402430474,S2,Super Dream Tech Limited,Super Dream [Tech],"Radhika Traders, Opp. Radhika Palace, Sonkh Road, Krishna Nagar, Mathura Uttar, Pradesh, Mathura, Uttar Pradesh","RADHIKA TRADERS, OPP. RADHIKA PALACE, SONKH ROAD, KRISHNA NAGAR, MATHURA UTTAR, PRADESH, MATHURA, उत्तर प्रदेश",IN,IN,80.0,88.78048780487805,False,False,1. spelling corruption
S1-7182048,S2-667870441,S2,Super Dream Tech Limited,सुपर ड्रीम टेक लिमिटेड,"Radhika Traders, Opp. Radhika Palace, Sonkh Road, Krishna Nagar, Mathura Uttar, Pradesh, Mathura, Uttar Pradesh","RADHIKA TRADERS, MATHURA, Uttar Pradesh",IN,IN,13.043478260869568,52.85714285714286,False,False,10. cross-script
S1-7182048,S3-669534386,S3,Super Dream Tech Limited,5uper Dream Tech Limited,"Radhika Traders, Opp. Radhika Palace, Sonkh Road, Krishna Nagar, Mathura Uttar, Pradesh, Mathura, Uttar Pradesh","Mathura, Radhika Traders, Mathura, UP",IN,IN,95.83333333333334,43.79562043795621,False,False,2. OCR corruption
S1-487002402,S3-267346379,S3,Industries Payment Agro Pvt. Ltd.,Industries Payment Pvt. Ltd. Service #12740,"Bihar, Patna, Flat No. 404-B, R.D. Tower, Bazar Samiti More, Gola Road, Danapur","Flat No. 404-B, R.d. Tower, Bazar Samiti More, Gola Road, Danapur, Patna, BR",IN,IN,73.23943661971832,84.89208633093526,False,False,1. spelling corruption
S1-487002402,S2-321083373,S2,Industries Payment Agro Pvt. Ltd.,INDUSTRIES PÁYMENT AGRO PVT. LTD.,"Bihar, Patna, Flat No. 404-B, R.D. Tower, Bazar Samiti More, Gola Road, Danapur","404-B , R.D. TOWER, BAZAR SAMITI MORE, GOLA ROAD, DANAPUR, PATNA, null, बिहार",IN,IN,96.7741935483871,73.38129496402878,False,False,10. cross-script
S1-487002402,S2-855402339,S2,Industries Payment Agro Pvt. Ltd.,Industries Palymetn Agro Pvt. Ltd.,"Bihar, Patna, Flat No. 404-B, R.D. Tower, Bazar Samiti More, Gola Road, Danapur","FLAT NO. 404-B, R.D. TOWER, BAZAR SAMITI MORE, GOLA ROAD, DANAPUR, PATNA, null, Bihar",IN,IN,95.23809523809523,80.27210884353741,False,False,9. address variation
S1-514428923,S2-546080949,S2,Elsi Lippert Old Inc,elsilippert.com,"Beavercreek, 4467 Cottage Park Drive, OH","4467 COTTAGE PARK DR, DAYYTON, OH",US,US,74.28571428571429,66.66666666666667,False,False,1. spelling corruption
S1-752823582,S3-557886404,S3,Ice Solutions Associates,lce Associates Center,"New Delhi, F-36Shopping Centre 1 Mansarover Garden, North Delhi, Delhi","F-36shopping Centre 1 Mansarover Garden, New Delhi, North Delhi, DL",IN,IN,57.77777777777777,82.44274809160305,False,False,9. address variation
S1-284063477,S2-756582817,S2,New Delhi Farms Private Limited,New Farms Private Limited Center,"E-549, Ground Floor Greater Kailash Part 2, New Delhi, South Delhi, Delhi","E-549, GROUND FLOOR GREATER KAILASH PART 2, NEW DELHI, Delhi",IN,IN,79.36507936507937,90.47619047619048,False,False,1. spelling corruption
S1-284063477,S3-280442611,S3,New Delhi Farms Private Limited,New Delhi Farms Prívate Limited,"E-549, Ground Floor Greater Kailash Part 2, New Delhi, South Delhi, Delhi","E-c-549, South Delhi, New Delhi, DL",IN,IN,96.7741935483871,51.48514851485149,False,False,10. cross-script
S1-248942045,S2-540830891,S2,Apex Energy Private Limited,एपेक्स एनर्जी प्राइवेट लिमिटेड,"Rz-47A, Lane No. 3 Syndicate Enclave, Janak Puri, New Delhi, West Delhi, Delhi","RZ-47, LANE NO. 3 SYNDICATE ENCLAVE, JANAK PURI, NEW DELHI, WEST DELHI, दिल्ली",IN,IN,10.526315789473683,91.66666666666666,False,False,10. cross-script
S1-248942045,S3-760691255,S3,Apex Energy Private Limited,एपेक्स एनर्जी प्राइवेट लिमिटेड,"Rz-47A, Lane No. 3 Syndicate Enclave, Janak Puri, New Delhi, West Delhi, Delhi","Rz-47a, Lane No. 3 Syndicate Enclave, Janak Puri, New Delhi, West Delhi, DL",IN,IN,10.526315789473683,97.87234042553192,False,False,10. cross-script
S1-248942045,S2-600541031,S2,Apex Energy Private Limited,एपेक्स एनर्जी प्राइवेट लिमिटेड,"Rz-47A, Lane No. 3 Syndicate Enclave, Janak Puri, New Delhi, West Delhi, Delhi","RZ-47, Delhi, LANE NO. 3 SYNDICATE ENCLAVE, JANAK PURI, WEST DELHI, NEW DELHI",IN,IN,10.526315789473683,85.3146853146853,False,False,10. cross-script
S1-932184366,S2-901586433,S2,City Industries Private Limited,Smt City Industries Pdgtae Limited,"M-164, 2Nd Floor Greater Kailash - Ii, New Delhi, Delhi","M-164, 2ND FLOOR GREATER KAILASH - II, दिल्ली",IN,IN,83.07692307692307,76.92307692307692,False,False,1. spelling corruption
S1-932184366,S3-326168911,S3,City Industries Private Limited,M/s City Private Private Limited Center,"M-164, 2Nd Floor Greater Kailash - Ii, New Delhi, Delhi","M-164, 2Nd Floor Greater Kailash - Ii, New Delhi, DL",IN,IN,68.57142857142857,96.90721649484536,False,False,1. spelling corruption
S1-932184366,S2-258368908,S2,City Industries Private Limited,सिटी इंडस्ट्रीज प्राइवेट लिमिटेड,"M-164, 2Nd Floor Greater Kailash - Ii, New Delhi, Delhi","2ND FLOOR GREATER KAILASH - II, NEW DELHI, दिल्ली, M-164",IN,IN,9.523809523809524,77.22772277227723,False,False,10. cross-script
S1-328278003,S2-522626441,S2,Astute & Associates Private Limited,Mr ASTUTEASSOCIATES.COM,"C/O Chel Kanwar, Ramdevnagar, Bap, Jodhpur, Rajasthan","C/O CHEL KANWAR, RAMDEVNAGAR, BAP, JODHPUR, null, Rajasthan",IN,IN,60.0,95.14563106796116,False,False,1. spelling corruption
S1-328278003,S3-826700710,S3,Astute & Associates Private Limited,astuteassociates.com,"C/O Chel Kanwar, Ramdevnagar, Bap, Jodhpur, Rajasthan","C/o Chel Kanwar, Ramdevnagar, Bap, Jodhpur, RJ",IN,IN,63.1578947368421,92.3076923076923,False,False,1. spelling corruption
S1-328278003,S3-618584382,S3,Astute & Associates Private Limited,Smt Vantagecira,"C/O Chel Kanwar, Ramdevnagar, Bap, Jodhpur, Rajasthan","C/o Chel Kanwar, Ramdevnagar, Bap, Jodhpur, RJ",IN,IN,38.46153846153846,92.3076923076923,False,False,9. address variation
S1-753652696,S3-168526039,S3,Color Group,colorgroup.com,"C-189, Kashipuri, Bhilwara, Rajasthan","राजस्थान, N/A, Bhilwara, C-189",IN,IN,80.0,42.622950819672134,False,False,1. spelling corruption
S1-573542985,S2-995311794,S2,Shyam Builders Private Limited,श्याम बिल्डर्स प्राइवेट लिमिटेड,"Gaman Houseveer Savarkar Marg Prabhadevi, Mumbai, Maharashtra","GAMAN HOUSEVEER SAVARKAR MARG PRABHADEVI, MUMBAI, महाराष्ट्र",IN,IN,9.836065573770492,82.05128205128204,False,False,10. cross-script
S1-573542985,S3-125078250,S3,Shyam Builders Private Limited,श्याम बिल्डर्स प्राइवेट लिमिटेड,"Gaman Houseveer Savarkar Marg Prabhadevi, Mumbai, Maharashtra","Gaman Houseveer Savarkar Marg Prabhadevi, Mumbai, MH",IN,IN,9.836065573770492,91.74311926605505,False,False,10. cross-script
S1-395139549,S3-498346663,S3,Himland Trust Co,Him1and Trust Co,"Hill No.2, Shital Nager, Jmt Road, Ghatkopar (West), Mumbai, Maharashtra","Block F-201 Hill No.2, Shital Nager, Jmt Road, Ghatkopar (West), Mumbai, MH",IN,IN,93.75,84.21052631578947,False,False,9. address variation
S1-681265095,S3-19664008,S3,Rev It Up Pub Inc,Rev It Up,"9304 Admiral Lowell Avenue, Albuquerque, NM","Admiral Lowell Avenue, PO Box 7500, Albuquerque, New Mexico",US,US,69.23076923076923,74.22680412371135,False,False,1. spelling corruption
S1-142477624,S3-29166611,S3,Red Projects Private Limited,Red Prójects-Private Limited,"Jaipur, Rajasthan, Khasra No.6794, Jaipur, 6798, 6799, 6800/2 Village Bagru Kalan, Tehsil-Sanganer","Khasra No.679, 6798, 6799, 6800/2 Village Bagru Kalan, Tehsil-sanganer, Divreportingcircle, Jaipur, RJ",IN,IN,96.42857142857143,70.96774193548387,False,False,10. cross-script
S1-142477624,S3-940641244,S3,Red Projects Private Limited,Red Private Limited Services,"Jaipur, Rajasthan, Khasra No.6794, Jaipur, 6798, 6799, 6800/2 Village Bagru Kalan, Tehsil-Sanganer","Door No 679, 6798, 6799, 6800/2 Village Bagru Kalan, Tehsil-sanganer, Divreportingcircle, Jaipur, RJ",IN,IN,67.85714285714286,66.30434782608697,False,False,1. spelling corruption
S1-142477624,S2-596866569,S2,Red Projects Private Limited,रेड प्रोजेक्ट्स प्राइवेट लिमिटेड,"Jaipur, Rajasthan, Khasra No.6794, Jaipur, 6798, 6799, 6800/2 Village Bagru Kalan, Tehsil-Sanganer","JAIPUR, #6794, JAIPUR, राजस्थान, <NULL>",IN,IN,9.999999999999998,37.398373983739845,False,False,10. cross-script
S1-142477624,S3-174428184,S3,Red Projects Private Limited,Limited Red Private Services,"Jaipur, Rajasthan, Khasra No.6794, Jaipur, 6798, 6799, 6800/2 Village Bagru Kalan, Tehsil-Sanganer","Khasra No.679, 6798, 6799, 6800/2 Village Bagru Kalan, Tehsil-sanganer, Divreportingcircle, Jaipur, राजस्थान",IN,IN,57.14285714285714,68.75,False,False,9. address variation
S1-142477624,S2-435285309,S2,Red Projects Private Limited,Red Projects प्राइवेट लिमिटेड,"Jaipur, Rajasthan, Khasra No.6794, Jaipur, 6798, 6799, 6800/2 Village Bagru Kalan, Tehsil-Sanganer","DOOR NO 6794 , 6798, 6799, 6800/2 VILLAGE BAGRU KALAN, TEHSIL-SANGANER, JAIPUR, <NULL>, Rajasthan",IN,IN,49.122807017543856,69.6629213483146,False,False,10. cross-script
S1-748616239,S3-165459127,S3,Southern Aditya Technology Private Limited,सदर्न आदित्य टेक्नोलॉजी प्राइवेट लिमिटेड,"Mumbai, Maharashtra, Spring Islan City Centre, G D Ambedkar Marg Bombay Dyeing Mill Compound, Dadar (East, ), 2402, Mumbai City","3-2402, Spring Islan City Centre, G D Ambedkar Marg Bombay Dyeing Mill Compound, Dadar (East, ), Mumbai, Mumbai City, MH",IN,IN,9.756097560975608,84.58149779735683,False,False,10. cross-script
S1-748616239,S3-987340029,S3,Southern Aditya Technology Private Limited,सदर्न आदित्य टेक्नोलॉजी प्राइवेट लिमिटेड,"Mumbai, Maharashtra, Spring Islan City Centre, G D Ambedkar Marg Bombay Dyeing Mill Compound, Dadar (East, ), 2402, Mumbai City","3-2402, Spring Islan City Centre, G D Ambedkar Marg Bombay Dyeing Mill Compound, Dadar (East, ), Mumbai, Mumbai City, MH",IN,IN,9.756097560975608,84.58149779735683,False,False,10. cross-script
S1-748616239,S2-182173927,S2,Southern Aditya Technology Private Limited,सदर्न आदित्य टेक्नोलॉजी प्राइवेट लिमिटेड,"Mumbai, Maharashtra, Spring Islan City Centre, G D Ambedkar Marg Bombay Dyeing Mill Compound, Dadar (East, ), 2402, Mumbai City","2402, MUMBAI, MUMBAI CITY, Maharashtra",IN,IN,9.756097560975608,31.57894736842105,False,False,10. cross-script
S1-865901639,S3-441363071,S3,Ear Nose & Throat Physicians Inc.,earnose.com,"445 Dolley Madison Road, Unit 102, Greensboro, NC","445 Dolley Madison Road, # 102, Greensboro Townsship, North Carolina",US,US,40.0,75.22935779816513,False,True,9. address variation
S1-865901639,S2-947739447,S2,Ear Nose & Throat Physicians Inc.,Ear Nose & Throat Physaiagns Inc.,"445 Dolley Madison Road, Unit 102, Greensboro, NC","0445 DOLLEY MADISON ROAD, GREENSBORO, NC",US,US,94.11764705882352,88.09523809523809,False,False,9. address variation
S1-865901639,S2-556379584,S2,Ear Nose & Throat Physicians Inc.,EAR NOSE THROAT PHYSICIANS INC. [CENTER],"445 Dolley Madison Road, Unit 102, Greensboro, NC","NC, GREENSBORO, 0445 DOLLEY MADISON ROAD",US,US,84.50704225352112,54.761904761904766,False,False,1. spelling corruption
S1-865901639,S2-638935630,S2,Ear Nose & Throat Physicians Inc.,earnosethroat.com,"445 Dolley Madison Road, Unit 102, Greensboro, NC","0445 DOLLEY MADISON RD, GREENSBORO, NC",US,US,58.82352941176471,85.36585365853658,False,False,9. address variation
S1-335160749,S3-672549460,S3,Clear Commercial Services PLLC,Clear Commercial Services,"1140 Broadway, Trenton, IL","1141 Broadway, Trenton, Illinois, N/A",US,US,90.9090909090909,79.3103448275862,False,False,9. address variation
S1-335160749,S2-906697448,S2,Clear Commercial Services PLLC,COMMERCIALSVCCLEAR.COM,"1140 Broadway, Trenton, IL","IL, BROADWAY, TRENTON",US,US,61.53846153846154,79.06976744186046,False,False,1. spelling corruption
S1-939977409,S3-309505336,S3,The Dent Pilates!,The Dent,"117 Summit Boulevard, Gardendale, AL","Alabama, Gardendlae, 117 Summit Blvd",US,US,66.66666666666667,44.11764705882353,False,False,1. spelling corruption
S1-850923338,S2-967618734,S2,Interstate Charter School,Interstate Chárter Schoo1 Ltd,"3209 10th Street, Unit APT G3, Bloomington, IN","IN, PO BOX 5176, BLOOMINGTON, 3209  TENTH ST",US,US,88.88888888888889,43.37349397590361,False,False,10. cross-script
S1-850923338,S3-324364718,S3,Interstate Charter School,Interstate Charter School (Ltd) #44812,"3209 10th Street, Unit APT G3, Bloomington, IN","Indiana, 3209 10nd St, Bloomington, # APT G3",US,US,83.33333333333334,56.09756097560976,False,False,1. spelling corruption
S1-376639742,S3-984438423,S3,Wong Platinum Health,Wong Plátinum Health,"Cedar City, 2105 Sawmill Street, UT","Utah, Cedar City, 2105 1/2 Sawmill Street",US,US,95.0,83.33333333333334,False,False,10. cross-script
S1-297396487,S3-544227854,S3,Big Builders LLP,Dr Bigbuilders.Com,"Flatl02, Inder Darshan Chs, Wing A, Jambli Galli, Borivali West, Mumbai, Maharashtra","Flatl02, Inder Darshan Chs, Wing A, Jambli Galli, Mumbai, Borivali West, MH",IN,IN,70.58823529411764,84.35374149659864,False,False,1. spelling corruption
S1-297396487,S3-964051539,S3,Big Builders LLP,बिग बिल्डर्स एलएलपी,"Flatl02, Inder Darshan Chs, Wing A, Jambli Galli, Borivali West, Mumbai, Maharashtra","Flatl02, Inder Darshan Chs, Wing A, Jambli Galli, Mumbai, Borivali West, MH",IN,IN,11.428571428571432,84.35374149659864,False,False,10. cross-script
S1-737462229,S3-737428557,S3,Eye Patriot Specialists Group,Eye-Patriot,"113 Lakewood Drive, Davis, OK","Lakewood Drive, Davis, Oklahoma",US,US,55.00000000000001,82.14285714285714,False,False,9. address variation
S1-806577827,S2-127365674,S2,Carolina Berrios Rapid Convertible,Carolina Bérrios Rapid Convertible [Ltd],"2679 Werewolf Lane, IN, Underwood","267 WEREWOLF LN, UNDERWOOD, IN",US,US,91.66666666666666,84.7457627118644,False,False,10. cross-script
S1-806577827,S3-350311223,S3,Carolina Berrios Rapid Convertible,Carolina  Breios Rapid Convertible,"2679 Werewolf Lane, IN, Underwood","Werewolf Ln, Underwood, Indiana",US,US,95.52238805970148,70.0,False,False,9. address variation
S1-31038584,S3-229823031,S3,Orthopedic Care Associates LLC,Orthopedic Care LLC Services,"3253 Lake Park Avenue, Hobart, IN","03253 Lake Park Avenue, Hobart, Indiana",US,US,68.96551724137932,91.17647058823529,False,False,1. spelling corruption
S1-31038584,S2-913969503,S2,Orthopedic Care Associates LLC,ORTHOPEDICCAREASSOCIATES.COM,"3253 Lake Park Avenue, Hobart, IN","HOBART, IN, 3253 LAKE PARK AVE",US,US,89.65517241379311,61.01694915254237,False,False,1. spelling corruption
S1-251343648,S3-185813397,S3,Arihant Projects Private Limited,अरिहंत प्रोजेक्ट्स प्राइवेट लिमिटेड,"1103, 11Th Floor, Lodha Supremus, Senapati Bapat Marg, Lower Parel (W), Mumbai, Mumbai City, Maharashtra","1103, Mumbai, MH",IN,IN,8.955223880597018,25.688073394495415,False,True,10. cross-script
S1-251343648,S3-584303393,S3,Arihant Projects Private Limited,अरिहंत प्रोजेक्ट्स Private Limited,"1103, 11Th Floor, Lodha Supremus, Senapati Bapat Marg, Lower Parel (W), Mumbai, Mumbai City, Maharashtra","1103, Mumbai City, MH",IN,IN,51.515151515151516,33.333333333333336,False,True,10. cross-script
S1-616785734,S2-922502665,S2,Trinity Church,Trinity Chúrch,"266 Main Street, MD, Port Deposit","327 MAIN STREET, PORT DEPOSIT, MD",US,US,92.85714285714286,83.87096774193549,False,False,10. cross-script
S1-616785734,S2-190241606,S2,Trinity Church,TRINITYCHURCH.COM,"266 Main Street, MD, Port Deposit","PORT DEPOSIT, 266 MAIN ST, MD",US,US,83.87096774193549,48.275862068965516,False,False,1. spelling corruption
S1-616785734,S3-383186490,S3,Trinity Church,Trinity Cdrh,"266 Main Street, MD, Port Deposit","Maryland, 266 Mian St, Port Deposit",US,US,84.61538461538461,71.875,False,False,1. spelling corruption
S1-476737545,S2-111858753,S2,Eastern Services,ईस्टर्न सर्विसेज,"Plot No 86, Kh No 34/1, Ground Floor, Blk D, Village Nangli Poona, Delhi, New Delhi, Delhi","PLOT NO #86, NEW DELHI, DELHI, दिल्ली",IN,IN,6.25,44.827586206896555,False,False,10. cross-script
S1-16210411,S3-58095648,S3,Rapid Payment Union,Rapid Payment Services,"537 Sunnywood Lane, Charlotte, NC","Sunnywood Ln, North Carolina, Charlotte Towship",US,US,73.17073170731707,63.1578947368421,False,False,1. spelling corruption
S1-448518305,S2-772265764,S2,Liberty Xcel LLC,LIBERTY LLC [SERVICE],"621 Mamaroneck Avenue, Unit Apartment 1, Mamaroneck, NY","21 MAMARONECK AVENUE, MAMARONECK, NY",US,US,62.857142857142854,79.06976744186046,False,False,1. spelling corruption
S1-765672232,S3-792977145,S3,Shelby Youth Services,Shelby Sérvices Center,"11174 W Shelby Road, Shelby, NY","21174 West Shelby Rd, null, Medina, New York",US,US,65.11627906976744,60.0,False,False,10. cross-script
S1-43097514,S2-268674942,S2,Kestrel LLC,Klseotfel  LLC,"Montgomery Village, MD, 19915 Wheelwright Drive","19915-B WHEELWRIGHT DRIVE, MONTGOMERY VILLAGE, MD",US,US,75.0,50.0,True,False,1. spelling corruption
S1-953013550,S2-538178886,S2,Pune Airconditioning LLP,Pune Áirconditioning LLP,"Sr 77/1/48, Opp. M. M. Vidya Mandir Jotiba Nagar, Kalewadi, Pune, Maharashtra","SR 077/1/48, OPP. M. M. VEDYA MANDIR JOTIBA NAGAR, KALEWADI, PUNE, Maharashtra",IN,IN,95.83333333333334,97.87234042553192,False,False,10. cross-script
S1-983129414,S2-545171863,S2,Eastern East Builders Limited,Eastern East Builders Límited,"Block 6, Relief Nagar, Morvi, Rajkot, Gujarat","BLOCK 6/4, RELIEF NAGAR, MORVI, Gujarat",IN,IN,96.55172413793103,88.31168831168831,False,False,10. cross-script
S1-983129414,S3-711711575,S3,Eastern East Builders Limited,Eastern East Builders,"Block 6, Relief Nagar, Morvi, Rajkot, Gujarat","Block 6, Morvi, Rajkot, GJ",IN,IN,84.0,71.875,False,False,1. spelling corruption
S1-983129414,S2-327806185,S2,Eastern East Builders Limited,ઈસ્ટર્ન ઈસ્ટ બિલ્ડર્સ લિમિટેડ,"Block 6, Relief Nagar, Morvi, Rajkot, Gujarat","BLOCK 6/4, RELIEF NAGAR, ગુજરાત, MORVI, RAJKOT",IN,IN,10.344827586206895,79.51807228915662,False,False,10. cross-script
S1-103461676,S3-767088872,S3,Jain Developers,Smt Jain Developers,"Thalassery, Kolavelloor, Kerala, Kannur, Cherukunnothparambath (H)","257 Cherukunnothparambath (H), Kolavelloor, Thalassery, Kannur, KL",IN,IN,88.23529411764706,48.33333333333333,False,False,1. spelling corruption
S1-522160335,S2-157092422,S2,Creative Jai Investments Private Limited,क्रिएटिव जय Investments Private Limited,"Pune, 1091, Maharashtra, Pune City, Sadashiv Peth, Shanipar Chowk, Bajirao Road","1091, SADASHIV PETH, SHANIPAR CHOWK, BAJIRAO ROAD, PUNE, Maharashtra",IN,IN,73.41772151898735,67.64705882352942,False,False,10. cross-script
S1-522160335,S2-964884385,S2,Creative Jai Investments Private Limited,क्रिएटिव जय इन्वेस्टमेंट्स प्राइवेट लिमिटेड,"Pune, 1091, Maharashtra, Pune City, Sadashiv Peth, Shanipar Chowk, Bajirao Road","1091, SADASHIV PETH, SHANIPAR CHOWK, BAJIRAO ROAD, PUNE, Maharashtra",IN,IN,9.638554216867467,67.64705882352942,False,False,10. cross-script
S1-522160335,S3-885813393,S3,Creative Jai Investments Private Limited,क्रिएटिव जय इन्वेस्टमेंट्स प्राइवेट लिमिटेड,"Pune, 1091, Maharashtra, Pune City, Sadashiv Peth, Shanipar Chowk, Bajirao Road","#1091, Sadashiv Peth, Shanipar Chowk, Bajirao Road, Pune City, Pune, MH",IN,IN,9.638554216867467,67.15328467153286,False,False,10. cross-script
S1-518228791,S3-626248829,S3,Black Technologies Private Limited,ब्लैक टेक्नोलॉजीज प्राइवेट लिमिटेड,"New Jeevan Shantia-2 C-4 Sector - 3 Airoli, Navi Mumbai, Maharashtra","New Jeevan Shantia-2 C-4 Sector - 3 Airoli, Navi Mumbai, MH",IN,IN,8.823529411764708,92.43697478991596,False,False,10. cross-script
S1-443260320,S3-847371636,S3,Integrated & Co,Integrated Center Co,"Uttar Pradesh, 1/710 Ground Floor Vishal Khand Gomti Nagar, Lucknow","Lucknow, N/A, No 1/710 Ground Floor Vishal Khand Gomti Nagar, UP",IN,IN,81.08108108108108,77.77777777777779,False,False,1. spelling corruption
S1-486062388,S2-586493746,S2,Associated Infrastructure Brands LLC,associatedinfrastructurebrands.com,"694 4th Avenue, City Of Oshkosh, WI","694 FOURTH AVE, CITY OF OSHKOSH, WI",US,US,91.42857142857143,87.87878787878788,False,True,9. address variation
S1-897926187,S2-842301351,S2,Dea & Castillo LLC,... deacastillo.com,"Ponca City, OK, 115 Lansbrook Road","00101 LANSBROOK RD, PONCA CITY, OK",US,US,74.28571428571429,50.0,False,False,1. spelling corruption
S1-550335687,S2-49052735,S2,Vital's Premier Spa,AVICALO,"840 Hickory Drive, Bldg 4124, Marysville, OH","OH, 840 HICKORY DR, MARYSVILLE",US,US,30.76923076923077,72.46376811594203,False,False,9. address variation
S1-433047154,S3-189508256,S3,Prairie Seneca PLLC,Prairie Sénca-Pllc,"Columbus, 308 Sturbridge Road, OH","Columbus, Ohio, 08 Sturbridge Road",US,US,91.89189189189189,85.71428571428572,False,False,10. cross-script
S1-49735489,S3-659611349,S3,North Gold Private Limited,North Gold #73077,"9 Rustic Dale Ramnagarcolony Pashan, Pune, Maharashtra","#9 Rustic Dale Ramnagarcolony Pashan, Pune, MH, Pune",IN,IN,52.38095238095239,86.0,False,False,9. address variation
S1-49735489,S3-549941609,S3,North Gold Private Limited,Dr North Gold Limited Center,"9 Rustic Dale Ramnagarcolony Pashan, Pune, Maharashtra","No 9 Rustic Dale Ramnagarcolony Pashan, Pune, MH",IN,IN,66.66666666666667,87.75510204081633,False,False,1. spelling corruption
S1-567740643,S2-127349974,S2,Star It Private Limited,स्टार आईटी प्राइवेट लिमिटेड,"Floor2Plot264 265Vaswani, Chambr Dr Anniebesant Rd, Mumbai, Maharashtra","FLOOR2PLOT264 265AVSWANI, BOMBAY, MUMBAI, महाराष्ट्र",IN,IN,12.0,59.82905982905983,False,False,10. cross-script
S1-44935824,S3-403665570,S3,Congregation Zion,Congregation Zion LP,"40 Crandall Street, Unit Apartment 2, Glens Falls, NY","0040 Crandall St, Glens Falls, New York",US,US,91.89189189189189,66.66666666666667,False,False,9. address variation
S1-786565835,S3-344306270,S3,Murshidabad Mount Private Limited,Murshidabadmount.Com,"S/O Lt Wahid Hossain Biswas Saw Mill Domkal, Jaurampura Behind Krishna, Murshidabad, West Bengal","S/o Lt Wahid Hossain Biswas Saw Mil Domkal, Jaurampura Behind Krishna, Murshidabad, পশ্চিমবঙ্গ",IN,IN,67.9245283018868,88.04347826086956,False,False,1. spelling corruption
S1-893540718,S3-966126650,S3,Premier Products LLP,प्रीमियर प्रोडक्ट्स एलएलपी,"Maharashtra, Floor 2, Plot No. 243, Wardhaman Chs Ltd, Mumbai Tamil Sangham Road, 72.88, Opp. Manav Seva Sangh Hall, Sion E, Mumbai, 3","3, Floor 2, Plot No. 243, Wardhaman Chs Ltd, Mumbai Tamil Sangham Road, 72.88, Opp. Manav Seva Sangh Hall, Sion E, Mumbai (SUBURBAN), Mumbai, MH",IN,IN,8.695652173913048,87.74703557312253,False,False,10. cross-script
S1-893540718,S3-118638762,S3,Premier Products LLP,प्रीमियर प्रोडक्ट्स एलएलपी,"Maharashtra, Floor 2, Plot No. 243, Wardhaman Chs Ltd, Mumbai Tamil Sangham Road, 72.88, Opp. Manav Seva Sangh Hall, Sion E, Mumbai, 3","3, Floor 2, Plot No. 243, Wardhaman Chs Ltd, Mumbai Tamil Sangham Road, 72.88, Opp. Manav Seva Sangh Hall, Sion E, Mumbai (SUBURBAN), Mumbai, MH",IN,IN,8.695652173913048,87.74703557312253,False,False,10. cross-script
S1-186293480,S3-512519599,S3,Ear Nose & Throat Medicine,The Ear Nose & Throat Medicine,"8784 Double Cabin Road, Carroll County, VA","Double Cabin Rd, Hillsville, Virginia",US,US,93.33333333333333,56.00000000000001,False,False,9. address variation
S1-186293480,S2-984210622,S2,Ear Nose & Throat Medicine,EAR NOSE and,"8784 Double Cabin Road, Carroll County, VA","VA, HILLSVILLE, DOUBLE CABIN ROAD",US,US,60.0,50.70422535211267,False,False,1. spelling corruption
S1-479683404,S3-626281254,S3,Toledo Integrated Dynamix Inc,Toledo Integrated Dynamix,"Charlotte, NC, 3741 Picasso Court","3741 Picasso Ct, Charlotte, North Carolina",US,US,92.5925925925926,47.887323943661976,False,False,11. other
S1-479683404,S3-384510916,S3,Toledo Integrated Dynamix Inc,Toledo Integrated Dynamix,"Charlotte, NC, 3741 Picasso Court",,US,US,92.5925925925926,0.0,False,False,6. missing address
S1-774346436,S2-484747470,S2,Eaves Federal of Victor,Onyxnexlum,"NY, Victor, 691 Brownsville Road","Brownsville Road, VICTOR, NY",US,US,12.121212121212121,57.14285714285714,False,False,9. address variation
S1-225044878,S2-647567700,S2,Pinnacle Fresh Lending LLC,Pinnacle Fresh LLC Services,"4191 Ridge Road, Town Of Cottage Grove, WI",,US,US,71.69811320754718,0.0,False,False,6. missing address
S1-360169045,S2-264200103,S2,Watson Pharmaceuticals,Watson (Phármaceuticals),"7927 Race Road, North Ridgeville, OH","RACE RD, NORTH RIDGEVILLE, OH",US,US,95.45454545454545,88.52459016393442,False,False,10. cross-script
S1-767763149,S3-928815805,S3,Tarava Research Pvt Ltd,taravaresearch.com,"Shop No. 01, Choudhary Market, Nawalgarh Road, Shivsinghpura, Sikar, Rajasthan","Door No 01., Choudhary Market, Nawalgarh Road, Shivsinghpura, Sikar, RJ",IN,IN,73.17073170731707,90.51094890510949,False,False,1. spelling corruption
S1-676875293,S3-432410448,S3,"Harbor Federal Quantumsphere, LLC","Harbor Federal Quantumsphere,","117 Springdale Road, Rock Hill, SC","117B Springdale Rd, Rock Hill, South Carolina",US,US,93.33333333333333,80.0,False,False,9. address variation
S1-443360699,S3-713979495,S3,"Pope Coastal Associates, Inc","Pope Coastal Ássociates, Inc","9402 Terri Lee Drive, Phoenix, AZ",,US,US,96.2962962962963,0.0,False,False,6. missing address
S1-443360699,S3-999213013,S3,"Pope Coastal Associates, Inc","Pope Coastal Associates,","9402 Terri Lee Drive, Phoenix, AZ","Terri Lee Dr, Arizona, Maryvale",US,US,92.0,56.666666666666664,False,False,9. address variation
S1-429949581,S2-496223385,S2,Net Consultancy,netconsultancy.com,"Gurgaon, Haryana, 105 Green Wood Plaza, Gurgaon","DOOR NO 105 GREEN WOOD PLAZA, GURGAON, हरियाणा",IN,IN,84.84848484848484,72.72727272727273,False,False,1. spelling corruption
S1-429949581,S3-692199700,S3,Net Consultancy,Net C0nrsuftanbcy,"Gurgaon, Haryana, 105 Green Wood Plaza, Gurgaon","105 Grene Wood Plaza, Gurgaon, Gurhaon, HR",IN,IN,81.25,65.06024096385542,False,False,1. spelling corruption
S1-911001154,S3-227509646,S3,Georgette Weiss Array,georgetteweissarray.com,"AL, 6456 Hickory Grove Road, Ramer","6456 1/2 Hickory Grove Rd, Ramer, Alabama",US,US,86.36363636363636,76.05633802816901,False,False,1. spelling corruption
S1-482861657,S2-884280532,S2,Lower Pinnacle Ready LLC,LOWER PINNACLE LLC SERVICES,"6 Old Brook Road, Shrewsbury, MA","OLD BROOK RD, SHREWSBURY, MA",US,US,70.58823529411764,92.85714285714286,False,False,1. spelling corruption
S1-534799801,S2-762302617,S2,India Lohit Service Private Limited,India Losit Service Private Limited,"207-208 Landmark The Mall, Near Sayaji Vaibhav Library, Navsari, Gujarat","#07-208 LANDMARK THE MALL, NEAR SAYAJI VAIBHAV LIBRARY, NAVSARI, Gujarat",IN,IN,97.14285714285714,99.27007299270073,False,False,9. address variation
S1-534799801,S2-394024726,S2,India Lohit Service Private Limited,India Lt Service Private Limited,"207-208 Landmark The Mall, Near Sayaji Vaibhav Library, Navsari, Gujarat","H.NO 07-208 LANDMARK THE MALL, NEAR SAYAJI VAIBHAV LIBRARY, NAVSARI, ગુજરાત",IN,IN,95.52238805970148,86.52482269503547,False,False,9. address variation
S1-534799801,S3-704223553,S3,India Lohit Service Private Limited,India Llohtdit Service Private Limited,"207-208 Landmark The Mall, Near Sayaji Vaibhav Library, Navsari, Gujarat","Door No 207-208 Landmark The Mall, Near Sayaji Vaibhav Library, Navsari, GJ",IN,IN,95.89041095890411,90.78014184397163,False,False,9. address variation
S1-964098390,S2-660733739,S2,Laxmi Investments Private Limited,Dr Laxmi Iovestmcnts Private Limited,"Pl No.Ac-11/A, Street No, 5, Samta Enclave, Qutub Vihr, New Delhi, South West Delhi, Delhi","PL NO.AC-1-1/A, STREET NO, 5, SAMTA ENCLAVE, QUTUB VIHR, NEW DELHI, Delhi",IN,IN,89.85507246376811,88.0,False,False,1. spelling corruption
S1-964098390,S2-794340242,S2,Laxmi Investments Private Limited,लक्ष्मी इन्वेस्टमेंट्स प्राइवेट लिमिटेड,"Pl No.Ac-11/A, Street No, 5, Samta Enclave, Qutub Vihr, New Delhi, South West Delhi, Delhi","PL NO.AC-1-1/A, STREET NO, 5, SAMTA ENCLAVE, QUTUB VIHR, NEW DELHI, SOUTH WEST DELHI, दिल्ली",IN,IN,8.333333333333337,92.85714285714286,False,False,10. cross-script
S1-964098390,S2-780230451,S2,Laxmi Investments Private Limited,Dr laxmi investments private limited,"Pl No.Ac-11/A, Street No, 5, Samta Enclave, Qutub Vihr, New Delhi, South West Delhi, Delhi","PL NO.AC-11-/A, STREET NO, 5, SAMTA ENCLAVE, QUTUB VIHR, NEW DELHI, Delhi",IN,IN,95.65217391304348,88.59060402684564,False,False,9. address variation
S1-964098390,S3-137172014,S3,Laxmi Investments Private Limited,Limited Laxmi Investments Partners,"Pl No.Ac-11/A, Street No, 5, Samta Enclave, Qutub Vihr, New Delhi, South West Delhi, Delhi","Pl No.ac-b3/11/a, South West, DL",IN,IN,65.67164179104478,47.78761061946902,False,False,1. spelling corruption
S1-241803492,S3-632942603,S3,White and Snow System LLC,White and Snow,"54 Blood Road, Charlton, MA","##54 Blood Road, Charlton, Massachusetts",US,US,71.7948717948718,81.9672131147541,False,False,1. spelling corruption
S1-230198272,S2-251716209,S2,International Golden Agro Private Limited,इंटरनेशनल गोल्डन एग्रो प्राइवेट लिमिटेड,"3Rd Floor, Coerra (Centre Of Excellence For Revenue Research & Analysis) Bhawan, Plot No. 2, Aranyan Bhawan, Jhalana Institutional Area, Jaipur, Rajasthan","3RD FLOOR, JAIPUR, Rajasthan",IN,IN,9.999999999999998,30.05780346820809,False,False,10. cross-script
S1-230198272,S3-416699830,S3,International Golden Agro Private Limited,इंटरनेशनल गोल्डन एग्रो प्राइवेट लिमिटेड,"3Rd Floor, Coerra (Centre Of Excellence For Revenue Research & Analysis) Bhawan, Plot No. 2, Aranyan Bhawan, Jhalana Institutional Area, Jaipur, Rajasthan","Jaipur, RJ, Jaipur, Coerra (Centre Of Excellence For Revenue Research & Analysis) Bhawan, Plot No. 2, Aranyan Bhawan, Jhalana Institutional Area, A-3rd Floor",IN,IN,9.999999999999998,87.16216216216216,False,False,10. cross-script
S1-777183290,S3-625554731,S3,Mountain Direct Ithax,Mountain Direct Ithax LP,"308 Lily Oak Drive, NC, Rolesville","North Carolina, 30 Lily Oak Dr, Rolesville",US,US,93.33333333333333,69.44444444444444,False,False,9. address variation
S1-777183290,S3-580865510,S3,Mountain Direct Ithax,Mountain Direct,"308 Lily Oak Drive, NC, Rolesville","Wake Forest, North Carolina, NULL, 30 Lily Oak Dr",US,US,83.33333333333334,35.89743589743589,False,False,1. spelling corruption
S1-777183290,S3-818602940,S3,Mountain Direct Ithax,Mountain Direct,"308 Lily Oak Drive, NC, Rolesville","30 Lily Oak Drive, Wake Forest, North Carolina",US,US,83.33333333333334,63.1578947368421,False,False,1. spelling corruption
S1-777183290,S3-42350432,S3,Mountain Direct Ithax,Mountain Direct  Services,"308 Lily Oak Drive, NC, Rolesville","North Carolina, Rolesville, 30 Lily Oak Drive",US,US,75.55555555555556,45.333333333333336,False,False,1. spelling corruption
S1-277544823,S3-850390029,S3,Secure Agricultural Holdings,Secure Agricultural,"9702 Refugio Court, Houston, TX","Refugio Ct, Houston, Texas",US,US,80.85106382978724,79.24528301886792,False,False,1. spelling corruption
S1-385902788,S3-945157875,S3,Venable Pacific Publishing Associates,VPPA,"611 Lockhaven Drive, Houston, TX","0611 Lockhaven Drive, Houston, Texas",US,US,19.512195121951216,93.75,False,False,4. abbreviation
S1-1107790,S3-589386644,S3,Meridian Housing Inc,Meridian Inc Center,"2058 Fox Pointe Drive, Unit #208, Aurora, IL","205 Fox Pointe Dr, # #208, Aurora, Illinois",US,US,66.66666666666667,80.51948051948052,False,False,1. spelling corruption
S1-404940255,S3-957040725,S3,Trading Mirai Forex Associates,Trading  Mtia Forex Associates,"10 Saiprasad4Th Flr 38 Dahanukar Wadi Kandivli W, Mumbai, Maharashtra","Door No 10 Saiprasad4th Flr 38 Dahanukar Wadi Kandivli W, Mumbai, MH",IN,IN,94.91525423728814,87.21804511278195,False,False,9. address variation
S1-211478425,S3-993757241,S3,Pioneer Projects Private Limited,Pioneer Projects Prívate Limited,"A/7 Balaji Avenue Judges Bunglow Road Vastrapur, Ahmedabad, Gujarat","A/7/9 Balaji Avenue Judces Bunglow Road Vastrapur, Ahmedabad, ગુજરાત",IN,IN,96.875,87.02290076335878,False,False,10. cross-script
S1-147757258,S2-131200491,S2,Northwind Seafood Inc,Center Northwind Inc,"456 Loblolly Drive, Vass, NC","Loblolly Drive, VASS, NC",US,US,63.41463414634146,91.66666666666666,False,False,1. spelling corruption
S1-21973139,S2-285007657,S2,Southern Properties Private Limited,సదర్న్ ప్రాపర్టీస్ ప్రైవేట్ లిమిటెడ్,"12 - 561, Savarala Street, Opp New Rajyalakshmi Hal, Nellore, Brundavanam, Nellore, Andhra Pradesh","DOOR NO 12 - 561, NELLORE, Andhra Pradesh",IN,IN,8.450704225352112,45.669291338582674,False,False,10. cross-script
S1-344789161,S3-901021333,S3,Sarvodaya Farmers LLP,LLP Sarvodaya Fármers,"102, Bldg Bheem-C, Nlcomplex, Off Link Rd.Behind Anand Nagar Dahisar E, Mumbai, Mumbai City, Maharashtra","Hn 232 102, Mumbai City, MH",IN,IN,76.19047619047619,30.89430894308943,False,False,10. cross-script
S1-61993687,S3-539480936,S3,Interstate Energy Brands,Interstate Energy Bránds,"422 N 2 Street, Ironton, OH","0422 N 2 Street, Irontton, Ohio",US,US,95.83333333333334,92.5925925925926,False,False,10. cross-script
S1-488032059,S2-84377493,S2,Indo Enterprises Private Limited,इंडो एंटरप्राइजेज प्राइवेट लिमिटेड,"India House, Opp Kanta House Tagore Rd, 504 5Th Flr, Maharashtra, Mumbai","MUMBAI II, Maharashtra, MUMBAI, 504 5TH FLR, INDIA HOUSE, OPP KANTA HOUSE TAGORE RD",IN,IN,9.090909090909093,50.68493150684932,False,False,10. cross-script
S1-223875014,S3-103613713,S3,Super Agro Private Limited,सुपर एग्रो प्राइवेट लिमिटेड,"North Delhi, A-131 Group Industrial Areawazirpur, Delhi","Door No 169- A-131 Group Industrial Areawazirpur, Delhi, North Delhi, DL",IN,IN,11.32075471698113,74.3801652892562,False,False,10. cross-script
S1-223875014,S2-368231479,S2,Super Agro Private Limited,सुपर एग्रो प्राइवेट लिमिटेड,"North Delhi, A-131 Group Industrial Areawazirpur, Delhi","A-131. GROUP INDUSTRIAL AREAWAZIRPUR, DELHI, NORTH DELHI, दिल्ली",IN,IN,11.32075471698113,72.56637168141593,False,False,10. cross-script
S1-223875014,S3-563562688,S3,Super Agro Private Limited,सुपर एग्रो प्राइवेट लिमिटेड,"North Delhi, A-131 Group Industrial Areawazirpur, Delhi","No 169- A-131 Group Industrial Areawzirpur, Delhi, North Delhi, DL",IN,IN,11.32075471698113,76.52173913043478,False,False,10. cross-script
S1-223875014,S3-406565556,S3,Super Agro Private Limited,Super Agro Limited Service,"North Delhi, A-131 Group Industrial Areawazirpur, Delhi","North Delhi, दिल्ली, Delhi, 169- A-131 Group Industrial Areawazirpur",IN,IN,69.23076923076923,80.34188034188034,False,False,1. spelling corruption
S1-223875014,S3-391172444,S3,Super Agro Private Limited,Dr Super Agro Private,"North Delhi, A-131 Group Industrial Areawazirpur, Delhi","Delhi, North Delhi, Door No 169- A-131 Group Industrial Areawazirpur, DL",IN,IN,76.59574468085107,82.64462809917356,False,False,1. spelling corruption
S1-113145304,S2-533814298,S2,Pace Capital Taxable,Pace Táxable Center,"317 Robinson Street, Syracuse, NY","#317 ROBINSON ST, SYRACUSE, NY",US,US,56.41025641025641,93.10344827586206,False,False,10. cross-script
S1-534080705,S3-760395152,S3,24HR Towing,24HR Twning,"Louisville, KY, 8311 Herrington Ct","8311 Herrngton Ct, Louisville, Kentucky",US,US,90.9090909090909,49.27536231884058,False,False,11. other
S1-960018396,S3-935359823,S3,Vision Partners Inc,Visionpartners.Com,"1052 Club Court, Kingman, AZ","Arizona, Kingman, 1052 Club Court",US,US,86.48648648648648,52.63157894736843,False,False,1. spelling corruption
S1-960018396,S3-390237871,S3,Vision Partners Inc,Vision Partners Íncorporated,"1052 Club Court, Kingman, AZ","Kingman, Arizona, 1052 Club Ct",US,US,76.59574468085107,44.44444444444444,False,False,10. cross-script
S1-91081971,S3-686814738,S3,Piedmont Orion,Piedmont Center,"601 8th Avenue, MN, Waseca","Waseca, 601 8nd Ave, Minnesota",US,US,68.96551724137932,53.84615384615385,False,False,1. spelling corruption
S1-91081971,S3-953777934,S3,Piedmont Orion,Piedm0nt Orion,"601 8th Avenue, MN, Waseca","601 8nd Avenue, Waseca, Minnesota",US,US,92.85714285714286,69.0909090909091,False,True,2. OCR corruption
S1-140301380,S3-532292537,S3,Pediatric Dentistry Summit Group,pediatricdentistrysummit.com,"14255 Orchard Knob Road, Polk County, OR","1425 Orchard Knob Road, Dalas, Oregon",US,US,86.66666666666667,73.97260273972603,False,False,1. spelling corruption
S1-613465154,S3-130153467,S3,Landmark Vincom Company,Landmark  Vincom,"13, Dum Dum Road P.S.- Dumdum, Kolkata, Howrah, West Bengal","Howrah, WB, Calcutta, 13",IN,IN,78.94736842105263,29.729729729729726,False,False,1. spelling corruption
S1-613465154,S3-902330547,S3,Landmark Vincom Company,Landmark Vincom - 4675747069,"13, Dum Dum Road P.S.- Dumdum, Kolkata, Howrah, West Bengal","Dum Dum Road P.s.- Dumdum, Calcutta, WB, 13, Howrah",IN,IN,65.3061224489796,69.38775510204081,False,False,1. spelling corruption
S1-591447188,S2-289891044,S2,White Consultancy Limited,व्हाइट कंसल्टेंसी लिमिटेड,"Vikas Marg, Delhi, C-55 Preet Vihar, East Delhi","C-55 PREET VIHAR, NULL, DELHI, EAST DELHI, Delhi",IN,IN,7.9999999999999964,61.36363636363637,False,False,10. cross-script
S1-591447188,S3-266058975,S3,White Consultancy Limited,White Limited Partners,"Vikas Marg, Delhi, C-55 Preet Vihar, East Delhi","C-55 Preet Vihar, Vikas Marg, Delhi, East Delhi, दिल्ली",IN,IN,55.319148936170215,56.84210526315789,False,False,9. address variation
S1-591447188,S2-67704826,S2,White Consultancy Limited,व्हाइट कंसल्टेंसी लिमिटेड,"Vikas Marg, Delhi, C-55 Preet Vihar, East Delhi","C-55 PREET VIHAR, NULL, DELHI, EAST DELHI, दिल्ली",IN,IN,7.9999999999999964,60.67415730337078,False,False,10. cross-script
S1-81301694,S3-410246533,S3,One Technologies Private Limited,One Technologies Private,"29Idealhometownshipkamilarajarajeswari Nagar, Bangalore, Karnataka","No 29Idealhometownshipkamilarajarajeswar Nagar, Bangalore, KA",IN,IN,85.71428571428572,91.05691056910568,False,False,1. spelling corruption
S1-81301694,S3-745751985,S3,One Technologies Private Limited,ಒನ್ ಟೆಕ್ನಾಲಜೀಸ್ ಪ್ರೈವೇಟ್ ಲಿಮಿಟೆಡ್,"29Idealhometownshipkamilarajarajeswari Nagar, Bangalore, Karnataka","29Idealhometownshipkamilarajarajeswar Nagar, Bangalore, KA",IN,IN,9.230769230769232,93.33333333333333,False,False,10. cross-script
S1-81301694,S2-997452938,S2,One Technologies Private Limited,ಒನ್ ಟೆಕ್ನಾಲಜೀಸ್ ಪ್ರೈವೇಟ್ ಲಿಮಿಟೆಡ್,"29Idealhometownshipkamilarajarajeswari Nagar, Bangalore, Karnataka","H.NO 029IDEALHOMETOWNSHIPKAMILARAJARAJESWARI NAGAR, BANGALORE, ಕರ್ನಾಟಕ",IN,IN,9.230769230769232,83.33333333333334,False,False,10. cross-script
S1-81301694,S3-940817414,S3,One Technologies Private Limited,Private One Technologies Limited,"29Idealhometownshipkamilarajarajeswari Nagar, Bangalore, Karnataka","No 29Idealhometownshipkamilarajarajeswar Nagar, Bangalore, KA",IN,IN,75.0,91.05691056910568,False,False,5. word reordering
S1-785361540,S2-592709023,S2,Prime Integrated Lodging Inc,Prime Integrated Lódging Inc - 1597159187,"8583 Shake Rag Road, Millington, TN","7583 SHAKE RAG RD, TN, MILLIINGTON",US,US,80.59701492537313,83.07692307692307,False,False,10. cross-script
S1-785361540,S2-27957449,S2,Prime Integrated Lodging Inc,PRIME INTEGRATED,"8583 Shake Rag Road, Millington, TN","7583 SHAKE RAG RD, MILLIINGTON, TN",US,US,72.72727272727273,92.3076923076923,False,False,1. spelling corruption
S1-384733488,S3-923502762,S3,Developers Avni Services Private Limited,Developers Ávni Services Private Limited,"No 28/5, Akshayam Flats, 1St Floor, 2Nd Main Road, Saidapet, Kanchipuram, Tamil Nadu","#28/5, Kanchipuram, Saidapet, TN",IN,IN,97.5,43.39622641509434,False,False,10. cross-script
S1-326543592,S2-389110663,S2,Jai Life Solutions Private Limited,जय लाइफ सॉल्यूशंस प्राइवेट लिमिटेड,"Plot No.-199 Gazipur Paper Market, Pocket-C, East Delhi, Delhi","BLOCK E-527 PLOT NO.-199 GAZIPUR PAPER MARKET, POCKET-C, EAST DELHI, KONDLI, दिल्ली",IN,IN,11.764705882352944,82.35294117647058,False,False,10. cross-script
S1-326543592,S3-125893146,S3,Jai Life Solutions Private Limited,Jaxonyxdelta,"Plot No.-199 Gazipur Paper Market, Pocket-C, East Delhi, Delhi","H.no 846 Plot No.-199 Gazipur Paper Market, Pocket-c, East Delhi, DL",IN,IN,30.434782608695656,90.1639344262295,False,False,9. address variation
S1-818399003,S3-580789445,S3,Black Estate Pvt Ltd,ब्लैक एस्टेट प्रा. लि.,"Gut No-22, Beed Road Aurangabad Aurangabad Chitegaon, Aurangabad, Maharashtra","Gut No-22, Beed Road Aurangabad Aurangabad Chitegaon, Aurangabad, MH",IN,IN,15.000000000000002,93.5251798561151,False,False,10. cross-script
S1-818399003,S2-303005741,S2,Black Estate Pvt Ltd,ब्लैक एस्टेट प्रा. लि.,"Gut No-22, Beed Road Aurangabad Aurangabad Chitegaon, Aurangabad, Maharashtra","GUT NO-22, BEED ROAD AURANGABAD AURANGABAD CHITEGAON, AURANGABAD, महाराष्ट्र",IN,IN,15.000000000000002,85.71428571428572,False,False,10. cross-script
S1-818399003,S2-967768087,S2,Black Estate Pvt Ltd,ब्लैक एस्टेट प्रा. लि.,"Gut No-22, Beed Road Aurangabad Aurangabad Chitegaon, Aurangabad, Maharashtra","GUT NO-22, BEED ROAD AURANGABAD AURANGABAD CHITEGAON, AURANGABAD, महाराष्ट्र",IN,IN,15.000000000000002,85.71428571428572,False,False,10. cross-script
S1-818399003,S3-563286414,S3,Black Estate Pvt Ltd,ब्लैक एस्टेट प्रा. लि.,"Gut No-22, Beed Road Aurangabad Aurangabad Chitegaon, Aurangabad, Maharashtra","Gut No-22, Beed Road Aurangabad Aurangabad Chitegaon, Aurangabad, MH",IN,IN,15.000000000000002,93.5251798561151,False,False,10. cross-script
S1-530929516,S2-497855180,S2,Atlantic Pelican,Atlantic (Pélican),"68 Forrester Street, Unit 1, Washington, DC","068 FORRESTER STREET, WASHINGTON, DC",US,US,93.75,89.1891891891892,False,False,10. cross-script
S1-905221907,S3-554963980,S3,"Smart Broadcast Alliance, LLC","Smart Broadcast Alliance,","6116 Blue Ridge Drive, Unit E, Highlands Ranch, CO","06116 Blue Ridge Dr, # E, Littleton CDP, Colorado",US,US,92.3076923076923,63.73626373626373,False,False,9. address variation
S1-905221907,S2-409349907,S2,"Smart Broadcast Alliance, LLC",Smart Broadcast,"6116 Blue Ridge Drive, Unit E, Highlands Ranch, CO","CO, LITTLETON, 6116 BLUE RIDGE DRIVE",US,US,69.76744186046511,51.85185185185186,False,False,1. spelling corruption
S1-304072185,S3-547599780,S3,Patna Solutions Private Limited,Patna Solutions Solutions Pivrte (Limited),"No-1F, Ashok Nagar Rd Karbigahiya, Kankarbagh, Patna, Bihar","No-1f, Ashok Nagar Rd Karbigahiya, Kankarbagh, Patna, BR",IN,IN,81.69014084507043,97.19626168224299,False,False,1. spelling corruption
S1-925294390,S3-415924754,S3,Gujarat Gujarat Global Pvt Ltd,Gujarat Gcujarlat Global Pvt Ltd,"C/O Mastermind Tutorials Near Balmiki Chowk, New Bus Stand Road, Barnala, Sangrur, Punjab",,IN,IN,96.7741935483871,0.0,False,False,6. missing address
S1-925294390,S3-92081856,S3,Gujarat Gujarat Global Pvt Ltd,ਗੁਜਰਾਤ ਗੁਜਰਾਤ ਗਲੋਬਲ ਪ੍ਰਾ. ਲਿ.,"C/O Mastermind Tutorials Near Balmiki Chowk, New Bus Stand Road, Barnala, Sangrur, Punjab","C/o Mastermind Tutorials Near Balmiki Chowk, New Bus Stand Road, Sangrur, Barnala, PB",IN,IN,14.035087719298245,89.1566265060241,False,False,10. cross-script
S1-925294390,S2-316144426,S2,Gujarat Gujarat Global Pvt Ltd,ਗੁਜਰਾਤ ਗੁਜਰਾਤ ਗਲੋਬਲ ਪ੍ਰਾ. ਲਿ.,"C/O Mastermind Tutorials Near Balmiki Chowk, New Bus Stand Road, Barnala, Sangrur, Punjab","C/O MASTERMIND TUTORIALS NEAR BALMIKI COWK, NEW BUS STAND ROAD, SANGRUR, Punjab",IN,IN,14.035087719298245,94.40993788819875,False,False,10. cross-script
S1-925294390,S3-895981706,S3,Gujarat Gujarat Global Pvt Ltd,ਗੁਜਰਾਤ ਗੁਜਰਾਤ ਗਲੋਬਲ ਪ੍ਰਾ. ਲਿ.,"C/O Mastermind Tutorials Near Balmiki Chowk, New Bus Stand Road, Barnala, Sangrur, Punjab","C/o Mastermind Tutorials Near Balmiki Chowk, New Bus Stand Road, Barnala, Sangrur, PB",IN,IN,14.035087719298245,97.59036144578313,False,False,10. cross-script
S1-912931032,S3-214021790,S3,White Agro Private Limited,వైట్ ఆగ్రో ప్రైవేట్ లిమిటెడ్,"Hyderabad, Fno 23, Telangana, Sukhmani Bldg, S.P Road Secunderabad","TG, Hyderabad, Fno 23",IN,IN,11.111111111111116,39.50617283950617,False,False,10. cross-script
S1-912931032,S2-19174956,S2,White Agro Private Limited,వైట్ ఆగ్రో ప్రైవేట్ లిమిటెడ్,"Hyderabad, Fno 23, Telangana, Sukhmani Bldg, S.P Road Secunderabad","FNO 023, SUKHMANI BLDG, S.P ROAD SECUNDERABAD, HYDERABAD, Telangana",IN,IN,11.111111111111116,67.19999999999999,False,False,10. cross-script
S1-398633521,S3-3913624,S3,Ear Nose & Throat Partners,Ear Nose & Throat Partners Inc.,"4337 Palma Blanca Drive, TX, Brownsville","Palma Blanca Drive, N/A, Brownsville, Texas",US,US,93.33333333333333,79.48717948717949,False,False,9. address variation
S1-920863775,S2-247342087,S2,Dermatology Express Physicians Center,Dóvaxylo,"2138 Mount Holly Street, Baltimore, MD","2138A MT HOLLY STREET, BALTIMORE, MD",US,US,17.777777777777782,94.28571428571428,False,False,10. cross-script
S1-973058884,S2-220075209,S2,Premier Learning Laboratories LLC,Premier Learning Laboratories,"620 Americana Drive, Unit 211, Annapolis, MD","MD, null, 620 Americana Dr, ANNAPOLIS",US,US,93.5483870967742,69.33333333333334,False,False,9. address variation
S1-180215483,S2-763260135,S2,Trusted Piedmont Graf,Trusted Piedmont,"NC, 123 Carter Lane, Washington","123 CARTER LN, WASHINGTON, NC",US,US,86.48648648648648,85.71428571428572,False,False,1. spelling corruption
S1-180215483,S2-606152368,S2,Trusted Piedmont Graf,Trusted Piedmont,"NC, 123 Carter Lane, Washington",,US,US,86.48648648648648,0.0,False,False,6. missing address
S1-180215483,S2-457275350,S2,Trusted Piedmont Graf,TRUSTED PIEDMONT SERVICE,"NC, 123 Carter Lane, Washington","123 CARTER LNAE, WASHINGTON, NC",US,US,80.0,86.20689655172413,False,False,1. spelling corruption
S1-6652001,S2-515842936,S2,Miller Innovative Harvard,MILLER  INNOVATIVE,"10 Trumbull St Stonington, Stonington, CT","TRUMBULL ST STONINGTON, STONINGTON, CT",US,US,80.95238095238095,96.0,False,False,1. spelling corruption
S1-251244817,S3-309822561,S3,Real Trading,রিয়েল ট্রেডিং,"211D/1, Bagmari Road, Ground Floor, Kolkata, Howrah, West Bengal","WB, Kolkata, 211D/1",IN,IN,7.692307692307687,28.947368421052634,False,False,10. cross-script
S1-148112784,S2-716426379,S2,Galaxy Software Private Limited,கேலக்ஸி சாஃப்ட்வேர் பிரைவேட் லிமிடெட்,"13C, Salem Main Road, Sankari, Salem, Tamil Nadu","NO 962 13C, SALEM MAIN ROAD, SANKARI, SALEM, Tamil Nadu",IN,IN,8.823529411764708,92.63157894736842,False,False,10. cross-script
S1-148112784,S3-66631273,S3,Galaxy Software Private Limited,galaxysoftwareprivate.com,"13C, Salem Main Road, Sankari, Salem, Tamil Nadu","D/13c, Salem Main Road, Sankari, Salem, TN",IN,IN,82.14285714285714,87.8048780487805,False,False,1. spelling corruption
S1-589406987,S2-296575053,S2,Smart Foundation Private Limited,ஸ்மார்ட் ஃபவுண்டேஷன் பிரைவேட் லிமிடெட்,"F1, Block-2, Shree Niketan Vrv Nagar, Gn Mills Po, Coimbatore, Tamil Nadu","F1, BLOCK-2, SHREE NIKETAN VRV NAGAR, GN MILLS PO, WESTERN REGION COIMBATORE, COIMBATORE, Tamil Nadu",IN,IN,8.571428571428575,83.9506172839506,False,False,10. cross-script
S1-739169954,S2-630306682,S2,Foot & Ankle Care LLC,footanklecare.com,"Omaha, 13616 Washington Circle, NE","0013616 WASHINGTON CIR, OMAHA, NE",US,US,75.0,73.01587301587303,False,False,1. spelling corruption
S1-739169954,S2-709585375,S2,Foot & Ankle Care LLC,Foot & Ankle Crge LLC,"Omaha, 13616 Washington Circle, NE","0013616 WASHINGTON CIR, OMAHA, NE",US,US,95.65217391304348,73.01587301587303,False,False,9. address variation
S1-739169954,S3-790807651,S3,Foot & Ankle Care LLC,F0ot & Ankle Care LLC,"Omaha, 13616 Washington Circle, NE","13616 Washington Circle, Omaha, Nebraska",US,US,95.65217391304348,74.28571428571429,True,False,2. OCR corruption
S1-831303346,S3-119850647,S3,Walsh Interiors Inc,Inc Walsh Ínteriors,"1509 Spot Lane, Carolina Beach, NC","Carolina Beach, 1509 Spot Ln, North Carolina",US,US,73.6842105263158,56.75675675675676,False,False,10. cross-script
S1-889049096,S3-706365796,S3,Sontag Athena,S0ntag  Athena,"2494 Coolidge Avenue, Fl 0, Wichita, KS","Coolidge Avenue, Fl 0, Wichita, Kansas",US,US,92.3076923076923,87.32394366197182,False,False,2. OCR corruption
S1-164708520,S3-30072661,S3,Lamb Osisko,Lamb Ósisko,"MA, Wales, 102 Mcbride Road","##102 Mcbride Rd, Wales, Massachusetts",US,US,90.9090909090909,47.45762711864406,False,False,10. cross-script
S1-621950410,S3-539087537,S3,India Swastic Merchandise Ltd,indiaswasticmerchandise.c0m,"Tiruvallur, Tamil Nadu, Poonamallee, 45, 46, Tower 9-8A Nh4 Chettipedu, Sf No 308/44","TN, Sf No 308/44, Tiruvallur, 45, 46, Tower 9-8A Nh4 Chettipedu",IN,IN,85.71428571428572,61.76470588235294,False,False,1. spelling corruption
S1-886531160,S3-37842022,S3,Courtney & Mendez,Courtney & Mendez Ltd (ID: 10054),"2845 Lake Barkley Drive, Kuttawa, KY","Kentucky, Kuttawa, 2845-B Lake Barkley Drive",US,US,74.50980392156863,60.526315789473685,False,False,1. spelling corruption
S1-570280368,S3-975082206,S3,Bay Institute,Bay Insitmmtnte,"8569 Us Highway 51, Millington, TN","Tennessee, Millington CITY, #8569 Us Highway 51",US,US,78.57142857142857,47.36842105263158,False,False,1. spelling corruption
S1-570280368,S2-677902941,S2,Bay Institute,bayinstitute.com,"8569 Us Highway 51, Millington, TN","TN, MILLINGTON, 08569 US HIGHWAY 51",US,US,82.75862068965517,55.38461538461539,False,False,1. spelling corruption
S1-993173865,S3-619041940,S3,Meenaya Visual Private Limited,meenayavisual.com,"Palakkad, 41/1267(2), 1St Flr, Ahamed, Square, Dpo Rd, Near Ksrtc, Palakkad, Kerala","4-1/1267(2), 1St Flr, Ahamed, Square, Dpo Rd, Near Ksrtc, Palakkad, KL",IN,IN,63.829787234042556,89.70588235294117,False,False,1. spelling corruption
S1-822917840,S3-262622631,S3,Southern Ventures Private Limited,Southern Ventures Prívate-Limited,"907, Dwarkesh Complex, Next To Welcome Hotel R. C. Dutt Road, Alkapuri, Vadodara, Gujarat","D/907, Dwarkesh Complex, Next To Welcome Hotel R. C. Dutt Road, Alkapuri, Vadodara, ગુજરાત",IN,IN,96.96969696969697,90.9090909090909,False,False,10. cross-script
S1-822917840,S2-604520479,S2,Southern Ventures Private Limited,સધર્ન વેન્ચર્સ પ્રાઇવેટ લિમિટેડ,"907, Dwarkesh Complex, Next To Welcome Hotel R. C. Dutt Road, Alkapuri, Vadodara, Gujarat","#5- 907, BARODA, VADODARA, Gujarat",IN,IN,9.375,46.846846846846844,False,False,10. cross-script
S1-688983312,S3-668942671,S3,Harmony Crawford Prairie For,Harmony [Crawford],"Unit 104, Raleigh, 2311 Centennial Ridge Way, NC","2311 Centenninl Ridge Way, Unit 104, Raleigh, North Carolina",US,US,72.72727272727273,52.94117647058824,False,False,1. spelling corruption
S1-581903176,S3-526279416,S3,Solora Painting Inc,psolora.com,"462 8th Lane, Gridley, KS","462- Eighth Ln, Gridley, Kansas",US,US,53.333333333333336,78.43137254901961,False,True,9. address variation
S1-825328153,S3-816426240,S3,Corner Seafood,Corner Smeaoodf,"3807 Willie Street, Victoria, TX","Texas, Victoria CDP, 3807 Willie Street",US,US,89.65517241379311,53.73134328358209,False,False,1. spelling corruption
S1-765624436,S2-568099667,S2,Seven Consultancy Private Limited,ಸೆವೆನ್ ಕನ್ಸಲ್ಟೆನ್ಸಿ ಪ್ರೈವೇಟ್ ಲಿಮಿಟೆಡ್,"65, New Timber Yard Lay Outmysore Road Bangalore-560 026, Bangalore, Karnataka","H.NO 445 65, BANGALORE, NEW TIMBER YARD LAY OUTMYSORE ROAD BANGALORE-560 026, Karnataka",IN,IN,8.571428571428575,81.76100628930818,False,False,10. cross-script
S1-84044412,S3-272440491,S3,High Software,हाई सॉफ्टवेयर,"Plot No. 162, East Part, Heerapura, Vikash Nagar, Jaipur, Rajasthan","RJ, Jaipur, H.no 162, East Part, Heerapura, Vikash Nagar, Jaipur",IN,IN,7.692307692307687,80.67226890756302,False,False,10. cross-script
S1-84044412,S2-606090470,S2,High Software,हाई सॉफ्टवेयर,"Plot No. 162, East Part, Heerapura, Vikash Nagar, Jaipur, Rajasthan","JAIPUR, 16, JAIPUR, Rajasthan",IN,IN,7.692307692307687,50.57471264367817,False,False,10. cross-script
S1-34221704,S3-249899167,S3,Tirupati Galaxy Impex Private Limited,तिरुपति गैलेक्सी इम्पेक्स प्राइवेट लिमिटेड,"Haryana, Sikri, 42 Km Stone Delhi Mathura Road, Faridabad","42 Km Stone Delhi Mathura Road, Divreportingcircle, Faridabad, HR",IN,IN,10.126582278481012,68.96551724137932,False,False,10. cross-script
S1-498438974,S2-753212159,S2,Blue Proshares LLC,BLUE PRÓSHARES LLC,"375 Alamo Circle, Alamo, TN","37 Alamo Circle, ALAMO, TN",US,US,94.44444444444444,97.95918367346938,False,False,10. cross-script
S1-498438974,S2-913768648,S2,Blue Proshares LLC,Blue  Proshares,"375 Alamo Circle, Alamo, TN","37 ALAMO CIR, ALAMO, TN",US,US,87.5,91.30434782608697,False,False,1. spelling corruption
S1-111188324,S2-792624634,S2,Vision Great Physicians Inc.,VISION GRÉAT PHYSICIANS INC.,"OH, Cleveland, 1925 Alvin Avenue","1925 ALVIN AVE, CLEVELAND, OH",US,US,96.2962962962963,52.63157894736843,False,False,10. cross-script
S1-111188324,S2-890516763,S2,Vision Great Physicians Inc.,Vision Great-Physicians,"OH, Cleveland, 1925 Alvin Avenue",,US,US,92.0,0.0,False,False,6. missing address
S1-111188324,S3-675807030,S3,Vision Great Physicians Inc.,Vision Gtreat Physicians Inc.,"OH, Cleveland, 1925 Alvin Avenue","1925 1/2 Alvin Ave, Cleveland, Ohio",US,US,98.18181818181819,47.61904761904761,False,False,11. other
S1-111188324,S3-485875022,S3,Vision Great Physicians Inc.,Vision Great Physicians,"OH, Cleveland, 1925 Alvin Avenue","1925 1/2 Alvin Ave, Cleveland, Ohio",US,US,92.0,47.61904761904761,False,False,11. other
S1-111188324,S3-743379907,S3,Vision Great Physicians Inc.,Vision Great Inc. Partners,"OH, Cleveland, 1925 Alvin Avenue","Alvin Ave, Cleveland, Ohio",US,US,69.23076923076923,44.44444444444444,False,False,1. spelling corruption
S1-607386665,S2-893736829,S2,One Hospitality Limited,വൺ ഹോസ്പിറ്റാലിറ്റി ലിമിറ്റഡ്,"Nh 544, (Old Nh47) Marathakkara, Thrissur, Kerala, 18/255, Thrissur","18/255, NH 544, (OLD NH47) MARATHAKKARA, THRISSUR, കേരളം",IN,IN,7.692307692307687,69.0909090909091,False,False,10. cross-script
S1-541897966,S3-673137306,S3,Golden Foods Private Limited,ഗോൾഡൻ ഫുഡ്സ് പ്രൈവറ്റ് ലിമിറ്റഡ്,"13/676 Sl Tower, Vavakkavu, Karunagappally, Kollam, Kerala","Door No 13/676 Sl Tower, Divreportingcircle, Kollam, KL",IN,IN,9.999999999999998,58.490566037735846,False,False,10. cross-script
S1-541897966,S3-36590985,S3,Golden Foods Private Limited,Dr GoldenfoodsCom,"13/676 Sl Tower, Vavakkavu, Karunagappally, Kollam, Kerala","No 13/676 Sl Tower, Vavakkavu, Divreportingcircle, Karunagappally, KL",IN,IN,53.333333333333336,72.26890756302521,False,False,9. address variation
S1-541897966,S2-151186950,S2,Golden Foods Private Limited,ഗോൾഡൻ ഫുഡ്സ് പ്രൈവറ്റ് ലിമിറ്റഡ്,"13/676 Sl Tower, Vavakkavu, Karunagappally, Kollam, Kerala","DOOR NO 13/676 SL TOWER, KARUNAGAPPALLY, KOLLAM, Kerala",IN,IN,9.999999999999998,83.01886792452831,False,False,10. cross-script
S1-541897966,S3-657454762,S3,Golden Foods Private Limited,ഗോൾഡൻ ഫുഡ്സ് പ്രൈവറ്റ് ലിമിറ്റഡ്,"13/676 Sl Tower, Vavakkavu, Karunagappally, Kollam, Kerala","Door No 13/676 Sl Tower, Vavakkavu, Divreportingcircle, Karunagappally, KL",IN,IN,9.999999999999998,69.35483870967742,False,False,10. cross-script
S1-971754272,S3-154335489,S3,Big Infra Private Limited,பிக் இன்ஃப்ரா பிரைவேட் லிமிடெட்,"Primus Building Door No. Sp-7A Sidco Industrial Estate, Tamil Nadu, Guindy, Chennai","Hn 38 Primus Building Door No. Sp-7a Sidco Industrial Estate, Chennai, TN",IN,IN,10.71428571428571,81.87919463087249,False,False,10. cross-script
S1-971754272,S2-646120768,S2,Big Infra Private Limited,பிக் இன்ஃப்ரா பிரைவேட் லிமிடெட்,"Primus Building Door No. Sp-7A Sidco Industrial Estate, Tamil Nadu, Guindy, Chennai","PRIMUS BUILDING DOOR NO. SP-7A  SIDCO INDUSTRIAL ESTATE, CHENNAI, Tamil Nadu",IN,IN,10.71428571428571,84.76821192052981,False,False,10. cross-script
S1-971754272,S2-209749783,S2,Big Infra Private Limited,Private Big lnfrá Limited,"Primus Building Door No. Sp-7A Sidco Industrial Estate, Tamil Nadu, Guindy, Chennai","PRIMUS BUILDING DOOR NO. SP-7A  SIDCO INDUSTRIAL ESTATE, CHENNAI, Tamil Nadu",IN,IN,60.0,84.76821192052981,False,False,10. cross-script
S1-813535719,S2-290848185,S2,Superior Entergy LLC,Superior Entergy,"5409 82nd Street, Unit #B201, Lakewood, WA","WA, <NULL>, 5409 82TH ST, LAKEWOOD",US,US,88.88888888888889,56.71641791044777,False,False,1. spelling corruption
S1-531375781,S2-473524224,S2,Gulf Program,GULFPROGRAM.COM,"950 Rosman Highway, Brevard, NC","95 ROSMAN HWY, BREVARD, NC",US,US,81.4814814814815,90.56603773584906,False,False,1. spelling corruption
S1-35959241,S3-310370577,S3,Social Project (India) LLP,Social (India) LLP Services,"F- 26, Sacred World Vitthal Rao Shivarkar Road, Wanwadi, Pune, Maharashtra","F- 26, Pune, MH",IN,IN,65.3061224489796,29.629629629629626,False,False,1. spelling corruption
S1-35959241,S3-221245166,S3,Social Project (India) LLP,Social Prdect (India) LLP LLP,"F- 26, Sacred World Vitthal Rao Shivarkar Road, Wanwadi, Pune, Maharashtra","F- 26, Pune, MH",IN,IN,86.27450980392157,29.629629629629626,False,False,1. spelling corruption
S1-850146607,S3-343513100,S3,Dynamic Creative Enterprises Private Limited,டைனமிக் கிரியேட்டிவ் எண்டர்பிரைசஸ் பிரைவேட் லிமிடெட்,"Subbulakshmi Complex Kangeyam Road, Rakkiyapalayam, No.72, Coimbatore, Tamil Nadu, Tiruppur","#72, Coimbatore, Tiruppur, TN",IN,IN,8.333333333333337,39.63963963963963,False,False,10. cross-script
S1-962063798,S2-165286270,S2,Eye Partners Clinic,#eyepartners,"5600 Alexis Road, Unit 247~250, Sylvania, OH","560 ALEXIS ROAD, SYLVANIA, OH",US,US,73.33333333333334,79.41176470588236,False,False,1. spelling corruption
S1-865683297,S3-660420223,S3,First Hospitality Private Limited,फर्स्ट हॉस्पिटैलिटी प्राइवेट लिमिटेड,"H. No.17, Banghara Chouk, Post Banghara, Sultanpur, Samastipur, Bihar","H. No.##17, Banghara Chouk, Post Banghara, Sultanpur, Samastipur, BR",IN,IN,8.695652173913048,97.5609756097561,False,False,10. cross-script
S1-865683297,S2-423550909,S2,First Hospitality Private Limited,फर्स्ट हॉस्पिटैलिटी प्राइवेट लिमिटेड,"H. No.17, Banghara Chouk, Post Banghara, Sultanpur, Samastipur, Bihar","#17, BANGHARA CHOUK, POST BANGHARA, SULTANPUR, SAMASTIPUR, बिहार",IN,IN,8.695652173913048,87.60330578512396,False,False,10. cross-script
S1-865683297,S2-886981619,S2,First Hospitality Private Limited,फर्स्ट हॉस्पिटैलिटी प्राइवेट लिमिटेड,"H. No.17, Banghara Chouk, Post Banghara, Sultanpur, Samastipur, Bihar","17, SAMASTIPUR, बिहार",IN,IN,8.695652173913048,34.14634146341463,False,False,10. cross-script
S1-290062067,S3-722962962,S3,Best Packaging Labs LLC,Bestpackaginglabs.Com,"Unit APT 2209, CA, 5601 Natomas Boulevard, Sacramento","5601 Natomas Boulevard, # APT 2209, Sacramento Towsnhip, California",US,US,86.36363636363636,58.92857142857143,False,False,1. spelling corruption
S1-290062067,S3-223190756,S3,Best Packaging Labs LLC,Best Packnagig Labs LLC,"Unit APT 2209, CA, 5601 Natomas Boulevard, Sacramento","5601 Natomas Blvd, Unit APT 2209, Sacramento Towsnhip, California",US,US,95.65217391304348,50.0,False,False,9. address variation
S1-529928147,S3-384710836,S3,Creative Staffing Union,Creative Staffing Center,"414 Harrison Street, Petersburg City, VA","Virginia, Petresburg, 41 Harrison Street",US,US,80.85106382978724,47.36842105263158,False,False,1. spelling corruption
S1-529928147,S2-927614682,S2,Creative Staffing Union,creativestaffingunion.com,"414 Harrison Street, Petersburg City, VA","00414 HARRISON STREET, PETERSBURG CITY, VA",US,US,87.5,97.43589743589743,False,False,1. spelling corruption
S1-529928147,S3-978990723,S3,Creative Staffing Union,Creative Staffing Unoin,"414 Harrison Street, Petersburg City, VA","Harrison St, Petesburg, Virginia",US,US,95.65217391304348,70.58823529411764,False,False,9. address variation
S1-603935974,S3-629909869,S3,Golden & Sons LLP,Golden  and Sos LLP,"Nai Abadi, Kachhpura, Kuberpur, 16/Na/Kp/786, Agra, Uttar Pradesh, Agra","16/Na/Kp/786, Nai Abadi, Kachhpura, Kuberpur, Agra, उत्तर प्रदेश",IN,IN,97.2972972972973,56.4516129032258,False,False,9. address variation
S1-603935974,S3-727736579,S3,Golden & Sons LLP,Golden and  Ss LLP,"Nai Abadi, Kachhpura, Kuberpur, 16/Na/Kp/786, Agra, Uttar Pradesh, Agra","16/Na/Kp/786, Nai Abadi, Kachhpura, Kuberpur, Agra, उत्तर प्रदेश",IN,IN,94.44444444444444,56.4516129032258,False,False,9. address variation
S1-372828919,S2-398867267,S2,Scholarship Federation,Scholarship Féderation,"517 Market Street, Bolivar, TN","0517 MARKET STREET, BOLIVAR, TN",US,US,95.45454545454545,98.24561403508771,False,False,10. cross-script
S1-855970112,S3-848610099,S3,Consolidated Design Global LLC,Consolidated Design LLC Services,"Ojai, CA, 244 Cruzero Street","244C Cruzero St, Mira Monte, California",US,US,77.41935483870968,50.79365079365079,False,False,1. spelling corruption
S1-855970112,S3-680131033,S3,Consolidated Design Global LLC,Consolidated Design Glooebal LLC,"Ojai, CA, 244 Cruzero Street","Cruzero Street, PO Box 5700, Ojai, California",US,US,96.7741935483871,41.17647058823529,False,False,11. other
S1-747711007,S3-877563989,S3,Primary Care Horizon Health LLC,primarycarehorizon.com,"1101 Alma Street, Wichita Falls, TX","Alma Street, Wichita Falls, Texas",US,US,75.47169811320755,87.5,False,False,1. spelling corruption
S1-747711007,S3-243190522,S3,Primary Care Horizon Health LLC,Primary Cáre Horizon Health Llc,"1101 Alma Street, Wichita Falls, TX","101 Alma St, Wichita Falls, Texas",US,US,96.7741935483871,87.5,False,False,10. cross-script
S1-4378801,S3-653501988,S3,Asset Building Ministries,Asset Búilding Ministries Inc,"1443 Craighead 762 Road, Brookland, AR",,US,US,88.88888888888889,0.0,False,False,6. missing address
S1-613662729,S3-418145894,S3,All Agro Pvt Ltd,All Pvt Ltd Center,"C/O Aky, Near. Comm.Center, Shivmandir, Vill Wazirabad, Sadar Bazar, Gurgaon, Haryana","Gurgaon, हरियाणा, Block G-124 C/o Aky",IN,IN,64.70588235294117,24.77876106194691,False,False,1. spelling corruption
S1-108864796,S3-234779139,S3,United Food Pvt Ltd,ইউনাইটেড ফুড প্রাইভেট লিমিটেড,"Kolkata, Calcutta, 32 Ezra Street 6Th Floorroom No 603, West Bengal","H.no 32 Ezra Street 6Th Floorroom No 603, Kolkata, Calcutta, পশ্চিমবঙ্গ",IN,IN,12.5,63.63636363636363,False,False,10. cross-script
S1-108864796,S2-181964344,S2,United Food Pvt Ltd,ইউনাইটেড ফুড প্রাইভেট লিমিটেড,"Kolkata, Calcutta, 32 Ezra Street 6Th Floorroom No 603, West Bengal","#32 ERZA STREET 6TH FLOORROOM NO 603, KOLKATA, CALCUTTA, West Bengal",IN,IN,12.5,71.875,False,False,10. cross-script
S1-108864796,S2-2274286,S2,United Food Pvt Ltd,ইউনাইটেড Food প্রাইভেট লিমিটেড,"Kolkata, Calcutta, 32 Ezra Street 6Th Floorroom No 603, West Bengal","DOOR NO #32 EZRA STREET 6TH FLOORROOM NO 603, KOLKATA, CALCUTTA, West Bengal",IN,IN,28.57142857142857,73.52941176470588,False,False,10. cross-script
S1-886179514,S3-911338845,S3,Shree Projects Private Limited,Dr Shree Projects Private  Limited,"1B Raja Subodh Mullick Square, Kolkata, Calcutta, West Bengal","No 1B Raja Subodh Mullick Square, Calcutta, Kolkata, WB",IN,IN,95.23809523809523,76.36363636363637,False,False,9. address variation
S1-886179514,S2-553689992,S2,Shree Projects Private Limited,Shree Protcs Private Limited,"1B Raja Subodh Mullick Square, Kolkata, Calcutta, West Bengal","2B RAJA SUBODH MULLICK SQUARE, KOLKATA, West Bengal",IN,IN,93.10344827586206,89.7196261682243,False,False,9. address variation
S1-449125627,S3-335861975,S3,Ubs Ink Private Limited,Ubs Ínk Private,"Sarve No. 2191, Jafrabad, Road, Bhokardan, Jalna, Bhokardan, Aurangabad, Maharashtra","Sarve No. 2191, Bhokardan, Aurangabad, MH",IN,IN,73.6842105263158,65.48672566371681,False,False,10. cross-script
S1-449125627,S2-276842306,S2,Ubs Ink Private Limited,Wexnovi,"Sarve No. 2191, Jafrabad, Road, Bhokardan, Jalna, Bhokardan, Aurangabad, Maharashtra","SARVE NO. 2191, JAFRABAD, ROAD, BHOKARDAN, JALNA, AURANGABAD, BHOKARDAN, Maharashtra",IN,IN,19.999999999999996,86.8421052631579,False,False,9. address variation
S1-338724397,S2-889638853,S2,Bombay Finance Private Limited,बॉम्बे फाइनेंस प्राइवेट लिमिटेड,"B-259 Gharoli Dairy Colony Mayur Vihar, Delhi, East Delhi, Delhi","H.NO 388 B-259 GHAROLI DAIRY COLONY MAYUR VIHAR, DELHI, EAST DELHI, दिल्ली",IN,IN,9.836065573770492,84.84848484848484,False,False,10. cross-script
S1-295249541,S2-218424915,S2,Premier Services Limited,Sri PREMIER SENRVITSE LIMITED,"Road No. 13, Film Nagar Banjara Hills, Hyderabad, P No. C/71, Telangana","NO. 952 P NO. C/71, ROAD NO. 13, FILM NAGAR BANJARA HILLS, HYDERABAD, Telangana",IN,IN,83.01886792452831,80.2919708029197,False,False,1. spelling corruption
S1-295249541,S2-48530171,S2,Premier Services Limited,ప్రీమియర్ సర్వీసెస్ లిమిటెడ్,"Road No. 13, Film Nagar Banjara Hills, Hyderabad, P No. C/71, Telangana","DOOR NO 952 P NO. C/71, ROAD NO. 13, FILM NAGAR BANJARA HILLS, HYDERABAD, Telangana",IN,IN,7.692307692307687,77.46478873239437,False,False,10. cross-script
S1-295249541,S3-465551629,S3,Premier Services Limited,Premier సర్వీసెస్ లిమిటెడ్,"Road No. 13, Film Nagar Banjara Hills, Hyderabad, P No. C/71, Telangana","Hyderabad, P No. C/71, TG",IN,IN,36.0,50.57471264367817,False,False,10. cross-script
S1-295249541,S2-648032592,S2,Premier Services Limited,ప్రీమియర్ సర్వీసెస్ లిమిటెడ్,"Road No. 13, Film Nagar Banjara Hills, Hyderabad, P No. C/71, Telangana","NO. 952 P NO. C/71, HYDERABAD, తెలంగాణ",IN,IN,7.692307692307687,38.38383838383839,False,False,10. cross-script
S1-280486471,S3-951000753,S3,"West Des Moines, Village Of","West Des Minreh, Village Of","3412 Valley View Drive, West Des Moines, IA","412 Valley View Dr, W. Des Moines, Iowa",US,US,92.3076923076923,88.31168831168831,False,False,9. address variation
S1-280486471,S3-356198990,S3,"West Des Moines, Village Of","West Des Moines,","3412 Valley View Drive, West Des Moines, IA","412 Valley View Dr, W. Des Moines, Iowa",US,US,73.17073170731707,88.31168831168831,False,False,1. spelling corruption
S1-406833496,S2-433205552,S2,Distributors Clinic,Shri DCLINIC.COM,"W-10A/12, Western Avenue, Sanik Farms, Near Police Station, Delhi, South Delhi, Delhi","W-0A/12, WESTERN AVENUE, SANIK FARMS, NEAR POLICE STATION, DELHI, SOUTH DELHI, दिल्ली",IN,IN,57.14285714285714,92.40506329113924,False,False,9. address variation
S1-406833496,S2-847277021,S2,Distributors Clinic,Distributors Clienc,"W-10A/12, Western Avenue, Sanik Farms, Near Police Station, Delhi, South Delhi, Delhi",,IN,IN,94.73684210526316,0.0,False,False,6. missing address
S1-182773982,S3-278713253,S3,Diamond Apparel Products,Diamond Apparel,"22 Tanglewood Lane, Bowling Green, OH","0022 Tanglewood Ln, Bowling Green, Ohio",US,US,76.92307692307692,91.66666666666666,False,False,1. spelling corruption
S1-435465844,S2-352978210,S2,Shiv Services Private Limited,शिव सर्विसेज प्राइवेट लिमिटेड,"D-65 Sector 10, Uttar Pradesh, First Floor, Gautam Buddha Nagar, Noida","HN 84 D-65 SECTOR 10, NOIDA, GAUTAM BUDDHA NAGAR, Uttar Pradesh",IN,IN,10.344827586206895,60.31746031746032,False,False,10. cross-script
S1-435465844,S3-843402882,S3,Shiv Services Private Limited,shivservices.com,"D-65 Sector 10, Uttar Pradesh, First Floor, Gautam Buddha Nagar, Noida","No. C-222 D-65 Sector 10, First Floor, Gautam Buddha Nagar, Noida, UP",IN,IN,62.22222222222222,80.0,False,False,1. spelling corruption
S1-757733633,S2-168300089,S2,Urban Care Private Limited,अर्बन केयर प्राइवेट लिमिटेड,"33, Kailash Nagar, Marg No. 18, Near K.V. 2 School, Jhotwara, Jaipur, Rajasthan","0033, JAIPUR, Rajasthan",IN,IN,11.32075471698113,41.30434782608695,False,False,10. cross-script
S1-757733633,S2-663985844,S2,Urban Care Private Limited,Urban Care Pigae Limited,"33, Kailash Nagar, Marg No. 18, Near K.V. 2 School, Jhotwara, Jaipur, Rajasthan",,IN,IN,92.0,0.0,False,False,6. missing address
S1-676238745,S2-426292351,S2,Little Traders,littletraders.com,"South West Delhi, Green Avenue, Mehrauli, Sultanpur Opp F12, 74 F 13, Delhi, New Delhi","##74 F 13, GREEN AVENUE, MEHRAULI, SULTANPUR OPP F12, NEW DELHI, दिल्ली",IN,IN,83.87096774193549,72.22222222222221,False,False,1. spelling corruption
S1-317958984,S3-819624330,S3,Mahalaxmi Infratech Pvt Ltd,Mahalaxmi Infaath Pvt Ltd,"Plot No 512, Kh.No 322, Flat No A-1 Gf, South Delhi, Delhi","DL, South Delhi, Plot No 512, South Delhi",IN,IN,92.3076923076923,54.347826086956516,False,False,9. address variation
S1-317958984,S2-329586163,S2,Mahalaxmi Infratech Pvt Ltd,Smt Mahalaxmi Infratech Pvt Ltd,"Plot No 512, Kh.No 322, Flat No A-1 Gf, South Delhi, Delhi","DOOR NO 512 , KH.ON 322, FLAT NO A-1 GF, SOUTH DELHI, Delhi",IN,IN,93.10344827586206,92.5925925925926,False,False,9. address variation
S1-317958984,S3-854454582,S3,Mahalaxmi Infratech Pvt Ltd,Sri Mahalaxmi Infratech Pvt,"Plot No 512, Kh.No 322, Flat No A-1 Gf, South Delhi, Delhi",,IN,IN,85.18518518518519,0.0,False,False,6. missing address
S1-978761808,S3-752912518,S3,Ironclad Inc.,Inc. Ironclad,"602 Fort Macon Road, Unit 142, Atlantic Beach, NC","# 142, North Carolina, 602-606 Fort Macon Road, Atlantic Beach",US,US,66.66666666666667,66.01941747572815,False,False,5. word reordering
S1-697662316,S2-765971131,S2,Aditya Consultancy Limited,Aditya Aditya Consultancy,"A-201, Narwana Apartments, 89, I P Extension, Patparganj, New Delhi, Delhi","A-201, NARWANA APARTMENTS, 89, I P EXTENSION, PATPARGANJ, Delhi",IN,IN,70.58823529411764,92.06349206349206,False,False,1. spelling corruption
S1-697662316,S3-752409277,S3,Aditya Consultancy Limited,Aditya Colnslutanyc Limited,"A-201, Narwana Apartments, 89, I P Extension, Patparganj, New Delhi, Delhi","Plot 0051 A-201, Narwana Apartments, 89, I P Extension, Patparganj, New Delhi, DL",IN,IN,90.56603773584906,90.9090909090909,False,False,9. address variation
S1-654919645,S2-527681283,S2,Signature Telefonica LLC,Signature [Telefonica],"2160 Old Tavern Road, Powhatan County, VA","VA, 002160 OLD TAVERN ROAD, POWHATAN",US,US,90.9090909090909,79.45205479452055,False,False,9. address variation
S1-339265481,S3-33398648,S3,Baba Maa Solutions Private Limited,பாபா மா சொல்யூஷன்ஸ் பிரைவேட் லிமிடெட்,"Sf.No.949/1B1A1A, Ayyalur P O, Ayyalur, Vedasandhur Taluk, Vedasandur, Dindigul, Tamil Nadu","Sf.no.949/1b1a1a, Dindigul, TN",IN,IN,11.267605633802813,49.557522123893804,False,False,10. cross-script
S1-339265481,S2-718196722,S2,Baba Maa Solutions Private Limited,பாபா மா சொல்யூஷன்ஸ் பிரைவேட் லிமிடெட்,"Sf.No.949/1B1A1A, Ayyalur P O, Ayyalur, Vedasandhur Taluk, Vedasandur, Dindigul, Tamil Nadu","AYYALUR P O, AYYALUR, VEDASANDHUR TALUK, Tamil Nadu, SF.NO.949/1B1A1A, DINDIGUL",IN,IN,11.267605633802813,64.15094339622642,False,False,10. cross-script
S1-339265481,S3-55767247,S3,Baba Maa Solutions Private Limited,Baba Maa Shcutisn Private Limited,"Sf.No.949/1B1A1A, Ayyalur P O, Ayyalur, Vedasandhur Taluk, Vedasandur, Dindigul, Tamil Nadu","Sf.no.949/1b1a1a, Dindigul, TN",IN,IN,89.55223880597015,49.557522123893804,False,False,1. spelling corruption
S1-366067613,S2-194366858,S2,Fresh Flaherty,Fresh F1áherty,"204 Commerce Street, Holdenville, OK","OK, 204 COMMERCE ST, HOLDENVILLE",US,US,85.71428571428572,84.375,False,False,10. cross-script
S1-971022615,S3-214744278,S3,Green Retail Studios L.L.C.,Green [Retail],"18 Cedarway Circle, Webster, NY","98 Cedarway Cir, Webster, New York",US,US,63.1578947368421,81.9672131147541,False,False,1. spelling corruption
S1-857808195,S3-783068902,S3,Valley Unified Franklin,Va1ley Unified Franklin,"262 11th Avenue, Upland, CA","134- 11th Ave, Upland, California",US,US,95.65217391304348,69.0909090909091,False,False,9. address variation
S1-857808195,S3-497047483,S3,Valley Unified Franklin,valleyunifiedfranklin.com,"262 11th Avenue, Upland, CA","#262 11th Avenue, Upland, California",US,US,87.5,86.20689655172413,False,False,1. spelling corruption
S1-366194054,S3-278575242,S3,N+ Franklin L.L.C.,N+ L.L.C. Cénter,"Yonkers, 109 Ellison Avenue, NY","109 Ellison Ave, <NULL>, Bronxville, New York",US,US,53.333333333333336,60.86956521739131,False,False,10. cross-script
S1-409383493,S2-292511563,S2,Callisto & Co,Callsiloo Callsiloo & Co,"Pachwathi, Bhera, Kheri, Uttar Pradesh","PACHWATHI, BHERA, उत्तर प्रदेश",IN,IN,68.29268292682926,53.968253968253975,False,False,1. spelling corruption
S1-409383493,S3-9122039,S3,Callisto & Co,Ccalaeo & Co,"Pachwathi, Bhera, Kheri, Uttar Pradesh","Pachwathi, Bhera, Kheri, उत्तर प्रदेश",IN,IN,75.86206896551724,66.66666666666667,False,False,1. spelling corruption
S1-451631071,S3-329279631,S3,Quantum Elevate Private Limited,Limited Quantum Private Center,"Block 1657, Alipore, Chikhli, Valsad, Gujarat","Block B3/1657, Valsad, GJ",IN,IN,59.01639344262295,62.5,False,False,9. address variation
S1-512030215,S3-437040831,S3,Khan's Audio Installation,khansaudio.com,"108 Lakeside Drive, Unit D, Smyrna, TN","Tennessee, Smyrna, 0108 Lakeside Dr, Unit D",US,US,61.53846153846154,58.666666666666664,False,False,1. spelling corruption
S1-512030215,S3-395832289,S3,Khan's Audio Installation,Khan's Ao Installation,"108 Lakeside Drive, Unit D, Smyrna, TN","0108 Lakeside Dr, # D, Smyrna, Tennessee",US,US,93.61702127659575,77.14285714285715,False,False,9. address variation
S1-512030215,S3-700189045,S3,Khan's Audio Installation,Khan's Audio Installation Co #17727,"108 Lakeside Drive, Unit D, Smyrna, TN","0108 Lakeside Dr, Unit D, Smyrna, Tennessee",US,US,84.7457627118644,85.33333333333333,False,False,1. spelling corruption
S1-512030215,S3-44742070,S3,Khan's Audio Installation,Iakhans.Com,"108 Lakeside Drive, Unit D, Smyrna, TN","0108 Lakeside Drive, Unit D, Smyrna, Tennessee",US,US,38.888888888888886,89.74358974358975,False,False,9. address variation
S1-208852666,S2-253436304,S2,Speed Coal Co,SPEEDCOAL.COM,"Sarita W/O Satish Kumar, Sec 64 Uncha Gaon, Ballabgarh, Faridabad, Haryana","SARITA W/O SATISH KUMAR, SEC 0064 UNCHA GAON, BALLABGARH, Haryana",IN,IN,92.3076923076923,90.9090909090909,False,False,9. address variation
S1-208852666,S3-898229363,S3,Speed Coal Co,Shri Speed Coslt (Co),"Sarita W/O Satish Kumar, Sec 64 Uncha Gaon, Ballabgarh, Faridabad, Haryana","Sarita W/o Satish Kumar, Sec 64 Uncha Gaon, Ballabgarh, Faridabad, हरियाणा",IN,IN,75.0,90.0,False,False,1. spelling corruption
S1-334636706,S3-986720929,S3,Best Producer Private Limited,@bestproducer,"Baristaa Properties Private Limited 32/1737, Ernakulam, Palarivattom, Kerala, A To D, N H Bypass","A To D, N H Bypass, Baristaa Properties Private Limited 9-32/1737, Ernakulam, KL, Palarivattom",IN,IN,58.53658536585367,73.33333333333334,False,False,9. address variation
S1-334636706,S2-184331760,S2,Best Producer Private Limited,Shri BEST PRODUCER PRIVATE LIMITED,"Baristaa Properties Private Limited 32/1737, Ernakulam, Palarivattom, Kerala, A To D, N H Bypass","BARISTAA PROPERTIES PRIVATE LIMITED 32/1737, A TO D, N H BYPASS, PALARIVATTOM, Keralam",IN,IN,92.06349206349206,76.30057803468209,False,False,9. address variation
S1-334636706,S2-516350526,S2,Best Producer Private Limited,ബെസ്റ്റ് പ്രൊഡ്യൂസർ പ്രൈവറ്റ് ലിമിറ്റഡ്,"Baristaa Properties Private Limited 32/1737, Ernakulam, Palarivattom, Kerala, A To D, N H Bypass","BARISTAA PROPERTIES PRIVATE LIMITED 32/1737, ERNAKULAM, Keralam",IN,IN,8.823529411764708,78.94736842105263,False,False,10. cross-script
S1-860027266,S2-269952200,S2,Kalinga India Public Limited,Kalinga Iag Public Limited,"C/O Mukesh Singhal, Agrasen Colony, Bari, Dholpur, Rajasthan","C/O MUKESH SINGHAL, AGRASEN COLONY, BARI, Rajasthan",IN,IN,92.5925925925926,92.3076923076923,False,False,9. address variation
S1-860027266,S3-379383053,S3,Kalinga India Public Limited,Kalinga India,"C/O Mukesh Singhal, Agrasen Colony, Bari, Dholpur, Rajasthan","RJ, C/o Mukesh Singhal, Bari",IN,IN,63.41463414634146,56.09756097560976,False,False,1. spelling corruption
S1-860027266,S2-362714056,S2,Kalinga India Public Limited,Kalinga Ilddi Public Limited,"C/O Mukesh Singhal, Agrasen Colony, Bari, Dholpur, Rajasthan","C/O MUKESH SINGHAL, AGRASEN COLONY, BARI, Rajasthan",IN,IN,92.85714285714286,92.3076923076923,False,False,9. address variation
S1-466259223,S2-793297163,S2,Ram Producer Limited,राम प्रोड्यूसर लिमिटेड,"H.No.-154 A, Sector-Iii-A, Rachna Vaishali, Ghaziabad, Uttar Pradesh","SECTOR-III-A, GHAZIABAD, HN 173 H.NO.-154 A, Uttar Pradesh",IN,IN,9.523809523809524,61.53846153846154,False,False,10. cross-script
S1-466259223,S3-951233911,S3,Ram Producer Limited,Ram Peboucre Limited,"H.No.-154 A, Sector-Iii-A, Rachna Vaishali, Ghaziabad, Uttar Pradesh","H.no.-154 A, Sector-iii-a, Rachna Vaishali, Ghaziabad, UP",IN,IN,85.0,90.43478260869566,False,False,1. spelling corruption
S1-466259223,S3-148898136,S3,Ram Producer Limited,राम प्रोड्यूसर लिमिटेड,"H.No.-154 A, Sector-Iii-A, Rachna Vaishali, Ghaziabad, Uttar Pradesh","H.no.-154 A, Sector-iii-a, Rachna Vaishali, Ghaziabad, UP",IN,IN,9.523809523809524,90.43478260869566,False,False,10. cross-script
S1-466259223,S2-826452081,S2,Ram Producer Limited,RAM PRDCR LIMITED,"H.No.-154 A, Sector-Iii-A, Rachna Vaishali, Ghaziabad, Uttar Pradesh","HN 173 H.NO.-154 A, SECTOR-III-A, RACHNA VAISHALI, उत्तर प्रदेश",IN,IN,91.89189189189189,67.21311475409837,False,False,9. address variation
S1-136110147,S3-24995993,S3,Bedford Builders,Bedford Bulides,"902 Fort Ritner Road, Bedford, IN","902C Fort Ritner Road, Indiana, Bedford",US,US,90.32258064516128,82.35294117647058,False,False,9. address variation
S1-261576214,S3-773083269,S3,Big Diner Group,Big Diner Group Center,"Fleming, 5199 Lake Road, NY","199 Lake Road, Fleming, New York",US,US,81.08108108108108,58.18181818181818,False,False,1. spelling corruption
S1-793139394,S3-275850262,S3,(india) Liam Engineering Pvt Ltd,(India) Lia Engineering Pvt Ltd,"Qn-87, Sector-14, Rohtak, Haryana","Qn-87, Sector-14, Rohtak, हरियाणा",IN,IN,98.30508474576271,76.66666666666666,False,False,9. address variation
S1-793139394,S3-502791615,S3,(india) Liam Engineering Pvt Ltd,(india) Lim Engineering Pvt Ltd,"Qn-87, Sector-14, Rohtak, Haryana","Qn-87, Sector-14, Rohtak, HR",IN,IN,98.30508474576271,90.9090909090909,False,False,9. address variation
S1-523525725,S3-187254539,S3,Urgent Care Dynamic Center Inc,urgentcaredynamic.com,"311 13th Street, Battle Ground, WA","311 13rd Street, Battle Ground, Washington",US,US,74.50980392156863,83.33333333333334,False,True,1. spelling corruption
S1-54475544,S2-277055101,S2,Secure Automation Products LLC,SECURE AUTOMATION,"224 800, Salt Lake City, UT",,US,US,72.34042553191489,0.0,False,False,6. missing address
S1-996586728,S3-208503398,S3,Anchor Piedmont Platforms PLLC,Anchor Piedmont,"7780 Monte Tesoro Drive, Kingman, AZ","Arizona, 7780. Monte Tesoro Dr, Kingman",US,US,66.66666666666667,80.0,False,False,1. spelling corruption
S1-491707582,S3-488068994,S3,Cultural Alliance Company,Cultural Cómpany Services,"7231 80th Street, Bondurant, IA","Bondurant, 7231 80th Street, Iowa",US,US,60.0,63.33333333333333,False,False,10. cross-script
S1-290103251,S3-26306067,S3,Gujarat Enterprises Private Limited,ગુજરાત એન્ટરપ્રાઇઝિસ પ્રાઇવેટ લિમિટેડ,"C/O Harshdbhai Chinubhai Mistri, Gayatri Eng Nr.Coin Box, Changodar, Sanand, Ahmadabad, Sanand, Ahmedabad, Gujarat","C/o Harshdbhai Chinubhai Mistri, Gayatri Eng Nr.coin Box, Changodar, Sanand, Ahmadabad, Ahmedabad, null, GJ",IN,IN,8.333333333333337,91.78743961352657,False,False,10. cross-script
S1-290103251,S3-943731189,S3,Gujarat Enterprises Private Limited,ગુજરાત એન્ટરપ્રાઇઝિસ પ્રાઇવેટ લિમિટેડ,"C/O Harshdbhai Chinubhai Mistri, Gayatri Eng Nr.Coin Box, Changodar, Sanand, Ahmadabad, Sanand, Ahmedabad, Gujarat","C/o Harshdbhai Chinubhai Mistri, Sanand, null, GJ",IN,IN,8.333333333333337,56.209150326797385,False,False,10. cross-script
S1-965026898,S3-220431015,S3,Brain & Brothers Private Limited,Brain & Brothers Limited Service,"Near Panchayat Samiti Bohra Market, Kothun Road, Lalsot, Dausa, Rajasthan","Near Panchayat Samiti Bohra Market, Kothun Road, Dausa, RJ, Lalsot",IN,IN,76.47058823529412,88.54961832061069,False,False,1. spelling corruption
S1-117854202,S3-616555045,S3,Marketing Chaudhary Elite Pvt Ltd,Marketing Chaducihay Elite Pvt Ltd,"Konnathu House, Lourdpuram, East Fort, Thrissur, Kerala","Block A-71 Konnathu House, Lourdpuram, East Fort, Thrissur, KL",IN,IN,92.53731343283582,86.23853211009174,False,False,9. address variation
S1-117854202,S2-287126462,S2,Marketing Chaudhary Elite Pvt Ltd,Pvt Marketing Cháudhary Elite Ltd,"Konnathu House, Lourdpuram, East Fort, Thrissur, Kerala","THRISSUR, LOURDPURAM, EAST FORT, KONNATHU HOUSE, Keralam",IN,IN,84.84848484848484,67.96116504854368,False,False,10. cross-script
S1-171909250,S3-922303635,S3,Baltimore Community Mountain Chiropractic Inc.,Services Baltimore Community Mountain Inc.,"4213 Bonner Road, Baltimore, MD","213 Bonner Rd, Balimore, Maryland",US,US,74.4186046511628,83.33333333333334,False,False,1. spelling corruption
S1-171909250,S3-214895083,S3,Baltimore Community Mountain Chiropractic Inc.,Baltimore Community Mountain,"4213 Bonner Road, Baltimore, MD","213 Bonner Road, Balimore, Maryland",US,US,76.71232876712328,87.09677419354838,False,False,1. spelling corruption
S1-684675594,S2-696408027,S2,Clark Solid,CLARK STOLID,"3105 Lelia Street, Houston, TX","TX, HOUSTON, 3105 LELIA ST",US,US,95.65217391304348,50.0,False,False,9. address variation
S1-165062706,S3-293680738,S3,Blue Projects Private Limited,బ్లూ ప్రాజెక్ట్స్ ప్రైవేట్ లిమిటెడ్,"Pno. 5 Vijaya Nagar Colony, Flat No. 402, Ratna Heights, Tirumalagiri, Hyderabad, Telangana","968 Pno. 5 Vijaya Nagar Colony, Flat No. 402, Ratna Heights, Tirumalagiri, Hyderabad, Andhra Pradesh",IN,IN,9.375,89.26553672316385,False,False,10. cross-script
S1-905532078,S3-646719300,S3,Pioneer Apparel Labs LLC,pioneerapparellabs.com,"3119 Nittany Drive, Rm RM 323, Logan Township, PA","Altoona, Pennsylvania, Rm RM 323, 3119 Nittany Dr",US,US,86.95652173913044,43.47826086956522,False,False,1. spelling corruption
S1-400016853,S2-578834047,S2,Quality Harbor LLC,Quality LLC Center,"3179 Willowcreek Road, Portage, IN","IN, 3179 WILLOWCREEK RD, PORTAGE",US,US,61.111111111111114,87.09677419354838,False,False,1. spelling corruption
S1-400016853,S3-821376452,S3,Quality Harbor LLC,qualityharbor.com,"3179 Willowcreek Road, Portage, IN","Willowcreek Rd, N/A, Portage, Indiana",US,US,85.71428571428572,75.75757575757575,False,False,1. spelling corruption
S1-6597451,S3-116624844,S3,Ranger Gold LLP,Rangergold.Com,"Bareilly, Uttar Pradesh, Shahdana Colony, 16A","UP, Shahdana Colony, 16A, Bareilly",IN,IN,75.86206896551724,60.273972602739725,False,False,1. spelling corruption
S1-503640787,S2-247055550,S2,Secunderabad Homes Co,Co Secunderabad Hlmots,"H.No.12-8-426, Hyderabad, Secunderabad, Telangana, Shanthi Enclave, Mettuguda","12-8-426, SHANTHI ENCLAVE, METTUGUDA, TARNAKA, HYDERABAD, Andhra Pradesh",IN,IN,74.4186046511628,48.92086330935251,False,False,1. spelling corruption
S1-503640787,S3-53066680,S3,Secunderabad Homes Co,Secunderabad Hfmes Co,"H.No.12-8-426, Hyderabad, Secunderabad, Telangana, Shanthi Enclave, Mettuguda","#82-8-426, Shanthi Enclave, Mettuguda, Secunderabad, Hyderabad, TG",IN,IN,95.23809523809523,50.0,False,False,9. address variation
S1-103496131,S3-883263830,S3,Allen Trusted Montage Inc,Allen Trusted,"2510 9th Avenue, Town Of Chetek, WI","2510b 9th Ave, Chetek, Wisconsin",US,US,68.42105263157895,69.84126984126983,False,False,1. spelling corruption
S1-103496131,S3-208219459,S3,Allen Trusted Montage Inc,Allen Trusted,"2510 9th Avenue, Town Of Chetek, WI","2510b 9th Ave, Chetek, Wisconsin",US,US,68.42105263157895,69.84126984126983,False,False,1. spelling corruption
S1-960804923,S3-915796282,S3,Great Creative Estate Pvt Ltd,6reat Creative  Estate Pvt Ltd,"C Block, Svs Ramanashri Maples, 9Th Cross, S.R Layout, Basavanavapura Main, Rd, Kr Puram, Karnataka, Bangalore, Flat #Gc7, Bangalore","Flat #Gc7, Bengaluru, KA",IN,IN,96.55172413793103,21.126760563380287,False,False,8. common name
S1-960804923,S2-536104326,S2,Great Creative Estate Pvt Ltd,ಗ್ರೇಟ್ ಕ್ರಿಯೇಟಿವ್ ಎಸ್ಟೇಟ್ ಪ್ರೈವೇಟ್ ಲಿಮಿಟೆಡ್,"C Block, Svs Ramanashri Maples, 9Th Cross, S.R Layout, Basavanavapura Main, Rd, Kr Puram, Karnataka, Bangalore, Flat #Gc7, Bangalore","FLAT #GC7, BANGALORE, ಕರ್ನಾಟಕ",IN,IN,11.111111111111116,24.489795918367353,False,False,10. cross-script
S1-960804923,S3-836799329,S3,Great Creative Estate Pvt Ltd,Great Creative Estate Ltd  Pvt (ID: 48994),"C Block, Svs Ramanashri Maples, 9Th Cross, S.R Layout, Basavanavapura Main, Rd, Kr Puram, Karnataka, Bangalore, Flat #Gc7, Bangalore","Flat #Gc7, Bangalore, ಕರ್ನಾಟಕ",IN,IN,80.59701492537313,24.489795918367353,False,False,1. spelling corruption
S1-960804923,S3-145596117,S3,Great Creative Estate Pvt Ltd,Pvt 6reat Creative Estate Ltd.,"C Block, Svs Ramanashri Maples, 9Th Cross, S.R Layout, Basavanavapura Main, Rd, Kr Puram, Karnataka, Bangalore, Flat #Gc7, Bangalore","Flat #Gc7, Bengaluru, KA",IN,IN,82.75862068965517,21.126760563380287,False,False,1. spelling corruption
S1-960804923,S3-32602583,S3,Great Creative Estate Pvt Ltd,Great Caoiatilmve Estate Pvt Ltd,"C Block, Svs Ramanashri Maples, 9Th Cross, S.R Layout, Basavanavapura Main, Rd, Kr Puram, Karnataka, Bangalore, Flat #Gc7, Bangalore",,IN,IN,88.52459016393442,0.0,False,False,6. missing address
S1-960804923,S3-43644046,S3,Great Creative Estate Pvt Ltd,ಗ್ರೇಟ್ ಕ್ರಿಯೇಟಿವ್ ಎಸ್ಟೇಟ್ ಪ್ರೈವೇಟ್ ಲಿಮಿಟೆಡ್,"C Block, Svs Ramanashri Maples, 9Th Cross, S.R Layout, Basavanavapura Main, Rd, Kr Puram, Karnataka, Bangalore, Flat #Gc7, Bangalore","Flat #Gc7, Bengaluru, ಕರ್ನಾಟಕ",IN,IN,11.111111111111116,20.408163265306122,False,False,10. cross-script
S1-164290588,S3-817069425,S3,Vijay Solutions Limited,Ciravio dba Vijay Solutions Limited,"H-No 26, Prem Colony, Sonipat, Sonepat, Haryana","Sonipat, Prem Colony, Sonepat, Haryana, H-No 26",IN,IN,79.3103448275862,67.44186046511628,False,False,1. spelling corruption
S1-164290588,S3-14148226,S3,Vijay Solutions Limited,(Limited) Vijay Souitnos,"H-No 26, Prem Colony, Sonipat, Sonepat, Haryana","No 73 H-no 26, Prem Colony, Sonipat, Sonepat, HR",IN,IN,53.333333333333336,87.35632183908046,False,False,9. address variation
S1-164290588,S3-849870227,S3,Vijay Solutions Limited,Vijay Solutions,"H-No 26, Prem Colony, Sonipat, Sonepat, Haryana","Door No 73 H-no 26, Sonepat, HR, Sonipat, Prem Colony",IN,IN,78.94736842105263,52.17391304347826,False,False,1. spelling corruption
S1-164290588,S2-476464238,S2,Vijay Solutions Limited,विजय सॉल्यूशंस लिमिटेड,"H-No 26, Prem Colony, Sonipat, Sonepat, Haryana","H.NO 00338 H-NO 26, PREM COLONY, SONIPAT, SONEPAT, Haryana",IN,IN,8.888888888888891,88.65979381443299,False,False,10. cross-script
S1-164290588,S3-89976191,S3,Vijay Solutions Limited,Vijay-Solutions,"H-No 26, Prem Colony, Sonipat, Sonepat, Haryana","No 73 H-no 26, Sonepat, हरियाणा",IN,IN,78.94736842105263,44.44444444444444,False,False,1. spelling corruption
S1-896617553,S3-781973288,S3,High Properties Private Limited,हाई प्रॉपर्टीज प्राइवेट लिमिटेड,"H. No. - 114 / 22 Girdharganj Bajar, Kundraghat, Gorakhpur, Uttar Pradesh","Gorakhpur, Block F-g-73 H. No. - 114 / 22 Girdharganj Bajar, UP, Gorakhpur",IN,IN,9.677419354838712,63.565891472868216,False,False,10. cross-script
S1-896617553,S3-15958699,S3,High Properties Private Limited,हाई प्रॉपर्टीज प्राइवेट लिमिटेड,"H. No. - 114 / 22 Girdharganj Bajar, Kundraghat, Gorakhpur, Uttar Pradesh","Blcok F-g-73 H. No. - 114 / 22 Girdharganj Bajar, Kundraghat, Gorakhpur, UP",IN,IN,9.677419354838712,81.53846153846153,False,False,10. cross-script
S1-896617553,S2-214483693,S2,High Properties Private Limited,हाई प्रॉपर्टीज प्राइवेट लिमिटेड,"H. No. - 114 / 22 Girdharganj Bajar, Kundraghat, Gorakhpur, Uttar Pradesh","H. NO. - 114 / 22 GIRDHARGANJ BAJAR, KUNDRAGHAT, GORAKHPUR, उत्तर प्रदेश",IN,IN,9.677419354838712,81.88976377952756,False,False,10. cross-script
S1-896617553,S2-970305500,S2,High Properties Private Limited,Smt High  Properties Private Ltd Enterprises,"H. No. - 114 / 22 Girdharganj Bajar, Kundraghat, Gorakhpur, Uttar Pradesh",,IN,IN,72.97297297297297,0.0,False,False,6. missing address
S1-896617553,S3-328334723,S3,High Properties Private Limited,हाई प्रॉपर्टीज प्राइवेट लिमिटेड,"H. No. - 114 / 22 Girdharganj Bajar, Kundraghat, Gorakhpur, Uttar Pradesh","Block F-g-73 H. No. - 114 / 22 Girdharganj Bajar, Gorakhpur, UP",IN,IN,9.677419354838712,70.58823529411764,False,False,10. cross-script
S1-17045690,S3-558083532,S3,East It Pvt Ltd,East Pvt-Ltd Services,"3Rd Floor, 310-311, Exult Shoppers, Vesu Main Road, Surat, Gujarat","#3Rd Floor, 310-311, Exult Shoppers, Vesu Main Road, Surat, ગુજરાત",IN,IN,66.66666666666667,89.25619834710744,False,False,1. spelling corruption
S1-17045690,S3-550411202,S3,East It Pvt Ltd,ઈસ્ટ આઈટી પ્રા. લિ.,"3Rd Floor, 310-311, Exult Shoppers, Vesu Main Road, Surat, Gujarat","3Rd Floor, Surat, ગુજરાત",IN,IN,18.75,38.55421686746988,False,False,10. cross-script
S1-17045690,S2-526099951,S2,East It Pvt Ltd,Mr East  Pvt It Ltd,"3Rd Floor, 310-311, Exult Shoppers, Vesu Main Road, Surat, Gujarat","3RD. FLOR, 310-311, EXULT SHOPPERS, VESU MAIN ROAD, SURAT, Gujarat",IN,IN,72.72727272727273,99.17355371900827,False,False,1. spelling corruption
S1-17045690,S2-878972032,S2,East It Pvt Ltd,ઈસ્ટ આઈટી પ્રા. લિ.,"3Rd Floor, 310-311, Exult Shoppers, Vesu Main Road, Surat, Gujarat","3RD. FLOOR, SURAT, Gujarat",IN,IN,18.75,54.761904761904766,False,False,10. cross-script
S1-373079085,S2-439173634,S2,Sky Ventures Private Limited,ਸਕਾਈ ਵੈਂਚਰਜ਼ ਪ੍ਰਾਈਵੇਟ ਲਿਮਟਿਡ,"4Th Floor, Arora Prime Tower G T Road, Jalandhar, Punjab","NO A-4TH FLOOR, JALANDHAR, ਪੰਜਾਬ",IN,IN,10.71428571428571,48.19277108433735,False,False,10. cross-script
S1-373079085,S2-383001190,S2,Sky Ventures Private Limited,ਸਕਾਈ ਵੈਂਚਰਜ਼ ਪ੍ਰਾਈਵੇਟ ਲਿਮਟਿਡ,"4Th Floor, Arora Prime Tower G T Road, Jalandhar, Punjab","A-4TH FLOOR, JALANDHAR, Punjab",IN,IN,10.71428571428571,64.19753086419753,False,False,10. cross-script
S1-373079085,S3-468984213,S3,Sky Ventures Private Limited,ਸਕਾਈ ਵੈਂਚਰਜ਼ ਪ੍ਰਾਈਵੇਟ ਲਿਮਟਿਡ,"4Th Floor, Arora Prime Tower G T Road, Jalandhar, Punjab","Jalandhar, Arora Prime Tower G T Road, #4Th Floor, PB, Jalandhar",IN,IN,10.71428571428571,69.64285714285714,False,False,10. cross-script
S1-373079085,S3-932750808,S3,Sky Ventures Private Limited,ਸਕਾਈ ਵੈਂਚਰਜ਼ ਪ੍ਰਾਈਵੇਟ ਲਿਮਟਿਡ,"4Th Floor, Arora Prime Tower G T Road, Jalandhar, Punjab","H.no 4Th Floor, Arora Prime Tower G T Road, Jalandhar, ਪੰਜਾਬ",IN,IN,10.71428571428571,85.45454545454545,False,False,10. cross-script
S1-771039069,S3-756450256,S3,Laify LLC,Layf LLC,"Pasadena, MD, Fl 0, 663 Willowby Run","663 Willowby Run, Maryland, Floor 0, Pasadena",US,US,82.35294117647058,42.666666666666664,False,False,1. spelling corruption
S1-636563425,S3-55914976,S3,South Supreme Systems Pvt Ltd,साउथ सुप्रीम सिस्टम्स प्रा. लि.,"New Delhi, Delhi, Dda Cycle Market 187, Central Delhi, No. 1, Jhandewalan","Dda Cycle Market 187/7, New Delhi, Central Delhi, DL",IN,IN,13.793103448275868,63.793103448275865,False,False,10. cross-script
S1-636563425,S3-697158673,S3,South Supreme Systems Pvt Ltd,साउथ सुप्रीम सिस्टम्स प्रा. लि.,"New Delhi, Delhi, Dda Cycle Market 187, Central Delhi, No. 1, Jhandewalan","Dda Cycle Market 187/7, No. 1, Jhandewalan, New Delhi, Central Delhi, DL",IN,IN,13.793103448275868,57.14285714285714,False,False,10. cross-script
S1-636563425,S3-250378749,S3,South Supreme Systems Pvt Ltd,South Supreme Pvt Ltd Service,"New Delhi, Delhi, Dda Cycle Market 187, Central Delhi, No. 1, Jhandewalan","Dda Cycle Market 187/7, New Delhi, No. 1, Jhandewalan, Central Delhi, दिल्ली",IN,IN,72.41379310344827,65.69343065693431,False,False,1. spelling corruption
S1-636563425,S2-741946907,S2,South Supreme Systems Pvt Ltd,साउथ सुप्रीम सिस्टम्स प्रा. लि.,"New Delhi, Delhi, Dda Cycle Market 187, Central Delhi, No. 1, Jhandewalan","DDA CYCLE MARKET 187, Delhi, CENTRAL DELHI, NEW DELHI",IN,IN,13.793103448275868,68.37606837606837,False,False,10. cross-script
S1-170773618,S3-711185489,S3,Arihant Sree Management Limited,अरिहंत श्री Management लिमिटेड,"C Wing, Oberoi, Exquisite Mohan Gokhalerd, Goregaon East, Mumbai, Maharashtra, Flat 601","Flat 601., C Wing, Oberoi, Exquisite Mohan Gokhalerd, Mumbai, Goregaon East, MH",IN,IN,42.622950819672134,73.20261437908498,False,False,10. cross-script
S1-170773618,S3-608094748,S3,Arihant Sree Management Limited,अरिहंत श्री मैनेजमेंट लिमिटेड,"C Wing, Oberoi, Exquisite Mohan Gokhalerd, Goregaon East, Mumbai, Maharashtra, Flat 601","Flat 601., Goregaon East, Mumbai, MH",IN,IN,9.999999999999998,46.01769911504425,False,False,10. cross-script
S1-170773618,S3-410490869,S3,Arihant Sree Management Limited,Arihant Sree Management,"C Wing, Oberoi, Exquisite Mohan Gokhalerd, Goregaon East, Mumbai, Maharashtra, Flat 601",,IN,IN,85.18518518518519,0.0,False,False,6. missing address
S1-170773618,S2-430860624,S2,Arihant Sree Management Limited,अरिहंत श्री मैनेजमेंट लिमिटेड,"C Wing, Oberoi, Exquisite Mohan Gokhalerd, Goregaon East, Mumbai, Maharashtra, Flat 601","FLAT 601, GOREGAON EAST, MUMBAI, Maharashtra",IN,IN,9.999999999999998,57.377049180327866,False,False,10. cross-script
S1-655691367,S2-242238004,S2,Vanguard Investment Products LLC,Vanguard Investment,"115 Buesching Road, Unit APARTMENT 921, Lake Zurich, IL",,US,US,74.50980392156863,0.0,False,False,6. missing address
S1-200236710,S3-196245645,S3,Foundry Inc,Foundry Inc Partners,"Big Bear Lake, 1131 Siskiyou Drive, CA","California, Big Bear Lake, 1131 Siskiyou Drive",US,US,70.96774193548387,82.5,False,False,1. spelling corruption
S1-200236710,S3-104478763,S3,Foundry Inc,Veoumbrawex,"Big Bear Lake, 1131 Siskiyou Drive, CA","1131 Siskiyou Dr, Big Bear Lake, California",US,US,27.27272727272727,54.54545454545454,False,False,9. address variation
S1-200236710,S3-192763819,S3,Foundry Inc,Quoveo d/b/a Foundry Inc,"Big Bear Lake, 1131 Siskiyou Drive, CA","1131 Siskiyou Drive, Big Bear Lake, CA",US,US,62.857142857142854,61.111111111111114,False,False,1. spelling corruption
S1-200236710,S2-732236066,S2,Foundry Inc,Foundry Incorporated,"Big Bear Lake, 1131 Siskiyou Drive, CA","CA, null, 1131 SISKIYOU DR, BIG BEAR LAKE",US,US,70.96774193548387,64.86486486486487,False,False,1. spelling corruption
S1-856858439,S2-735490400,S2,Gujarat Foods Private Limited,குஜராத் ஃபுட்ஸ் பிரைவேட் லிமிடெட்,"Rasheedmansionno.622, Iifloorannasalai, Chennai - 600 006., Tamil Nadu","Tamil Nadu, RASHEEDMANSIONNO.622/3, CHENNAI - 600 006., IIFLOORANNASALAI",IN,IN,9.677419354838712,64.61538461538461,False,False,10. cross-script
S1-856858439,S3-181748280,S3,Gujarat Foods Private Limited,குஜராத் ஃபுட்ஸ் பிரைவேட் லிமிடெட்,"Rasheedmansionno.622, Iifloorannasalai, Chennai - 600 006., Tamil Nadu","No 414 Rasheedmansionno6.22, Chennai - 600 006., Nungambakkam, தமிழ்நாடு",IN,IN,9.677419354838712,60.0,False,False,10. cross-script
S1-856858439,S3-588842355,S3,Gujarat Foods Private Limited,Gujarat Foods பிரைவேட் லிமிடெட்,"Rasheedmansionno.622, Iifloorannasalai, Chennai - 600 006., Tamil Nadu",,IN,IN,50.0,0.0,False,False,6. missing address
S1-856858439,S2-204604839,S2,Gujarat Foods Private Limited,குஜராத் ஃபுட்ஸ் பிரைவேட் லிமிடெட்,"Rasheedmansionno.622, Iifloorannasalai, Chennai - 600 006., Tamil Nadu","RASHEEDMANSIOSNO.622/3, IIFLOORANNASALAI, CHENNAI - 600 006., Tamil Nadu",IN,IN,9.677419354838712,96.92307692307692,False,False,10. cross-script
S1-856858439,S2-628656002,S2,Gujarat Foods Private Limited,குஜராத் ஃபுட்ஸ் பிரைவேட் லிமிடெட்,"Rasheedmansionno.622, Iifloorannasalai, Chennai - 600 006., Tamil Nadu","RASHEEDMANSIONNO.622/3, IIFLOORANNASALAI, CHENNAI - 600 006., தமிழ்நாடு",IN,IN,9.677419354838712,83.72093023255813,False,False,10. cross-script
S1-913273782,S3-377158064,S3,"Superior Valley Quantum, LLC","Superior Valley Quantum,","2527 Glendale Avenue, Petersburg City, VA","Glendale Ave, Petersburg City, Virginia",US,US,92.0,81.57894736842105,False,False,9. address variation
S1-451444218,S3-456896452,S3,Wire Developers,Wire Devloeers,"C/O Jogesh Ch Biswas Vill & P- Ukhra Sarangpur, Barddhaman, Bardhaman, West Bengal","C/o Jogesh Ch Bisbas Vill & P- Ukhra Sarangpur, Barddhaman, Bardhaman, WB",IN,IN,89.65517241379311,92.71523178807946,False,False,1. spelling corruption
S1-762426587,S3-194151503,S3,"Reyes, Watkins & Tavera LLC","Reyes, Watkins & Távera LLC","2430 Bayou Drive, League City, TX","430 Bayou Dr, League City, Texas",US,US,96.42857142857143,88.52459016393442,False,False,10. cross-script
S1-304455455,S3-688676650,S3,Pashupati Solutions Private Limited,Pashupati Sfoofalutins Private Limited,"Ss 275, Sector No. 2 Vashi, Mumbai, Mumbai City, Maharashtra","Mumbai City, Mumbai, #305 Ss 275, MH, Sector No. 2 Vashi",IN,IN,93.15068493150685,45.714285714285715,False,False,11. other
S1-304455455,S3-537769492,S3,Pashupati Solutions Private Limited,... Pashupati Solutions Private Límited,"Ss 275, Sector No. 2 Vashi, Mumbai, Mumbai City, Maharashtra","305 Ss 275, Sector No. 2 Vashi, Mumbai, Mumbai City, महाराष्ट्र",IN,IN,97.14285714285714,77.87610619469027,False,False,10. cross-script
S1-304455455,S2-449749653,S2,Pashupati Solutions Private Limited,Pashupati Solltans Private [Limited],"Ss 275, Sector No. 2 Vashi, Mumbai, Mumbai City, Maharashtra","SS 275, SECTOR NO. 2 VASHI, MUMBAI, महाराष्ट्र",IN,IN,92.7536231884058,65.97938144329896,False,False,9. address variation
S1-597325397,S2-257334664,S2,Degree Pipes Private Limited,#degreepipes,"Plot No. 1025 Sector-22B, Gurgaon, Haryana","PLOT NO. 10-25 SECTOR-22B, GURGAON, हरियाणा",IN,IN,56.41025641025641,81.0126582278481,False,False,9. address variation
S1-123454920,S3-90478364,S3,Baker Cable Corp,bakercable.com,"34 Crane Street, Worcester, MA","Crane St, Worcester, Massachusetts",US,US,86.66666666666667,70.0,False,False,1. spelling corruption
S1-753541927,S3-505528160,S3,Lucky Hypnosis,Lucky (Hypnósis),"409 Cedar Street, Tiptonville, TN","##409 Cedar St, Tiptonville, Tennessee",US,US,92.85714285714286,83.07692307692307,False,False,10. cross-script
S1-474764015,S2-710015641,S2,Shree Care Private Limited,શ્રી કેર પ્રાઇવેટ લિમિટેડ,"Room No. 1, C-72, Krishna Nagar Society, Bharuch, Gujarat","HN 959. ROOM NO. 1, BHARUCH, Gujarat",IN,IN,11.764705882352944,59.523809523809526,False,False,10. cross-script
S1-474764015,S3-905009166,S3,Shree Care Private Limited,Shree Care Prívate Limited,"Room No. 1, C-72, Krishna Nagar Society, Bharuch, Gujarat","Room No. 1/6, C-72, Krishna Nagar Society, Bharuch, GJ",IN,IN,96.15384615384616,93.06930693069306,False,False,10. cross-script
S1-474764015,S3-496202038,S3,Shree Care Private Limited,Shree Care Private Límited,"Room No. 1, C-72, Krishna Nagar Society, Bharuch, Gujarat","Room No. 1/6, Bharuch, GJ",IN,IN,96.15384615384616,56.75675675675676,False,False,10. cross-script
S1-474764015,S3-725443183,S3,Shree Care Private Limited,Shree Private Limited Center,"Room No. 1, C-72, Krishna Nagar Society, Bharuch, Gujarat","Room No. 1/6, C-72, Krishna Nagar Society, Bharuch, GJ",IN,IN,77.77777777777779,93.06930693069306,False,False,1. spelling corruption
S1-474764015,S3-564000226,S3,Shree Care Private Limited,શ્રી કેર પ્રાઇવેટ લિમિટેડ,"Room No. 1, C-72, Krishna Nagar Society, Bharuch, Gujarat","Room No. 1/6, Bharuch, C-72, Krishna Nagar Society, Bharuch, GJ",IN,IN,11.764705882352944,86.23853211009174,False,False,10. cross-script
S1-729441514,S2-627611942,S2,Empire Ventures Private Limited,Sri Empire Ventures Private,"#G03 Shree Ashram View Enclave, Save Building 15/3 Ks Garden Thamarai Kannan Rd Murphy Town, Halasuru, Bengaluru, Bangalore, Karnataka","#G03 SHREE ASHRAM VIEW ENCLAVE, SAVE BUILDING 15/3 KS GARDEN THAMARAI KANNAN RD MURPHY TOWN, HALASURU, BENGALURU, ಕರ್ನಾಟಕ",IN,IN,79.3103448275862,89.34426229508196,False,False,1. spelling corruption
S1-729441514,S2-840725856,S2,Empire Ventures Private Limited,Empire-Ventures Private (ID: 97506),"#G03 Shree Ashram View Enclave, Save Building 15/3 Ks Garden Thamarai Kannan Rd Murphy Town, Halasuru, Bengaluru, Bangalore, Karnataka","#G03 SHREE ASHRAM VIEW ENCLAVE, SAVE BUILDING 15/3 KS GARDEN THAMARAI KANNAN RD MURPHY TOWN, HALASURU, BENGALURU, Karnataka",IN,IN,82.53968253968253,95.9349593495935,False,False,1. spelling corruption
S1-729441514,S3-832091272,S3,Empire Ventures Private Limited,Empire Ventures,"#G03 Shree Ashram View Enclave, Save Building 15/3 Ks Garden Thamarai Kannan Rd Murphy Town, Halasuru, Bengaluru, Bangalore, Karnataka","#G53 Shree Ashram View Enclave, Save Building 15/3 Ks Garden Thamarai Kannan Rd Murphy Town, Halasuru, Bengaluru, Bangalore, ಕರ್ನಾಟಕ",IN,IN,65.21739130434783,92.91338582677166,False,False,1. spelling corruption
S1-729441514,S3-959579664,S3,Empire Ventures Private Limited,Private Empire Vegnfugres Limited,"#G03 Shree Ashram View Enclave, Save Building 15/3 Ks Garden Thamarai Kannan Rd Murphy Town, Halasuru, Bengaluru, Bangalore, Karnataka","#G53 Shree Ashram View Enclave, Bengaluru, Bangalore, KA",IN,IN,68.75,56.666666666666664,False,False,1. spelling corruption
S1-916188183,S3-795932067,S3,Life Ventures Limited,लाइफ वेंचर्स लिमिटेड,"Panouri Road Gharaunda, Karnal, Haryana","Panouri Road Gharaunda, Karnal, हरियाणा",IN,IN,9.756097560975608,81.08108108108108,False,False,10. cross-script
S1-916188183,S2-674717978,S2,Life Ventures Limited,लाइफ वेंचर्स लिमिटेड,"Panouri Road Gharaunda, Karnal, Haryana","NO. #122 PANOURI ROAD GHARAUNDA, Haryana, KARNAL",IN,IN,9.756097560975608,79.01234567901234,False,False,10. cross-script
S1-916188183,S3-490856117,S3,Life Ventures Limited,लाइफ वेंचर्स लिमिटेड,"Panouri Road Gharaunda, Karnal, Haryana","Panouri Road Gharaunda, Karnal, HR",IN,IN,9.756097560975608,92.7536231884058,False,False,10. cross-script
S1-878315757,S2-675903099,S2,Solstice Healthcare Inc,Solstice Healbthcrae Inc,"1540 Adelman Loop, Eugene, OR","OR, 1541 ADELMAN LOOP, EUGENE",US,US,93.61702127659575,85.18518518518519,False,False,9. address variation
S1-87012506,S2-978851520,S2,Primary Care Medicine,Primary Care Medicine  Federation,"885 71, Unit A, Bastrop, TX","TX, 885 71, BASTROP",US,US,79.24528301886792,68.29268292682926,False,False,1. spelling corruption
S1-871253005,S3-619285873,S3,Continental Cardiology Center,continentalcardiologycenter.com,"1967 W River, Franklinton, NC","1967 West River, null, Franklinton, North Carolina",US,US,90.0,72.97297297297297,False,True,9. address variation
S1-837062367,S3-347236931,S3,Bay Companies Corp,8ay Companies Corp,"402 Timber Ridge, Botetourt County, VA","40 Timber Rdg, Botetourt County, Virginia",US,US,94.44444444444444,88.0,False,False,9. address variation
S1-837062367,S3-350717390,S3,Bay Companies Corp,baycompanies.com,"402 Timber Ridge, Botetourt County, VA","40 Timber Rdg, Botetourt County, Virginia",US,US,88.23529411764706,88.0,False,False,1. spelling corruption
S1-139362523,S3-896734370,S3,Valley Bond,Valley Center,"202 Spencer Road, Oakham, MA","Oakham, 202 Spencer Rd, Massachusetts",US,US,66.66666666666667,55.73770491803278,False,False,1. spelling corruption
S1-79621287,S3-801790803,S3,Richa Group,Rha Group,"98/99 Oshiwara Complexabove Shreeji Hotel Oshiwara Jogeshwari (W), Mumbai, Mumbai City, Maharashtra","Mumbai, No 098/99 Oshiwara Complexabove Shreeji Hotel Oshiwara Jogeshwari (W), Mumbai City, MH",IN,IN,90.0,85.24590163934427,False,False,9. address variation
S1-283277670,S3-527758991,S3,Superior Agricultural Worldwide,Superior Worldwide Center,"211 Greenbrier Street, Franklin, NC","00211 Greenbrier St, Franklin, North Carolina",US,US,64.28571428571428,76.31578947368422,False,False,1. spelling corruption
S1-283277670,S3-40864881,S3,Superior Agricultural Worldwide,Superior  Worldwide Center,"211 Greenbrier Street, Franklin, NC","Greenbrier St, Franklin, North Carolina",US,US,64.28571428571428,71.42857142857143,False,False,1. spelling corruption
S1-283277670,S3-406747965,S3,Superior Agricultural Worldwide,Superior Agrniculfural (Worldwide),"211 Greenbrier Street, Franklin, NC","00211 Greenbrier St, Franklin, North Carolina",US,US,95.23809523809523,76.31578947368422,False,False,9. address variation
S1-841440118,S3-87146307,S3,Alpha Sai Constructions Pvt Ltd,ಆಲ್ಫಾ ಸಾಯಿ ಕನ್‌ಸ್ಟ್ರಕ್ಷನ್ಸ್ ಪ್ರೈವೇಟ್ ಲಿಮಿಟೆಡ್,"2Nd Floor Sri Anjanappa, Building Vinayakanagar Tc, Bangalore South, Bangalore, Karnataka","Door No 2Nd. Floor Sri Anjanappa, Building Vinayakanagar Tc, Bangalore South, Bangalore, KA",IN,IN,10.526315789473683,91.22807017543859,False,False,10. cross-script
S1-841440118,S3-985965639,S3,Alpha Sai Constructions Pvt Ltd,Alpha Sai Pvt Ltd Center,"2Nd Floor Sri Anjanappa, Building Vinayakanagar Tc, Bangalore South, Bangalore, Karnataka","No 2Nd. Floor Sri Anjanappa, Building Vinayakanagar Tc, Bangalore, Bangalore South, KA",IN,IN,61.81818181818181,87.95180722891567,False,False,1. spelling corruption
S1-841440118,S2-478777702,S2,Alpha Sai Constructions Pvt Ltd,ಆಲ್ಫಾ ಸಾಯಿ ಕನ್‌ಸ್ಟ್ರಕ್ಷನ್ಸ್ ಪ್ರೈವೇಟ್ ಲಿಮಿಟೆಡ್,"2Nd Floor Sri Anjanappa, Building Vinayakanagar Tc, Bangalore South, Bangalore, Karnataka","NO 2ND- FLOOR SRI ANJANAPPA, BUILDING VINAYAKANAGAR TC, BANGALORE SOUTH, BANGALORE, Karnataka",IN,IN,10.526315789473683,98.26589595375722,False,False,10. cross-script
S1-841440118,S2-835227030,S2,Alpha Sai Constructions Pvt Ltd,ಆಲ್ಫಾ ಸಾಯಿ ಕನ್‌ಸ್ಟ್ರಕ್ಷನ್ಸ್ ಪ್ರೈವೇಟ್ ಲಿಮಿಟೆಡ್,"2Nd Floor Sri Anjanappa, Building Vinayakanagar Tc, Bangalore South, Bangalore, Karnataka","BANGALORE SOUTH, BANGALORE, BUILDING VINAYAKANAGAR TC, NO 2ND- FLOOR SRI ANJANAPPA, ಕರ್ನಾಟಕ",IN,IN,10.526315789473683,58.47953216374269,False,False,10. cross-script
S1-242503040,S2-530127742,S2,Delicate Induction Pvt Ltd,De1icate Pvt Ltd Center,"Lucknow, Gomti Nagar, Plot A 1 Vibhuti Khnd, Uttar Pradesh","LUCKNOW, PLOT A 1 VIBHUTI KHND, GOMTI NAGAR, उत्तर प्रदेश, LUCKNOW",IN,IN,61.224489795918366,58.11965811965811,False,False,1. spelling corruption
S1-154961576,S3-141530474,S3,Sevoor,Quovera,"5239 Marshfield Avenue, Chicago, IL","Marshfield Avenue, Illinois, N/A, Chicago",US,US,30.76923076923077,70.4225352112676,False,False,9. address variation
S1-299516341,S2-109381869,S2,Aadhya Consultancy Private Limited,aadhyaconsultancy.com,"Maharashtra, Flat No.603.Blad No.23, Thane, Regency Sarvam, Kalyan, Kalyan Dombivli (M Corp., ), Thane","603.BLAD NO.23, REGENCY SARVAM, KALYAN, KALYAN DOMBIVLI (M CORP., ), THANE, Maharashtra",IN,IN,69.0909090909091,77.38095238095238,False,False,1. spelling corruption
S1-748659636,S2-578252630,S2,Unique Power,यूनिक पावर,"G1-41, Riico, Tonk Road, Jaipur, Rajasthan","G01-41, RIICO, TONK ROAD, JAIPUR, राजस्थान",IN,IN,9.090909090909093,76.31578947368422,False,False,10. cross-script
S1-554699686,S2-569509811,S2,Piedmont Project,Piedmont (Project) | www.piedmont.com,"2640 30th Drive, Alton, KS","30nd Dr, ALTON, KS",US,US,65.3061224489796,70.0,False,False,1. spelling corruption
S1-387435551,S3-131464712,S3,Slate Dynamics LLC,Slate Dynamics,"IN, 2081 200, Dana","2081 200, Dana, Indiana",US,US,87.5,70.27027027027026,False,False,1. spelling corruption
S1-387435551,S3-608938550,S3,Slate Dynamics LLC,Slate Dynamics,"IN, 2081 200, Dana","2081 200, Dana, Indiana",US,US,87.5,70.27027027027026,False,False,1. spelling corruption
S1-958733440,S2-575120587,S2,Ferguson Elite Strategies Inc,Ferguson Strategies Inc Services,"5530 Manitou Drive, Prosper, TX","MANITOU DR, PROSPER, TX",US,US,75.40983606557377,84.0,False,False,1. spelling corruption
S1-464006138,S3-521264193,S3,My Power Private Limited,माय पावर प्राइवेट लिमिटेड,"S-51-B, Third Floor, Panchsheel Park, New Delhi, South Delhi, Delhi","S-51-b, New Delhi, South Delhi, DL",IN,IN,12.244897959183676,66.66666666666667,False,False,10. cross-script
S1-464006138,S2-201801515,S2,My Power Private Limited,माय पावर प्राइवेट लिमिटेड,"S-51-B, Third Floor, Panchsheel Park, New Delhi, South Delhi, Delhi","S-51-B/6, SOUTH DELHI, THIRD FLOOR, PANCHSHEEL PARK, दिल्ली, NEW DELHI",IN,IN,12.244897959183676,69.29133858267717,False,False,10. cross-script
S1-464006138,S3-207028356,S3,My Power Private Limited,mypower.com,"S-51-B, Third Floor, Panchsheel Park, New Delhi, South Delhi, Delhi","S-51-b, New Delhi, दिल्ली",IN,IN,51.42857142857142,40.0,False,False,3. transliteration
S1-992708771,S3-990197488,S3,Smart Media Consultants Inc,Smart Media Inc Services,"3351 15 Terminal Avenue, Springfield, IL","Terminal Avenue, Springfield, Illinois",US,US,62.745098039215684,81.08108108108108,False,False,1. spelling corruption
S1-776213717,S3-779219667,S3,Family Physicians Inc,Family Physicians Industries,"15907 Colletta Lane, Cleveland, OH",,US,US,81.63265306122449,0.0,False,False,6. missing address
S1-450090413,S3-618589051,S3,Fortune Ace Foods Private Limited,ಫಾರ್ಚೂನ್ ಏಸ್ ಫುಡ್ಸ್ ಪ್ರೈವೇಟ್ ಲಿಮಿಟೆಡ್,"#122/110F Pattandura, Agrahara, Bangalore South, Bangalore, Karnataka","Bangalore, Door No 122/110F Pattandura, KA, Bangalore South, Agrahara",IN,IN,11.428571428571432,68.21705426356588,False,False,10. cross-script
S1-450090413,S3-393012137,S3,Fortune Ace Foods Private Limited,ಫಾರ್ಚೂನ್ ಏಸ್ ಫುಡ್ಸ್ ಪ್ರೈವೇಟ್ ಲಿಮಿಟೆಡ್,"#122/110F Pattandura, Agrahara, Bangalore South, Bangalore, Karnataka","#122/110F Pattandura, Bangalore South, Bangalore, ಕರ್ನಾಟಕ",IN,IN,11.428571428571432,78.63247863247864,False,False,10. cross-script
S1-915704517,S2-916228750,S2,Maa Food Private Limited,मां फूड प्राइवेट लिमिटेड,"Plot No 404/1 Vill. Mundka, Delhi, West Delhi, Delhi","DOOR NO 404/1- VILL. MUNDKA, DELHI, WEST DELHI, Delhi",IN,IN,12.5,93.75,False,False,10. cross-script
S1-915704517,S3-155339091,S3,Maa Food Private Limited,Maa F0od Private Limited,"Plot No 404/1 Vill. Mundka, Delhi, West Delhi, Delhi","No 404/1 Vill. Mundka, Delhi, West Delhi, DL",IN,IN,95.83333333333334,90.9090909090909,False,False,2. OCR corruption
S1-235101711,S3-365155480,S3,Best Goldman LLC,Best Goldman,"1328 Oliver Avenue, Minneapolis, MN","Minnesota, 1328- Oliver Avenue, Minneapolis",US,US,85.71428571428572,82.1917808219178,False,False,1. spelling corruption
S1-235101711,S3-854899954,S3,Best Goldman LLC,Best Goldman,"1328 Oliver Avenue, Minneapolis, MN","Minnesota, 1328- Oliver Ave, Minneapolis",US,US,85.71428571428572,77.14285714285715,False,False,1. spelling corruption
S1-321828219,S3-906984516,S3,A Unified Select,Unfied A Select,"Fort Wayne, 3137 Pinoak Court, IN","Abiote, 3137 Pinoak Court, Indiana",US,US,83.87096774193549,76.19047619047619,False,False,1. spelling corruption
S1-768766487,S3-987291179,S3,Apex Quest Inc,Apex Inc Services,"671 Cross Meadows Drive, Valparaiso, IN","671B Cross Meadows Dr, Valparaiso, Indiana",US,US,51.61290322580645,88.31168831168831,False,False,9. address variation
S1-486901219,S2-668333125,S2,Buchanan & Cooley LLC,Buchanan & Cóoley LLC,"3315 Lakeside Avenue, Springfield, MO","03315 LAKESIDE AVE, SPRINGFIELD, MO",US,US,95.65217391304348,94.11764705882352,False,False,10. cross-script
S1-602771079,S2-260700925,S2,Lyrola California of Salisbury,FLUXONYXPYRA,"1518 Woodridge Drive, Salisbury, MD","1518 WOODRIDGE DRISE, SALISBURY, MD",US,US,19.047619047619047,96.96969696969697,False,True,9. address variation
S1-439678498,S3-92820832,S3,Holley Animal Hospital,Holley Animal Hospital [Council],"6900 Guy Johnson Lane, Raleigh, NC","6900b Guy Johnson Ln, Raleigh, North Carolina",US,US,84.61538461538461,80.0,False,False,1. spelling corruption
S1-950448394,S3-468160887,S3,V S Lane Power Inc,V S Lbten Power Inc,"403 Central Avenue, Elizabethtown, KY","Kentucky, 403 Central Ave, Elizabethtown",US,US,86.48648648648648,79.45205479452055,False,False,1. spelling corruption
S1-279357780,S2-246197966,S2,Taylor Ventures LP,Taylor LP Center,"Auburn, 2473 Mimms Lane, AL","2473 MIMMS LN, AL, AUBURN",US,US,64.70588235294117,66.66666666666667,False,False,1. spelling corruption
S1-279357780,S3-321470112,S3,Taylor Ventures LP,Tayl0r Ventures LP,"Auburn, 2473 Mimms Lane, AL","2473 Mmms Ln, Auburrn, Alabama",US,US,94.44444444444444,60.37735849056604,False,False,2. OCR corruption
S1-390978658,S3-86485520,S3,Gill Seva Samiti,Gill Séva,"11, Landoss Road, Kilpauk, Madras-10 Tamilnadu, Tamilnadu, Tamil Nadu",,IN,IN,64.0,0.0,False,False,6. missing address
S1-658035266,S3-294693762,S3,Corner Yoga,Corner Yoga LP,"9644 81, Cicero, NY","9644b 81, Cicero, New York",US,US,88.0,82.92682926829268,False,False,1. spelling corruption
S1-658035266,S3-312941437,S3,Corner Yoga,corneryoga.com,"9644 81, Cicero, NY","9644b 81, Cicero, New York",US,US,80.0,82.92682926829268,False,False,1. spelling corruption
S1-658035266,S3-731951916,S3,Corner Yoga,C0rner Yoga LLC,"9644 81, Cicero, NY","New York, Cicero, 9644b 81",US,US,76.92307692307692,43.90243902439024,False,False,1. spelling corruption
S1-226980547,S3-696797569,S3,Chesterfield County Internal Medicine Partners LLC,Chesterfield County Internal Medcei Partners LLC,"8201 Whirlaway Drive, VA, Chesterfield County","Whirlaway Drive, Midlothian CCDP, Virginia",US,US,95.91836734693877,53.012048192771076,False,False,9. address variation
S1-515365120,S2-271645183,S2,Pansy Impact Private Limited,pansyprivateimpact.com,"2Nd Floor, East Wing, Rmz, Millenia Business, Saidapet, Kanchipuram, Tamil Nadu","DOOR NO B3/2ND FLOOR, EAST WING, RMZ, MILLENIA BUSINESS, SAIDAPET, Tamil Nadu",IN,IN,60.0,84.13793103448276,False,False,1. spelling corruption
S1-169515966,S3-232706325,S3,Creative Systems Private Limited,Creative സിസ്റ്റംസ് പ്രൈവറ്റ് ലിമിറ്റഡ്,"36/317-F, H, J Exmo Tower, Opposite Athani Industrial Estate, Peringandoor, Thrissur, Kerala","No #600 36/317-F, Thrissur, Keralam",IN,IN,30.98591549295775,40.67796610169492,False,False,10. cross-script
S1-169515966,S3-585912431,S3,Creative Systems Private Limited,Limited Creative Systems Service,"36/317-F, H, J Exmo Tower, Opposite Athani Industrial Estate, Peringandoor, Thrissur, Kerala","No #600 36/317-F, H, J Exmo Tower, Opposite Athani Industrial Estate, Peringandoor, Thrissur, Keralam",IN,IN,65.625,95.55555555555556,False,False,1. spelling corruption
S1-169515966,S2-921343056,S2,Creative Systems Private Limited,ക്രിയേറ്റീവ് സിസ്റ്റംസ് പ്രൈവറ്റ് ലിമിറ്റഡ്,"36/317-F, H, J Exmo Tower, Opposite Athani Industrial Estate, Peringandoor, Thrissur, Kerala","BLOCK F-A-205 36/317-F, THRISSUR, Kerala",IN,IN,7.9999999999999964,38.70967741935484,False,False,10. cross-script
S1-710181274,S2-191365773,S2,Seven Constructions Private Limited,सेवन कंस्ट्रक्शंस प्राइवेट लिमिटेड,"Fl No.206, Sr No.22/1, 23/4, Hwing, Silver Stone Haveli, Haveli, Pune, Maharashtra","SR NO.22/1, 23/4, HWING, SILVER STONE HAVELI, PUNE, महाराष्ट्र, HAVELI, FL NO.2-06",IN,IN,8.695652173913048,68.0,False,False,10. cross-script
S1-710181274,S2-789668038,S2,Seven Constructions Private Limited,सेवन कंस्ट्रक्शंस प्राइवेट लिमिटेड,"Fl No.206, Sr No.22/1, 23/4, Hwing, Silver Stone Haveli, Haveli, Pune, Maharashtra","Maharashtra, FL NO.2-06, HAVELI, PUNE",IN,IN,8.695652173913048,38.53211009174312,False,False,10. cross-script
S1-47896116,S2-51717403,S2,Richfield & Sons Private Limited,Nylaecto,"Rani Mill Delhi Road, Meerut, Uttar Pradesh","RANI MILL DELHI ROAD, MEERUT, उत्तर प्रदेश",IN,IN,19.047619047619047,71.60493827160495,False,False,9. address variation
S1-177946518,S3-497748558,S3,First Infotech Pvt Ltd,ফার্স্ট ইনফোটেক প্রাইভেট লিমিটেড,"Bf- 90 Salt Lake City Sector 1, Kolkata, North 24 Parganas, West Bengal","Bf- 090 Salt Lake City Sector 1, North 24 Parganas, Kolkata, পশ্চিমবঙ্গ",IN,IN,11.111111111111116,74.62686567164178,False,False,10. cross-script
S1-177946518,S2-665032938,S2,First Infotech Pvt Ltd,ফার্স্ট ইনফোটেক প্রাইভেট লিমিটেড,"Bf- 90 Salt Lake City Sector 1, Kolkata, North 24 Parganas, West Bengal","BF- 90 SALT LAKE CITY SECTOR 1, KOLKATA, NORTH 24 PARGANAS, পশ্চিমবঙ্গ",IN,IN,11.111111111111116,84.21052631578947,False,False,10. cross-script
S1-177946518,S2-81143392,S2,First Infotech Pvt Ltd,ফার্স্ট ইনফোটেক প্রাইভেট লিমিটেড,"Bf- 90 Salt Lake City Sector 1, Kolkata, North 24 Parganas, West Bengal","BF- 90 SALT LAKE CITY SECTOR 1, KOLKATA, NORTH 24 PARGANAS, পশ্চিমবঙ্গ",IN,IN,11.111111111111116,84.21052631578947,False,False,10. cross-script
S1-177946518,S3-982839864,S3,First Infotech Pvt Ltd,First Pvt Ltd Service #21431,"Bf- 90 Salt Lake City Sector 1, Kolkata, North 24 Parganas, West Bengal","Bf- 090 Salt Lake City Sector 1, Kolkata Region, North 24 Parganas, পশ্চিমবঙ্গ",IN,IN,53.06122448979591,79.43262411347519,False,False,9. address variation
S1-286123594,S3-269211994,S3,Rg International School Corp,Mr Rg Isternational School Corp,"Hbs House, 302, 3Rd Floor, 6Th Phase, Kphb Colony, Tirumalagiri, Hyderabad, Telangana","H.no 323 Hbs House, Hyderabad, Tirumalagiri, Andhra Pradesh",IN,IN,91.52542372881356,53.73134328358209,False,False,9. address variation
S1-71015636,S2-132180184,S2,Digital Food Private Limited,డిజిటల్ ఫుడ్ ప్రైవేట్ లిమిటెడ్,"H.No.8-2-293/82/J-Iii/121, Road No.72, Jubilee Hills, Hyderabad, Telangana","DOOR NO 8-2-293/82/J-III/121, HYDERABAD, Telangana",IN,IN,10.344827586206895,74.57627118644068,False,False,10. cross-script
S1-71015636,S2-58643345,S2,Digital Food Private Limited,డిజిటల్ ఫుడ్ ప్రైవేట్ లిమిటెడ్,"H.No.8-2-293/82/J-Iii/121, Road No.72, Jubilee Hills, Hyderabad, Telangana","H.NO.8-2-293/82/J-III/121, HYDERABAD, Telangana",IN,IN,10.344827586206895,78.26086956521739,False,False,10. cross-script
S1-731923750,S2-938251360,S2,Good East Foods Private Limited,ಗುಡ್ ಈಸ್ಟ್ ಫುಡ್ಸ್ ಪ್ರೈವೇಟ್ ಲಿಮಿಟೆಡ್,"No.308, Vishwabharathi, Hbcs, Banashankari 3Rd Stage, Girinagar, Bengaluru, Bangalore, Karnataka","#00308, BENGALURU, BANGALORE, Karnataka",IN,IN,12.121212121212121,53.2258064516129,False,False,10. cross-script
S1-731923750,S3-305208766,S3,Good East Foods Private Limited,Good ಈಸ್ಟ್ ಫುಡ್ಸ್ Private Limited,"No.308, Vishwabharathi, Hbcs, Banashankari 3Rd Stage, Girinagar, Bengaluru, Bangalore, Karnataka","#308, Vishwabharathi, Hbcs, Banashankari 3Rd Stage, Girinagar, Bengaluru, Bangalore, KA",IN,IN,68.75,94.04761904761905,False,False,10. cross-script
S1-731923750,S3-51145967,S3,Good East Foods Private Limited,Good Ehsat-Foods Private Limited,"No.308, Vishwabharathi, Hbcs, Banashankari 3Rd Stage, Girinagar, Bengaluru, Bangalore, Karnataka","No.308, Vishwabharathi, Hbcs, Banashankari 3Rd Stage, Girinagar, Bengaluru, Bangalore, ಕರ್ನಾಟಕ",IN,IN,95.23809523809523,90.9090909090909,False,False,9. address variation
S1-790901764,S2-450725016,S2,Surya Trading Private Limited,सूर्या ट्रेडिंग प्राइवेट लिमिटेड,"Flat No.1, Swojas Gulmohar Apartment 3 Shantisheela Society, Sct No. 51B/76B, Erandvana, Pune, Maharashtra","FDAT NO.1, PUNE, Maharashtra",IN,IN,9.836065573770492,39.682539682539684,False,False,10. cross-script
S1-790901764,S3-657984580,S3,Surya Trading Private Limited,सूर्या ट्रेडिंग प्राइवेट लिमिटेड,"Flat No.1, Swojas Gulmohar Apartment 3 Shantisheela Society, Sct No. 51B/76B, Erandvana, Pune, Maharashtra","#B3/1, Swojas Gulmohar Apartment 3 Shantisheela Society, Sct No. 51B/76B, Erandvana, Pune, MH",IN,IN,9.836065573770492,90.32258064516128,False,False,10. cross-script
S1-654839511,S3-563845975,S3,Saraswati Foundation LLP,Shri Saraswati Foundation,"Thane, Turbhe, B 1204 Midc D 13/1 Ttc, Thane, Maharashtra","B 120 Midc D 13/1 Ttc, Turbhe, Thane, MH",IN,IN,81.63265306122449,66.66666666666667,False,False,1. spelling corruption
S1-654839511,S2-371601374,S2,Saraswati Foundation LLP,Saraswati Foundation,"Thane, Turbhe, B 1204 Midc D 13/1 Ttc, Thane, Maharashtra",,IN,IN,90.9090909090909,0.0,False,False,6. missing address
S1-867689452,S3-546037940,S3,Griffin Crest LLC,6riffin Crest,"2846 8th Street, Unit APARTMENT  3513, Tulsa, OK","2846 8nd St, # Apartment 3513, Tulsa, Oklahoma",US,US,80.0,77.64705882352942,False,True,1. spelling corruption
S1-886171527,S3-912366302,S3,Ross Medical Center,Ross Medical,"497 Tooley Pond Road, Clifton, NY","0497 Tooley Pond Road, <NULL>, Oswegatchie, New York",US,US,77.41935483870968,66.66666666666667,False,False,1. spelling corruption
S1-886171527,S3-766341943,S3,Ross Medical Center,Ross Médical Center,"497 Tooley Pond Road, Clifton, NY",,US,US,94.73684210526316,0.0,False,False,6. missing address
S1-886171527,S2-691122893,S2,Ross Medical Center,mrcenter.com,"497 Tooley Pond Road, Clifton, NY","TOOLEY POND ROAD, OSWEGATCHIE, NY",US,US,45.16129032258065,70.96774193548387,False,False,9. address variation
S1-426795235,S2-233868186,S2,Innovative Investment Limited,इनोवेटिव इन्वेस्टमेंट लिमिटेड,"Flat No.2503, 25Th Floor, Polaris Tower Chsl, Vasant Galaxy Complex, Bangur Nagar, Gor, Egaon (W), Mumbai, Mumbai City, Maharashtra","महाराष्ट्र, FLAT NO.2503, MUMBAI CITY, MUMBAI, 25TH FLOOR, POLARIS TOWER CHSL, VASANT GALAXY COMPLEX, BANGUR NAGAR, GOR, EGAON (W)",IN,IN,6.896551724137934,74.47698744769875,False,False,10. cross-script
S1-426795235,S3-813191699,S3,Innovative Investment Limited,Innovative Investment,"Flat No.2503, 25Th Floor, Polaris Tower Chsl, Vasant Galaxy Complex, Bangur Nagar, Gor, Egaon (W), Mumbai, Mumbai City, Maharashtra","MH, Mumbai, Mumbai City, Flt No.2503",IN,IN,84.0,28.75816993464052,False,False,1. spelling corruption
S1-426795235,S2-661501864,S2,Innovative Investment Limited,Innovative Investment,"Flat No.2503, 25Th Floor, Polaris Tower Chsl, Vasant Galaxy Complex, Bangur Nagar, Gor, Egaon (W), Mumbai, Mumbai City, Maharashtra","DOOR NO 2503 , 25TH FLOOR, POLARIS TOWER CHSL, VASANT GALAXY COMPLEX, BANGUR NAGAR, GOR, EGAON (W), MUMBAI, Maharashtra",IN,IN,84.0,91.22807017543859,False,False,1. spelling corruption
S1-426795235,S2-915259722,S2,Innovative Investment Limited,Innovative Limited Center,"Flat No.2503, 25Th Floor, Polaris Tower Chsl, Vasant Galaxy Complex, Bangur Nagar, Gor, Egaon (W), Mumbai, Mumbai City, Maharashtra","FLAT NO.2503, 25TH FLOOR, POLARIS TOWER CHSL, VASANT GALAXY COMPLEX, BANGUR NAGAR, GOR, EGAON (W), MUMBAI, Maharashtra",IN,IN,66.66666666666667,94.73684210526316,False,False,1. spelling corruption
S1-383772767,S3-198722549,S3,Guinan Empire California Corp,Synorbi,"15428 Brentwood Street, Channelview, TX","5428 Brentwood Street, Channelview, Texas",US,US,22.22222222222222,94.73684210526316,False,False,9. address variation
S1-457045828,S3-833893585,S3,Pediatric Dental Associates,Pediatric Dental,"801 Stratford Hall Drive, Virginia Beach City, VA","756 Stratford Hall Dr, Virginia, Virginia Baech",US,US,74.4186046511628,71.73913043478262,False,False,1. spelling corruption
S1-457045828,S3-228961367,S3,Pediatric Dental Associates,Pediatric Dental Associates LP,"801 Stratford Hall Drive, Virginia Beach City, VA","Virginia, 801 Stratford Hall Drive, Virginia Beach",US,US,94.73684210526316,82.10526315789474,False,False,9. address variation
S1-457045828,S2-937875807,S2,Pediatric Dental Associates,Pediatric-Ddnetla Associates,"801 Stratford Hall Drive, Virginia Beach City, VA","80 STRATFORD HALL DR, VIRGINIA BEACH CITY, VA",US,US,90.9090909090909,95.55555555555556,False,False,9. address variation
S1-457045828,S2-194956586,S2,Pediatric Dental Associates,Pediatric Déntal Associates - 5166773173,"801 Stratford Hall Drive, Virginia Beach City, VA","STRATFORD HALL DR, VIRGINIA BEACH CITY, VA",US,US,80.0,91.95402298850574,False,False,10. cross-script
S1-620424046,S3-780406524,S3,"Alvera E. Copeland, P.A.",Fluxnexwex,"119 Kingsbury Court, Lima, OH","Ohio, 0119 Kingsbury Ct, Lima",US,US,19.354838709677423,77.77777777777779,False,False,9. address variation
S1-980167316,S3-163406801,S3,Crystal Beverages (India) Private Limited,crystalbeveragesindia.com,"Gf-21, A.K-Iii Indirapuram, Ghaziabad, Uttar Pradesh","Ghaziabad, उत्तर प्रदेश, A.k-iii Indirapuram, Ghaziabad, Gf-##21",IN,IN,71.875,63.55140186915889,False,False,1. spelling corruption
S1-980167316,S2-128816886,S2,Crystal Beverages (India) Private Limited,Sri Crystal Béverages (lIta) Private Limited,"Gf-21, A.K-Iii Indirapuram, Ghaziabad, Uttar Pradesh","GF-21, A.K-III INDIRAPURAM, GHAZIABDA, Uttar Pradesh",IN,IN,86.41975308641976,97.95918367346938,False,False,10. cross-script
S1-412831553,S3-171338952,S3,M 9 Certified Giant LLC,M Certified Giant LLC Center,"Unit 117, Phoenix, AZ, 1809 Buckeye Road","1809b Buckeye Road, Unit 117, Phoenix DP, Arizona",US,US,82.35294117647058,50.60240963855422,False,False,1. spelling corruption
S1-412831553,S2-363826601,S2,M 9 Certified Giant LLC,M 9 Certified Gíant LLC,"Unit 117, Phoenix, AZ, 1809 Buckeye Road","1809 BUCKEYE ROAD, PHOENIX, AZ",US,US,95.65217391304348,52.3076923076923,False,False,10. cross-script
S1-518098098,S3-330231936,S3,Western Preparatory Academy PC,Dovaevo,"N81W13106 Country Terrace Lane, Village Of Menomonee Falls, WI","N81w13106 Country Terrace Lane, Village Of Menomonee Falls, Wisconsin",US,US,16.216216216216218,94.48818897637796,False,False,9. address variation
S1-967439642,S3-993503330,S3,Geor,Gdir,"NC, 1121 Presson Farms Lane, Unionville","1121 Presson Farms Ln, <NULL>, Unionville, North Carolina",US,US,50.0,71.91011235955057,False,False,9. address variation
S1-967439642,S2-609662577,S2,Geor,The Ge0r,"NC, 1121 Presson Farms Lane, Unionville","1121- PRESSON FARMS LANE, MONNROE, NC",US,US,50.0,76.05633802816901,False,False,9. address variation
S1-904419439,S3-760725572,S3,Al Investments Co,Al Invegstmmnts Co,"Purva Primus, No 236, Okhiyampettai, Rajiv Gandhi Salai, Kanchipuram, Tamil Nadu","Purva Pimus, Kanchipuram, தமிழ்நாடு, No 236, Okhiyampettai, Rajiv Gandhi Salai, Kanchipuram",IN,IN,91.42857142857143,78.75,False,False,9. address variation
S1-904419439,S2-260411143,S2,Al Investments Co,Al  Investments,"Purva Primus, No 236, Okhiyampettai, Rajiv Gandhi Salai, Kanchipuram, Tamil Nadu",,IN,IN,90.32258064516128,0.0,False,False,6. missing address
S1-722763284,S2-121345534,S2,Clyium Managed LLC,C1yium Manied LLC,"834 5th Street, Wilmington, DE","834 FIFTH STREET, WILMINGTON, DE",US,US,85.71428571428572,93.10344827586206,False,True,1. spelling corruption
S1-914393495,S2-590709305,S2,Balaji Enterprises Pvt Ltd,ബാലാജി എന്റർപ്രൈസസ് പ്രൈവറ്റ് ലിമിറ്റഡ്,"Expotower Kozhikode Road, Ezhamkallu, Puttekara, Thrissur, Kerala","NO. 5-840 EXPOTOWER KOZHIKODE ROAD, THRISSUR, Kerala",IN,IN,9.230769230769232,72.72727272727273,False,False,10. cross-script
S1-368378730,S2-542379515,S2,Smart Properties Private Limited,ஸ்மார்ட் புராப்பர்ட்டீஸ் பிரைவேட் லிமிடெட்,"13/7 Playgroud View, Nandanam Extension, Chennai, Tamil Nadu","#148 PLYGROUD VIEW, CHENNAI, Tamil Nadu",IN,IN,8.108108108108103,73.11827956989248,False,False,10. cross-script
S1-368378730,S3-390961441,S3,Smart Properties Private Limited,ஸ்மார்ட் புராப்பர்ட்டீஸ் பிரைவேட் லிமிடெட்,"13/7 Playgroud View, Nandanam Extension, Chennai, Tamil Nadu","TN, Chennai, Nandanam Extension, No 13/ Playgroud View",IN,IN,8.108108108108103,52.33644859813084,False,False,10. cross-script
S1-94613033,S3-660620162,S3,Vision Exports Private Limited,Vision Ecxpors Private [Limited],"Survey No. 153-210, Illuppapattu Village Near Rajakulam, Kancheepuram (Dist.), Kancheepuram, Tamil Nadu","153-210, Illuppapattu Village Near Rajakulam, Kancheepuram (Dist.), Kancheepuram, தமிழ்நாடு",IN,IN,96.66666666666667,83.79888268156425,False,False,9. address variation
S1-94613033,S2-463367374,S2,Vision Exports Private Limited,#visionexports,"Survey No. 153-210, Illuppapattu Village Near Rajakulam, Kancheepuram (Dist.), Kancheepuram, Tamil Nadu","#153-210 , ILLUPPAPATTU VILLAGE NEAR RAJAKULAM, KANCHEEPURAM (DIST.), KANCHEEPURAM, Tamil Nadu",IN,IN,60.46511627906976,94.44444444444444,False,False,1. spelling corruption
S1-110219623,S3-349475409,S3,Pennington Table Inc,Pennington Tgahbeel Inc,"3907 Smooth Oak Lane, Houston, TX","Smooth Oak Ln, Houston, Texas",US,US,88.37209302325581,82.75862068965517,False,False,1. spelling corruption
S1-591457413,S2-718490774,S2,"Easter Robey, P.A. Corp",EASTERROBEYPA.COM,"1810 Atchison Avenue, Topeka, KS","ATCHISON AVENUE, TOPEKA, KS",US,US,84.21052631578947,90.9090909090909,False,False,1. spelling corruption
S1-260512931,S2-456816629,S2,Allied Midcap Inc,A1lied Midcap Inc,"MD, 1400 Dalmation Place, Belcamp, Unit 102","1400 DALMATION PLACE, BECAMP, MD",US,US,94.11764705882352,80.0,False,False,9. address variation
S1-934854675,S3-845598168,S3,Taylor Summit Foods LLC,LLC Taylor Summmit Foods,"110 Salem Crossing Circle, Kernersville, NC","109 Salem Crossing Circle, PMB 8120, Kernersville, North Carolina",US,US,80.85106382978724,77.66990291262135,False,False,1. spelling corruption
S1-934854675,S3-635082478,S3,Taylor Summit Foods LLC,Taylor Summit Fóodworks LLC,"110 Salem Crossing Circle, Kernersville, NC","109 Salem Crossing Cir, Kernersville, North Carolina",US,US,88.0,81.31868131868131,False,False,10. cross-script
S1-934854675,S3-98290843,S3,Taylor Summit Foods LLC,Taylor Summit Foods,"110 Salem Crossing Circle, Kernersville, NC","109 Salem Crossing Circle, Kernersville, North Carolina",US,US,90.47619047619048,85.1063829787234,False,False,9. address variation
S1-128599925,S2-970837105,S2,First Fellowship,First Fellwosip,"1609 Daffodil Place, Lewis Center, OH","LEWIS CENTERC ITY, OH, 1609 DAFFODIL PLACE",US,US,90.32258064516128,50.66666666666666,False,False,9. address variation
S1-89141376,S2-37060891,S2,Pacific Trust,Pacific Trgesrt,"1522 Bowmore Place, Mcleansville, NC","BOWMORE PL, MCLEANSVILLE, NC",US,US,85.71428571428572,86.66666666666667,False,False,1. spelling corruption
S1-421415455,S2-31918380,S2,Long Vidyalaya Limited,L0ng Limited Center,"23Thiruvenkatam Street North Coimbatore, Coimbatore, Tamil Nadu","DOOR NO B3/23THIRUVENKATAM STREET NORTH COIMBATORE, COIMBATORE, Tamil Nadu",IN,IN,53.65853658536586,91.72932330827068,False,False,9. address variation
S1-421415455,S3-362684187,S3,Long Vidyalaya Limited,Kelodova,"23Thiruvenkatam Street North Coimbatore, Coimbatore, Tamil Nadu","Door No 23Thiruvenkatam Street North Coimbatore, Coimbatore, Coimbotore, தமிழ்நாடு",IN,IN,26.66666666666667,75.71428571428571,False,False,9. address variation
S1-644330216,S3-580415990,S3,Laxmi Fortune Investments Private Limited,ಲಕ್ಷ್ಮಿ ಫಾರ್ಚೂನ್ ಇನ್ವೆಸ್ಟ್‌ಮೆಂಟ್ಸ್ ಪ್ರೈವೇಟ್ ಲಿಮಿಟೆಡ್,"Sy No. 28/2, Konanakunte, J P Nagar 8Th Phase, Bangalore, Karnataka","Sy No. 28/2, Konanakunte, J P Nagar 8Th Phase, Bangalore, KA",IN,IN,8.602150537634412,94.01709401709401,False,False,10. cross-script
S1-644330216,S2-653954310,S2,Laxmi Fortune Investments Private Limited,ಲಕ್ಷ್ಮಿ ಫಾರ್ಚೂನ್ Investments ಪ್ರೈವೇಟ್ ಲಿಮಿಟೆಡ್,"Sy No. 28/2, Konanakunte, J P Nagar 8Th Phase, Bangalore, Karnataka","BENGALURU URBAN, SY NO. C-28/2, BANGALORE, Karnataka, KONANAKUNTE, J P NAGAR 8TH PHASE",IN,IN,34.48275862068966,59.154929577464785,False,False,10. cross-script
S1-644330216,S2-592187917,S2,Laxmi Fortune Investments Private Limited,ಲಕ್ಷ್ಮಿ ಫಾರ್ಚೂನ್ ಇನ್ವೆಸ್ಟ್‌ಮೆಂಟ್ಸ್ ಪ್ರೈವೇಟ್ ಲಿಮಿಟೆಡ್,"Sy No. 28/2, Konanakunte, J P Nagar 8Th Phase, Bangalore, Karnataka","ಕರ್ನಾಟಕ, SY NO. C-28/2, BENGALURU URBAN, BANGALORE, KONANAKUNTE, J P NAGAR 8TH PHASE",IN,IN,8.602150537634412,60.0,False,False,10. cross-script
S1-37221537,S3-374592444,S3,Zonda Bowe Horizon Advanced LLC,bowehorizon.com,"263 S Pine St, Avoca, IA","Iowa, Avoca, South Pine St",US,US,56.52173913043479,43.47826086956522,False,False,3. transliteration
S1-727574493,S3-445071270,S3,Choice Transit Alliance Inc,Choice Transit Álliance Inc,"4077 257, Salem, AL","004077 257, Salem, Alabama",US,US,96.2962962962963,82.92682926829268,False,False,10. cross-script
S1-114774553,S2-433083852,S2,Regional Seas LLC,Regional [Seas],"1505 Salter Path Road, Unit 512, Indian Beach, NC","150 SALTER PATH RD, INDIAN BEACH, NC",US,US,86.66666666666667,85.0,False,False,1. spelling corruption
S1-114774553,S2-97665218,S2,Regional Seas LLC,Regional Seaas LLC,"1505 Salter Path Road, Unit 512, Indian Beach, NC","150 SALTER PATH ROAD, INDIAN BEACH, NC",US,US,97.14285714285714,87.8048780487805,False,False,9. address variation
S1-114774553,S2-157790683,S2,Regional Seas LLC,Regional 5eas,"1505 Salter Path Road, Unit 512, Indian Beach, NC","150 Salter Path Road, INDIAN BEACH, NC",US,US,80.0,87.8048780487805,False,False,1. spelling corruption
S1-156646594,S3-912998694,S3,Elliott Global Element,Elliott Global,"14737 Sandpiper Place, Brookings, OR","Sandpiper Place, Brookings, Oregon",US,US,77.77777777777779,84.84848484848484,False,False,1. spelling corruption
S1-804415237,S3-802682676,S3,"Classic Agricultural Products, Inc","Classic Agricultural Próducts,","11227 Lost Maples Trail, Frisco, TX","0011227 Lost Maples Trl, Frisco, Texas",US,US,90.32258064516128,89.85507246376811,False,False,10. cross-script
S1-804415237,S3-291839853,S3,"Classic Agricultural Products, Inc","Classic Agiultlu Products, Inc","11227 Lost Maples Trail, Frisco, TX","0011227 Lost Maples Trail, Frisco, Texas",US,US,90.32258064516128,92.95774647887323,False,False,9. address variation
S1-804415237,S2-372252798,S2,"Classic Agricultural Products, Inc","-- Classic Abgriclthurml Products, Inc","11227 Lost Maples Trail, Frisco, TX","LOST MAPLES TRAIL, FRISCO, TX",US,US,92.53731343283582,90.0,False,False,9. address variation
S1-456549404,S3-734818783,S3,Shyam Technologies,Mr Shyam Technologies Corp,"Plot No - 1020, Hillpatana Near M.A.V School, Berhampur, Ganjam, Orissa","Plot No - 1020, Hillpatana Near M.a.v School, Berhampur, Ganjam, OD",IN,IN,81.81818181818181,95.23809523809523,False,False,1. spelling corruption
S1-456549404,S2-555103446,S2,Shyam Technologies,ଶ୍ୟାମ ଟେକ୍ନୋଲୋଜିସ୍,"Plot No - 1020, Hillpatana Near M.A.V School, Berhampur, Ganjam, Orissa","NO 42 PLOT NO - 1020, HILLPATANA NEAR M.A.V SCHOOL, GANJAM, BERHAMPUR, Odisha",IN,IN,5.555555555555558,82.35294117647058,False,False,10. cross-script
S1-456549404,S2-601497860,S2,Shyam Technologies,ଶ୍ୟାମ ଟେକ୍ନୋଲୋଜିସ୍,"Plot No - 1020, Hillpatana Near M.A.V School, Berhampur, Ganjam, Orissa","NO. 42 PLOT NO - 1020, HILLPATANA NEAR M.A.V SCHOOL, BERHAMPUR, GANJAM, ଓଡ଼ିଶା",IN,IN,5.555555555555558,86.76470588235294,False,False,10. cross-script
S1-935658550,S2-813523118,S2,Pune Technologies,PUNE TECHNOGLSE,"Maharashtra, Pune, Office 803 Sno 1723 Pno 29/2, Pune, Bhambhurda City Square","OFFICE 803 SNO 1723 PNO 29/2, BHAMBHURDA CITY SQUARE, PUNE, Maharashtra",IN,IN,81.25,72.34042553191489,False,False,1. spelling corruption
S1-935658550,S3-66949465,S3,Pune Technologies,Pune Téchnólogies,"Maharashtra, Pune, Office 803 Sno 1723 Pno 29/2, Pune, Bhambhurda City Square","Office 803 Sno 1723 Pno 29/2, Bhambhurda City Square, Pune, MH",IN,IN,88.23529411764706,77.27272727272727,False,False,10. cross-script
S1-935658550,S2-270557631,S2,Pune Technologies,LUMBRIX,"Maharashtra, Pune, Office 803 Sno 1723 Pno 29/2, Pune, Bhambhurda City Square","OFFICE 803 SNO 1723 PNO 29/2, PUNE, Maharashtra",IN,IN,16.666666666666664,67.79661016949152,False,False,9. address variation
S1-935658550,S2-197453753,S2,Pune Technologies,PUNE TÉCHNOLOGIES,"Maharashtra, Pune, Office 803 Sno 1723 Pno 29/2, Pune, Bhambhurda City Square","OFFICE 803 SNO 1723 PNO 29/2, BHAMBHURDA CITY SQUARE, PUNE, Maharashtra",IN,IN,94.11764705882352,72.34042553191489,False,False,10. cross-script
S1-935658550,S2-89366364,S2,Pune Technologies,PUNE TECHNOLOGY,"Maharashtra, Pune, Office 803 Sno 1723 Pno 29/2, Pune, Bhambhurda City Square","OFFICE 803 SNO 1723 PNO 29/2, BHAMBHURDA CITY SQUARE, PUNE, Maharashtra",IN,IN,87.5,72.34042553191489,False,False,1. spelling corruption
S1-829655228,S3-316927590,S3,Bright Enterprises Company,>> Bright Enterprises Co,"Gat No. 1349, Khadve Nagar, Wagholi, Taluka-Haveli, Pune, Maharashtra","Gat No. 1349, NULL, Taluka-haveli, Pune, MH",IN,IN,89.36170212765957,71.28712871287128,False,False,1. spelling corruption
S1-196575376,S2-677808147,S2,Allied Orange LLC,Allied LLC Center,"6538 Trimstone Drive, Pasadena, TX","6538D TRIMSTONE DR, PASADENA, TX",US,US,58.82352941176471,93.5483870967742,False,False,9. address variation
S1-661323921,S2-270714280,S2,Gujarat Group of Companies Company,M/s Gujarat Group of Companbies Company,"No.Mig-76, Nh-1, Vallal Pari Street, Maraimalai Nagar, Chengalpattu, Kanchipuram, Tamil Nadu","தமிழ்நாடு, #803 NO.MIG-76, NH-1, VALLAL PARI STREET, MARAIMALAI NAGAR, CHENGALPATTU",IN,IN,93.15068493150685,77.30061349693251,False,False,9. address variation
S1-661323921,S3-331948479,S3,Gujarat Group of Companies Company,M/s Gujarat Group of Company Services,"No.Mig-76, Nh-1, Vallal Pari Street, Maraimalai Nagar, Chengalpattu, Kanchipuram, Tamil Nadu","No.mig-76, Chengalpattu, Kanchipuram, TN",IN,IN,73.23943661971832,60.162601626016254,False,False,1. spelling corruption
S1-661323921,S2-105491669,S2,Gujarat Group of Companies Company,#GUJARATCOMPANIES,"No.Mig-76, Nh-1, Vallal Pari Street, Maraimalai Nagar, Chengalpattu, Kanchipuram, Tamil Nadu","#803 NO.MIG-76, NH-1, VALLAL PARI STREET, MARAIMALAI NAGAR, CHENGALPATTU, Tamil Nadu",IN,IN,64.0,90.2439024390244,False,False,1. spelling corruption
S1-484720362,S3-907681265,S3,Gavue,Gtivroue,"12 K Street, Montague, MA","12 K St, Turners Falls Township, Massachusetts",US,US,61.53846153846154,44.776119402985074,False,True,1. spelling corruption
S1-570929869,S2-475574374,S2,Shiva Smart Systems Private Limited,शिवा स्मार्ट सिस्टम्स प्राइवेट लिमिटेड,"37/9 East Patel Nagar, New Delhi, West Delhi, Delhi","H.NO 37/9 EAST PATEL NAGAR, NEW DELHI, WEST DELHI, Delhi",IN,IN,10.95890410958904,95.04950495049505,False,False,10. cross-script
S1-570929869,S3-518912796,S3,Shiva Smart Systems Private Limited,Límited Shiva Smart Systems Services,"37/9 East Patel Nagar, New Delhi, West Delhi, Delhi","No 37/9 East Patel Nagar, New Delhi, West Delhi, DL",IN,IN,67.6056338028169,93.75,False,False,10. cross-script
S1-570929869,S2-342226444,S2,Shiva Smart Systems Private Limited,शिवा स्मार्ट सिस्टम्स प्राइवेट लिमिटेड,"37/9 East Patel Nagar, New Delhi, West Delhi, Delhi","DOOR NO 37/9 EAST PATEL NAGAR, WEST DELHI, NEW DELHI, Delhi",IN,IN,10.95890410958904,82.6923076923077,False,False,10. cross-script
S1-673261157,S3-56767324,S3,Chiropractic Center Inc,Chiropractic,"IN, Lawrenceburg, 451 Todd Lane, Fl 0","451 Todd Lane, Fl 0, Lawrenceburg, IN",US,US,68.57142857142857,52.94117647058824,False,False,1. spelling corruption
S1-673261157,S2-441627996,S2,Chiropractic Center Inc,Chiropractic Ceonear Ceonear Inc,"IN, Lawrenceburg, 451 Todd Lane, Fl 0","TODD LANE, LAWRENCEBURG, IN",US,US,80.0,54.23728813559322,False,False,1. spelling corruption
S1-294707297,S3-953115644,S3,Cherianne's Medical,CHERlANNE'S MEDICAL,"Saint Louis, MO, 5524 Steele Ridge Road, Fl 0","5524 Steele Ridge Rd, Floor 0, ST. Louis, Missouri",US,US,94.73684210526316,56.81818181818181,False,False,9. address variation
S1-716907906,S3-307916279,S3,Good Shyam Technologies Private Limited,గుడ్ శ్యామ్ టెక్నాలజీస్ ప్రైవేట్ లిమిటెడ్,"Flat No.201, Plot.No.9, Sri Tulasi Homes Aurora Colony, Road No.3, Banjarahills, Hyderabad, Telangana","No 201, Plot.no.9, Sri Tulasi Homes Aurora Colony, Road No.3, Banjarahills, Hyderabad, TG",IN,IN,9.999999999999998,93.25842696629213,False,False,10. cross-script
S1-982718416,S2-76677485,S2,Heena (India) Realtors Private Limited,ARCFAYEHAL0,"Office Number Hd-167, Wework Prestige Atlanta, 80 Feet Main Road, Bangalore South, Bangalore, Karnataka","OFFICE NUMBER HD-00167, BANGALORE SOUTH, BANGALORE, Karnataka",IN,IN,21.276595744680847,71.7948717948718,False,False,9. address variation
S1-946507508,S2-746246034,S2,Heartland Allied Goldman,Heartland Allied,"4617 Murrayhill Road, Charlotte, NC","1617 MURRAYHILL RD, CHARLOTTE, NC",US,US,80.0,93.75,False,False,1. spelling corruption
S1-351566703,S3-247056676,S3,Wildlife Coalition,Wildlife Colatiion,"107 79th Terrace, Kansas City, MO","Missouri, 107 79th Ter, Kansas City",US,US,88.88888888888889,75.0,False,False,1. spelling corruption
S1-43403145,S2-962986262,S2,Perfect Builders Private Limited,परफेक्ट बिल्डर्स प्राइवेट लिमिटेड,"Patna Sadar, Patna, C/O Premlata Kumari, Shahpur, Sai Bihar Colony, Bihar","#89 C/O PREMLATA KUMARI, PATNA SADAR, PATNA, Bihar",IN,IN,9.230769230769232,61.40350877192983,False,False,10. cross-script
S1-43403145,S3-816578411,S3,Perfect Builders Private Limited,परफेक्ट बिल्डर्स प्राइवेट लिमिटेड,"Patna Sadar, Patna, C/O Premlata Kumari, Shahpur, Sai Bihar Colony, Bihar","C/o Premlata Kumari, Patna Sadar, Patna, BR",IN,IN,9.230769230769232,57.407407407407405,False,False,10. cross-script
S1-43403145,S3-51575292,S3,Perfect Builders Private Limited,Sri Perfect  Builders Prsive Limited,"Patna Sadar, Patna, C/O Premlata Kumari, Shahpur, Sai Bihar Colony, Bihar","C/o Premlata Kumari, Shahpur, Sai Bihar Colony, Patna, Patna Sadar, बिहार",IN,IN,89.55223880597015,69.11764705882352,False,False,1. spelling corruption
S1-127572490,S3-969822346,S3,Raj My Investments Private Limited,രാജ് മൈ ഇൻവെസ്റ്റ്മെന്റ്സ് പ്രൈവറ്റ് ലിമിറ്റഡ്,"Pathanamthitta, Kerala, Building No. Xiv/795, Madackal Building, Tiruvalla","Building No. Xiv/795, Madackal Building, Pathanamthitta, Tiruvalla, കേരളം",IN,IN,9.999999999999998,68.61313868613139,False,False,10. cross-script
S1-127572490,S2-707120901,S2,Raj My Investments Private Limited,രാജ് മൈ ഇൻവെസ്റ്റ്മെന്റ്സ് പ്രൈവറ്റ് ലിമിറ്റഡ്,"Pathanamthitta, Kerala, Building No. Xiv/795, Madackal Building, Tiruvalla","BUILDING NO. XIV/0795, TIRUVALLA, PATHANAMTHITTA, Kerala",IN,IN,9.999999999999998,49.586776859504134,False,False,10. cross-script
S1-772819200,S3-928335520,S3,Smart Enterprises Private Limited,Smart Private  Enterprises Limited,"Kaij, Beed, A.P.Dharur, Maharashtra, C/O Mahdav Ambadas Nirmal","Block A-##544 C/o Mahdav Ambadas Nirmal, Bid, Beed, MH",IN,IN,75.75757575757575,56.07476635514019,False,False,5. word reordering
S1-772819200,S2-824191832,S2,Smart Enterprises Private Limited,स्मार्ट एंटरप्राइजेज प्राइवेट लिमिटेड,"Kaij, Beed, A.P.Dharur, Maharashtra, C/O Mahdav Ambadas Nirmal","C/O MAHDAV AMBADAS NIRMAL, <NULL>, BEED, KAIJ, Maharashtra",IN,IN,8.571428571428575,45.45454545454546,False,False,10. cross-script
S1-772819200,S3-889604039,S3,Smart Enterprises Private Limited,स्मार्ट एंटरप्राइजेज प्राइवेट लिमिटेड,"Kaij, Beed, A.P.Dharur, Maharashtra, C/O Mahdav Ambadas Nirmal","Block A-##544 C/o Mahdav Ambadas Nirmal, A.p.dharur, Aurangabad (MAHARASHTRA), Kaij, MH",IN,IN,8.571428571428575,46.715328467153284,False,False,10. cross-script
S1-785098831,S3-821116667,S3,Future Smart Builders Limited,ફ્યુચર Smart Builders લિમિટેડ,"Tower.I 805 Pramukh Resi, Near Chala Gram Panchayat, Pardi, Valsad, Gujarat","Tower.i 805 Pramukh Resi, Near Chala Gram Panchayat, Valsad, Pardi, GJ",IN,IN,55.172413793103445,87.59124087591242,False,False,10. cross-script
S1-785098831,S3-387916083,S3,Future Smart Builders Limited,Future Smaatr Builders Limited,"Tower.I 805 Pramukh Resi, Near Chala Gram Panchayat, Pardi, Valsad, Gujarat","Tower.i 805 Pramukh Resi, Near Chala Gram Panchayat, Valsad, Pardi, ગુજરાત",IN,IN,94.91525423728814,85.1063829787234,False,False,9. address variation
S1-150981150,S3-529804376,S3,Cure Tavern! Co,Cure Tavern!,"128 Pleasant Street, Unit Unit L17, Manlius, NY","##128 Pleasant St, Unit Unit L17, Manlius, New York",US,US,88.0,88.88888888888889,False,False,1. spelling corruption
S1-150981150,S3-199377600,S3,Cure Tavern! Co,Cure C0 Tavern!,"128 Pleasant Street, Unit Unit L17, Manlius, NY",,US,US,78.57142857142857,0.0,False,False,6. missing address
S1-150981150,S3-709061275,S3,Cure Tavern! Co,Cure Cure (Tavern!),"128 Pleasant Street, Unit Unit L17, Manlius, NY","New York, Manlius, ##128 Pleasant St, Unit Unit L17",US,US,73.33333333333334,64.44444444444444,False,False,1. spelling corruption
S1-95671867,S3-817339807,S3,Shyam Healthcare Private Limited,श्याम हेल्थकेयर प्राइवेट लिमिटेड,"319-C, Allahabad, Uttar Pradesh, Transport Nagar Near Durga Pooja Park, Allahabad","319-C, Transport Nagar Near Durga Pooja Park, Allahabad, UP",IN,IN,9.375,79.69924812030075,False,True,10. cross-script
S1-95671867,S3-777318858,S3,Shyam Healthcare Private Limited,श्याम हेल्थकेयर प्राइवेट लिमिटेड,"319-C, Allahabad, Uttar Pradesh, Transport Nagar Near Durga Pooja Park, Allahabad","319-C, Transport Nagar Near Durga Pooja Park, Allahabad, UP",IN,IN,9.375,79.69924812030075,False,True,10. cross-script
S1-562598143,S3-300216993,S3,Darbhanga Marketing Limited,darbhangamarketing.com,"Ramji Sani Market, Rahamganj, Po. Lalbagh Ps. Laheriasarai, Darbhanga, Bihar","Block G-c-81 Ramji Sani Market, Darbhanga, बिहार",IN,IN,81.63265306122449,48.275862068965516,False,False,1. spelling corruption
S1-133934699,S2-853483500,S2,Safe Couture LLC,Safe Cóuture LLC,"7618 Center Street, Mccordsville, IN","MCCORDSVILLE, IN, CENTER STREET",US,US,93.75,47.61904761904761,False,False,10. cross-script
S1-133934699,S3-400789264,S3,Safe Couture LLC,Safe Cóuture LLC,"7618 Center Street, Mccordsville, IN","Center St, Mccordsville, Indiana",US,US,93.75,78.125,False,False,10. cross-script
S1-491737700,S2-796403294,S2,Unique Foods Pvt Ltd,யுனிக் ஃபுட்ஸ் பிரைவேட் லிமிடெட்,"No 14/52 Musa Street T Nagar, Chennai, Tamil Nadu","#14/52 MUSA STREET T NAGAR, CHENNAI, Tamil Nadu",IN,IN,11.538461538461542,96.7032967032967,False,False,10. cross-script
S1-491737700,S3-216611065,S3,Unique Foods Pvt Ltd,Dr Unique Foods Pvt Ltd.,"No 14/52 Musa Street T Nagar, Chennai, Tamil Nadu","0014/52 Musa Street T Nagar, Chennai, தமிழ்நாடு",IN,IN,93.02325581395348,73.91304347826086,False,False,9. address variation
S1-491737700,S3-768431651,S3,Unique Foods Pvt Ltd,Shri unique foods pvt ltd,"No 14/52 Musa Street T Nagar, Chennai, Tamil Nadu","No 0014/52 Musa Street T Nagar, Chennai, தமிழ்நாடு",IN,IN,88.88888888888889,77.89473684210526,False,False,1. spelling corruption
S1-491737700,S2-323246484,S2,Unique Foods Pvt Ltd,யுனிக் ஃபுட்ஸ் பிரைவேட் லிமிடெட்,"No 14/52 Musa Street T Nagar, Chennai, Tamil Nadu","DOOR NO 14/52 MUSA STREET T NAGAR, CHENNAI, தமிழ்நாடு",IN,IN,11.538461538461542,75.51020408163265,False,False,10. cross-script
S1-924860944,S2-768184545,S2,"Medina Desert Paloma, Inc","Medina Desert Pa1oma, Inc","2812 Bishop Road, Jeffersonville, IN","JEFFERSONVILLE, 2812 BISHOP RD, IN",US,US,95.83333333333334,51.515151515151516,False,False,9. address variation
S1-879917973,S2-254742159,S2,Unique Media Private Limited,యూనిక్ మీడియా ప్రైవేట్ లిమిటెడ్,"H.No 8-6/2, Sy No 345, Bachupally Bachupally Mandal, Medchal Malkajgiri, Hyderabad, Rangareddy, Telangana","8-6/2, SY NO 345, BACHUPALLY BACHUPALLY MANDAL, MEDCHAL MALKAJGIRI, HYDERABAD, RANGAREDDY, Andhra Pradesh",IN,IN,10.169491525423723,89.8989898989899,False,False,10. cross-script
S1-879917973,S2-646172592,S2,Unique Media Private Limited,యూనిక్ మీడియా ప్రైవేట్ లిమిటెడ్,"H.No 8-6/2, Sy No 345, Bachupally Bachupally Mandal, Medchal Malkajgiri, Hyderabad, Rangareddy, Telangana","H.NO 8-6/2, HYDERABAD, RANGAREDDY, Andhra Pradesh",IN,IN,10.169491525423723,49.6551724137931,False,False,10. cross-script
S1-879917973,S2-593512580,S2,Unique Media Private Limited,యూనిక్ మీడియా ప్రైవేట్ లిమిటెడ్,"H.No 8-6/2, Sy No 345, Bachupally Bachupally Mandal, Medchal Malkajgiri, Hyderabad, Rangareddy, Telangana","Andhra Pradesh, SY NO 345, BACHUPALLY BACHUPALLY MANDAL, MEDCHAL MALKAJGIRI, HYDERABAD, H.NO 8-6/2, RANGAREDDY",IN,IN,10.169491525423723,79.80295566502463,False,False,10. cross-script
S1-106970460,S3-729073045,S3,Atlantic Institute L.L.C.,Center Atlantic L.L.C.,"1347 Allison Road, Ruffin, NC","Allison Rd, PO Box 6465, Ruffin, North Carolina",US,US,62.22222222222222,56.33802816901409,False,False,1. spelling corruption
S1-106970460,S2-269770026,S2,Atlantic Institute L.L.C.,Atlantic  Institute,"1347 Allison Road, Ruffin, NC","NC, RUFFNI, 1347 1/2 ALLISON RD",US,US,85.71428571428572,53.57142857142857,False,False,1. spelling corruption
S1-654631165,S3-472805275,S3,Empire Cross LLC,Empire Cross,"1965 Freestone Boulevard, Santaquin City (utah Co), UT","001965 Freestone Blvd, <NULL>, Santaquin City (Utah Co), Utah",US,US,85.71428571428572,86.53846153846155,False,False,1. spelling corruption
S1-654631165,S2-530983933,S2,Empire Cross LLC,Empire LLC Service,"1965 Freestone Boulevard, Santaquin City (utah Co), UT","FREESTONE BLVD, SANTAQUIN CITY (UTAH CO), UT",US,US,58.82352941176471,88.88888888888889,False,False,9. address variation
S1-654631165,S2-870030229,S2,Empire Cross LLC,LLC Empire Corhrass,"1965 Freestone Boulevard, Santaquin City (utah Co), UT","UT, SANTAQUIN CITY (UTAH CO), 1965. FREESTONE BLVD",US,US,62.857142857142854,54.73684210526315,False,False,1. spelling corruption
S1-654631165,S2-836938874,S2,Empire Cross LLC,Empire Cengsf LLC,"1965 Freestone Boulevard, Santaquin City (utah Co), UT",,US,US,78.78787878787878,0.0,False,False,6. missing address
S1-878621187,S2-968931247,S2,Shakti Developers Private Limited,શક્તિ ડેવલપર્સ પ્રાઇવેટ લિમિટેડ,"F 29 Harshidhhi Complexincome Circle, Ahmedabad, Gujarat","<NULL>, AHMEDABAD, F 29 HARSHIDHHI COMPLEXINCOME CIRCLE, ગુજરાત",IN,IN,9.375,66.07142857142857,False,False,10. cross-script
S1-108609576,S3-420997448,S3,Sapphire Inc,Sapphire Ínc,"3620 Norwood Street, Columbus, OH","03620 Norwood St, Columbus, Ohio",US,US,91.66666666666666,88.52459016393442,False,False,10. cross-script
S1-999677042,S3-983967550,S3,Shiva Constructions Limited,Shiva Cahfstrstihons Limited,"Dhapa, East Topsia Road, West Bengal, South 24 Parganas, 55","55, Dhapa, South 24 Parganas, WB",IN,IN,83.63636363636364,57.14285714285714,False,False,1. spelling corruption
S1-999677042,S2-70022162,S2,Shiva Constructions Limited,শিব কনস্ট্রাকশনস লিমিটেড,"Dhapa, East Topsia Road, West Bengal, South 24 Parganas, 55","55, DHAPA, West Bengal",IN,IN,7.843137254901967,45.333333333333336,False,False,10. cross-script
S1-999677042,S3-766371412,S3,Shiva Constructions Limited,শিব কনস্ট্রাকশনস লিমিটেড,"Dhapa, East Topsia Road, West Bengal, South 24 Parganas, 55","55, East Topsia Road, Dhapa, South 24 Parganas, WB",IN,IN,7.843137254901967,75.24752475247524,False,False,10. cross-script
S1-606274504,S3-558384918,S3,Maa & Brothers Private Limited,Maa + Bróthers,"A-12, 2Nd Floor Frontside, Mayapuri Industrial Area, Ph-Ii, New Delhi, New Delhi, South West Delhi, Delhi","A-g-12, New Delhi, South West Delhi, दिल्ली",IN,IN,50.0,46.37681159420289,False,False,10. cross-script
S1-606274504,S3-532787015,S3,Maa & Brothers Private Limited,Maa & Private Limited Services,"A-12, 2Nd Floor Frontside, Mayapuri Industrial Area, Ph-Ii, New Delhi, New Delhi, South West Delhi, Delhi","A-g-12, South West Delhi, New Delhi, DL",IN,IN,71.875,44.776119402985074,False,False,1. spelling corruption
S1-319589209,S2-232963117,S2,Bond Cherry,Bond Services,"2412 39th Street, Washougal, WA","WA, 2412-2416 39TH ST, WASHOUGAL",US,US,58.33333333333333,74.57627118644068,False,False,9. address variation
S1-973278378,S2-276478819,S2,Shivaya & Co,Korkor,"Flat No. 402, 10-3-291/A/B, Royal Plaza, Asifnagar, Hyderabad, Telangana","FLAT NO. 402., HYDERABAD, Telangana",IN,IN,9.999999999999998,63.91752577319587,False,False,9. address variation
S1-880990508,S2-464202302,S2,Prime It Private Limited,Prime It Private Límited,"1249/A, Aruna Asaf Ali Road, Vasant Kunj, New Delhi, Delhi","Delhi, 1249/A, ARUNA ASAF ALI ROAD, VASANT KUNJ",IN,IN,95.83333333333334,77.55102040816327,False,False,10. cross-script
S1-880990508,S3-350288164,S3,Prime It Private Limited,प्राइम आईटी प्राइवेट लिमिटेड,"1249/A, Aruna Asaf Ali Road, Vasant Kunj, New Delhi, Delhi","1249/A, Vasant Kunj, New Delhi, DL",IN,IN,11.538461538461542,72.94117647058825,False,True,10. cross-script
S1-19209726,S3-346670143,S3,Drayora Audio Installation,drayoraaudioinstallation.com,"185 Woodfield Court, Fuquay Varina, NC","185 Woodfield Court, PO Box 4560, Fuquay Varina, North Carolina",US,US,88.88888888888889,75.0,False,True,1. spelling corruption
S1-484786346,S3-538315681,S3,White Bright Power Private Limited,व्हाइट ब्राइट पावर प्राइवेट लिमिटेड,"3/446 Pathan Pura Shahdara Delhi, Delhi, East Delhi, Delhi","Door No 3/446 Pathan Pura Shahdara Delhi, Delhi, East Delhi, DL",IN,IN,11.594202898550721,90.43478260869566,False,False,10. cross-script
S1-226414434,S2-812331261,S2,Preferred Pet Care LLC,PREFERRED PÉT CARE LLC,"120 Boyes Road, Broadus, MT",,US,US,95.45454545454545,0.0,False,False,6. missing address
S1-826108257,S3-41835414,S3,Paris Family Center PC,Parisfamilycenter.Com,"TN, 908 Chickasaw Road, Paris","908 Chickasaw Rd, Paris, Tennessee",US,US,88.37209302325581,74.57627118644068,False,False,1. spelling corruption
S1-131466314,S2-634325033,S2,Pacific Institute of Technology,pacificinstitutetechnology.com,"3427 Timber Oak Drive, Columbus, OH","TIMBER OAK DR, COLUMBUS, OH",US,US,85.24590163934427,86.20689655172413,False,False,1. spelling corruption
S1-495507630,S3-232329961,S3,Jain Care Pvt Ltd,जैन केयर प्रा. लि.,"R S No. 9P, No 3/6/2 Samarth Boyz Hostel Near A/P Kandalgaon Tal Karveer, Kandalgaon, Kolhapur, Maharashtra","R S No. 9P, No 3/6/2 Samarth Boyz Hostel Near A/p Kandalgaon Tal Karveer, Kandalgaon, Kolhapur, MH",IN,IN,18.181818181818176,95.38461538461537,False,False,10. cross-script
S1-495507630,S3-945202921,S3,Jain Care Pvt Ltd,Jain Cer Pvt Ltd,"R S No. 9P, No 3/6/2 Samarth Boyz Hostel Near A/P Kandalgaon Tal Karveer, Kandalgaon, Kolhapur, Maharashtra",,IN,IN,90.9090909090909,0.0,False,False,6. missing address
S1-155152406,S2-187757128,S2,Supreme Global Pvt Ltd,സുപ്രീം ഗ്ലോബൽ പ്രൈവറ്റ് ലിമിറ്റഡ്,"Pumithinippara Malika, Nenmeni, Sulthanbathery, Wayanad, Kerala","PUMITHINIPPARA MALIKA, WAYANAD, Kerala",IN,IN,10.71428571428571,75.78947368421053,False,False,10. cross-script
S1-155152406,S3-800602760,S3,Supreme Global Pvt Ltd,Supremeglobal.Com,"Pumithinippara Malika, Nenmeni, Sulthanbathery, Wayanad, Kerala","Pumithinippara Malika, Sulthanbathery, Wayanad, കേരളം",IN,IN,71.7948717948718,82.56880733944953,False,False,1. spelling corruption
S1-155152406,S2-597427673,S2,Supreme Global Pvt Ltd,സുപ്രീം ഗ്ലോബൽ പ്രൈവറ്റ് ലിമിറ്റഡ്,"Pumithinippara Malika, Nenmeni, Sulthanbathery, Wayanad, Kerala","PUMITHINIPPARA MALIKA, WAYANAD, Kerala",IN,IN,10.71428571428571,75.78947368421053,False,False,10. cross-script
S1-951946273,S3-184673012,S3,Ace Finance Private Limited,Smt Ace  Finance,"No.2/240, Middle Street Oduvankuppam Village, Melvalai Post, Kandachipuramtaluk, Villupuram, Tamil Nadu","2/240, Villupuram, தமிழ்நாடு",IN,IN,52.38095238095239,27.419354838709676,False,False,3. transliteration
S1-951946273,S2-799748836,S2,Ace Finance Private Limited,ஏஸ் ஃபைனான்ஸ் பிரைவேட் லிமிடெட்,"No.2/240, Middle Street Oduvankuppam Village, Melvalai Post, Kandachipuramtaluk, Villupuram, Tamil Nadu","NO.2/240, KANDACHIPURAMTALUK, VILLUPURAM, Tamil Nadu",IN,IN,10.344827586206895,66.66666666666667,False,False,10. cross-script
S1-946364893,S3-438431901,S3,Udaipur Infra Private Limited,Udaipur Ínfra Private Límited,"C-1/337, Vastu Khand Gomti Nagar, Lucknow, Uttar Pradesh","C-1/337, Lucknow, UP",IN,IN,93.10344827586206,50.70422535211267,False,False,10. cross-script
S1-946364893,S3-772810834,S3,Udaipur Infra Private Limited,Udaipur Infra Peiivate Limited,"C-1/337, Vastu Khand Gomti Nagar, Lucknow, Uttar Pradesh",,IN,IN,94.91525423728814,0.0,False,False,6. missing address
S1-522883385,S3-313702738,S3,Family Associates Inc.,Family Inc. Services,"3015 15th Avenue, Minot, ND","15th Ave, Minot, North Dakota",US,US,55.00000000000001,65.38461538461539,False,False,9. address variation
S1-522883385,S2-679337977,S2,Family Associates Inc.,Inc. Family Ássociates,"3015 15th Avenue, Minot, ND","15TH AVE, PO BOX 119, MINOT, ND",US,US,76.19047619047619,64.15094339622642,False,False,10. cross-script
S1-522883385,S2-642963375,S2,Family Associates Inc.,Family Associates,"3015 15th Avenue, Minot, ND","FIFTEENTH AVE, PMB 7342, MINOT, ND",US,US,89.47368421052632,53.57142857142857,False,False,1. spelling corruption
S1-123284914,S2-703862100,S2,First Impex Pvt Ltd,ಫಸ್ಟ್ ಇಂಪೆಕ್ಸ್ ಪ್ರೈವೇಟ್ ಲಿಮಿಟೆಡ್,"Bangalore, 3Rd Floor. Site No. 3631/2-98/1, 101 Kammanahalli Main Road, Bangalore, Karnataka, Shop No 14","DOOR NO 14, 3RD FLOOR. SITE NO. 3631/2-98/1, 101 KAMMANAHALLI MAIN ROAD, BANGALORE, Karnataka",IN,IN,11.764705882352944,85.86956521739131,False,False,10. cross-script
S1-123284914,S3-510883612,S3,First Impex Pvt Ltd,ಫಸ್ಟ್ ಇಂಪೆಕ್ಸ್ ಪ್ರೈವೇಟ್ ಲಿಮಿಟೆಡ್,"Bangalore, 3Rd Floor. Site No. 3631/2-98/1, 101 Kammanahalli Main Road, Bangalore, Karnataka, Shop No 14","Shop No A-14, Bangalore, Bengaluru, ಕರ್ನಾಟಕ",IN,IN,11.764705882352944,30.65693430656934,False,False,10. cross-script
S1-452307728,S3-854330377,S3,Ceniify LLC,Cneicy LLC,"1403 10th Street, Moline, IL","Moline, Illinois, 1403 Tenth Street",US,US,76.19047619047619,47.45762711864406,False,False,1. spelling corruption
S1-865574598,S2-83007778,S2,Mumbai Logistics Limited,mumbailogistics.com,"11, Suryaji Niwas, 200, Senapati Bapat Marg, Dadar (West), Mumbai, Mumbai City, Maharashtra","##11, SURYAJI NIWAS, 200, SENAPATI BAPAT MARG, DADAR (WEST), MUMBAI, Maharashtra",IN,IN,79.06976744186046,92.10526315789474,False,False,1. spelling corruption
S1-739292426,S2-143354530,S2,Classic Management Private Limited,क्लासिक मैनेजमेंट प्राइवेट लिमिटेड,"Plot No-E.376, Rameshwar Nagar, Jodhpur, Rajasthan","RAMESHWAR NAGAR, JODHPUR, Rajasthan, PLOT NO-E.A-376, JODHPUR",IN,IN,8.823529411764708,63.46153846153846,False,False,10. cross-script
S1-739292426,S2-184641062,S2,Classic Management Private Limited,क्लासिक मैनेजमेंट प्राइवेट लिमिटेड,"Plot No-E.376, Rameshwar Nagar, Jodhpur, Rajasthan","PLOT NO-E.A-376, RAMESHWAR NAGAR, JODHPUR, Rajasthan",IN,IN,8.823529411764708,97.91666666666666,False,False,10. cross-script
S1-739292426,S3-287730317,S3,Classic Management Private Limited,classicmanagement.com,"Plot No-E.376, Rameshwar Nagar, Jodhpur, Rajasthan","Plot No-e.c-376, Rameshwar Nagar, Jodhpur, RJ",IN,IN,69.0909090909091,89.8876404494382,False,False,1. spelling corruption
S1-569922808,S2-518296635,S2,Services Bengal Global Private Limited,Services Bendal Global Private Limited,"23 224 D Building Shree Ram Nagar Aundh, Pune, Maharashtra","NO 23 224 D BUILDING SHREE RAM NAGAR AUNDH, PUNE, Maharashtra",IN,IN,97.36842105263158,97.3913043478261,False,False,9. address variation
S1-569922808,S3-754768766,S3,Services Bengal Global Private Limited,Servicesbengalglobal.Com,"23 224 D Building Shree Ram Nagar Aundh, Pune, Maharashtra","#23 224 D Building Shree Ram Nagar Aundh, Pune, महाराष्ट्र",IN,IN,70.96774193548387,81.08108108108108,False,False,1. spelling corruption
S1-85840162,S3-638246663,S3,Hurst Gamco,Hurst Gamco  LP,"222 Davis Avenue, Elkins, WV","Elkinsc ITY, Davis Avenue, West Virginia",US,US,88.0,56.25,False,False,1. spelling corruption
S1-130372341,S3-904822483,S3,Platinum First Brown LLC,P1atinum First Brown [LLC],"3457 Biltmore Avenue, Montgomery, AL","Biltmore Ave, Montgomery, Alabama",US,US,95.83333333333334,80.0,False,False,9. address variation
S1-384816421,S3-770163415,S3,Adl Industries Private Limited,M/s privateadlind.com,"Lig 62 Ganiyari Road, Singrauli, Madhya Pradesh","Lig 62- Ganiyari Road, Singrauli, Chingi Tola, MP",IN,IN,50.98039215686274,77.77777777777779,False,False,9. address variation
S1-650073591,S2-229122579,S2,Sai Infrastructure,साईं इंफ्रास्ट्रक्चर,"Pawan Dham, G No 168 - 1170, A/105, Pune, Maharashtra","PAWNA DHAM, PUNE, Maharashtra",IN,IN,5.263157894736848,70.27027027027026,False,False,10. cross-script
S1-860560169,S2-981246260,S2,East Technology,ईस्ट टेक्नोलॉजी,"13, Narmada Society, Nagpur, Maharashtra","PLOT 704 13, NAGPUR, Maharashtra",IN,IN,6.666666666666665,62.68656716417911,False,False,10. cross-script
S1-860560169,S2-643103929,S2,East Technology,ईस्ट टेक्नोलॉजी,"13, Narmada Society, Nagpur, Maharashtra","PLOT 704 13, NARMADA SOCIETY, NAGPUR, Maharashtra",IN,IN,6.666666666666665,89.1566265060241,False,False,10. cross-script
S1-860560169,S2-461519493,S2,East Technology,ईस्ट टेक्नोलॉजी,"13, Narmada Society, Nagpur, Maharashtra","PLOT 704 13, NARMADA SOCIETY, NAGPUR, महाराष्ट्र",IN,IN,6.666666666666665,63.41463414634146,False,False,10. cross-script
S1-860560169,S2-335202807,S2,East Technology,EAST-TSESCONRLOGY,"13, Narmada Society, Nagpur, Maharashtra","PLOT 704 13, NARMADA SOCIETY, NAGPUR, Maharashtra",IN,IN,81.25,89.1566265060241,False,False,1. spelling corruption
S1-536412852,S2-492042083,S2,Supreme Star Products Private Limited,సుప్రీమ్ స్టార్ ప్రొడక్ట్స్ ప్రైవేట్ లిమిటెడ్,"Guntur, #201 Janakirama Towers 2Nd Floor Housing Board Colony Near Venkestwara Temple, Andhra Pradesh","DOOR NO 5-201 JANAKIRAMA TOWERS 2ND FLOOR HOUSING BOARD COLONY NEAR VENKESTWARA TEMPLE, GUNTUR, Andhra Pradesh",IN,IN,9.756097560975608,90.29126213592234,False,False,10. cross-script
S1-306700706,S3-875005213,S3,Dominguez and Evans LLC,Dominguez and Eoicvtnas LLC,"5622 Hawthorn Lane, Bldg F, Herriman Town, UT","##5622 Hawthorn Ln, Bldg F, Herrimman, Utah",US,US,88.0,87.5,False,False,1. spelling corruption
S1-699716358,S3-236101018,S3,Diana's Restaurant Inc,Diana's Inc [Center],"21215 Ambergris Court, Humble, TX","91215 Ambergris Ct, Humbe, Texas",US,US,55.00000000000001,85.24590163934427,False,False,9. address variation
S1-699716358,S3-738140501,S3,Diana's Restaurant Inc,Diana's Inc 5ervice,"21215 Ambergris Court, Humble, TX","Texas, Humbe, 91215 Ambergris Court",US,US,58.53658536585367,62.5,False,False,9. address variation
S1-833311443,S3-451513382,S3,North Blue Exports Private Limited,નોર્થ બ્લૂ એક્સપોર્ટ્સ પ્રાઇવેટ લિમિટેડ,"C/O Prabhat Rolling Millskumbharwada Moti Talao Bhav, Nagar, Bhavnagar, Gujarat","Hn 544 C/o Prabhat Rolling Millskumbharwada Moti Talao Bhav, Bhavnagar, Savarkundla, GJ",IN,IN,10.95890410958904,82.5,False,False,10. cross-script
S1-833311443,S2-907151313,S2,North Blue Exports Private Limited,નોર્થ બ્લૂ એક્સપોર્ટ્સ પ્રાઇવેટ લિમિટેડ,"C/O Prabhat Rolling Millskumbharwada Moti Talao Bhav, Nagar, Bhavnagar, Gujarat","C/O PRABHAT ROLLING MILLSKUMBHARWADA MOTI TALAO BHAV, NAGAR, BHAVNAGAR, ગુજરાત",IN,IN,10.95890410958904,91.3907284768212,False,False,10. cross-script
S1-833311443,S3-662979631,S3,North Blue Exports Private Limited,North 8lue Exports Private Limited,"C/O Prabhat Rolling Millskumbharwada Moti Talao Bhav, Nagar, Bhavnagar, Gujarat","Hn 544 C/o Prabhat Rolling Millskumbharwada Moti Talao Bhav, Nagar, Savarkundla, GJ",IN,IN,97.05882352941177,84.61538461538461,False,False,9. address variation
S1-606192809,S3-257708887,S3,Verma Training (India) Pvt Ltd,Pvt Verma Training (Índia) Ltd,"Unit 44, 1St Floor, Apollo Industrial Estate Mahakali Caves Road, Andheri East, Mumbai, Maharashtra","Unit 44, Andheri East, Mumbai, MH",IN,IN,82.14285714285714,48.38709677419355,False,False,10. cross-script
S1-251909679,S3-876147901,S3,Winrow's Atlantic Cafe,Lyravantagebrix,"3215 Brenner Road, Barberton, OH","3215 Bbenner Road, Copley Twp, Ohio",US,US,37.83783783783784,69.84126984126983,False,True,9. address variation
S1-224382251,S3-553481387,S3,Ace Impex Limited,এইস ইম্পেক্স লিমিটেড,"Ms 14/14 Bengal Ambuja City Centre, Durgapur, Bardhaman, West Bengal","Ms 14/14- Bengal Ambuja City Centre, Durgapur, Bardhaman, পশ্চিমবঙ্গ",IN,IN,10.81081081081081,83.72093023255813,False,False,10. cross-script
S1-224382251,S3-93548405,S3,Ace Impex Limited,এইস ইম্পেক্স লিমিটেড,"Ms 14/14 Bengal Ambuja City Centre, Durgapur, Bardhaman, West Bengal","Ms 14/14- Bengal Ambuja City Centre, Durgapur, Bardhaman, পশ্চিমবঙ্গ",IN,IN,10.81081081081081,83.72093023255813,False,False,10. cross-script
S1-224382251,S2-460316484,S2,Ace Impex Limited,এইস ইম্পেক্স লিমিটেড,"Ms 14/14 Bengal Ambuja City Centre, Durgapur, Bardhaman, West Bengal","MS B3/14/14 BENGAL AMBUJA CITY CENTRE, DURGAPUR, BARDHAMAN, West Bengal",IN,IN,10.81081081081081,97.74436090225565,False,False,10. cross-script
S1-670442495,S2-5890573,S2,Silver Montreal Corp,SILVER MONRNLA CORP,"9234 Kristin Lane, Fairfax County, VA","KRISTIN LN, FAIRFAX COUNTY, VA",US,US,87.17948717948718,88.88888888888889,False,False,1. spelling corruption
S1-670442495,S3-983314038,S3,Silver Montreal Corp,Silver Móntreal Corp,"9234 Kristin Lane, Fairfax County, VA","234 Kristin Ln, Fairfax County, Virginia",US,US,95.0,87.67123287671232,False,False,10. cross-script
S1-670442495,S2-927013690,S2,Silver Montreal Corp,Silver Mhtreral Corp,"9234 Kristin Lane, Fairfax County, VA",,US,US,90.0,0.0,False,False,6. missing address
S1-567552626,S3-1916336,S3,"Certified Heritage Preferred, LLC","LLC Certified Héritage Preferred,","301 Curtis Avenue, Elkton, MD","01 Curtis Avenue, PMB 4014, Elkton, Maryland",US,US,84.375,76.47058823529412,False,False,10. cross-script
S1-567552626,S2-746095022,S2,"Certified Heritage Preferred, LLC","Certified Héritage Preferred, LLC | www.certified.com","301 Curtis Avenue, Elkton, MD","ELKTON, PMB 7393, MD, 301 CURTIS AVE",US,US,75.60975609756098,46.666666666666664,False,False,10. cross-script
S1-861599148,S2-319923449,S2,Midwest Council Group,Midwest-Council Group Association,"736 Old Rustburg Road, Campbell County, VA",,US,US,77.77777777777779,0.0,False,False,6. missing address
S1-460268483,S3-29736932,S3,"First Cloud Systems, LLC","First Cloud Systems,","1032 Patterson Ferry Road, Calvert City, KY","Patterson Ferry Rd, Calvert City, Kentucky",US,US,90.47619047619048,83.9506172839506,False,False,9. address variation
S1-88632521,S3-599367502,S3,Swastik Prime Consultants Limited,Primeconsultants.Com,"C/O Safayet Nayek Vill. & P.O.- Amdanp.S, Panskura, Midnapore, West Bengal","C/o Safayet Nayek Vill. & P.o.- Amdanp.s, Panskura, Midnapore, Medinipur East, WB",IN,IN,67.9245283018868,87.67123287671232,False,False,1. spelling corruption
S1-348202067,S3-961586621,S3,Cornerstone Pro,Cornerstone Pró,"60 Greenwich Court, Lake Bluff, IL","55 Greenwich Ct, Lake Bluff, Illinois",US,US,93.33333333333333,80.59701492537313,False,False,10. cross-script
S1-587332785,S3-906945099,S3,Optimal Cslm Inc,0ptimal Cslm,"1527 3rd Street, East Pennsboro Township, PA","Enola, 152 3rd Saint, Pennsylvania",US,US,78.57142857142857,54.054054054054056,False,False,1. spelling corruption
S1-916442709,S2-964243580,S2,PTD Services Private Limited,PTDSÉRVICES.COM,"Rajeev Nagar, C/O Mahesh Chand B-397, Delhi, North East Delhi","C/O MAHESH CHAND B-B3/397, RAJEEV NAGAR, NORTH EAST DELHI, Delhi",IN,IN,55.81395348837209,68.90756302521008,False,False,10. cross-script
S1-916442709,S2-910120513,S2,PTD Services Private Limited,Xylozephkor,"Rajeev Nagar, C/O Mahesh Chand B-397, Delhi, North East Delhi","C/O MAHESH CHAND B-B3/397, RAJEEV NAGAR, NORTH EAST DELHI, दिल्ली",IN,IN,15.384615384615385,68.33333333333333,False,False,9. address variation
S1-746933487,S3-340381569,S3,Future International,ஃபியூச்சர் இன்டர்நேஷனல்,"7/1, Chandrappa Mudali Streetsowcarpet Madras 600 079 Sowcarpet, Madras 600 079, Sowcarpet, Madras 600 079, Tamil Nadu","7/1, Madras 600 079, TN",IN,IN,4.651162790697672,31.343283582089555,False,True,10. cross-script
S1-746933487,S3-558133655,S3,Future International,Future Ínternational,"7/1, Chandrappa Mudali Streetsowcarpet Madras 600 079 Sowcarpet, Madras 600 079, Sowcarpet, Madras 600 079, Tamil Nadu","7/1, Sowcarpet, TN",IN,IN,95.0,24.8062015503876,False,True,10. cross-script
S1-746933487,S3-817880661,S3,Future International,Korfaye aka Future International,"7/1, Chandrappa Mudali Streetsowcarpet Madras 600 079 Sowcarpet, Madras 600 079, Sowcarpet, Madras 600 079, Tamil Nadu","7/1, Tamil Nadu, Madras 600 079, Chandrappa Mudali Streetsowcarpet Madras 600 079 Sowcarpet, Madras 600 079, Sowcarpet",IN,IN,76.92307692307692,76.99115044247787,False,True,1. spelling corruption
S1-423955935,S3-223506901,S3,Golden Exports Private Limited,गोल्डन एक्सपोर्ट्स प्राइवेट लिमिटेड,"Indraprastha, Chs Ltd, Bldg Iv Malad East, Off Quarry Road, Mumbai City, Maharashtra, Mumbai, G4","G4, Indraprastha, Chs Ltd, Bldg Iv Malad East, Off Quarry Road, Kolhapur, Mumbai City, महाराष्ट्र",IN,IN,9.230769230769232,75.97765363128491,False,False,10. cross-script
S1-423955935,S3-373400607,S3,Golden Exports Private Limited,Golden एक्सपोर्ट्स प्राइवेट लिमिटेड,"Indraprastha, Chs Ltd, Bldg Iv Malad East, Off Quarry Road, Mumbai City, Maharashtra, Mumbai, G4","G4, Indraprastha, Chs Ltd, Bldg Iv Malad East, Off Quarry Road, Kolhapur, Mumbai City, MH",IN,IN,27.692307692307693,81.87134502923976,False,False,10. cross-script
S1-462478657,S2-710674867,S2,Nvs International School,nvsinternationalschool.com,"A 702, Floor 7Th, Plot C. S. 429, Wing- A, Evita Empress, G D Ambedkar Marg, Parel, Mumbai, Mumbai City, Maharashtra","A 702, FLOOR 7TH, PLOT C. S. 429, WING- A, EVITA EMPRESS, G D AMBEDKAR MARG, PAREL, MUMBAI, महाराष्ट्र",IN,IN,88.0,83.07692307692307,False,False,1. spelling corruption
S1-226991629,S3-850807053,S3,Energy Tele Pvt. Ltd.,energytele.com,"Shop No 102, New Delhi, South West Delhi, Delhi, Vardhman Plaza, Sec-10 Dwarka","No 102, New Delhi, South West Delhi, DL",IN,IN,66.66666666666667,66.05504587155964,False,False,1. spelling corruption
S1-226991629,S3-354698114,S3,Energy Tele Pvt. Ltd.,Energy Tele,"Shop No 102, New Delhi, South West Delhi, Delhi, Vardhman Plaza, Sec-10 Dwarka","New Delhi, DL, Shop No 102, South West Delhi",IN,IN,73.33333333333334,49.122807017543856,False,False,1. spelling corruption
S1-657985062,S2-489677357,S2,Total Retail Digital Center,Total Retail,"Unit 4, 155 Rodeo Road, AZ, Casa Grande","155 RODEO RD, CASA GRANDE, AZ",US,US,61.53846153846154,76.19047619047619,False,False,1. spelling corruption
S1-754424336,S3-289140534,S3,Keystone India Pvt. Ltd.,Smt Keystone  India Pvt. Ltd.,"Plot No 50, Sy No 376/A, Rajiv Gandhi Nagar, Tirumalagiri, Telangana, Hyderabad","Plot No 50, Tirumalagiri, Hyderabad, TG",IN,IN,91.66666666666666,60.0,False,False,9. address variation
S1-754424336,S2-604319202,S2,Keystone India Pvt. Ltd.,Sri Keystone India Ltd. (Pvt.),"Plot No 50, Sy No 376/A, Rajiv Gandhi Nagar, Tirumalagiri, Telangana, Hyderabad","##50 , SY NO 376/A, RAJIV GANDHI NAGAR, TIRUMALAGIRI, Andhra Pradesh",IN,IN,75.0,80.0,False,False,1. spelling corruption
S1-38340628,S2-817349050,S2,International Jay Foods Private Limited,International Jay ഫുഡ്സ് Private Limited,"4/152, Thattarodi House Annamanada Post, Trichur District, Trichur, Thrissur, Kerala","DOOR NO D/975 4/152, THATTARODI HOUSE ANNAMANADA POST, TICHUR DISTRICT, TRICHUR, Kerala",IN,IN,86.07594936708861,85.18518518518519,False,False,10. cross-script
S1-38340628,S2-694560248,S2,International Jay Foods Private Limited,ഇന്റർനാഷണൽ ജയ് ഫുഡ്സ് പ്രൈവറ്റ് ലിമിറ്റഡ്,"4/152, Thattarodi House Annamanada Post, Trichur District, Trichur, Thrissur, Kerala","#D/975 4/152, THATTARODI HOUSE ANNAMANADA POST, TRICHUR DISTRICT, TRICHUR, THRISSUR, കേരളം",IN,IN,9.999999999999998,89.57055214723927,False,False,10. cross-script
S1-38340628,S3-785531436,S3,International Jay Foods Private Limited,International Jáy Foods Private,"4/152, Thattarodi House Annamanada Post, Trichur District, Trichur, Thrissur, Kerala",,IN,IN,85.71428571428572,0.0,False,False,6. missing address
S1-38340628,S2-157269148,S2,International Jay Foods Private Limited,ഇന്റർനാഷണൽ ജയ് ഫുഡ്സ് പ്രൈവറ്റ് ലിമിറ്റഡ്,"4/152, Thattarodi House Annamanada Post, Trichur District, Trichur, Thrissur, Kerala","THRISSUR, DOOR NO D/975 4/152, TRICHUR, Kerala",IN,IN,9.999999999999998,44.26229508196722,False,False,10. cross-script
S1-309603266,S3-981465728,S3,Beth Chapel,Bethchapel.Com,"1311 Chaney Avenue, Carpinteria, CA","California, Carpinteriia, 1311- Chaney Avenue",US,US,80.0,50.66666666666666,False,False,1. spelling corruption
S1-726870382,S3-742666371,S3,Sharona Mann Direct Jackson,sharonamanndirect.com,"Hanover, IN, 7633 Saluda Paynesville Road","7633 Saluda Paynesville Road, Hanover, Indiana",US,US,83.33333333333334,67.46987951807229,False,False,1. spelling corruption
S1-457279745,S2-253666941,S2,Thane Technologies Private Limited,Thane Technologies Prívate Limited,"Thane, Office No.117, 1 Floor, Shivji Market Soc. Ltd. Plot No 8 & 9, Sector 19D Vashi, Maharashtra","OFFICE NO.117, 1 FLOOR, SHIVJI MARKET SOC. LTD. PLOT NO 8 & 9, SECTOR 19D VASHI, THANE, Maharashtra",IN,IN,97.05882352941177,93.61702127659575,False,False,10. cross-script
S1-457279745,S3-253035583,S3,Thane Technologies Private Limited,Thane Thane Technologies Limited Center,"Thane, Office No.117, 1 Floor, Shivji Market Soc. Ltd. Plot No 8 & 9, Sector 19D Vashi, Maharashtra","Office No.117, 1 Floor, Shivji Market Soc. Ltd. Plot No 8 & 9, Sector 19D Vashi, Thane, New Mumbai, MH",IN,IN,71.23287671232876,85.26315789473684,False,False,1. spelling corruption
S1-457279745,S3-479287897,S3,Thane Technologies Private Limited,Thane Technologies Technologies Private,"Thane, Office No.117, 1 Floor, Shivji Market Soc. Ltd. Plot No 8 & 9, Sector 19D Vashi, Maharashtra","New Mumbai, Thane, 1 Floor, Shivji Market Soc. Ltd. Plot No 8 & 9, Sector 19D Vashi, Office No.117, MH",IN,IN,71.23287671232876,75.78947368421053,False,False,1. spelling corruption
S1-457279745,S3-329758950,S3,Thane Technologies Private Limited,Thane Technologies Plvce Limited,"Thane, Office No.117, 1 Floor, Shivji Market Soc. Ltd. Plot No 8 & 9, Sector 19D Vashi, Maharashtra","Office No.117, 1 Floor, Shivji Market Soc. Ltd. Plot No 8 & 9, Sector 19D Vashi, Thane, New Mumbai, महाराष्ट्र",IN,IN,90.9090909090909,80.8080808080808,False,False,9. address variation
S1-602053423,S2-691422068,S2,First Environmental Enterprises LLC,First Enivlronaehmtal Énterprises LLC,"514 3rd Street, Village Of Withee, WI","WI, 514 3ND SAINT, WITHEE",US,US,86.11111111111111,55.172413793103445,False,False,10. cross-script
S1-936439451,S3-350683872,S3,Desert Blue Venture Inc,Desert Blue Inc Center,"33 Edgar Avenue, Unit 2, Somerville, MA","Somerville, 33 Edgar Ave, Massachusetts",US,US,71.11111111111111,43.83561643835616,False,False,1. spelling corruption
S1-634616131,S2-269736032,S2,Solstice,Solstice Center,"OH, Delaware, 16 Deerfield Place",,US,US,69.56521739130434,0.0,False,False,6. missing address
S1-634616131,S3-16604981,S3,Solstice,Solstice Corp,"OH, Delaware, 16 Deerfield Place","Deerfield Pl, Delaware, Ohio",US,US,76.19047619047619,50.0,False,False,1. spelling corruption
S1-634616131,S2-879851754,S2,Solstice,S1icte,"OH, Delaware, 16 Deerfield Place","16 DEERFIELD PL, N/A, DELAWARE, OH",US,US,57.14285714285714,55.73770491803278,False,False,9. address variation
S1-634616131,S3-940122066,S3,Solstice,Solstice Inc,"OH, Delaware, 16 Deerfield Place","16. Deerfield Pl, Delaware, Ohio",US,US,80.0,57.6271186440678,False,False,1. spelling corruption
S1-37655289,S3-667525276,S3,Strategic Clean Mexico,Strategic Cen Mexico,"1715 Chase Avenue, Cincinnati, OH","1715b Chase Ave, Ohio, Cincinnati",US,US,95.23809523809523,80.64516129032258,False,False,9. address variation
S1-37655289,S3-345890104,S3,Strategic Clean Mexico,Strategic Clean,"1715 Chase Avenue, Cincinnati, OH","Cincinnati, 1715b Chase Avenue, Ohio",US,US,81.08108108108108,61.53846153846154,False,False,1. spelling corruption
S1-545558825,S2-759936396,S2,Allied Seas LLC,ALLIED  SMDSE LLC,"502 3rd Street, Rockford, IL","THIRD ST, ROCKFORD, IL",US,US,83.87096774193549,73.91304347826086,False,False,1. spelling corruption
S1-915645836,S3-815494262,S3,Pediatric Dentistry Pacific Physicians PLLC,Pediatric Dentistry Pácific Physicians PLLC,"2828 55th Avenue, City Of Kenosha, WI","Wisconsin, Kenoshha, 2828-2832 55th Ave",US,US,97.67441860465115,36.111111111111114,False,False,10. cross-script
S1-130313532,S2-983271043,S2,Veterans Association,VETERANSASSOCIATION.COM,"299 Westwood Drive, Steubenville, OH","##299 WESTWOOD DRIVE, <NULL>, STEUBENVILLE, OH",US,US,88.37209302325581,93.15068493150685,False,False,1. spelling corruption
S1-130313532,S2-384960954,S2,Veterans Association,Veterans Aociaiton,"299 Westwood Drive, Steubenville, OH","##299 WESTWOOD DRIVE, <NULL>, STEUBENVILLE, OH",US,US,89.47368421052632,93.15068493150685,False,False,1. spelling corruption
S1-893160542,S3-656517831,S3,I/S Industrials LLC,isindustrials.com,"11250 Us Highway 85, Highlands Ranch, CO","11230 Us Highway 85, PO Box 7176, Littletoon, Colorado",US,US,83.33333333333334,58.42696629213483,False,False,1. spelling corruption
S1-231835559,S3-892424940,S3,Dental Physicians LLC,Denta1 Physicians L.L.C.,"Lumberton, NC, 305 Fig Street","305-309 Fig St, Lumberton, North Carolina",US,US,90.9090909090909,39.39393939393939,False,False,8. common name
S1-553452514,S3-394817189,S3,Federal Fund LLC,Federal Fund,"N1135 Lietzke Road, Town Of Caledonia, WI","N1135 Lietzke Road, null, Town Of Caledonia, Wisconsin",US,US,85.71428571428572,86.66666666666667,False,False,1. spelling corruption
S1-553452514,S2-979098679,S2,Federal Fund LLC,Federal Fund,"N1135 Lietzke Road, Town Of Caledonia, WI","N1135 LIETZKE RD, FREMONT, WI",US,US,85.71428571428572,72.72727272727273,False,False,1. spelling corruption
S1-553452514,S3-356588740,S3,Federal Fund LLC,Federal Fund (ID: 30148),"N1135 Lietzke Road, Town Of Caledonia, WI","N1135 Lietzke Road, null, Town Of Caledonia, Wisconsin",US,US,70.27027027027026,86.66666666666667,False,False,1. spelling corruption
S1-893239977,S2-765599167,S2,Interstate Newhold,Interstate  Nwhlhd,"Unit 202, 3771 Holmes Creek Place, NC, Winston-salem","3771 HOLMES CREEK PLACE, WINSTON-SALEM, NC",US,US,91.42857142857143,83.14606741573034,False,False,9. address variation
S1-56994488,S3-995185234,S3,Tri-State Network Inc,Tri-State Network,"Romeoville, 430 Kingston Drive, IL","430 Kingston Dr, Romeoville, Illinois",US,US,89.47368421052632,59.70149253731343,False,False,1. spelling corruption
S1-56994488,S2-158381311,S2,Tri-State Network Inc,tristatenetwork.com,"Romeoville, 430 Kingston Drive, IL","430 KINGSTON DR, ROMEOVILLE, IL",US,US,85.0,65.57377049180329,False,False,1. spelling corruption
S1-56994488,S3-509923236,S3,Tri-State Network Inc,Tri-State  Network,"Romeoville, 430 Kingston Drive, IL","430 Kingston Dr, Romeoville, Illinois",US,US,89.47368421052632,59.70149253731343,False,False,1. spelling corruption
S1-100136877,S2-916939231,S2,Frontier Family Practice,FRONTIER  FAMILY,"2026 Caldwell Street, Hamilton, OH","2012 CALDWELL ST, HAMILTON, OH",US,US,76.92307692307692,90.0,False,False,1. spelling corruption
S1-822363335,S2-513454856,S2,"Jones, Rubia, DDS","Jones, Rúbia, DDS","2919 Hagen Avenue, Sierra Vista, AZ","HAGEN AVENUE, SIERRA VISTA, AZ",US,US,93.33333333333333,91.80327868852459,False,False,10. cross-script
S1-733521530,S3-9216977,S3,Urgent Care Partners Inc,Urgent Care  Partners lnc,"426 N Brookfield Road, Oakham, MA","Massachusetts, 426 North Brookfield Road, Oakham",US,US,95.83333333333334,72.72727272727273,False,False,9. address variation
S1-733521530,S3-161866198,S3,Urgent Care Partners Inc,Ny1anyla,"426 N Brookfield Road, Oakham, MA","426 N Brookfield Road, Oakham, Massachusetts",US,US,18.75,84.93150684931507,False,True,9. address variation
S1-379544802,S2-779143039,S2,Guru Bharat International Private Limited,गुरु भारत इंटरनेशनल प्राइवेट लिमिटेड,"A-19 Grd. Flr Okhla Ph-2, Fiee Complex Kartar Tower, New Delhi, South Delhi, Delhi","BLOCK C-420 A-19 GRD. FLR OKHLA PH-2, NEW DELHI, SOUTH DELHI, Delhi",IN,IN,10.389610389610393,72.85714285714286,False,False,10. cross-script
S1-379544802,S3-525810550,S3,Guru Bharat International Private Limited,Guru Bharat International Limited Center,"A-19 Grd. Flr Okhla Ph-2, Fiee Complex Kartar Tower, New Delhi, South Delhi, Delhi","No. 78 A-19 Grd. Flr Okhla Ph-2, New Delhi, South Delhi, DL",IN,IN,81.4814814814815,73.2824427480916,False,False,1. spelling corruption
S1-379544802,S2-239960981,S2,Guru Bharat International Private Limited,गुरु भारत इंटरनेशनल प्राइवेट लिमिटेड,"A-19 Grd. Flr Okhla Ph-2, Fiee Complex Kartar Tower, New Delhi, South Delhi, Delhi","BLOCK C-420 A-19 GRD. FLR OKHLA PH-2, FIEE COMPLEX KARTAR TOWER, NEW DELHI, SOUTH DELHI, Delhi",IN,IN,10.389610389610393,92.7710843373494,False,False,10. cross-script
S1-379544802,S2-515843991,S2,Guru Bharat International Private Limited,गुरु भारत इंटरनेशनल प्राइवेट लिमिटेड,"A-19 Grd. Flr Okhla Ph-2, Fiee Complex Kartar Tower, New Delhi, South Delhi, Delhi","BLOCK C-420 A-19 GRD. FLR OKHLA PH-2, FIEE COMPLEX KARTAR TOWER, NEW DELHI, SOUTH DELHI, Delhi",IN,IN,10.389610389610393,92.7710843373494,False,False,10. cross-script
S1-332541628,S3-864561939,S3,Jai Developers Private Limited,Jai  Developers,"Chennai, No.40, Chennai, Officers Line Pallavaram, Tamil Nadu","Chennai, #040, TN",IN,IN,63.63636363636363,36.61971830985915,False,False,1. spelling corruption
S1-332541628,S3-909987579,S3,Jai Developers Private Limited,Shri Jai Deve1opers Private Limited,"Chennai, No.40, Chennai, Officers Line Pallavaram, Tamil Nadu","#040, Chennai, TN",IN,IN,89.23076923076923,36.61971830985915,False,False,1. spelling corruption
S1-332541628,S2-140947751,S2,Jai Developers Private Limited,ஜெய் டெவலப்பர்ஸ் பிரைவேட் லிமிடெட்,"Chennai, No.40, Chennai, Officers Line Pallavaram, Tamil Nadu","NO.##40, MADRAS, CHENNAI, Tamil Nadu",IN,IN,9.375,54.54545454545454,False,False,10. cross-script
S1-332541628,S3-24417162,S3,Jai Developers Private Limited,jaidevelopers.com,"Chennai, No.40, Chennai, Officers Line Pallavaram, Tamil Nadu","#040, Chennai, TN",IN,IN,63.829787234042556,36.61971830985915,False,False,1. spelling corruption
S1-139399609,S2-42738888,S2,Services Brindavan Distributors Private Limited,ARCVEOGILD,"Flat No. 4-B, Tower C, Viceroy Park, Thakur Village Off Wes Tern Express Highway, Kandivli (E), Mumbai, Maharashtra","FLIT NO. ##4-B, KANDIVLI (E), Maharashtra",IN,IN,24.561403508771928,47.14285714285714,False,False,11. other
S1-815669398,S2-355941484,S2,Alexander Endocrinology LLC,Alexander Endocrinology,"TN, 8200 Mccrory Lane, Nashville, Unit 918","MCCRORY LN, NASHVILLE CITY, TN",US,US,92.0,71.64179104477613,False,False,9. address variation
S1-815669398,S2-870966052,S2,Alexander Endocrinology LLC,Alexander Éndocrinology LLC,"TN, 8200 Mccrory Lane, Nashville, Unit 918","##8200 MCCRORY LANE, NASHVILLE CITY, TN",US,US,96.2962962962963,83.78378378378379,False,False,10. cross-script
S1-751055722,S3-748243539,S3,Harbor Recruiting Corp,Harbor Corp [Service],"7871 400, Jonesboro, IN","Jonesboro, Indiana, 7871 400",US,US,58.53658536585367,51.06382978723405,False,False,9. address variation
S1-751055722,S3-405981430,S3,Harbor Recruiting Corp,Harb0r  Recruiting,"7871 400, Jonesboro, IN","400, Jonesboro, Indiana",US,US,82.05128205128204,76.19047619047619,False,False,1. spelling corruption
S1-95806362,S3-227084346,S3,Family Council,Family (Clmenncil),"NY, 2243 68, Canton","2243 68, Canton CTY, New York",US,US,80.0,63.63636363636363,False,False,1. spelling corruption
S1-95806362,S2-377218593,S2,Family Council,Family Council - 4507999875,"NY, 2243 68, Canton","224 68, CANTON, NY",US,US,71.7948717948718,78.78787878787878,False,False,1. spelling corruption
S1-95806362,S3-726740352,S3,Family Council,Family Coubncil,"NY, 2243 68, Canton","2243 68, Canton CTY, New York",US,US,96.55172413793103,63.63636363636363,False,False,9. address variation
S1-344511618,S3-224462698,S3,Frontier Association Inc,Frontier ássociation Inc,"307 Maryland Avenue, Unit Apt C, Sherwood, AR","707 Maryland Avenue, Unit Apt C, Sherwood, Arkansas",US,US,95.83333333333334,91.11111111111111,False,False,10. cross-script
S1-344511618,S3-263976150,S3,Frontier Association Inc,Frontier Association,"307 Maryland Avenue, Unit Apt C, Sherwood, AR","707 Maryland Ave, Unit Apt C, Sherwood, Arkansas",US,US,90.9090909090909,87.35632183908046,False,False,9. address variation
S1-617506472,S3-193893625,S3,My Engineering Limited,My Limited Center,"Mumbai, Sunny Villagandhi Gram Road Juhu North, Mumbai, Maharashtra","Sunny Villagandhi Gram Road Juhu North, Bombay, Mumbai, MH",IN,IN,51.28205128205128,80.67226890756302,False,False,9. address variation
S1-617506472,S3-307368560,S3,My Engineering Limited,माय इंजीनियरिंग लिमिटेड,"Mumbai, Sunny Villagandhi Gram Road Juhu North, Mumbai, Maharashtra","Sunny Villagandhi Gram Road Juhu North, Mumbai, Bombay, महाराष्ट्र",IN,IN,8.888888888888891,75.59055118110236,False,False,10. cross-script
S1-108516426,S2-292671741,S2,Global Society LLC,GLOBAL  SOCIETY,"2242 Midfield Way, Princeton, TX","MIDFIELD WAY, PRINCETON, TX",US,US,87.5,90.9090909090909,False,False,1. spelling corruption
S1-806127132,S3-172526794,S3,Ram City Agro Private Limited,राम सिटी एग्रो प्राइवेट लिमिटेड,"Plot No 137-B Mayur Residency Faridi Nagar Indira Nagar Lko, Lucknow, Uttar Pradesh","137-B Mayur Residency Faridi Nagar Indira Nagar Lko, Lucknow, Indranagar, UP",IN,IN,13.33333333333333,83.11688311688312,False,False,10. cross-script
S1-806127132,S2-300987231,S2,Ram City Agro Private Limited,राम सिटी एग्रो प्राइवेट लिमिटेड,"Plot No 137-B Mayur Residency Faridi Nagar Indira Nagar Lko, Lucknow, Uttar Pradesh","137-B MAYUR RESIDENCY FARIDI NAGAR INDIRA NAGAR LKO, LUCKNOW, Uttar Pradesh",IN,IN,13.33333333333333,94.8051948051948,False,False,10. cross-script
S1-623266964,S2-19390871,S2,Bansal Services (India) Limited,Bansal Sorvicfes (India) Limited,"B-149, Sector-55, Noida, Gautam Buddha Nagar, Uttar Pradesh",,IN,IN,94.91525423728814,0.0,False,False,6. missing address
S1-67698378,S3-675608007,S3,Signature Supply Solutions PC,Signature Supply S0lutions [PC],"AL, 1611 10th Avenue, Bessemer","Alabama, 1611 10th Avenue, Bessemer",US,US,96.55172413793103,91.80327868852459,False,False,2. OCR corruption
S1-67698378,S2-41007183,S2,Signature Supply Solutions PC,Signature Supply Solutions,"AL, 1611 10th Avenue, Bessemer","1611 Tenth Ave, BESSEMER, AL",US,US,94.54545454545455,74.07407407407408,False,False,9. address variation
S1-324531037,S3-824401697,S3,Casa Consultants,Dr Casa Cansuoltants,"Mcd No-942, S/F, Arjun Nagar, Nehru Road Kotla Mubarakpur, New Delhi, South Delhi, Delhi",,IN,IN,83.33333333333334,0.0,False,False,6. missing address
S1-324531037,S2-343740668,S2,Casa Consultants,Sri CASA  CONSUGLTANS,"Mcd No-942, S/F, Arjun Nagar, Nehru Road Kotla Mubarakpur, New Delhi, South Delhi, Delhi","MCD NO-942, S/F, ARJUN NAGAR, NEHRU ROAD KOTLA MUBARAKPUR, NEW DELHI, Delhi",IN,IN,83.33333333333334,92.10526315789474,False,False,1. spelling corruption
S1-324531037,S3-275726573,S3,Casa Consultants,Casa Consultants Consultants Corp,"Mcd No-942, S/F, Arjun Nagar, Nehru Road Kotla Mubarakpur, New Delhi, South Delhi, Delhi","Mcd No-942, S/f, Arjun Nagar, Nehru Road Kotla Mubarakpur, New Delhi, South Delhi, दिल्ली",IN,IN,65.3061224489796,93.33333333333333,False,False,1. spelling corruption
S1-599895716,S2-175212391,S2,Great Industries Private Limited,ಗ್ರೇಟ್ ಇಂಡಸ್ಟ್ರೀಸ್ ಪ್ರೈವೇಟ್ ಲಿಮಿಟೆಡ್,"97 K No.2150 Classic Orchards Layout Kothanur Bannerghatta Main Road, Bengaluru, Bangalore, Karnataka","NO 97 K NO.2150 CLASSIC ORCHARDS LAYOUT KOTHANUR BANNERGHATTA MAIN ROAD, BENGALURU, BANGALORE, ಕರ್ನಾಟಕ",IN,IN,8.823529411764708,90.35532994923858,False,False,10. cross-script
S1-599895716,S3-185379571,S3,Great Industries Private Limited,ಗ್ರೇಟ್ ಇಂಡಸ್ಟ್ರೀಸ್ ಪ್ರೈವೇಟ್ ಲಿಮಿಟೆಡ್,"97 K No.2150 Classic Orchards Layout Kothanur Bannerghatta Main Road, Bengaluru, Bangalore, Karnataka","Bangalore, KA, ###97 K No.2150 Classic Orchards Layout Kothanur Bannerghatta Main Road, Bangalore",IN,IN,8.823529411764708,82.53968253968253,False,False,10. cross-script
S1-880565083,S3-71371423,S3,Gold Energy Private Limited,Gold Energy,"House No 119 Khasra No 93/10 Block - C, Ph 2 Vijay Vihar Rohini, Delhi, North West Delhi, Delhi","House No C-119 Khasra No 93/10 Block - C, Ph 2 Vijay Vihar Rohini, North West Delhi, DL",IN,IN,57.89473684210527,93.56725146198829,False,False,9. address variation
S1-880565083,S2-898668773,S2,Gold Energy Private Limited,गोल्ड एनर्जी प्राइवेट लिमिटेड,"House No 119 Khasra No 93/10 Block - C, Ph 2 Vijay Vihar Rohini, Delhi, North West Delhi, Delhi","HOUSE NO 1-19 KHASRA NO 93/10 BLOCK - C, PH 2 VIJAY VIHAR ROHINI, DELHI",IN,IN,10.71428571428571,84.61538461538461,False,False,10. cross-script
S1-164453349,S2-262670141,S2,"Express Broadcast Ventures, Inc","Inc Express Broaediat Ventures,","14120 Deerbrook Lane, CA, Chino Hills","CHINO HILLS, CA, DEERBROOK LANE",US,US,80.0,46.875,False,False,1. spelling corruption
S1-164453349,S2-835164054,S2,"Express Broadcast Ventures, Inc","Express Broadcast Ventures,","14120 Deerbrook Lane, CA, Chino Hills","1412 DEERBROOK LANE, CHINO HILLS, CA",US,US,92.85714285714286,89.85507246376811,False,False,9. address variation
S1-254605557,S3-149366600,S3,Ss Southern Consulting Limited,एसएस सदर्न कंसल्टिंग लिमिटेड,"M-149 Greater Kailashpart Ii, Delhi, South Delhi, New Delhi","Door No 830 M-149 Greater Kailashpart Ii, NULL, New Delhi, South Delhi, DL",IN,IN,10.344827586206895,77.77777777777779,False,False,10. cross-script
S1-359227539,S2-873897534,S2,Dreams Products Group,Dreams Pr0ducts,"No.337, 8Th Main Road, Mig Phase I Nolombur, Mogappair West, Chennai, Tamil Nadu","#337 , 8TH MAIN ROAD, MIG PHASE I NOLOMBUR, MOGAPPAIR WEST, CHENNAI, Tamil Nadu",IN,IN,77.77777777777779,97.95918367346938,False,False,1. spelling corruption
S1-502686796,S3-697504029,S3,"Birch, LLC",Evofluxcira,"3666 Woodlake Road, Bellingham, WA","Woodlake Rd, Bellingham, Washington",US,US,19.999999999999996,76.92307692307692,False,False,9. address variation
S1-502686796,S2-495869563,S2,"Birch, LLC","Birch, Llc #57493","3666 Woodlake Road, Bellingham, WA","3660 WOODLAKE ROAD, BELLINGHAM, WA",US,US,75.0,96.875,False,False,1. spelling corruption
S1-376590448,S2-735562327,S2,Blue Ministries LLC,Blue Ministries,"1619 Cascade Falls Drive, Ankeny, IA","IA, 1620 CASCADE FALLS DR, ANKENY",US,US,88.23529411764706,80.0,False,False,1. spelling corruption
S1-376590448,S2-432196861,S2,Blue Ministries LLC,LLC Blue Miniisetriods,"1619 Cascade Falls Drive, Ankeny, IA","1620 CASCADE FALLS DRIVE, ANKENY, IA",US,US,68.29268292682926,94.11764705882352,False,False,1. spelling corruption
S1-298461514,S2-30682283,S2,Eastern Sky Healthcare Private Limited,ईस्टर्न स्काई हेल्थकेयर प्राइवेट लिमिटेड,"House No 2974A Old No394-A Plotno18 Khno 515/296 2Ndfloor Santnagar Blkwz Ranibag, Delhi, North West, Delhi","HN 419 HOUSE NO 2974A OLD NO394-A PLOTNO18 KHNO 515/296 2NDFLOOR SANTNAGAR BLKWZ RANIBAG, NORTH WEST, DELHI",IN,IN,10.256410256410254,93.77990430622009,False,False,10. cross-script
S1-30344678,S3-886605068,S3,Krishna Technology Private Limited,Krishna Technology ಪ್ರೈವೇಟ್ ಲಿಮಿಟೆಡ್,"G 9 Lake City Residancy Appartments No 36 5Th Cross Narasihmaiah Layout K R, Puram, Bangalore, Karnataka",,IN,IN,57.14285714285714,0.0,False,False,6. missing address
S1-162063423,S3-156027102,S3,Villwock & Zuniga Inc,Xylobrix,"TX, 4018 Call Field Road, Wichita Falls, Unit E","4018 Call Feld Rd, # E, Wichita Falls, Texas",US,US,19.354838709677423,81.92771084337349,False,False,9. address variation
S1-640719889,S2-736816389,S2,Dynamic Highland Opportunities LLC,Dynamic Highland Ofprotnities LLC,"6153 Acatello Place, Youngstown, OH","YOUNGSTOWN, ACATELLO PL, OH",US,US,92.53731343283582,51.72413793103448,False,False,9. address variation
S1-971447257,S2-183178470,S2,Modern Consulting Pvt Ltd,मॉडर्न कंसल्टिंग प्रा. लि.,"A-28, Sector-16, Noida Noida, Gautam Budh Nagar, Gautam Buddha Nagar, Uttar Pradesh","A-28, GAUTAM BUDH NAGAR, GAUTAM BUDDHA NAGAR, उत्तर प्रदेश",IN,IN,12.244897959183676,66.16541353383458,False,False,10. cross-script
S1-933430621,S3-274040210,S3,Green House Corp,Green Hlnes Corp,"Kerala, Kozhikode, Kp 8/463 J, Dhruv Arcade Mannur Valavu","Kp 8/463 J, Dhruv Arcade Mannur Valavu, Kozhikode, Keralam",IN,IN,81.25,67.88990825688073,False,False,1. spelling corruption
S1-933430621,S3-379219739,S3,Green House Corp,... Green House,"Kerala, Kozhikode, Kp 8/463 J, Dhruv Arcade Mannur Valavu","Kp 8/463 J, Dhruv Arcade Mannur Valavu, Kozhikode, Keralam",IN,IN,81.4814814814815,67.88990825688073,False,False,1. spelling corruption
S1-933430621,S2-538705967,S2,Green House Corp,Dr GREEN HOUSE  CORP,"Kerala, Kozhikode, Kp 8/463 J, Dhruv Arcade Mannur Valavu","Keralam, KP 8/463 J, DHRUV ARCADE MANNUR VALAVU, KOZHIKODE",IN,IN,91.42857142857143,80.73394495412845,False,False,9. address variation
S1-933430621,S2-998603799,S2,Green House Corp,greenhouse.com,"Kerala, Kozhikode, Kp 8/463 J, Dhruv Arcade Mannur Valavu","KP 8/463 J, DHRUV ARCADE MANNUR VALAVU, KOZHIKODE, Keralam",IN,IN,86.66666666666667,67.88990825688073,False,False,1. spelling corruption
S1-933430621,S2-300920504,S2,Green House Corp,Green House,"Kerala, Kozhikode, Kp 8/463 J, Dhruv Arcade Mannur Valavu","KP 8/463 J, DHRUV ARCADE MANNUR VALAVU, KOZHIKODE, Keralam",IN,IN,81.4814814814815,67.88990825688073,False,False,1. spelling corruption
S1-683715048,S3-109911562,S3,Rosas Institute of Technology,Rosas Institute of Technology LP,"506 125th Street Court, Tacoma, WA",,US,US,95.08196721311475,0.0,False,False,6. missing address
S1-288263721,S3-870009039,S3,Onyx Lane LLC,Onyx Le (LLC) - 3950603482,"1047 Edgewood Pass, Town Of Easton, WI","#1047 Edgewood Pass, Town Of Easton, Wisconsin",US,US,62.857142857142854,91.13924050632912,False,False,1. spelling corruption
S1-901530515,S2-986728220,S2,Express Comstock Inc,Express Inc Comstock (ID: 62959),"679 92, Sierra Vista, AZ","AZ, SIERRA VISTA, 92",US,US,73.46938775510203,70.0,False,False,1. spelling corruption
S1-503070430,S3-464436419,S3,Royal Enterprises Private Limited,Private Royal Enterprises Limited,"417 A Wing 119 Sahar Road, Business Point Cts No 119, Mumbai, Maharashtra","No ##417 A Wing 119 Sahar Road, Business Point Cts No 119, Mumbai, MH",IN,IN,75.75757575757575,91.04477611940298,False,False,5. word reordering
S1-465184967,S2-974513125,S2,Orbeon Chiron Care,orbeonchironcare.com,"Gallatin, TN, 1136 Browns Lane","GALATIN, BROWNS LN, TN",US,US,84.21052631578947,70.83333333333333,False,False,1. spelling corruption
S1-661569253,S2-114841821,S2,Future Technology Limited,ફ્યુચર ટેક્નોલોજી લિમિટેડ,"C/O. Supreme Agro, Industries, Vill: Ilol, Himatnagar, Sabarkantha, Gujarat","C/O. SUPREME AGRO, N/A, HIMATNAGAR, SABARKANTHA, Gujarat",IN,IN,7.9999999999999964,84.03361344537815,False,False,10. cross-script
S1-661569253,S2-843710507,S2,Future Technology Limited,ફ્યુચર ટેક્નોલોજી લિમિટેડ,"C/O. Supreme Agro, Industries, Vill: Ilol, Himatnagar, Sabarkantha, Gujarat","HIMATNAGAR, C/O. SUPREME AGRO, SABARKANTHA, Gujarat, N/A",IN,IN,7.9999999999999964,60.504201680672274,False,False,10. cross-script
S1-661569253,S3-120275902,S3,Future Technology Limited,Future Technology,"C/O. Supreme Agro, Industries, Vill: Ilol, Himatnagar, Sabarkantha, Gujarat","C/o. Supreme Agro, Himatnagar, Sabarkantha, ગુજરાત",IN,IN,80.95238095238095,70.17543859649122,False,False,1. spelling corruption
S1-811659830,S2-19234031,S2,NI Park Private Limited,Prfivate NI Park Limited,"# 18, Dasappa Garden, Hmt L/O, Bangalore, Karnataka","# 18, BANGALORE, Karnataka",IN,IN,63.829787234042556,65.67164179104478,False,False,1. spelling corruption
S1-811659830,S3-679941884,S3,NI Park Private Limited,Nl Park Private [Limited],"# 18, Dasappa Garden, Hmt L/O, Bangalore, Karnataka","#18, Bangalore, KA",IN,IN,95.65217391304348,50.0,False,False,9. address variation
S1-744054567,S3-688750759,S3,"Hetty S. Lopez, D.D.S. Inc",hettyslopez.com,"11229 89th Street, Annandale, MN","0011229 89th Street, Annandale, Minnesota",US,US,68.42105263157895,86.95652173913044,False,False,1. spelling corruption
S1-42517652,S3-288757324,S3,Kap Systems LLP,Smt Irimiraevo,"Bunglow No. 10, Nilgiri Garden Sector 24, Belapur, Navi Mumbai, Thane, Maharashtra","Bunglow No. 10, Nilgiri Garden Sector 24, Belapur, Navi Mumbai, Thane, महाराष्ट्र",IN,IN,20.68965517241379,86.09271523178808,False,False,9. address variation
S1-252256867,S3-912892750,S3,Ss Technologies Private Limited,Sri Ss Techmologies Private Limited,"Chotopool, Raigachi Road Rajarhat, Kolkata, Kolkata, Howrah, West Bengal","Howrah, Raigachi Road Rajarhat, Kolkata, Kolkata, Chotopool, পশ্চিমবঙ্গ",IN,IN,90.9090909090909,69.17293233082707,False,False,9. address variation
S1-252256867,S2-82371571,S2,Ss Technologies Private Limited,এসএস টেকনোলজিস প্রাইভেট লিমিটেড,"Chotopool, Raigachi Road Rajarhat, Kolkata, Kolkata, Howrah, West Bengal","CHOTOPOOL, KOLKATA, HOWRAH, West Bengal",IN,IN,9.677419354838712,69.90291262135922,False,False,10. cross-script
S1-929598887,S2-662412220,S2,Pune Agro Private Limited,puneagro.com,"Pune, Row House No.14, Pune, Hermes Heritage Phase Ii, Shastri Nagar, Yerwada, Maharashtra","HN 376 ROW HOUSE NO.14, HERMES HERITAGE PHASE II, SHASTRI NAGAR, YERWADA, PUNE, महाराष्ट्र",IN,IN,54.054054054054056,76.92307692307692,False,False,9. address variation
S1-929598887,S3-309786900,S3,Pune Agro Private Limited,Private Pune Ágro Ltd,"Pune, Row House No.14, Pune, Hermes Heritage Phase Ii, Shastri Nagar, Yerwada, Maharashtra","Row House No.1-4, Hermes Heritage Phase Ii, Shastri Nagar, Yerwada, Pune, MH",IN,IN,52.17391304347826,83.87096774193549,False,False,10. cross-script
S1-524946157,S3-274683467,S3,YD Comtrade Private Limited,YD Cómtrade Private Limited,"East Champaran, Motihari, Bihar, C/O C. S. Prasad Nakchedtola","C/o C. S. Prasad Nakchedtola, Motihari, BR, East Champaran",IN,IN,96.2962962962963,47.706422018348626,False,False,10. cross-script
S1-201571910,S3-739354034,S3,Ganges Charitable Trust,gangescharitabletrust.com,"Flat No 64, 3Rd Floor, Pocket 6, Sector - 23, Rohini, Delhi, West Delhi, Delhi","West Delhi, दिल्ली, 64, Delhi",IN,IN,87.5,35.78947368421053,False,False,1. spelling corruption
S1-751683236,S2-970135729,S2,Blue Agro Private Limited,ब्लू एग्रो प्राइवेट लिमिटेड,"Ayodhyangr, Behind Kalleshwar Nagar, Maharashtra, Kolhapur, Gadhinglaj, G.No 64/1/1B/2","G.NO A-64/1/1B/2, AYODHYANGR, BEHIND KALLESHWAR NAGAR, GADHINGLAJ, <NULL>, महाराष्ट्र",IN,IN,11.538461538461542,60.37735849056604,False,False,10. cross-script
S1-751683236,S3-247430760,S3,Blue Agro Private Limited,ब्लू एग्रो प्राइवेट लिमिटेड,"Ayodhyangr, Behind Kalleshwar Nagar, Maharashtra, Kolhapur, Gadhinglaj, G.No 64/1/1B/2","G.no A-64/1/1b/2, Gadhinglaj, Kolhapur, MH",IN,IN,11.538461538461542,36.66666666666667,False,False,10. cross-script
S1-532335204,S3-381271557,S3,WN Real,WN Center,"Westborough, MA, 1 Preservation Lane","1 Preservation Lane, Westborough, Massachusetts",US,US,50.0,48.10126582278481,False,False,3. transliteration
S1-436128223,S2-266859963,S2,Super Trust,SUPER SERVICES,"1/30, Rocky Industrial Estate I. B. Patel Road, Goregaon East, Mumbai, Mumbai City, Maharashtra","30, ROCKY INDUSTRIAL ESTATE I. B. PATEL ROAD, GOREGAON EAST, MUMBAI, Maharashtra",IN,IN,64.0,91.35802469135803,False,False,1. spelling corruption
S1-436128223,S2-904051246,S2,Super Trust,Mr Super  Trust LLP,"1/30, Rocky Industrial Estate I. B. Patel Road, Goregaon East, Mumbai, Mumbai City, Maharashtra","30, ROCKY INDUSTRIAL ESTATE I. B. PATEL ROAD, GOREGAON EAST, MUMBAI, Maharashtra",IN,IN,75.86206896551724,91.35802469135803,False,False,1. spelling corruption
S1-436128223,S3-572232332,S3,Super Trust,Smt 5uper Trust,"1/30, Rocky Industrial Estate I. B. Patel Road, Goregaon East, Mumbai, Mumbai City, Maharashtra","1/30, Mumbai, Mumbai Ii, MH",IN,IN,84.61538461538461,41.07142857142857,False,True,1. spelling corruption
S1-651781580,S3-914410382,S3,"Ear Nose & Throat Specialists, Inc","Ear Nose & Throat Specialists,","MA, Somerville, 545 Broadway","545 Broadway, Somerville, Massachusetts",US,US,93.93939393939394,47.61904761904761,False,False,11. other
S1-305672974,S3-169490181,S3,"Dermatology Clinic, LLC",Dermatology LLC Center,"377 West Road, Monticello, ME","00377 West Rd, Monticello, Maine",US,US,72.72727272727273,87.71929824561404,False,False,1. spelling corruption
S1-680784330,S3-901296857,S3,Physical Therapy Precision Group,Physical Therapy Precision Group District,"804 15th Street, Mattoon, IL",,US,US,87.67123287671232,0.0,False,False,6. missing address
S1-843628030,S2-20238055,S2,T & V Aktiengesellschaft Inc.,T & V,"1142 455 Drive, Adair, OK",,US,US,37.83783783783784,0.0,False,False,6. missing address
S1-843628030,S3-820870935,S3,T & V Aktiengesellschaft Inc.,T & V,"1142 455 Drive, Adair, OK","1142 455 Dr, Oklahoma, Adair",US,US,37.83783783783784,69.38775510204081,False,True,9. address variation
S1-516777533,S2-168987700,S2,One Bombay International Limited,ওয়ান বোম্বে ইন্টারন্যাশনাল লিমিটেড,"J. K. Market, Shop No. 38 Bortala, P.O. Bankra, Howrah, West Bengal","HN 802- J. K. MARKET, SHOP NO. 38 BORTALA, P.O. BANKRA, HOWRAH, পশ্চিমবঙ্গ",IN,IN,8.955223880597018,77.41935483870968,False,False,10. cross-script
S1-516777533,S3-828603402,S3,One Bombay International Limited,ওয়ান বোম্বে ইন্টারন্যাশনাল লিমিটেড,"J. K. Market, Shop No. 38 Bortala, P.O. Bankra, Howrah, West Bengal","J. K. Market, Shop No. 38 Bortala, P.o. Bankra, Howrah, WB",IN,IN,8.955223880597018,91.74311926605505,False,False,10. cross-script
S1-516777533,S3-860634134,S3,One Bombay International Limited,One Bómbay International Limited,"J. K. Market, Shop No. 38 Bortala, P.O. Bankra, Howrah, West Bengal","J. K. Market, Shop No. 38 Bortala, P.o. Bankra, Howrah, WB",IN,IN,96.875,91.74311926605505,False,False,10. cross-script
S1-516777533,S2-610939362,S2,One Bombay International Limited,ওয়ান বোম্বে ইন্টারন্যাশনাল লিমিটেড,"J. K. Market, Shop No. 38 Bortala, P.O. Bankra, Howrah, West Bengal","HN 802- J. K. MARKET, SHOP NO. 38 BORTALA, P.O. BANKRA, HOWRAH, West Bengal",IN,IN,8.955223880597018,94.39999999999999,False,False,10. cross-script
S1-958748879,S3-157511751,S3,Ahmedabad Services Private Limited,Ahmedabad Private Limited Center,"Sumel Business Park - 4 Near Kalupur Bridge, Amdupura, B-329, Ahmedabad, Gujarat","Sumel Business Park - 4 Near Kalupur Bridge, Amdupura, Ahmedabad, GJ, Ahmedabad, Plot 747 B-329",IN,IN,75.75757575757575,81.4814814814815,False,False,1. spelling corruption
S1-856612451,S2-26403519,S2,Sanchez Centurion LLC,Sanchez Centurion,"Theodore, AL, 8953 A Three Notch-kroner Road","8953 A THREE NOTCH-KRONER RD, THEODORE, AL",US,US,89.47368421052632,70.73170731707317,False,False,1. spelling corruption
S1-856612451,S3-905188340,S3,Sanchez Centurion LLC,Sanchez Cnutroni LLC,"Theodore, AL, 8953 A Three Notch-kroner Road","Alabama, 8951 A Three Notch-Kroner Road, Theodore",US,US,87.8048780487805,71.91011235955057,False,False,1. spelling corruption
S1-856612451,S3-851775204,S3,Sanchez Centurion LLC,Sanchezcenturion.Com,"Theodore, AL, 8953 A Three Notch-kroner Road","Three Notch-Kroner Road, Theodore, Alabama",US,US,87.8048780487805,56.09756097560976,False,False,1. spelling corruption
S1-602751907,S2-361177137,S2,Christ Israel,Christ Irgel,"318 Powell Riverfront Road, Saint Marys, WV","31 POWELL RIVERFRONT RD, SAINT MARYS, WV",US,US,88.0,96.20253164556962,False,False,1. spelling corruption
S1-602751907,S3-88431280,S3,Christ Israel,Christ Israel (Federation),"318 Powell Riverfront Road, Saint Marys, WV","18 Powell Riverfront Rd, ST ARYS, West Virginia",US,US,70.27027027027026,79.06976744186046,False,False,1. spelling corruption
S1-558202604,S2-804807896,S2,Surya Industries Private Limited,Surya इंडस्ट्रीज Private Limited,"P No. 11 A K No.812A 812B, Ismailganj, Indira Nagar, Lucknow, Uttar Pradesh","DOOR NO 925 P NO. 11 A K NO.812A 812B, ISMAILGANJ, INDIRA NAGAR, LUCKNOW, Uttar Pradesh",IN,IN,68.75,92.10526315789474,False,False,10. cross-script
S1-308474284,S3-257394248,S3,Romero's Brewing,Romero's-8rewing,"1524 Cr 305, Palacios, TX",,US,US,93.75,0.0,False,False,6. missing address
S1-262714253,S3-736791151,S3,Falvo Investments PC,Avionyx,"302 Royal Springs Court, Unit 3H, Newport News City, VA","#302 Royal Springs Ct, Virginia, Unit 3H, Newport News",US,US,29.629629629629626,80.3921568627451,False,False,9. address variation
S1-831766735,S2-877765187,S2,Total Cargo Corp,TOTAL CARGO,"247 Thompson Road, Webster, MA",,US,US,81.4814814814815,0.0,False,False,6. missing address
S1-807098313,S3-579055658,S3,Sunstone & Co,#sunstone,"Kutch Arcade Shop No A 150, Survey No 234/1 And 235, Mithirohar, Gandhidham, Kachchh, Gujarat","Survey No 234/1 And 235, Mithirohar, ગુજરાત, Kachchh, Gandhidham, Hn 904 Kutch Arcade Shop No A 150",IN,IN,69.56521739130434,58.241758241758234,False,False,1. spelling corruption
S1-807098313,S3-817431364,S3,Sunstone & Co,Sunstone Co Center,"Kutch Arcade Shop No A 150, Survey No 234/1 And 235, Mithirohar, Gandhidham, Kachchh, Gujarat","Hn 904 Kutch Arcade Shop No A 150, Survey No 234/1 And 235, Mithirohar, Gandhidham, Kachchh, GJ",IN,IN,66.66666666666667,93.25842696629213,False,False,1. spelling corruption
S1-807098313,S2-541539684,S2,Sunstone & Co,#sunstone,"Kutch Arcade Shop No A 150, Survey No 234/1 And 235, Mithirohar, Gandhidham, Kachchh, Gujarat","966 KUTCH ARCADE SHOP NO A 150, SURVEY NO 234/1 AND 235, MITHIROHAR, GANDHIDHAM, Gujarat",IN,IN,69.56521739130434,93.02325581395348,False,False,1. spelling corruption
S1-60669436,S2-856711542,S2,New Delhi Digital Private Limited,New Delhi Private Limited Center,"Unit No-131, First Floor, Splendor Forum Plot No. 3, Jasola District Centre, New Delhi, South Delhi, Delhi","UNIT NO-131, FIRST FLOOR, SPLENDOR FORUM PLOT NO. 3, JASOLA DISTRICT CENTRE, NEW DELHI, Delhi",IN,IN,76.92307692307692,93.5483870967742,False,False,1. spelling corruption
S1-60669436,S3-37043045,S3,New Delhi Digital Private Limited,New Delhi Digital Pddfvat Limited,"Unit No-131, First Floor, Splendor Forum Plot No. 3, Jasola District Centre, New Delhi, South Delhi, Delhi","Unit No-a-131, First Floor, Splendor Forum Plot No. 3, Jasola District Centre, New Delhi, South Delhi, दिल्ली",IN,IN,90.9090909090909,93.53233830845771,False,False,9. address variation
S1-137699341,S3-858750127,S3,Pediatric Center of Brookland,Pediatric Center of Brootnkd,"Brookland, 1177 Craighead 959 Road, AR","1177 Craighead 959 Rd, N/A, Brookland, Arkansas",US,US,91.22807017543859,65.0,False,False,9. address variation
S1-364269597,S2-188835646,S2,Novis Texas LLC,novistexas.com,"925 Baldwin Road, West Jefferson, NC","BALDWIN RD, WEST JEFFERSON, NC",US,US,82.75862068965517,90.32258064516128,False,False,1. spelling corruption
S1-918662196,S3-355808543,S3,Johnson Artificial of Prineville Group,Johnson Artificial of Pcirevaonle Group,"2200 Buckboard Lane, Unit 8, Prineville, OR","Prineville, # 8, 2200 Buckbord Ln, Oregon",US,US,88.31168831168831,52.63157894736843,False,False,1. spelling corruption
S1-442341987,S2-479849915,S2,Energy Liberson Energy Pvt Ltd,ENERGY LÍBERSON ENERGY PVT LTD,"West Bengal, Cit Road Scheme-Vim, P-27, Howrah, Kolkata","পশ্চিমবঙ্গ, P-27, CIT ROAD SCHEME-VIM, KOLKATA",IN,IN,96.66666666666667,61.702127659574465,False,False,10. cross-script
S1-670713280,S3-758492158,S3,Ved Healthcare Private Limited,Sri Ved Hea1thcare Private Limited,"Lucknow, Shivpura, Banthara, Kanpur Road, Uttar Pradesh, Lucknow, Kh 1149","Hn 340 Kh 1149, Lucknow, उत्तर प्रदेश",IN,IN,90.625,29.411764705882348,False,False,8. common name
S1-626292334,S3-275757157,S3,Gibson and Norman,gibsonnorman.com,"AZ, 550 Mckellips Road, Mesa, Unit 1051","Mckellips Rd, Unit 1051, Mesa, Arizona",US,US,72.72727272727273,61.9718309859155,False,False,1. spelling corruption
S1-626292334,S2-133320007,S2,Gibson and Norman,Qu0sol,"AZ, 550 Mckellips Road, Mesa, Unit 1051","50 MCKELLIPS ROAD, PO BOX 9953, MESA, AZ",US,US,17.391304347826086,63.01369863013699,False,False,9. address variation
S1-546656304,S3-786081449,S3,Cortney Fonseca Merger LLC,Cortney Fonseca Merger,"1128 Riverton Drive, Village Of Mukwonago, WI","Riverton Dr, Village Of Mukwonago, Wisconsin",US,US,91.66666666666666,82.35294117647058,False,False,9. address variation
S1-791688885,S3-952638064,S3,Black Global Private Limited,ਬਲੈਕ ਗਲੋਬਲ ਪ੍ਰਾਈਵੇਟ ਲਿਮਟਿਡ,"Civil Lines, Jalandhar, Punjab","#63 Cviil Lines, null, Jalandhar, PB",IN,IN,11.111111111111116,76.66666666666666,False,False,10. cross-script
S1-745331165,S3-761981731,S3,White (India) Infratech Ltd,Shri White (India) Infratech Ltd. (ID: 98771),"Pune, Sno 40 Plot No 11/12B, Pune City, Maharashtra, Balwant Col Walhekarwai","Sno 40 Plot No 11/12B, Balwant Col Walhekarwai, Pune City, Pune, MH",IN,IN,78.125,66.66666666666667,False,False,1. spelling corruption
S1-841027193,S3-369216525,S3,Chiropractic Physicians PC,Chiropractic Physicians-LLC,"208 Idlewild Path, Dothan, AL","Alabama, Dothan, 208 Idlewild Path",US,US,94.33962264150944,57.6271186440678,False,False,9. address variation
S1-608136188,S3-294223453,S3,Shivam Prime Consultants Private Limited,Arcmiracalo,"E 7/8 Third Floor Backside, Opposite Geeta Bhawan, Malviya Nagar, New Delhi, Delhi","Hn 527 E 7/8 Third Floor Backside, Malviya Nagar, New Delhi, DL",IN,IN,23.529411764705888,76.81159420289855,False,False,9. address variation
S1-608136188,S2-814974008,S2,Shivam Prime Consultants Private Limited,SHIVAM PRIME CONSULTANTS,"E 7/8 Third Floor Backside, Opposite Geeta Bhawan, Malviya Nagar, New Delhi, Delhi","E 7/8 THIRD FLOOR BACKSIDE, OPPOSITE GEETA BHAWAN, MALVIYA NAGAR, Delhi",IN,IN,75.0,93.15068493150685,False,False,1. spelling corruption
S1-608136188,S2-912387449,S2,Shivam Prime Consultants Private Limited,शिवम प्राइम कंसल्टेंट्स प्राइवेट लिमिटेड,"E 7/8 Third Floor Backside, Opposite Geeta Bhawan, Malviya Nagar, New Delhi, Delhi","E 7/8 THIRD FLOOR BACKSIDE, OPPOSITE GEETA BHAWAN, DIVREPORTINGCIRCLE, MALVIYA NAGAR, Delhi",IN,IN,9.999999999999998,82.42424242424242,False,False,10. cross-script
S1-384364989,S3-894538004,S3,Prime Foundation Private Limited,Sri PRIME FOUNDATION PRIVATE LIMITED,"D-6, Second Floor, Front Portion, Delhi, North West Delhi, Delhi","D-006, Second Floor, Front Portion, Delhi, North West Delhi, DL",IN,IN,94.11764705882352,95.72649572649573,False,False,9. address variation
S1-384364989,S3-36708843,S3,Prime Foundation Private Limited,Prime Foundation Private Límited,"D-6, Second Floor, Front Portion, Delhi, North West Delhi, Delhi","D-006, Second Floor, Front Portion, North West Delhi, Delhi, DL",IN,IN,96.875,90.5982905982906,False,False,10. cross-script
S1-384364989,S2-10610071,S2,Prime Foundation Private Limited,Prime Foundation Piacvne Limited,"D-6, Second Floor, Front Portion, Delhi, North West Delhi, Delhi","DOOR NO 246 D-6, SECOND FLOOR, FRONT PORTION, DELHI, दिल्ली",IN,IN,90.625,64.91228070175438,False,False,9. address variation
S1-384364989,S2-379354051,S2,Prime Foundation Private Limited,प्राइम फाउंडेशन प्राइवेट लिमिटेड,"D-6, Second Floor, Front Portion, Delhi, North West Delhi, Delhi","DOOR NO 246 D-6, SECOND FLOOR, FRONT PORTION, DELHI, NORTH WEST DELHI, दिल्ली",IN,IN,9.375,82.44274809160305,False,False,10. cross-script
S1-646794879,S2-238949585,S2,Lucky Tattoo,luckytattoo.com,"3641 Concord Road, Rockford, TN","ROCKFORD, 3641 1/2 CONCORD ROAD, TN",US,US,81.4814814814815,64.51612903225806,False,False,1. spelling corruption
S1-646794879,S2-955507426,S2,Lucky Tattoo,TATTOOLUCKY.COM,"3641 Concord Road, Rockford, TN","CONCORD RD, ROCKFORD, TN",US,US,51.85185185185186,86.27450980392157,False,False,9. address variation
S1-77015716,S2-904980653,S2,Custom Media Worldwide Inc,custommediaworldwide.com,"107 Bauer Avenue, Brookhaven, NY","BAUER AVE, BROOKHAVEN, NY",US,US,88.0,86.79245283018868,False,False,1. spelling corruption
S1-408417036,S3-431103628,S3,Heritage Prairie Block LLC,Heritage Prairie LLC Partners,"NY, Wawarsing, 605 Berme Road","605 Berme Rd, N/A, Npaanoch, New York",US,US,72.72727272727273,39.34426229508197,False,False,1. spelling corruption
S1-324509582,S2-404936967,S2,Prime Media,ప్రైమ్ మీడియా,"Hyderabad, Pno10, Hyd, Telangana, 12-2-10/2, S-272&273, Raghuveer Nagar, Rampally","PNO10, 12-2-10/2, S-272&273, RAGHUVEER NAGAR, RAMPALLY, HYD, HYDERABAD, తెలంగాణ",IN,IN,8.333333333333337,70.12987012987013,False,False,10. cross-script
S1-324509582,S3-724203901,S3,Prime Media,ప్రైమ్ మీడియా,"Hyderabad, Pno10, Hyd, Telangana, 12-2-10/2, S-272&273, Raghuveer Nagar, Rampally","Pno10, 12-2-10/2, S-272&273, Raghuveer Nagar, Rampally, Hyderabad, Hyd, TG",IN,IN,8.333333333333337,72.48322147651007,False,False,10. cross-script
S1-32027653,S3-693128847,S3,Shree Infotech Private Limited,Shree Infotech,"B-81, Sector-50 Noida, Noida, Gautam Buddha Nagar, Uttar Pradesh","B-#81, Sector-50 Noida, Gautam Buddha Nagar, Noida, UP",IN,IN,63.63636363636363,80.73394495412845,False,False,1. spelling corruption
S1-945898093,S3-703621308,S3,Rajkot Security Limited,rajkotsecurity.com,"Surveyno266/2, Opp Infinium Toyota, Rajkot-Gondal Nh, Kangashiyali, Rajkot, Gujarat","Surveyno66/2, Opp Infinium Toyota, Rajkot-gondal Nh, Kangashiyali, Rajkot, GJ",IN,IN,78.04878048780488,96.0,False,False,1. spelling corruption
S1-12926351,S2-544610153,S2,Shyam Producer Pvt Ltd,శ్యామ్ ప్రొడ్యూసర్ ప్రైవేట్ లిమిటెడ్,"Telangana, Hyderabad, Plot No.82, Shanthi Nagar, Baghameeri, Tirumalagiri, H No.3-3-39","H.NO G-3-3-39, PLOT NO.82, SHANTHI NAGAR, BAGHAMEERI, TIRUMALAGIRI, HYDERABAD, Telangana",IN,IN,10.344827586206895,69.1358024691358,False,False,10. cross-script
S1-12926351,S3-975973508,S3,Shyam Producer Pvt Ltd,శ్యామ్ ప్రొడ్యూసర్ ప్రైవేట్ లిమిటెడ్,"Telangana, Hyderabad, Plot No.82, Shanthi Nagar, Baghameeri, Tirumalagiri, H No.3-3-39","H.no -3-39, Hyderabad, తెలంగాణ",IN,IN,10.344827586206895,24.29906542056075,False,False,10. cross-script
S1-192048475,S3-817234425,S3,Physical Therapy Medicine LLC,Physical Therapy Medicine,"414 Grady Street, Gadsden, AL","Grady St, Gadsden, Alabama",US,US,92.5925925925926,74.50980392156863,False,False,9. address variation
S1-353969739,S3-804532568,S3,Red Properties Private Limited,redproperties.com,"Village-, Shankar, Teh-Nakodar, Jalandhar, Patti Takhar, Punjab, Nakodar","Patti Takhar, Village-, Shankar, Teh-nakodar, Nakodar, Jalandhar, PB",IN,IN,63.829787234042556,65.07936507936508,False,False,1. spelling corruption
S1-353969739,S2-931788139,S2,Red Properties Private Limited,ਰੈੱਡ ਪ੍ਰੋਪਰਟੀਜ਼ ਪ੍ਰਾਈਵੇਟ ਲਿਮਟਿਡ,"Village-, Shankar, Teh-Nakodar, Jalandhar, Patti Takhar, Punjab, Nakodar","PATTI TAKHAR, JALANDHAR, NAKODAR, Punjab",IN,IN,9.836065573770492,56.86274509803921,False,False,10. cross-script
S1-776822178,S3-736935686,S3,"Kirby L. Roe, O.D.","Kirby L. Rnn,ie O.D.","225 Camelot Court, Concord, TN","22 Camelot Court, null, Concord, Tennessee",US,US,84.84848484848484,80.59701492537313,False,False,1. spelling corruption
S1-617333407,S3-886280560,S3,Delhi Textiles Private Limited,Delhi Temxtilres Private Limited,"H.No. 2A, 2Nd Floor Block-E Landmark Near Gulshan Marble Mansarowar Garden, Delhi, New Delhi, Delhi","Delhi, H.no. D/2a, दिल्ली, 2Nd Floor Block-e Landmark Near Gulshan Marble Mansarowar Garden, Bhojpur",IN,IN,96.7741935483871,78.3068783068783,False,False,9. address variation
S1-617333407,S3-416407068,S3,Delhi Textiles Private Limited,Delhi Textiles Prívate Limited,"H.No. 2A, 2Nd Floor Block-E Landmark Near Gulshan Marble Mansarowar Garden, Delhi, New Delhi, Delhi","Door No D/2a, Delhi, Bhojpur, DL",IN,IN,96.66666666666667,34.14634146341463,False,False,10. cross-script
S1-863506662,S3-550888772,S3,Grand Realty Innovations Inc,Grand Realty Innovations,"65 Trustman Terrace, Boston, MA","Massachusetts, Boston, 65 Trustman Ter",US,US,92.3076923076923,46.15384615384615,False,False,11. other
S1-819154336,S3-244834687,S3,Innovative Atlas Inc,Innovative At1as Inc,"664 Park Place, Unit Apartment 1, Elmira, NY","Park Pl, # Apartment 1, Ellmira CITY, New York",US,US,95.0,70.73170731707317,False,False,9. address variation
S1-815052116,S3-647890593,S3,D D & J Trading LLC,D D-& J,"2176 Sunspot Circle, Sandy City, UT","Saandy, 002176 Sunspot Cir, Utah",US,US,60.0,60.31746031746032,False,False,1. spelling corruption
S1-815052116,S3-369807853,S3,D D & J Trading LLC,D D & J Tráding LLC,"2176 Sunspot Circle, Sandy City, UT","002176 Sunspot Cir, Saandy, Utah",US,US,95.23809523809523,79.36507936507937,False,False,10. cross-script
S1-815052116,S2-989778844,S2,D D & J Trading LLC,D D and J Trgding (LLC),"2176 Sunspot Circle, Sandy City, UT","2176B SUNSPOT CIR, PMB 4519, SAANDY, UT",US,US,95.23809523809523,72.46376811594203,False,False,9. address variation
S1-257933112,S3-368336967,S3,"Anchor Anchor Scuti, Inc",Anchor Anchor,"13301 Galleria Place, Unit 5232, Farmers Branch, TX","Galleria Pl, Unit 5232, Farmers Branch, Texas",US,US,72.22222222222221,86.66666666666667,False,False,1. spelling corruption
S1-781376111,S3-356015786,S3,Galaxy Logistics Private Limited,Galaxy Logistics Prívate Ltd,"Plot 52, Flat 306, Rishi Residency, Kalyan Nagar, Ameerpet, Hyderabad, Telangana","Plot 52, Hyderabad, K.v.rangareddy, Andhra Pradesh",IN,IN,90.0,42.97520661157025,False,False,10. cross-script
S1-431707144,S2-610808845,S2,Pediatric Dental Blue Physicians LP,Pediatric Dental Bea Physicians LP,"2402 Nopper Ct, Jeffersontown, KY","JEFFERSONTOWN, KY, NOPPER CT",US,US,95.65217391304348,56.14035087719298,False,False,9. address variation
S1-978949250,S2-439592905,S2,Bright North Services Private Limited,ಬ್ರೈಟ್ ನಾರ್ತ್ ಸರ್ವಿಸಸ್ ಪ್ರೈವೇಟ್ ಲಿಮಿಟೆಡ್,"No 25-A Ground Floor, Makkikoppa Kulur Sringeri, Koppa, Chickmagalur, Karnataka","DOOR NO 25-A GROUND FLOOR, KOPPA, CHICKMAGALUR, ಕರ್ನಾಟಕ",IN,IN,10.389610389610393,62.99212598425197,False,False,10. cross-script
S1-978949250,S2-535552812,S2,Bright North Services Private Limited,ಬ್ರೈಟ್ ನಾರ್ತ್ ಸರ್ವಿಸಸ್ ಪ್ರೈವೇಟ್ ಲಿಮಿಟೆಡ್,"No 25-A Ground Floor, Makkikoppa Kulur Sringeri, Koppa, Chickmagalur, Karnataka","CHICKMAGALUR, MAKKIKOPPA KULUR SRINGERI, KOPPA, Karnataka, 25-A GROUND FLOOR",IN,IN,10.389610389610393,62.585034013605444,False,False,10. cross-script
S1-978949250,S3-819612833,S3,Bright North Services Private Limited,Lyrasol,"No 25-A Ground Floor, Makkikoppa Kulur Sringeri, Koppa, Chickmagalur, Karnataka","Door No 25-A Ground Floor, Makkikoppa Kulur Sringeri, Chickmagalur, KA",IN,IN,13.636363636363635,87.32394366197182,False,False,9. address variation
S1-242622631,S3-701975487,S3,Lotus Foods Private Limited,लोटस फूड्स प्राइवेट लिमिटेड,"24 Sp Villas Kanadiya Roa, Behind Bharat Benz Trucki, Indore, Madhya Pradesh","Behind Bharat Benz Trucki, MP, Indore, 24 Sp Villas Kanadiya Roa",IN,IN,11.111111111111116,59.70149253731343,False,False,10. cross-script
S1-242622631,S2-287150754,S2,Lotus Foods Private Limited,लोटस फूड्स प्राइवेट लिमिटेड,"24 Sp Villas Kanadiya Roa, Behind Bharat Benz Trucki, Indore, Madhya Pradesh","DOOR NO 24 SP VILLAS KANADIYA ROA, BEHIND BHARAT BENZ TRUCKI, INDORE, Madhya Pradesh",IN,IN,11.111111111111116,94.8051948051948,False,False,10. cross-script
S1-44630862,S3-662195224,S3,Trusted Data Partners-New York,Trusted Data Partner-Nw York,"45 Laight Street, New York, NY","null, New York, 45 Laight St, New York",US,US,96.55172413793103,66.66666666666667,False,False,9. address variation
S1-653843549,S3-770079557,S3,Dev Public School,Dev Públic (School),"Tejaji Ka Chowk, Gandhipura, Vill.Lakheri, Teh.Indergarh, Bundi, Rajasthan","Bundi, Gandhipura, Vill.lakheri, Teh.indergarh, 183 Tejaji Ka Chowk, RJ",IN,IN,94.11764705882352,66.66666666666667,False,False,10. cross-script
S1-589130325,S2-482924056,S2,Green Global Private Limited,Green Global Private Límited,"05 5Th Floor Everest Chs, 164 Hill Road, Bandra (W), Mumbai, Maharashtra","NO 0-5 5TH FLOOR EVEREST CHS, 164 HILL ROAD, BANDRA (W), MUMBAI, Maharashtra",IN,IN,96.42857142857143,97.05882352941177,False,False,10. cross-script
S1-589130325,S2-193316837,S2,Green Global Private Limited,greenglobal.com,"05 5Th Floor Everest Chs, 164 Hill Road, Bandra (W), Mumbai, Maharashtra","DOOR NO 0-5 5TH FLOOR EVEREST CHS, 164 HILL ROAD, BANDRA (W), MUMBAI, Maharashtra",IN,IN,60.46511627906976,93.61702127659575,False,False,1. spelling corruption
S1-589130325,S2-857540819,S2,Green Global Private Limited,ग्रीन ग्लोबल प्राइवेट लिमिटेड,"05 5Th Floor Everest Chs, 164 Hill Road, Bandra (W), Mumbai, Maharashtra","H.NO 0-5 5TH FLOOR EVEREST CHS, 164 HILL ROAD, BANDRA (W), MUMBAI, Maharashtra",IN,IN,10.526315789473683,95.65217391304348,False,False,10. cross-script
S1-44832529,S3-824407973,S3,Vijaya Memorial Trust,Vijaya Memorial Tbust,"B-52, New Ashok Nagar, Delhi","B-52, New Ashok Nagar, Delhi, DL",IN,IN,95.23809523809523,94.54545454545455,False,False,9. address variation
S1-44832529,S2-35573787,S2,Vijaya Memorial Trust,vijayamemorialtrust.com,"B-52, New Ashok Nagar, Delhi","B-52, NEW ASHOK NAGAR, दिल्ली",IN,IN,86.36363636363636,79.24528301886792,False,False,1. spelling corruption
S1-44832529,S3-389318109,S3,Vijaya Memorial Trust,Shri Vijaya Vijaya Trúst Services,"B-52, New Ashok Nagar, Delhi","B-52, Delhi, New Ashok Nagar, दिल्ली",IN,IN,51.85185185185186,71.1864406779661,False,False,10. cross-script
S1-965641453,S3-847051160,S3,Great Biomedical Corporation,Great Bihmeical Corporation,"202 Lincoln Street, Roanoke, IL","02 Lincoln St, PO Box 537, Illinois, Roanoke",US,US,94.54545454545455,60.0,False,False,9. address variation
S1-532296158,S3-639129341,S3,Lake Texas LLC,Lake Tefenxs LLC,"340 Line Street, Geneva, IN","Indiana, 340 Lie St, Geneva",US,US,86.66666666666667,68.0,False,False,1. spelling corruption
S1-507198855,S2-535488987,S2,Engineering Cauvery Mata,Engineering Cafuety Mata,"C/O Arati Enterprises, Near Parmanandpur Chowk, Kesinga Road, Po- Bhawanipatna, Bhawanipatna, Kalahandi, Orissa","C/O ARATI ENTERPRISES, NEAR PARMANANDPUR CHOWK, KESINGA ROAD, PO- BHAWANIPATNA, BHAWANIPATNA, Odisha",IN,IN,91.66666666666666,92.92929292929293,False,False,9. address variation
S1-650714617,S3-495306779,S3,St. Community Church,Pyracalo (ID: 85604),"10 Jackson Street, Newburyport, MA","#10 Jackson Street, Massachusetts, Newburyport",US,US,22.22222222222222,77.33333333333333,False,False,9. address variation
S1-650714617,S3-834964410,S3,St. Community Church,St. Community,"10 Jackson Street, Newburyport, MA","#10 Jackson Saint, Newburyport, Massachusetts",US,US,77.41935483870968,75.67567567567568,False,False,1. spelling corruption
S1-543163976,S2-238531149,S2,Red Logistics Private Limited,REDLOGISTICS.COM,"H No 2A Guru Ramdas Nagar, Sobran Kunj Karketha, Agra, Uttar Pradesh","Uttar Pradesh, H.NO 002A GURU RAMDAS NAGAR, SOBRAN KUNJ KARKETHA, AGRA",IN,IN,62.22222222222222,77.27272727272727,False,False,1. spelling corruption
S1-543163976,S3-245889239,S3,Red Logistics Private Limited,Red [Logistics],"H No 2A Guru Ramdas Nagar, Sobran Kunj Karketha, Agra, Uttar Pradesh","H.no 2A Guru Ramdas Nagar, Sobran Kunj Karketha, Agra, UP",IN,IN,61.904761904761905,90.75630252100841,False,False,1. spelling corruption
S1-15993636,S2-698397950,S2,"Industrial Talent Studios, Inc","Industrial Talent Studios,","133 Texas Angel Way, Jarrell, TX",,US,US,92.5925925925926,0.0,False,False,6. missing address
S1-756965972,S3-724654812,S3,Manpower Media Limited,Manpower-Media,"0-61 Cb 2, Garha Jalandhar Cantt, Jalandhar, Punjab","##0-61 Cb 2, Garha Jalandhar Cantt, Jalandhar, ਪੰਜਾਬ",IN,IN,77.77777777777779,88.42105263157895,False,False,1. spelling corruption
S1-756965972,S3-470662017,S3,Manpower Media Limited,Manpower Media,"0-61 Cb 2, Garha Jalandhar Cantt, Jalandhar, Punjab","H.no ##0-61 Cb 2, Garha Jalandhar Cantt, Jalandhar, ਪੰਜਾਬ",IN,IN,77.77777777777779,84.0,False,False,1. spelling corruption
S1-129676132,S3-132744176,S3,Technology Blue Agro Corporation,Technologyblueagro.Com,"Office403, Jugal Bhawan, 1691-92, Jadiyo Ka Rasta, Jaipur, Rajasthan","Office403, RJ, Jaipur",IN,IN,77.77777777777779,43.90243902439024,False,False,1. spelling corruption
S1-129676132,S2-914569073,S2,Technology Blue Agro Corporation,Corporation Technology Be Agro,"Office403, Jugal Bhawan, 1691-92, Jadiyo Ka Rasta, Jaipur, Rajasthan","OFFICES03, JUGAL BHAWAN, 1691-92, JADIYO KA RASTA, JAIPUR, Rajasthan",IN,IN,58.06451612903225,98.41269841269842,False,False,9. address variation
S1-573447254,S3-626277836,S3,New Delhi Designs Private Limited,New Delhi Private Limited Center,"House No F-16 Khasra No 133 Ground Floor Gali No 9, Wazirabad Village, New Delhi, North Delhi, Delhi","House No F-16 Khasra No 133 Ground Floor Gali No 9, New Delhi, North Delhi, DL",IN,IN,76.92307692307692,87.71929824561404,False,False,1. spelling corruption
S1-141069090,S2-206384637,S2,Trimurti Traders Ltd,Mr Trimurti Ltd-Center,"758 Anna Salai, Chennai, Tamil Nadu","#757 ANNA SALAI, CHENNAI, Tamil Nadu",IN,IN,61.904761904761905,96.96969696969697,False,False,1. spelling corruption
S1-141069090,S3-325788135,S3,Trimurti Traders Ltd,Belolum,"758 Anna Salai, Chennai, Tamil Nadu","58 Ana Salai, Chennai, TN",IN,IN,14.814814814814813,82.14285714285714,False,False,9. address variation
S1-382116936,S3-478429224,S3,Jagannath College Limited,Jagannath-Coofesge Limited,"201, Sve Kuteer, Kakatiya Hills, Madhapur, Shaikpet, Hyderabad, Telangana","Block E-662 201, Sve Kuteer, Kakatiya Hills, Madhapur, Shaikpet, Hyderabad, TG",IN,IN,90.19607843137256,86.33093525179856,False,False,9. address variation
S1-382116936,S2-55372754,S2,Jagannath College Limited,CJA6ANNATH.COM,"201, Sve Kuteer, Kakatiya Hills, Madhapur, Shaikpet, Hyderabad, Telangana","PLOT 377 201, SVE KUTEER, KAKATIYA HILLS, MADHAPUR, SHAIKPET, HYDERABAD, తెలంగాణ",IN,IN,61.53846153846154,82.26950354609929,False,False,1. spelling corruption
S1-382116936,S2-418432838,S2,Jagannath College Limited,M/s Jagannath C0llege Limited,"201, Sve Kuteer, Kakatiya Hills, Madhapur, Shaikpet, Hyderabad, Telangana","PLOT 377 201, SVE KUTEER, KAKATIYA HILLS, MADHAPUR, SHAIKPET, Telangana",IN,IN,88.88888888888889,85.71428571428572,False,False,1. spelling corruption
S1-382116936,S3-749776428,S3,Jagannath College Limited,Jagannath Cmellge Limited,"201, Sve Kuteer, Kakatiya Hills, Madhapur, Shaikpet, Hyderabad, Telangana","Block E-662 201, Shaikpet, Hyderabad, TG",IN,IN,92.0,50.0,False,False,9. address variation
S1-149492370,S3-295811745,S3,Services Bengal Mechanical Private Limited,Services,"Karnataka, Bengaluru, 301 4Th Floor Sheshadri Apartment Ombr Layout, Bangalore, Nr Cmr Loss School Banaswadi","Bengaluru, Karnataka, Nr Cmr Loss School Banaswadi, 301 4Th Floor Sheshadri Apartment Ombr Layout, Bangalore",IN,IN,31.999999999999996,66.34615384615384,False,False,9. address variation
S1-389900626,S3-524516775,S3,Sky Seva Samiti,Sri sky seva samiti,"Shop No.-V-207, Sector-18, Rourkela, Sundargarh, Orissa",,IN,IN,88.23529411764706,0.0,False,False,6. missing address
S1-708249192,S2-421172528,S2,Sardar Castle Private Limited,pscastle.com - 9909006678,"C/O At.Surgaonta Arjuni, Gondia Surgaon, Arjuni Morgaon, Gondia, Maharashtra","महाराष्ट्र, GONDIA, C/O AT.SURGAONTA ARJUNI",IN,IN,34.61538461538461,42.47787610619469,False,False,11. other
S1-586389080,S3-441595309,S3,Shivraj Trading Private Limited,stprivate.com,"A 1230, Sun West Bank, City Ahmedabad, Ahmedabad, Gujarat","City Ahmedabad, GJ, Ahmedabad, A 1230",IN,IN,50.0,59.77011494252873,False,False,9. address variation
S1-843166854,S2-344602358,S2,Ss Consultants Pvt Ltd,एसएस कंसल्टेंट्स प्रा. लि.,"South Delhi, New Delhi, Delhi, 128H Mohd Pur Village","NO 128 MOHD PUR VILLAGE, NEW DELHI, SOUTH DELHI, Delhi",IN,IN,13.043478260869568,46.0,False,False,10. cross-script
S1-843166854,S3-389639116,S3,Ss Consultants Pvt Ltd,एसएस कंसल्टेंट्स प्रा. लि.,"South Delhi, New Delhi, Delhi, 128H Mohd Pur Village","DL, Door No 128H Mohd Pur Village, South Delhi, New Delhi",IN,IN,13.043478260869568,52.42718446601942,False,False,10. cross-script
S1-843166854,S3-342493737,S3,Ss Consultants Pvt Ltd,एसएस कंसल्टेंट्स प्रा. लि.,"South Delhi, New Delhi, Delhi, 128H Mohd Pur Village","128H Mohd Pur Vilalge, New Delhi, South Delhi, DL",IN,IN,13.043478260869568,48.421052631578945,False,False,10. cross-script
S1-843166854,S2-823450155,S2,Ss Consultants Pvt Ltd,एसएस कंसल्टेंट्स प्रा. लि.,"South Delhi, New Delhi, Delhi, 128H Mohd Pur Village","128 MOHD PUR VILLAGE, NEW DELHI, SOUTH DELHI, Delhi",IN,IN,13.043478260869568,47.42268041237113,False,False,10. cross-script
S1-939369064,S3-260376216,S3,Cardiology Star Care L.L.C.,Cardiology Star Care Care,"2807 30th Street, MN, Moorhead","30th St, Moorhead, Minnesota",US,US,86.27450980392157,59.25925925925925,False,False,1. spelling corruption
S1-220359565,S2-967741710,S2,Carriere Engineering Inc,Miraavi,"801 Palomas Drive, Albuquerque, NM","ALBUQUEERQUE, NM, 00801 PALOMAS DR",US,US,19.354838709677423,43.75,False,False,11. other
S1-166039008,S3-790455308,S3,Vibrant Enterprises Private Limited,vibrantenterprises.com,"House No- 157-Iii/9, First Floor, Kishan Garh, Vashant Kunj, New Delhi, Delhi","House No- 157-Iii/9, First Floor, Kishan Garh, Vashant Kunj, New Delhi, DL",IN,IN,70.17543859649122,97.84172661870504,False,False,1. spelling corruption
S1-220599101,S3-636465422,S3,"Apex Research Alliance, LLC",Apex Research LLC LLC Services,"W291N9482 Badger Trail, Town Of Merton, WI","W291n9482 Badger Trl, Colgate, Wisconsin",US,US,75.0,66.66666666666667,False,False,1. spelling corruption
S1-220599101,S2-395114112,S2,"Apex Research Alliance, LLC","Apex Research Allieidmc, LLC","W291N9482 Badger Trail, Town Of Merton, WI","##W291N9482 BADGER TRL, COLGATE, WI",US,US,86.79245283018868,73.23943661971832,False,False,1. spelling corruption
S1-639018202,S3-356414780,S3,Mount Catholic Church LP,Mount Catfholi Church LP,"240 Fashion Park Place, Oxnard, CA","Fashion Park Place, City Of Oxnard, California",US,US,95.83333333333334,73.6842105263158,False,False,9. address variation
S1-558541201,S3-788699581,S3,Innovative Technology Private Limited,Innovative Technology Limited Service,"Bangalore, Amarjyothi Hbcs, Layout, Domlur, Bfi, Bangalore, Karnataka","Bfi, Amarjyothi Hbcs, Layout, Domlur, Bangalore, KA",IN,IN,78.37837837837837,80.73394495412845,False,False,1. spelling corruption
S1-558541201,S2-137631695,S2,Innovative Technology Private Limited,ಇನೋವೇಟಿವ್ ಟೆಕ್ನಾಲಜಿ ಪ್ರೈವೇಟ್ ಲಿಮಿಟೆಡ್,"Bangalore, Amarjyothi Hbcs, Layout, Domlur, Bfi, Bangalore, Karnataka","BFI, BANGALORE, ಕರ್ನಾಟಕ",IN,IN,8.108108108108103,33.333333333333336,False,False,10. cross-script
S1-316380855,S2-155290479,S2,Express Online Private Limited,expressonlinecom,"B-38Lajpat Nagar-Ii, New Delhi, South Delhi, Delhi","B-38LAJPAT NAGAR-II, NEW DELHI, Delhi",IN,IN,60.86956521739131,85.36585365853658,False,False,1. spelling corruption
S1-421464868,S2-410989478,S2,Upper Cascade Hall Group,Upper Cascade Hall,"57 Windsor Drive, Belleville, IL","BELLEVILLE, IL, 57 WINDSOR DR",US,US,85.71428571428572,45.614035087719294,False,False,1. spelling corruption
S1-81256877,S2-106453341,S2,Great Green Granite Group,Green Great Group Services,"2206 Denver Drive, Jonesboro, AR","206 DENVER DR, JONESBORO, AR",US,US,62.745098039215684,92.85714285714286,False,False,1. spelling corruption
S1-863430239,S3-464105830,S3,Foods Smile Living Private Limited,Foodssmileliving.Com,"4-41/11, Bsr Infrastructures, Gandi Maisamma, D P Pally, Rangareddy, K.V.Rangareddy, Telangana","4-41/11, Rangareddy, K.v.rangareddy, TG",IN,IN,66.66666666666667,58.06451612903225,False,True,1. spelling corruption
S1-821627839,S2-729100449,S2,Vaccaro Diamond Aegon LLC,vaccarodiamondaegon.com,"TX, Colleyville, 4800 Patterson Lane","4800 PATTERSON LANE, COLLEYVIILLE, TX",US,US,87.5,55.072463768115945,False,False,1. spelling corruption
S1-532803847,S3-847349369,S3,Solis Electronics LLC,Solis (Electronics),"3249 Hyatt Prairie Road, Unit E29, Ashland, OR","##3249 Hyatt Prairie Rd, Unit E29, Ashland CITY, Oregon",US,US,89.47368421052632,88.17204301075269,False,False,1. spelling corruption
S1-430319589,S3-925694539,S3,Ram Media Private Limited,Ram Media প্রাইভেট লিমিটেড,"C/Odeb Ranjandas.N.C., Towershalbagan 2No Sarani, Noapara, North 24 Parganas, West Bengal","C/odeb Ranjandas.n.c., Towershalbagan 2No Sarani, Noapara, North 24 Parganas, WB",IN,IN,43.13725490196079,94.33962264150944,False,False,10. cross-script
S1-430319589,S2-989827744,S2,Ram Media Private Limited,রাম মিডিয়া প্রাইভেট লিমিটেড,"C/Odeb Ranjandas.N.C., Towershalbagan 2No Sarani, Noapara, North 24 Parganas, West Bengal","C/ODEB RANJNDAS.N.C., NOAPARA, NORTH 24 PARGANAS, West Bengal",IN,IN,11.32075471698113,80.85106382978724,False,False,10. cross-script
S1-430319589,S3-431667988,S3,Ram Media Private Limited,রাম মিডিয়া প্রাইভেট লিমিটেড,"C/Odeb Ranjandas.N.C., Towershalbagan 2No Sarani, Noapara, North 24 Parganas, West Bengal","North 24 Parganas, C/odeb Ranjandas.n.c., WB, Noapara",IN,IN,11.32075471698113,46.616541353383454,False,False,10. cross-script
S1-751094277,S3-908933622,S3,Vision Partners LLC,Vision Partners  LLC & Co,"60 Westview Drive, Milford, IA",,US,US,84.44444444444444,0.0,False,False,6. missing address
S1-751094277,S2-679479224,S2,Vision Partners LLC,Vision LLC-Service,"60 Westview Drive, Milford, IA","60 WASTVIEW DR, OKOBOJI TWP, IA",US,US,54.054054054054056,63.1578947368421,False,True,9. address variation
S1-751094277,S2-785018685,S2,Vision Partners LLC,VISIONPARTNERS.COM,"60 Westview Drive, Milford, IA","60 WESTVIEW DR, MILFORD, IA",US,US,86.48648648648648,94.33962264150944,False,True,1. spelling corruption
S1-751094277,S2-296745252,S2,Vision Partners LLC,Vision Patners LLC,"60 Westview Drive, Milford, IA","60 WESVIEW DR, OKOBOJI TWP, IA",US,US,97.2972972972973,64.28571428571428,False,True,9. address variation
S1-415137245,S2-728483456,S2,Digital Logistics,Digital Logistic,"Rajasthan, 10/57, Ajmer, Civil Lines","10/57, CIVIL LINES, राजस्थान",IN,IN,96.96969696969697,57.6271186440678,False,False,9. address variation
S1-952842827,S3-324642827,S3,Sharp Complete Return,Sharp Complete Reirn,"4493 Campbell Drive, Salem, OR","Oregon, Salem, 4493. Campbell Dr",US,US,92.6829268292683,56.14035087719298,False,False,9. address variation
S1-357130525,S3-353028192,S3,First Great Technologies Limited,Limited First Greadt Technologies,"Gala No-301, Basant Vihar, Nr Basant Theater, Chembur, Mumbai, Maharashtra","Gala No-301, Basant Vihar, Nr Basant Theater, Chembur, Mumbai, Bombay, महाराष्ट्र",IN,IN,73.84615384615385,83.33333333333334,False,False,1. spelling corruption
S1-357130525,S3-842054289,S3,First Great Technologies Limited,फर्स्ट Great टेक्नोलॉजीज लिमिटेड,"Gala No-301, Basant Vihar, Nr Basant Theater, Chembur, Mumbai, Maharashtra","Bombay, Gala No-301, Basant Vihar, Nr Basant Theater, Chembur, Mumbai, महाराष्ट्र",IN,IN,25.0,80.55555555555556,False,False,10. cross-script
S1-357130525,S2-108346818,S2,First Great Technologies Limited,फर्स्ट ग्रेट टेक्नोलॉजीज लिमिटेड,"Gala No-301, Basant Vihar, Nr Basant Theater, Chembur, Mumbai, Maharashtra","BASANT VIHAR, NR BASANT THEATER, CHEMBUR, MUMBAI, GALA NO-B3/301, Maharashtra",IN,IN,9.375,80.85106382978724,False,False,10. cross-script
S1-403617355,S2-939908038,S2,"Tamqrah Brown, D.O.",Drexrizasol,"19243 Whitney Lane, Oregon City, OR","OR, OREGON CITY, 19243 WHITNEY LN",US,US,21.42857142857143,50.0,True,False,9. address variation
S1-265049754,S2-383716324,S2,Dynamic Textile Concepts Inc,Dynamic Textile Concepts Inc - 2580476117,"1415 36th Street, Kansas City, KS","36TH STREET, <NULL>, KANSAS CITY, KS",US,US,83.5820895522388,83.87096774193549,False,False,1. spelling corruption
S1-943976403,S2-489328429,S2,Education Charities,Education Chárities,"20618 R Street, Douglas County, NE",,US,US,94.73684210526316,0.0,False,False,6. missing address
S1-487555272,S2-484706161,S2,Wissinger Integrated Gamco LLC,wissingerintegratedgamco.com,"1408 Clermont Drive, Wauseon, OH","1406 CLERMONT DRIVE, WAUSEON, OH",US,US,89.65517241379311,96.66666666666667,False,False,1. spelling corruption
S1-375182116,S2-860584901,S2,LZK Metals Limited,LMETALS.COM,"2Nd Floor No 6 A North Mada Street Mylapore, Chennai, Tamil Nadu","#2ND. FLOOR NO 6 A NORTH MTDA STREET MYLAPORE, CHENNAI, Tamil Nadu",IN,IN,62.06896551724138,98.38709677419355,False,False,1. spelling corruption
S1-850129745,S3-727923402,S3,Express Broadcast Ventures Group,Express Broacaast  Ventures Group,"1101 Hardin Road, Duanesburg, NY","01101 Hardin Rd, Delanson, New York",US,US,96.875,69.84126984126983,False,False,9. address variation
S1-850129745,S3-502063783,S3,Express Broadcast Ventures Group,Express Broadcast Ventures,"1101 Hardin Road, Duanesburg, NY","01101 Hardin Rd, Delanson, New York",US,US,89.65517241379311,69.84126984126983,False,False,1. spelling corruption
S1-736884804,S3-924212392,S3,Gold Constructions,గోల్డ్ కన్‌స్ట్రక్షన్స్,"Telangana, Mithaila Apartments Vivekanandanagar Colony, Kukatpally, Hyderabad, Flat No.104, Hyderabad","#104, Mithaila Apartments Vivekanandanagar Colony, Kukatpally, Hyderabad, తెలంగాణ",IN,IN,4.878048780487809,76.74418604651163,False,False,10. cross-script
S1-736884804,S2-752091304,S2,Gold Constructions,గోల్డ్ కన్‌స్ట్రక్షన్స్,"Telangana, Mithaila Apartments Vivekanandanagar Colony, Kukatpally, Hyderabad, Flat No.104, Hyderabad","MITHAILA APARTMENTS VIVEKANANDANAGAR COLONY, KUKATPALLY, H.NO 104, Telangana, MEDCHAL MALKAJGIRI, HYDERABAD",IN,IN,4.878048780487809,73.73737373737373,False,False,10. cross-script
S1-737323628,S2-602029055,S2,Digital Lotus Impex Private Limited,డిజిటల్ లోటస్ ఇంపెక్స్ ప్రైవేట్ లిమిటెడ్,"Medak, R.C.Puram, 9-223, Kbr Colony, Bollaram, Telangana","D/9-223, R.C.PURAM, MEDAK, Andhra Pradesh",IN,IN,10.666666666666668,47.19101123595506,False,False,10. cross-script
S1-737323628,S3-978211631,S3,Digital Lotus Impex Private Limited,Digital Lotus Impex Limited Center,"Medak, R.C.Puram, 9-223, Kbr Colony, Bollaram, Telangana","Medak, 7-223, TG, R.c.puram",IN,IN,78.26086956521739,48.0,False,False,1. spelling corruption
S1-407388473,S3-511310817,S3,Surya Technologies Pvt. Ltd.,Surya Technologies Pvt. Limited (ID: 20636),"A-260, Upper Ground Floor, Block-A, Vikas Puri, New Delhi, West Delhi, Delhi","A-260, Upper Ground Floor, Block-a, Vikas Puri, New Delhi, West Delhi, DL",IN,IN,80.0,97.8102189781022,False,False,1. spelling corruption
S1-407388473,S2-124500660,S2,Surya Technologies Pvt. Ltd.,Pvt. Surya Téchnologies Ltd.,"A-260, Upper Ground Floor, Block-A, Vikas Puri, New Delhi, West Delhi, Delhi","Delhi, NEW DELHI, #214 A-260, UPPER GROUND FLOOR, BLOCK-A, VIKAS PURI, WEST DELHI",IN,IN,80.76923076923077,75.0,False,False,10. cross-script
S1-407388473,S3-373837570,S3,Surya Technologies Pvt. Ltd.,Ltd. Surya Pvt. Center,"A-260, Upper Ground Floor, Block-A, Vikas Puri, New Delhi, West Delhi, Delhi","A-260, Upper Ground Floor, Block-a, Vikas Puri, New Delhi, West Delhi, DL",IN,IN,47.82608695652174,97.8102189781022,False,False,9. address variation
S1-870097860,S2-78949049,S2,Mumbai & Sons Private Limited,Mumbai & Private Limited Center,"Sanu Villa Bungalow Fl R-3 Bldg E-11 Sr No 7 Anandnagar Sinhagad Road Wadgaon, Pune, Maharashtra","SANU VILA BUNGALOW FL R-3 BLDG E-11 SR NO 7 ANANDNAGAR SINHAGAD ROAD WADGAON, PUNE, Maharashtra",IN,IN,81.25,99.46524064171123,False,False,1. spelling corruption
S1-870097860,S3-145239252,S3,Mumbai & Sons Private Limited,Haloveralyra,"Sanu Villa Bungalow Fl R-3 Bldg E-11 Sr No 7 Anandnagar Sinhagad Road Wadgaon, Pune, Maharashtra","Sanu Villa Bungalow Fl R-003 Bldg E-11 Sr No 7 Anandnagar Sinhagad Road Wadgaon, Pune, MH, Pune",IN,IN,23.25581395348837,91.39784946236558,False,False,9. address variation
S1-899430941,S3-339877930,S3,New Trading Private Limited,newtrading.com,"Flat No. 401, Pl No-265-266, Asarpura, Narayan Vihar K, Jaipur, Rajasthan","Flat No. 401/7, Pl No-265-266, Asarpura, Narayan Vihar K, Jaipur, RJ",IN,IN,58.53658536585367,93.02325581395348,False,False,9. address variation
S1-899430941,S2-580821869,S2,New Trading Private Limited,न्यू ट्रेडिंग प्राइवेट लिमिटेड,"Flat No. 401, Pl No-265-266, Asarpura, Narayan Vihar K, Jaipur, Rajasthan","DOOR NO 40, JAIPUR, MANSAROVAR JAIPUR, Rajasthan",IN,IN,10.526315789473683,62.5,False,False,10. cross-script
S1-892480175,S3-674660424,S3,Great Star Foundation Private Limited,Great Star Private Limited Center,"Plot No 67-68, Ward 10A, Gandhidham, Kachchh, Gujarat","Plot No 67-68, Gandhidham, Kachchh, GJ",IN,IN,74.28571428571429,83.33333333333334,False,False,1. spelling corruption
S1-493167130,S2-575782858,S2,Wilson Terra Co,Wilson Tetoasea  Co,"7380 Ridgepoint Drive, Unit 12, Cincinnati, OH","007380 Ridgepoint Drive, CINCINNATI, OH",US,US,78.78787878787878,87.5,False,False,1. spelling corruption
S1-940846633,S3-121240875,S3,Paras Exim Limited,Paras Exlm Limited,"Sas 620 6000, Ward No 1, B.M.Road, Near New Bus Station, Channarayapatna, Hassan, Karnataka","Sas 620 6000, Ward No 1, B.m.road, Near New Bus Station, Channarayapatna, Hassan, ಕರ್ನಾಟಕ",IN,IN,94.44444444444444,90.47619047619048,False,False,9. address variation
S1-940846633,S2-229925808,S2,Paras Exim Limited,parasexim.com,"Sas 620 6000, Ward No 1, B.M.Road, Near New Bus Station, Channarayapatna, Hassan, Karnataka","SAS 20 6000, WARD NO 1, B.M.ROAD, NEAR NEW BUS STATION, CHANNARAYAPATNA, ಕರ್ನಾಟಕ",IN,IN,70.96774193548387,85.0,False,False,1. spelling corruption
S1-256618117,S2-475979125,S2,Urgent Care Partners LLC,Urgent Care Paraltres LLC,"5113 Shell Creek Drive, Fort Worth, TX","SHELL CREEK DRIVE, FORT WORTH, TX",US,US,89.79591836734694,92.53731343283582,False,False,1. spelling corruption
S1-359160793,S3-295568026,S3,Kolkata Intelligence Private Limited,Ko1kata Intelligence Private Limited,"Flat No 9/11, Startlit Housing Apartment Action Area-Iic, New Town, Kolkata, Kolkata, Howrah, West Bengal","WB, 9/11, Startlit Housing Apartment Action Area-iic, New Town, Kolkata, Kolkata",IN,IN,97.22222222222221,83.9080459770115,False,False,9. address variation
S1-525658573,S3-53768498,S3,"Hayden, Modica & Mathias PLLC","Hayden, Modica & Matchas PLLC","101 Bogue Sound Drive, Cape Carteret, NC","Swansobro CDP, 0275 Bogue Sound Dr, North Carolina",US,US,96.66666666666667,51.162790697674424,False,False,9. address variation
S1-94064950,S3-839059890,S3,Maa Construction Pvt Ltd,ಮಾ ಕನ್‌ಸ್ಟ್ರಕ್ಷನ್ ಪ್ರೈವೇಟ್ ಲಿಮಿಟೆಡ್,"B504, Vaishnavirathnamapt, Sm Road, T Dasarahalli, Bangalore North, Bangalore, Karnataka","B504, Vaishnavirathnamapt, Sm Road, T Dasarahalli, Bangalore North, Bangalore, KA",IN,IN,10.169491525423723,95.54140127388536,False,False,10. cross-script
S1-94064950,S2-617809113,S2,Maa Construction Pvt Ltd,ಮಾ ಕನ್‌ಸ್ಟ್ರಕ್ಷನ್ ಪ್ರೈವೇಟ್ ಲಿಮಿಟೆಡ್,"B504, Vaishnavirathnamapt, Sm Road, T Dasarahalli, Bangalore North, Bangalore, Karnataka","B504, VAISHNAVIRATHNAMAPT, SM ROAD, T DASARAHALLI, BENGALURU HQ REGION, BANGALORE, Karnataka",IN,IN,10.169491525423723,89.28571428571429,False,False,10. cross-script
S1-752209830,S2-240966071,S2,Infinity Automation Private Limited,Infinity Automation Prdate [Limited],"U-34 3Rd Floor Double Story West Patel Nagar, Delhi, Central Delhi, Delhi",,IN,IN,95.65217391304348,0.0,False,False,6. missing address
S1-752209830,S2-877426898,S2,Infinity Automation Private Limited,Shri INFINITY AUTOMATION PAICE [LIMITED],"U-34 3Rd Floor Double Story West Patel Nagar, Delhi, Central Delhi, Delhi","U-0034 3RD FLOOR DOUBLE STORY WEST PATEL NAGAR, DELHI, Delhi",IN,IN,84.93150684931507,87.5,False,False,1. spelling corruption
S1-270232309,S2-478493865,S2,Mcneil Japan,Mcneil  Services,"712 Fuller Avenue, Kansas City, MO",,US,US,51.85185185185186,0.0,False,False,6. missing address
S1-612102641,S2-262812991,S2,White Enterprises Limited,व्हाइट एंटरप्राइजेज लिमिटेड,"Flat No. Yn/601, Block-M, Sec -4, Yamuna Apartment, Gn Extn., Lucknow, Uttar Pradesh","FLAT NO. YN/601, LUCKNOW, उत्तर प्रदेश",IN,IN,7.692307692307687,43.63636363636364,False,False,10. cross-script
S1-612102641,S3-75158520,S3,White Enterprises Limited,White Enterprises Límited,"Flat No. Yn/601, Block-M, Sec -4, Yamuna Apartment, Gn Extn., Lucknow, Uttar Pradesh","Flat No. Yn/a-601, Block-m, Sec -4, Yamuna Apartment, Gn Extn., Lucknow, Lucknow I Vidhan Sabha Marg, UP",IN,IN,96.0,79.28994082840237,False,False,10. cross-script
S1-612102641,S3-627615645,S3,White Enterprises Limited,व्हाइट एंटरप्राइजेज लिमिटेड,"Flat No. Yn/601, Block-M, Sec -4, Yamuna Apartment, Gn Extn., Lucknow, Uttar Pradesh","Flat No. Yn/a-601, Block-m, Sec -4, Yamuna Apartment, Gn Extn., Lucknow, Lucknow I Vidhan Sabha Marg, UP",IN,IN,7.692307692307687,79.28994082840237,False,False,10. cross-script
S1-29218780,S2-117234569,S2,Little Seafood,Little Seafood lnc.,"23931 Us 6, OH, Grand Rapids","3931 US 6, GRAND RAPIDS, OH",US,US,87.5,86.27450980392157,False,False,1. spelling corruption
S1-29218780,S2-961575911,S2,Little Seafood,Little Seafood Center,"23931 Us 6, OH, Grand Rapids","3931 US 6, GRAND RAPIDS TWP, OH",US,US,80.0,80.0,False,False,1. spelling corruption
S1-862887051,S3-858085841,S3,Preston Enterprise,Preston  Etepirse,"NC, 310 26th Street, Wilmington","310 26th Street, Wilmington, North Carolina",US,US,88.23529411764706,74.28571428571429,False,False,1. spelling corruption
S1-630641920,S3-70056816,S3,Star Developers Private Limited,ಸ್ಟಾರ್ ಡೆವಲಪರ್ಸ್ ಪ್ರೈವೇಟ್ ಲಿಮಿಟೆಡ್,"No 3, 3Rd Main, 2Nd Phase Green Garden, Banjara L/O Horamavu, Bangalore, Karnataka","3, 3Rd Main, 2Nd Phase Green Garden, Banjara L/o Horamavu, Bangalore, KA",IN,IN,9.230769230769232,93.05555555555556,False,False,10. cross-script
S1-235733444,S2-606455490,S2,Keller Element Inc,Keller Element,"2922 10th Street, DC, Washington","02922 10ND ST, WASHINGTON, DC",US,US,87.5,73.6842105263158,False,False,1. spelling corruption
S1-235733444,S2-661243610,S2,Keller Element Inc,#22910 Keller Element,"2922 10th Street, DC, Washington","02922 TENTH STREET, WASHINGTON, DC",US,US,73.6842105263158,80.64516129032258,False,False,1. spelling corruption
S1-794484760,S3-312681750,S3,Express Genomic Studios,expressgenomicstudios.com,"104 3 Street, Frankfort, KS","3 Street, Kansas, Frankfort",US,US,87.5,72.0,False,False,1. spelling corruption
S1-463098946,S3-687320551,S3,Ds Sangh,Dr Ds Sangh Company,"Jaipur, Rajasthan, Jaipur, 116 A Shree Puram Colony Gurjar Ki Thadi","G-116 A Shree Puram Colony Gurjar Ki Thadi, Jaipur, RJ",IN,IN,59.25925925925925,70.6896551724138,False,False,9. address variation
S1-463098946,S3-676660372,S3,Ds Sangh,Sri Ds (Sangh),"Jaipur, Rajasthan, Jaipur, 116 A Shree Puram Colony Gurjar Ki Thadi","H.no G-116 A Shree Puram Colony Gurjar Ki Thadi, Jaipur, RJ",IN,IN,80.0,72.72727272727273,False,False,1. spelling corruption
S1-837720966,S3-244718254,S3,International Builders Private Limited,इंटरनेशनल Builders प्राइवेट लिमिटेड,"3, Floor-2, 165, Kohinoor Industrial Estate, Senapati Bapat Marg, Lower Parel, Mumbai, Maharashtra","3, Floor-2, 165, Kohinoor Industrial Estate, Senapati Bapat Marg, Lower Parel, Mumbai, MH",IN,IN,30.136986301369863,94.79768786127167,False,True,10. cross-script
S1-697640882,S2-621433400,S2,Indian Gold Enterprises Pvt Ltd,इंडियन गोल्ड एंटरप्राइजेज प्रा. लि.,"Flat No 201, A Wing, Plot No 31 34, Cts No. 1231, S No 89/1, 90/1, 91/1, Rajanigandha Hsg Society Sahkarnagar-2, Pune City, Pune, Maharashtra","201, PUNE, Maharashtra",IN,IN,12.5,26.66666666666667,False,False,10. cross-script
S1-697640882,S3-857689947,S3,Indian Gold Enterprises Pvt Ltd,Indian Gold एंटरप्राइजेज Pvt Ltd,"Flat No 201, A Wing, Plot No 31 34, Cts No. 1231, S No 89/1, 90/1, 91/1, Rajanigandha Hsg Society Sahkarnagar-2, Pune City, Pune, Maharashtra","Pune City, Flat No 201, MH, Pune",IN,IN,63.49206349206349,25.15723270440252,False,False,10. cross-script
S1-697640882,S3-989485489,S3,Indian Gold Enterprises Pvt Ltd,इंडियन गोल्ड एंटरप्राइजेज प्रा. लि.,"Flat No 201, A Wing, Plot No 31 34, Cts No. 1231, S No 89/1, 90/1, 91/1, Rajanigandha Hsg Society Sahkarnagar-2, Pune City, Pune, Maharashtra","Flat No 201, Pune City, Pune, MH",IN,IN,12.5,36.47798742138365,False,False,10. cross-script
S1-766519710,S3-87909741,S3,Owen Office,owenoffice.com,"6310 Barrington Parkway, Unit 6310, Moody, AL","Barrington Parkway, Unit 6310, Moody, Alabama",US,US,80.0,88.09523809523809,False,False,1. spelling corruption
S1-766663561,S2-740718093,S2,Balaji Systems Limited,बालाजी सिस्टम्स लिमिटेड,"House No. 473, Dr Mukherjee Nagar, Delhi, North West Delhi, Delhi","NEW DELHI, DELHI, HOUSE NO. 473, <NULL>",IN,IN,8.888888888888891,36.55913978494624,False,False,10. cross-script
S1-766663561,S3-861248358,S3,Balaji Systems Limited,Balaji सिस्टम्स Limited,"House No. 473, Dr Mukherjee Nagar, Delhi, North West Delhi, Delhi","House No. 473, Dr Mukherjee Nagar, Delhi, North West Delhi, DL",IN,IN,66.66666666666667,97.43589743589743,False,False,10. cross-script
S1-232079529,S2-312001100,S2,Urban Consultancy Pvt Ltd,அர்பன் கன்சல்டன்சி பிரைவேட் லிமிடெட்,"No.116, 117, 118, 119&120, 2, College Rd, K.Chery Vlge, Sriperumbudur, Kanchipuram, Tamil Nadu","NO.0116, KANCHIPURAM, Tamil Nadu",IN,IN,9.836065573770492,48.73949579831933,False,False,10. cross-script
S1-35270831,S3-2898500,S3,South Shiv Tech Private Limited,South Shiv Tech Tech Private Ltd,"No.1101, Elana Tata Promont, Ittamadu, Bangalore South, Bangalore, Karnataka","101, Elana Tata Promont, Ittamadu, Bangalore South, Bangalore, ಕರ್ನಾಟಕ",IN,IN,85.71428571428572,85.29411764705883,False,False,1. spelling corruption
S1-450850515,S2-157474414,S2,U R & I Providence,U R & Í PROVlDENCE,"216 Hickory Street, Chattanooga, TN","CHATTANOOGA CITY, TN, 216 HICKORY STREET",US,US,90.0,50.70422535211267,False,False,10. cross-script
S1-753369478,S3-826642459,S3,Kanta Textiles Private Limited,Deltatavoevo,"Vision Enclave, Opp Police Quarters, Near South Police Station, Kunnathurmedu, Palakkad, 17/33, Palakkad, Kerala","17/33, Palakkad, KL",IN,IN,23.809523809523814,27.86885245901639,False,False,11. other
S1-157004643,S3-168032333,S3,Pioneer Good Energy Private Limited,पायोनियर गुड Energy प्राइवेट लिमिटेड,"H No 392 Kombadpada Bhiwandi, Thane, Maharashtra","Thane, MH, Thane, #392 Kombadpada Bhiwandi",IN,IN,28.169014084507037,64.28571428571428,False,False,10. cross-script
S1-157004643,S2-77147273,S2,Pioneer Good Energy Private Limited,पायोनियर गुड एनर्जी प्राइवेट लिमिटेड,"H No 392 Kombadpada Bhiwandi, Thane, Maharashtra","#00392 KOMBADPADA BHIWANDI, THANE, Maharashtra",IN,IN,11.267605633802813,92.13483146067416,False,False,10. cross-script
S1-157004643,S3-427347398,S3,Pioneer Good Energy Private Limited,पायोनियर गुड एनर्जी प्राइवेट लिमिटेड,"H No 392 Kombadpada Bhiwandi, Thane, Maharashtra","No 392 Kombadpada Bhiwandi, Thane, महाराष्ट्र",IN,IN,11.267605633802813,74.15730337078652,False,False,10. cross-script
S1-157004643,S3-336583027,S3,Pioneer Good Energy Private Limited,Pioneer Gsooogd Energy Private Limited,"H No 392 Kombadpada Bhiwandi, Thane, Maharashtra","H No 392 Kombadpada Bhiwandi, Thane, MH",IN,IN,95.89041095890411,89.1566265060241,False,False,9. address variation
S1-157004643,S3-108416665,S3,Pioneer Good Energy Private Limited,Pioneer Gnfd Energy Private Limited,"H No 392 Kombadpada Bhiwandi, Thane, Maharashtra","H No 392 Kombadpada Bhiwandi, Thane, MH",IN,IN,94.28571428571428,89.1566265060241,False,False,9. address variation
S1-158797992,S3-183268267,S3,Buvue,8uvue,"313 Cherokee Drive, Loveland, OH","Cherokee Drive, Loveland, Ohio",US,US,80.0,89.65517241379311,False,False,1. spelling corruption
S1-459123440,S2-756666182,S2,Holy Church,Holy Church (ID: [33436)],"377 Smith Street, West Fork, AR","377A SMITH STREET, WEST FORK, AR",US,US,70.96774193548387,98.30508474576271,False,False,1. spelling corruption
S1-944841842,S3-393803052,S3,Asset Building Trust,Asset Buodlnhng [[Trust]],"4713 Charlton Drive, Chesapeake City, VA",,US,US,82.92682926829268,0.0,False,False,6. missing address
S1-944841842,S2-940882141,S2,Asset Building Trust,-- Building Asset,"4713 Charlton Drive, Chesapeake City, VA","CHARLTON DRIVE, CHSAPEAKE, VA",US,US,64.70588235294117,83.07692307692307,False,False,1. spelling corruption
S1-550573424,S2-758490977,S2,Sarsawa Ashish Limited,Víolyrakelo,"Kh No 2078/1 Bazar, Shiv Vihar Colony, Sarsawa, Saharanpur, Uttar Pradesh","KH NO 2078/ BAZAR, SHIV VIHAR COLONY, SARSAWA, SAHARANPUR, उत्तर प्रदेश",IN,IN,18.181818181818176,81.4814814814815,False,False,10. cross-script
S1-487665033,S2-274889179,S2,White Technology Limited,వైట్ టెక్నాలజీ లిమిటెడ్,"Flat No. 905, D Block, Vertex Panache, Kokapet, Hyderabad, Rangareddy, Telangana","FRAT NO. 905, D BLOCK, VERTEX PANACHE, KOKAPET, SANGAREDDY, RANGAREDDY, Telangana",IN,IN,8.510638297872342,89.79591836734694,False,False,10. cross-script
S1-44712427,S3-631569644,S3,Vision Partners,Visi0n Partners,"1125 Peppermint Trail, Boonville, NC","1125 Peppermint Trl, North Carolina, Boonville",US,US,93.33333333333333,76.92307692307692,False,True,2. OCR corruption
S1-532215596,S2-758727485,S2,S S & O Sports LLC,LLC S S & O Spórts,"706 Fox, La Porte, IN","##706 FOX, LA PORTE TOWNSHIP, IN",US,US,75.0,80.85106382978724,False,False,10. cross-script
S1-532215596,S2-839875850,S2,S S & O Sports LLC,SSOCOM,"706 Fox, La Porte, IN","##706 FOX, LA PORTE TOWNSHIP, IN",US,US,30.76923076923077,80.85106382978724,False,False,9. address variation
S1-141411608,S3-278170367,S3,Ridhi Vidyalaya LLP,Shri Ridhi Vídyalaya LLP,"No.31, Nanjegowda Street, Doddamavalli, Bangalore, Karnataka","H.no A-31, Nanjegowda Street, Doddamavalli, Bangalore, KA",IN,IN,83.72093023255813,89.90825688073394,False,False,10. cross-script
S1-530314515,S2-472839500,S2,Coimbatore Apparel Ltd,Coimbatore  Apparel,"2/18, And 2/19 Ravathur Road A.G.Pudhur, Coimbatore, Tamil Nadu","18, AND 2/19 RAVATHUR ROAD A.G.PUDHUR, COIMBATORE, தமிழ்நாடு",IN,IN,90.0,82.05128205128204,False,False,9. address variation
S1-530314515,S3-717610958,S3,Coimbatore Apparel Ltd,Coimbatore Ltd Services,"2/18, And 2/19 Ravathur Road A.G.Pudhur, Coimbatore, Tamil Nadu",,IN,IN,62.22222222222222,0.0,False,False,6. missing address
S1-974835799,S3-291137809,S3,Thodupuzha Services Private Limited,Services,"Room No.26/331N Vengalloor-Thodupuzha Four Line Road, Tho, Dupuzha Po, Thodupuzha, Idukki, Kerala","Room No.26/331N Vengalloor-Thodupuzha Four Line Road, Idukki, Kerala, Thodupuzha, Tho, Dupuzha Po",IN,IN,37.2093023255814,81.5217391304348,False,False,9. address variation
S1-952540327,S2-147409848,S2,"Mackey Steel, Inc",mackeysteel.com,"8830 Oleson Road, Tigard, OR","4830 OLESON ROAD, TIGARD, OR",US,US,83.87096774193549,96.15384615384616,False,False,1. spelling corruption
S1-68932237,S2-533281721,S2,Jaglan (india)private Private Limited,Sri JIPRIVATECOM,"D - 109, First Floor, Nai Basti, New Delhi, South Delhi, Delhi","D - 109, NEW DELHI, SOUTH DELHI, Delhi",IN,IN,42.307692307692314,75.0,False,False,9. address variation
S1-364904878,S2-569224405,S2,Wasan Nature LLP,VIOVERA,"North Delhi, Bhagirath Palace, Delhi, 1862/33 G/F, Delhi","1862/33/1 G/F, BHAGIRATH PALACE, DELHI, NORTH DELHI, Delhi",IN,IN,8.695652173913048,60.37735849056604,False,False,9. address variation
S1-810576925,S2-107999041,S2,Flores Fresh Energia,Flores-Fresh,"123 Baltimore Street, Hagerstown, MD","12 BALTIMORE STREET, HAGERSTOWN, MD",US,US,75.0,98.50746268656717,False,False,1. spelling corruption
S1-359681340,S3-761217124,S3,Sigg Cargo,D0vawex,"7687 Kittery Lane, Mentor, OH","07687 Kittery Lane, Mentor, Ohio",US,US,11.764705882352944,94.73684210526316,False,False,9. address variation
S1-667119843,S3-231906031,S3,Innovative Healthcare Limited,Mr innovative healthcare limited,"Shop No. 17, Dharamveer Chs C Ashok Road, Kandivali East, Mumbai, Mumbai City, Maharashtra","No 17, Mumbai, Mumbai Suburban, महाराष्ट्र",IN,IN,95.08196721311475,37.398373983739845,False,False,8. common name
S1-667119843,S2-362657410,S2,Innovative Healthcare Limited,Sri Innovative Healthcare  Limited,"Shop No. 17, Dharamveer Chs C Ashok Road, Kandivali East, Mumbai, Mumbai City, Maharashtra","DOOR NO 17 , DHARAMVEER CHS C ASHOK ROAD, KANDIVALI EAST, MUMBAI, Maharashtra",IN,IN,93.5483870967742,88.46153846153845,False,False,9. address variation
S1-667119843,S2-480223586,S2,Innovative Healthcare Limited,इनोवेटिव हेल्थकेयर लिमिटेड,"Shop No. 17, Dharamveer Chs C Ashok Road, Kandivali East, Mumbai, Mumbai City, Maharashtra","SHOP NO. 17, DHARAMVEER CHS C ASHOK ROAD, KANDIVALI EAST, MUMBAI (SUBURBAN), MUMBAI, Maharashtra",IN,IN,7.272727272727275,91.86046511627907,False,False,10. cross-script
S1-365531168,S2-210421436,S2,Dental National Partners,dentalnationalpartners.com,"14704 Hatfield Road, Pearland, TX","1470 HATFIELD ROAD, PEARLAND, TX",US,US,88.0,98.36065573770492,False,False,1. spelling corruption
S1-427762750,S3-305324206,S3,Jain Technologies Private Limited,Jain Tecnhologdies Private Limited,"Village Sherwa Post Pargashpur, Bhadohi, Sant Ravi Das Nagar, Uttar Pradesh","Village Sherwa Post Pargashpur, Bhadohi, Bhadoi, उत्तर प्रदेश",IN,IN,95.52238805970148,66.15384615384615,False,False,9. address variation
S1-427762750,S3-605564998,S3,Jain Technologies Private Limited,jaintechnologies.com,"Village Sherwa Post Pargashpur, Bhadohi, Sant Ravi Das Nagar, Uttar Pradesh","Village Sherwa Post Pargashpur, Sant Ravi Das Nagar, Bhadoi, UP",IN,IN,67.9245283018868,81.81818181818181,False,False,1. spelling corruption
S1-427762750,S3-18116737,S3,Jain Technologies Private Limited,जैन टेक्नोलॉजीज प्राइवेट लिमिटेड,"Village Sherwa Post Pargashpur, Bhadohi, Sant Ravi Das Nagar, Uttar Pradesh","Village Sherwa Post Pargashpur, Bhadohi, Bhadoi, उत्तर प्रदेश",IN,IN,9.230769230769232,66.15384615384615,False,False,10. cross-script
S1-427762750,S3-412450446,S3,Jain Technologies Private Limited,JT,"Village Sherwa Post Pargashpur, Bhadohi, Sant Ravi Das Nagar, Uttar Pradesh","Sant Ravi Das Nagar, Bhadohi, Uttar Pradesh, Village Sherwa Post Pargashpur",IN,IN,11.428571428571432,52.77777777777778,False,False,4. abbreviation
S1-792803256,S3-648220479,S3,Silver Nails,Silver  Nails Ventures,"3439 Polk Place, Toledo, OH",,US,US,72.72727272727273,0.0,False,False,6. missing address
S1-792803256,S2-914292586,S2,Silver Nails,Silver Nosi,"3439 Polk Place, Toledo, OH","003439 POLK PL, TOLEDO, OH",US,US,78.26086956521739,89.79591836734694,False,False,1. spelling corruption
S1-420994407,S2-439538512,S2,Kaverora Laboratories Private Limited,laboratoriesprivate.com,"E 147 Preet Vihar, East Delhi, Delhi, East Delhi, Delhi","E 147 PREET VIHAR, EAST DELHI, DELHI, PUSHPANJALI ANAND VIHAR, Delhi",IN,IN,70.0,78.26086956521739,False,False,1. spelling corruption
S1-871847987,S2-526520736,S2,Indo Technologies Private Limited,Indo Technologies Limited Center,"P.No.1, Nagpur, Maharashtra, Nagpur, F.No.202, Planet Apartment, Cr","P.NO.#1, F.NO.202, PLANET APARTMENT, CR, NAGPUR, Maharashtra",IN,IN,76.92307692307692,60.86956521739131,False,False,1. spelling corruption
S1-871847987,S2-512321308,S2,Indo Technologies Private Limited,इंडो टेक्नोलॉजीज प्राइवेट लिमिटेड,"P.No.1, Nagpur, Maharashtra, Nagpur, F.No.202, Planet Apartment, Cr","P.NO.#1, NAGPUR, Maharashtra",IN,IN,9.090909090909093,58.13953488372092,False,False,10. cross-script
S1-871847987,S3-369812471,S3,Indo Technologies Private Limited,Indo Techno1ogies  Private,"P.No.1, Nagpur, Maharashtra, Nagpur, F.No.202, Planet Apartment, Cr","P.no.1, F.no.202, Planet Apartment, Cr, Nagpur, N/A, महाराष्ट्र",IN,IN,82.75862068965517,59.32203389830508,False,False,1. spelling corruption
S1-871847987,S2-261469831,S2,Indo Technologies Private Limited,इंडो टेक्नोलॉजीज प्राइवेट लिमिटेड,"P.No.1, Nagpur, Maharashtra, Nagpur, F.No.202, Planet Apartment, Cr","P.NO.#1, NAGPUR, महाराष्ट्र",IN,IN,9.090909090909093,32.94117647058824,False,False,10. cross-script
S1-871847987,S2-897509193,S2,Indo Technologies Private Limited,INDO TECHNOLOGIES LIMITED CENTER,"P.No.1, Nagpur, Maharashtra, Nagpur, F.No.202, Planet Apartment, Cr","P.NO.#1, F.NO.202, PLANET APARTMENT, CR, NAGPUR, महाराष्ट्र",IN,IN,76.92307692307692,61.40350877192983,False,False,1. spelling corruption
S1-871847987,S3-614286347,S3,Indo Technologies Private Limited,Private Indo Technolgogies Limited,"P.No.1, Nagpur, Maharashtra, Nagpur, F.No.202, Planet Apartment, Cr","N/A, F.no.202, Planet Apartment, Cr, MH, Nagpur, P.no.1",IN,IN,74.62686567164178,58.18181818181818,False,False,1. spelling corruption
S1-876721180,S2-482816240,S2,Jay Producer Pvt Ltd,ജയ് പ്രൊഡ്യൂസർ പ്രൈവറ്റ് ലിമിറ്റഡ്,"29/657, 658, Chocco Wheel, Bake Hse, Kodathipady, Mannarkad, Palakkad, Kerala","Kerala, PALAKKAD, 29/657, PALAKKAD, 658, CHOCCO WHEEL, BAKE HSE, KODATHIPADY",IN,IN,11.111111111111116,63.309352517985616,False,False,10. cross-script
S1-46821316,S3-448489327,S3,Vijayawada Ai Limited,Vijayawaad Ai Limited,"D. No. 59-7-1B, Ringroad Mytry Residency, Acharyaranga Street, Gayatry Nagar, Vijayawada, Krishna, Andhra Pradesh",,IN,IN,95.23809523809523,0.0,False,False,6. missing address
S1-98089199,S3-230389134,S3,Bharat Software,ভারত সফটওয়্যার,"C/O Partha Pratim, West Bengal, Kharagpur, West Midnapore, Dharimal Dharenda","C/o Partha Pratim, Dharimal Dharenda, Kharagpur, West Midnapore, WB",IN,IN,6.666666666666665,71.11111111111111,False,False,10. cross-script
S1-359381112,S3-796864901,S3,Sky Food Private Limited,Smt Sky Food Private Ltd,"B-2/92, Safdarjung Enclave, New Delhi, Delhi","B-2/92, Safdarjung Enclave, New Delhi, DL",IN,IN,83.33333333333334,96.20253164556962,False,False,1. spelling corruption
S1-91700687,S3-922205259,S3,Fresh Cloud Associates Inc,Fresh Cloud Inc Services,"135 Dow Road, Gorham, ME",,US,US,64.0,0.0,False,False,6. missing address
S1-91700687,S3-453730687,S3,Fresh Cloud Associates Inc,Fresh Cloud Aosoidtes  Inc,"135 Dow Road, Gorham, ME","Dow Rd, Gorham, Maine",US,US,90.19607843137256,78.04878048780488,False,False,9. address variation
S1-91700687,S3-795225259,S3,Fresh Cloud Associates Inc,-- Fresh Cloud Associates,"135 Dow Road, Gorham, ME","Gorham, 00135 Dow Road, Maine",US,US,91.66666666666666,61.224489795918366,False,False,9. address variation
S1-944760674,S3-982681450,S3,Technology Shree Work Private Limited,Techn0logy Shree Work Private Limited,"1, First Main Road, Indira Nagar, Chennai, Tamil Nadu","Hn 2-119 1, Indira Nagar, Chennai, TN",IN,IN,97.2972972972973,65.06024096385542,False,False,2. OCR corruption
S1-637069893,S3-956975064,S3,Krishna Brothers Pvt Ltd,Krishna Br0thers Pvt Limited,"Latur, Maharashtra, At & Po Jalkot, Tq Jalkot","At & Po Jalkot, Tq Jalkot, महाराष्ट्र, Latur",IN,IN,88.46153846153845,59.77011494252873,False,False,1. spelling corruption
S1-311538770,S2-37483098,S2,Laxmi Business,लक्ष्मी बिजनेस,"Survey No 286/3 To 5, Kakde Township Building Q Shop No 2, Keshavanagar, Chinchwad, Pune, Maharashtra","NO 286/3. TO 5, KAKDE TOWNSHIP BUILDING Q SHOP NO 2, KESHAVANAGAR, CHINCHWAD, PUNE, Maharashtra",IN,IN,7.14285714285714,96.21621621621621,False,False,10. cross-script
S1-311538770,S3-130213761,S3,Laxmi Business,Laxmi Búsiness,"Survey No 286/3 To 5, Kakde Township Building Q Shop No 2, Keshavanagar, Chinchwad, Pune, Maharashtra","Survey No 286/3 To 5, Kakde Township Building Q Shop No 2, Keshavanagar, Pune, MH",IN,IN,92.85714285714286,89.01734104046243,False,False,10. cross-script
S1-311538770,S3-772940779,S3,Laxmi Business,लक्ष्मी बिजनेस,"Survey No 286/3 To 5, Kakde Township Building Q Shop No 2, Keshavanagar, Chinchwad, Pune, Maharashtra","No 286/3 To 5, Kakde Township Building Q Shop No 2, Keshavanagar, Chinchwad, Pune, MH",IN,IN,7.14285714285714,90.9090909090909,False,False,10. cross-script
S1-933634792,S3-404396344,S3,Rora's Security Services,R0ra'5 Security Services,"5516 51st Street, Kansas City, MO","5516 51nd St, Kansas City, Missouri",US,US,91.66666666666666,78.125,False,True,2. OCR corruption
S1-520867694,S3-642046810,S3,Western Midcap LLC,Western Mídcap LLC,"12367 Eldredge Road, Leon, NY",,US,US,94.44444444444444,0.0,False,False,6. missing address
S1-726447764,S3-224849382,S3,Ear Nose & Throat Associates LLC,Ear Nobe & Throat Associates LLC,"35 Serenity Lane, Leicester, NC","##35 Serenity Ln, Leicester, North Carolina",US,US,97.05882352941177,79.41176470588236,False,False,9. address variation
S1-726447764,S3-583106182,S3,Ear Nose & Throat Associates LLC,Ear Nose & Throat,"35 Serenity Lane, Leicester, NC","##35 Serenity Lane, Leicester, North Carolina",US,US,71.69811320754718,82.85714285714285,False,False,1. spelling corruption
S1-685468027,S2-946061224,S2,Ram Care Private Limited,राम केयर प्राइवेट लिमिटेड,"Pune, C902, Haveli, Maharashtra, Balaji Paradise, Mahadev Nagar","C902, HAVELI, PUNE, Maharashtra",IN,IN,12.244897959183676,53.48837209302326,False,False,10. cross-script
S1-379453320,S3-582549365,S3,Chennai Hotels,Chennai [Hots],"Third Floor, Gee Gee Emerald, No. 312, Valluvar Kottam High Road, Nungambakkam, Chennai, Tamil Nadu","Third Floor, Gee Gee Emerald, No. 312, Valluvar Kottam High Road, Nungambakkam, Chennai, Nungambakkam, Chennai, TN",IN,IN,92.3076923076923,88.3248730964467,False,False,9. address variation
S1-379453320,S3-64965432,S3,Chennai Hotels,Chennai Holels,"Third Floor, Gee Gee Emerald, No. 312, Valluvar Kottam High Road, Nungambakkam, Chennai, Tamil Nadu","Third Folor, Gee Gee Emerald, No. 312, Valluvar Kottam High Road, Nungambakkam, Chennai, Nungambakkam, Chennai, TN",IN,IN,92.85714285714286,87.30964467005076,False,False,9. address variation
S1-897174712,S3-157631397,S3,New Industries Private Limited,न्यू इंडस्ट्रीज प्राइवेट लिमिटेड,"H.No.934 Chaurai Nagar, Somatane, Maval, Pune, Maharashtra","934 Chaurai Nagar, Somatane, Maval, Pune, महाराष्ट्र",IN,IN,9.677419354838712,74.50980392156863,False,False,10. cross-script
S1-897174712,S3-677241423,S3,New Industries Private Limited,न्यू इंडस्ट्रीज प्राइवेट लिमिटेड,"H.No.934 Chaurai Nagar, Somatane, Maval, Pune, Maharashtra","Door No 934 Chaurai Nagar, Somatane, Maval, Pune, महाराष्ट्र",IN,IN,9.677419354838712,76.36363636363637,False,False,10. cross-script
S1-897174712,S2-404134555,S2,New Industries Private Limited,न्यू इंडस्ट्रीज प्राइवेट लिमिटेड,"H.No.934 Chaurai Nagar, Somatane, Maval, Pune, Maharashtra","H.NO.##934 CHAURAI NAGAR, PUNE, MAVAL, महाराष्ट्र",IN,IN,9.677419354838712,65.3061224489796,False,False,10. cross-script
S1-316158804,S3-205002860,S3,Morris & Wheeler,Morris [&-Whéeler],"44 Sunvalley Boulevard, Unit 1014, Mesa, AZ","Mesa Desert, Arizona, #44 Sunvalley Blvd, # 1014",US,US,94.44444444444444,53.65853658536586,False,False,10. cross-script
S1-731073173,S3-366192067,S3,Metro Alliance,Irinex,"59021 Lumpy Lane, Enumclaw, WA","Lumpy Lane, Enumclaw, Washington",US,US,40.0,75.86206896551724,False,False,9. address variation
S1-248547809,S3-821796089,S3,Compliance (India) India Pvt. Ltd.,COMPLlANCE (INDIA) INDIA PVT. LTD.,"Sco-17, 12 And 13, Sector 42, Revenue Estate, Wazirabad Golf Course Road, Dlf Qe, Gurgaon, Haryana","Sco-bg/17, 12 And 13, Sector 42, Revenue Estate, Wazirabad Golf Course Road, Dlf Qe, Gurgaon, HR",IN,IN,96.66666666666667,95.55555555555556,False,False,9. address variation
S1-931793954,S3-818336580,S3,Dream Solutions Private Limited,ड्रीम सॉल्यूशंस प्राइवेट लिमिटेड,"Noida, Uttar Pradesh, 645, Gautam Buddha Nagar, 6Th Floor, Romano, Mahagun Moderne Noida Sector 78","645, 6Th Floor, Romano, Mahagun Moderne Noida Sector 78, Noida, Gautam Buddha Nagar, UP",IN,IN,9.523809523809524,60.11560693641618,False,False,10. cross-script
S1-931793954,S2-920577013,S2,Dream Solutions Private Limited,ड्रीम सॉल्यूशंस प्राइवेट लिमिटेड,"Noida, Uttar Pradesh, 645, Gautam Buddha Nagar, 6Th Floor, Romano, Mahagun Moderne Noida Sector 78","645, 6TH FLOOR, ROMANO, MAHAGUN MODERNE NOIDA SECTOR 78, GAUTAM BUDDHA NAGAR, NOIDA, उत्तर प्रदेश",IN,IN,9.523809523809524,56.830601092896174,False,False,10. cross-script
S1-764258943,S2-31922446,S2,Vision Global Pvt Ltd,విజన్ గ్లోబల్ ప్రైవేట్ లిమిటెడ్,"C/O Jayamanikyarao Thalathoti H. No 4-135/1, Tubadu Village, Nadendla, Guntur, Andhra Pradesh","C/O JAYAMANIKYARAO THALATHOTI H. NO 4-135/1, GUNTUR, Andhra Pradesh",IN,IN,11.538461538461542,84.21052631578947,False,False,10. cross-script
S1-764258943,S3-182732880,S3,Vision Global Pvt Ltd,విజన్ గ్లోబల్ ప్రైవేట్ లిమిటెడ్,"C/O Jayamanikyarao Thalathoti H. No 4-135/1, Tubadu Village, Nadendla, Guntur, Andhra Pradesh","C/o Jayamanikyarao Thalathoti H. No 4-135/1, Tubadu Village, Nadendla, Guntur, AP",IN,IN,11.538461538461542,92.6829268292683,False,False,10. cross-script
S1-623267233,S2-13028541,S2,Shakti Investments Private Limited,Shakti  Ivneoments Private Limited,"Flat No. 303, Madhuvan Park Co-Op. Hsg. Soc. Ltd Plot No. 247 / 248, Gidc, Vapi, Valsad, Gujarat","12, MADHUVAN PARK CO-OP. HSG. SOC. LTD PLOT NO. 247 / 248, GIDC, VAPI, ગુજરાત",IN,IN,92.53731343283582,78.1456953642384,False,False,9. address variation
S1-623267233,S2-986176515,S2,Shakti Investments Private Limited,શક્તિ ઇન્વેસ્ટમેન્ટ્સ પ્રાઇવેટ લિમિટેડ,"Flat No. 303, Madhuvan Park Co-Op. Hsg. Soc. Ltd Plot No. 247 / 248, Gidc, Vapi, Valsad, Gujarat","FLAT NO. 303, VAPI, VALSAD, Gujarat",IN,IN,8.333333333333337,53.91304347826087,False,False,10. cross-script
S1-623267233,S3-765788988,S3,Shakti Investments Private Limited,Dr Shakti Investments Private Ltd,"Flat No. 303, Madhuvan Park Co-Op. Hsg. Soc. Ltd Plot No. 247 / 248, Gidc, Vapi, Valsad, Gujarat","303, Madhuvan Park Co-op. Hsg. Soc. Ltd Plot No. 247 / 248, Gidc, Valsad, Vapi, ગુજરાત",IN,IN,89.55223880597015,81.76100628930818,False,False,1. spelling corruption
S1-100388935,S2-445408182,S2,Mohini Vidyalaya,Avivantage,"6/25 Paramathi Road, Sidco Opp, Namakkal, Nagapattinam, Tamil Nadu","H.NO 929 PARAMATHI ROAD, NAMAKKAL, தமிழ்நாடு",IN,IN,30.76923076923077,51.92307692307692,False,False,9. address variation
S1-100388935,S3-969302490,S3,Mohini Vidyalaya,M0hini Vidyalaya,"6/25 Paramathi Road, Sidco Opp, Namakkal, Nagapattinam, Tamil Nadu","Nagapattinam, Paramathi Road, Namakkal, TN",IN,IN,93.75,53.46534653465347,False,False,2. OCR corruption
S1-234405742,S3-311279882,S3,Su Technology Private Limited,Privtiae Su Technology Limited,"2Nd Floor No 17 Anna Main Road M G R Nagar, Chennai, Tamil Nadu","2Nd Floor No 17 Anna Main Road M G R Nagar, Chennai, TN",IN,IN,71.1864406779661,92.98245614035088,False,False,1. spelling corruption
S1-234405742,S3-679170414,S3,Su Technology Private Limited,Su Private Limited-Center,"2Nd Floor No 17 Anna Main Road M G R Nagar, Chennai, Tamil Nadu","Chennai, தமிழ்நாடு, #2Nd Floor No 17 Anna Main Road M G R Nagar",IN,IN,66.66666666666667,69.42148760330579,False,False,1. spelling corruption
S1-199229617,S3-591296484,S3,Moore All Blueport PLLC,Moore Blueport PLLC Center,"ID, Moscow, 733 Taylor Avenue","733 Taylor Avenue, Moscow, Idaho",US,US,77.55102040816327,59.64912280701755,False,False,1. spelling corruption
S1-199229617,S3-206283001,S3,Moore All Blueport PLLC,Moore All Bulport PLLC,"ID, Moscow, 733 Taylor Avenue","733 Taylor Avenue, Moscow, Idaho",US,US,93.33333333333333,59.64912280701755,False,False,9. address variation
S1-506172760,S3-617952515,S3,Drayio Newbridge LLC,Drayi0 Newbridge [Llc],"910 Marks Drive, Keizer, OR","Saelm, Oregon, 910B Marks Drive",US,US,95.0,55.55555555555556,False,False,2. OCR corruption
S1-908838031,S3-951927381,S3,Schad Molecular,5chad  Molecular,"8197 Doc Meyer Road, Seligman, MO","Seligman, Missouri, 819 Doc Meyer Road",US,US,93.33333333333333,53.73134328358209,False,False,2. OCR corruption
S1-597112365,S3-753148826,S3,New Life Lutheran Church,New Life Lútheran Chhi,"2581 Grand View Drive, Sandy City, UT","Grand View Drive, Sandy City, Utah",US,US,86.95652173913044,89.55223880597015,False,False,10. cross-script
S1-113183052,S2-202916959,S2,Elegant Realtors Private Limited,ELEGANTREALTORS.COM,"Plot 1867, Nuasahi Nayapalli Unit 8, Bhubaneswar, Cuttack, Orissa","490 PLOT 1867, NUASAHI NAYAPALLI UNIT 8, BHUBANESWAR, Odisha",IN,IN,66.66666666666667,86.4406779661017,False,False,1. spelling corruption
S1-154938538,S2-995628284,S2,Bentonville Chiropractic Associates,@bentonvillechiropractic,"Unit Apt 13, 104 Woodmoor Court, Bentonville, AR","104 WOODMOOR CT, BENTONVILLE, AR",US,US,79.3103448275862,80.0,False,False,1. spelling corruption
S1-812102444,S2-59735677,S2,Galaxy Consultants Private Limited,गैलेक्सी कंसल्टेंट्स प्राइवेट लिमिटेड,"S/O Sh Rajdev Verma, C-7/41 Dayalpur, Delhi, North East, Delhi","S/O SH RAJDEV VEHMA, NORTH EAST, DELHI",IN,IN,8.450704225352112,74.46808510638299,False,False,10. cross-script
S1-812102444,S3-663192216,S3,Galaxy Consultants Private Limited,गैलेक्सी कंसल्टेंट्स प्राइवेट लिमिटेड,"S/O Sh Rajdev Verma, C-7/41 Dayalpur, Delhi, North East, Delhi","C-7/41 Dayalpur, S/o Sh Rajdev Verma, Delhi, North East, DL",IN,IN,8.450704225352112,69.02654867256636,False,False,10. cross-script
S1-963650927,S3-887765386,S3,Red Industries Private Limited,Mr redindustries.com,"50 Jawaharlal Nehru Rd, Kolkata, Calcutta, West Bengal","Calcutta, #50 Jawaharlal Nehru Rd, WB, Kolkata",IN,IN,60.0,64.51612903225806,False,False,1. spelling corruption
S1-963650927,S3-785691931,S3,Red Industries Private Limited,Dr Red Industries Private Limited,"50 Jawaharlal Nehru Rd, Kolkata, Calcutta, West Bengal","Calcutta, 50 Jawaharlal Nehru Rd, Kolkata, WB",IN,IN,95.23809523809523,70.96774193548387,False,False,9. address variation
S1-963650927,S2-477564649,S2,Red Industries Private Limited,রেড ইন্ডাস্ট্রিজ প্রাইভেট লিমিটেড,"50 Jawaharlal Nehru Rd, Kolkata, Calcutta, West Bengal","#6-50 JAWAHARLAL NEHRU RD, KOLKATA, CALCUTTA, West Bengal",IN,IN,9.523809523809524,98.07692307692307,False,False,10. cross-script
S1-963650927,S2-116779097,S2,Red Industries Private Limited,রেড ইন্ডাস্ট্রিজ প্রাইভেট লিমিটেড,"50 Jawaharlal Nehru Rd, Kolkata, Calcutta, West Bengal","NO 6-50 JAWAHARLAL NEHRU RD, KOLKATA, CALCUTTA, West Bengal",IN,IN,9.523809523809524,95.32710280373831,False,False,10. cross-script
S1-943729062,S2-745661065,S2,Internal Medicine Center LLC,INTERNAL MEDICINE CENTER,"OH, Columbus, 1001 Gilbert Street","1001 Gilbert Street, COLUMBUS, OH",US,US,92.3076923076923,61.29032258064516,False,False,9. address variation
S1-943729062,S2-726957855,S2,Internal Medicine Center LLC,lnternal Medicine Cénter LLC,"OH, Columbus, 1001 Gilbert Street","1001 GILBERT STREET, COLUMBUS, OH",US,US,92.85714285714286,61.29032258064516,False,False,10. cross-script
S1-943729062,S2-937583824,S2,Internal Medicine Center LLC,Internal Medicine Chneir LLC,"OH, Columbus, 1001 Gilbert Street","1001 GILBERT ST, COLUMBUS, OH",US,US,92.85714285714286,51.72413793103448,False,False,9. address variation
S1-85454693,S3-388934503,S3,Seven Producer,செவன் புரொட்யூசர்,"C114, S1 Thiruvengada Nagar, Ambattur, Chennai, Tamil Nadu","H.no G-82 C114, S1 Thiruvengada Nagar, Ambattur, Chennai, TN",IN,IN,6.451612903225811,83.63636363636364,False,False,10. cross-script
S1-85454693,S2-623617991,S2,Seven Producer,செவன் Producer,"C114, S1 Thiruvengada Nagar, Ambattur, Chennai, Tamil Nadu","C114, CHENNAI, RED HILLS, CHENNAI, Tamil Nadu",IN,IN,64.28571428571428,65.26315789473685,False,False,10. cross-script
S1-85454693,S2-739869862,S2,Seven Producer,செவன் புரொட்யூசர்,"C114, S1 Thiruvengada Nagar, Ambattur, Chennai, Tamil Nadu","C114, S1 THIRUVENGADA NAGAR, AMBATTUR, CHENNAI, RED HILLS, CHENNAI, Tamil Nadu",IN,IN,6.451612903225811,85.71428571428572,False,False,10. cross-script
S1-85454693,S3-740466351,S3,Seven Producer,Sri Seven Producer Corporation,"C114, S1 Thiruvengada Nagar, Ambattur, Chennai, Tamil Nadu","H.no G-82 C114, S1 Thiruvengada Nagar, Ambattur, Chennai, TN",IN,IN,63.63636363636363,83.63636363636364,False,False,1. spelling corruption
S1-85454693,S2-944831907,S2,Seven Producer,செவன் புரொட்யூசர்,"C114, S1 Thiruvengada Nagar, Ambattur, Chennai, Tamil Nadu","C114, S1 THIRUVENGADA NAGAR, AMBATTUR, CHENNAI, RED HILLS, CHENNAI, தமிழ்நாடு",IN,IN,6.451612903225811,78.4,False,False,10. cross-script
S1-60597233,S2-542071914,S2,Jay Hospitality Private Limited,ஜெய் ஹாஸ்பிடாலிட்டி பிரைவேட் லிமிடெட்,"No.125/15A3, Sangumaal, Rameswaram, Ramanathapuram, Tamil Nadu","NO.#125/15A3, SANGUMAAL, SOUTHERN REGION MADURAI, RAMANATHAPURAM, Tamil Nadu",IN,IN,8.823529411764708,82.17054263565892,False,False,10. cross-script
S1-60597233,S3-808070425,S3,Jay Hospitality Private Limited,ஜெய் ஹாஸ்பிடாலிட்டி பிரைவேட் லிமிடெட்,"No.125/15A3, Sangumaal, Rameswaram, Ramanathapuram, Tamil Nadu","No.125/15a3, Sangumaal, Ramanathapuram, Rameswaram, TN",IN,IN,8.823529411764708,75.92592592592592,False,False,10. cross-script
S1-207514893,S2-96334072,S2,Animal Welfare Initiative,ANIMAL WELFARE SERVICES,"505 Whitehall Way, Cary, NC","00505 Whitehall Way, CARY, NC",US,US,70.83333333333333,96.15384615384616,False,False,1. spelling corruption
S1-96807034,S2-991318662,S2,First Metro Great Inc,First Metro,"2056 Memorial Avenue, Unit APT B, Roanoke City, VA",,US,US,68.75,0.0,False,False,6. missing address
S1-96807034,S3-998918277,S3,First Metro Great Inc,Irixylo - 9495918948,"2056 Memorial Avenue, Unit APT B, Roanoke City, VA","002056 Memorial Ave, # APT B, Roanoke CDP, Virginia",US,US,20.512820512820518,77.41935483870968,False,False,9. address variation
S1-96807034,S2-602273896,S2,First Metro Great Inc,First  Metro Inc Center,"2056 Memorial Avenue, Unit APT B, Roanoke City, VA","2056B MEMORIAL AVE, ROANOKE CITY, VA",US,US,69.76744186046511,81.4814814814815,False,False,1. spelling corruption
S1-505037778,S3-630935825,S3,Swastik & Co,Swastik & [Company],"Nangal Rai, Wz-609 Khiman Basti, South West Delhi, New Delhi, Delhi","Wz-609 Khiman Basti, Nangal Rai, South West Delhi, New Delhi, दिल्ली",IN,IN,84.84848484848484,74.01574803149606,False,False,1. spelling corruption
S1-505037778,S2-623172869,S2,Swastik & Co,Swastik Co Partners,"Nangal Rai, Wz-609 Khiman Basti, South West Delhi, New Delhi, Delhi","WZ-609  KHIMAN BASTI, NANGAL RAI, NEW DELHI, Delhi",IN,IN,60.60606060606061,69.72477064220183,False,False,1. spelling corruption
S1-505037778,S3-651966570,S3,Swastik & Co,Swastik & Có,"Nangal Rai, Wz-609 Khiman Basti, South West Delhi, New Delhi, Delhi","Wz-609 Khiman Basti, Nangal Rai, South West Delhi, New Delhi, DL",IN,IN,92.85714285714286,79.67479674796748,False,False,10. cross-script
S1-23254641,S3-174722172,S3,Blue Tech Limited,ब्लू टेक लिमिटेड,"Flat No.4, Property No-16, Kh. No.305/1, F/Floor Chhattarpur Enclave, New Delhi, South West Delhi, Delhi","Flat No.4, Property No-16, Kh. No.305/1, F/floor Chhattarpur Enclave, New Delhi, Ujre, DL",IN,IN,12.121212121212121,89.3854748603352,False,False,10. cross-script
S1-23254641,S2-365827023,S2,Blue Tech Limited,ब्लू टेक लिमिटेड,"Flat No.4, Property No-16, Kh. No.305/1, F/Floor Chhattarpur Enclave, New Delhi, South West Delhi, Delhi","FLAT NO.4, PROPERTY NO-16, KH. NO.305/1, F/FLOOR CHHATTARPUR ENCLAVE, SOUTH WEST DELHI, दिल्ली",IN,IN,12.121212121212121,88.64864864864866,False,False,10. cross-script
S1-263246858,S2-228561814,S2,Big Technologies Private Limited,Smt Big Technologies [Private],"S No 50/15/1, Samarth, Sankul, Nr Bank Of Mh, Pune City, Pune, Maharashtra","S NO 0050/15/1, SAMARTH, SANKUL, NR BANK OF MH, PUNE CITY, Maharashtra",IN,IN,80.0,94.73684210526316,False,False,1. spelling corruption
S1-263246858,S2-167615958,S2,Big Technologies Private Limited,बिग टेक्नोलॉजीज प्राइवेट लिमिटेड,"S No 50/15/1, Samarth, Sankul, Nr Bank Of Mh, Pune City, Pune, Maharashtra","S NO 0050/15/1, SAMARTH, SANKUL, NR BANK OF MH, PUNE, PUNE CITY, Maharashtra",IN,IN,9.375,91.30434782608697,False,False,10. cross-script
S1-263246858,S3-502649355,S3,Big Technologies Private Limited,Big Technologies Limited Center,"S No 50/15/1, Samarth, Sankul, Nr Bank Of Mh, Pune City, Pune, Maharashtra","Vadgaon Budruk, Pune City, MH, Samarth, Sankul, Nr Bank Of Mh, S No 050/15/1",IN,IN,76.19047619047619,55.072463768115945,False,False,1. spelling corruption
S1-30880328,S3-654167448,S3,Products Indus Solution Private Limited,Products Índus Solution Private Ltd,"A 402, Gokul Empire, Agarwal Garden Ph Ii, Bolinj, Virar West, Palghar, Thane, Maharashtra","A 0402, Gokul Empire, Agarwal Garden Ph Ii, Bolinj, Virar West, Thane, Palghar, MH",IN,IN,91.89189189189189,87.34177215189874,False,False,10. cross-script
S1-30880328,S2-318090934,S2,Products Indus Solution Private Limited,Products Its Solution Private Limited,"A 402, Gokul Empire, Agarwal Garden Ph Ii, Bolinj, Virar West, Palghar, Thane, Maharashtra","A 402 , GOKUL EMPIRE, AGARWAL GARDEN PH II, BOLINJ, VIRAR WEST, PALGHAR, Maharashtra",IN,IN,94.73684210526316,96.25,False,False,9. address variation
S1-190063355,S3-375823991,S3,Nash Best Metro,Bestnashmetro.Com,"IN, Otwell, 10043 Jefferson Street","10043 Jefferson Saint, Otwell, Indiana",US,US,56.25,55.88235294117647,True,False,9. address variation
S1-9246518,S2-319757574,S2,Fair Trader Ltd,FAlR TMADER LTD,"Karnataka, Bangalore, Shri Gandada Kavalu, Sunkadakatte, 1800-430/490/91, Bangalore North","1800-430/490/91, BANGALORE RURAL, Karnataka, BANGALORE, SHRI GANDADA KAVALU, SUNKADAKATTE",IN,IN,86.66666666666667,61.904761904761905,False,False,1. spelling corruption
S1-9246518,S3-869329139,S3,Fair Trader Ltd,fairtrader.com,"Karnataka, Bangalore, Shri Gandada Kavalu, Sunkadakatte, 1800-430/490/91, Bangalore North","Block C-48 1800-430/490/91, Bengaluru Hq Region, KA",IN,IN,75.86206896551724,45.11278195488722,False,False,1. spelling corruption
S1-9246518,S3-836963964,S3,Fair Trader Ltd,Ariazeph,"Karnataka, Bangalore, Shri Gandada Kavalu, Sunkadakatte, 1800-430/490/91, Bangalore North","KA, Block C-48 1800-430/490/91, Bangalore, Bangalore North",IN,IN,34.78260869565217,57.55395683453237,False,False,9. address variation
S1-114821323,S2-717601033,S2,Premier Idea LLC,Premier Ia LLC,"2400 Lincoln Avenue, Unit BUILDING 13, Sparrows Point, MD","400 LINCOLN AVE, SPARROWS POINT, MD",US,US,93.33333333333333,75.86206896551724,False,False,9. address variation
S1-114821323,S3-989107764,S3,Premier Idea LLC,Premier ldea LLC,"2400 Lincoln Avenue, Unit BUILDING 13, Sparrows Point, MD","02400 Lincoln Ave, # Building 13, Sparrows Point, Maryland",US,US,93.75,85.98130841121495,False,False,9. address variation
S1-571675456,S3-371510085,S3,Dev Technology LLP,Dev LLP Center,"70/35, Patel Marg, Jaipur, Rajasthan","Jaipur, RJ, 68/35",IN,IN,43.75,37.5,False,False,3. transliteration
S1-571675456,S3-863373987,S3,Dev Technology LLP,Devtechnology.Com,"70/35, Patel Marg, Jaipur, Rajasthan","Jaipur, RJ, Jaipur, 68/35",IN,IN,80.0,40.0,False,False,1. spelling corruption
S1-571675456,S2-854633717,S2,Dev Technology LLP,LLP Dev Toclnolohgy,"70/35, Patel Marg, Jaipur, Rajasthan","JAIPUR, 70/35, राजस्थान, PATEL MARG, JAIPUR",IN,IN,64.86486486486487,63.888888888888886,False,False,1. spelling corruption
S1-277848777,S3-465238598,S3,Mountain Hall,Mhall.Com,"5710 16th Street, Indianapolis, IN","571 16th St, Indianapolis, Indiana",US,US,45.45454545454546,84.375,False,False,9. address variation
S1-277848777,S3-8309954,S3,Mountain Hall,Mountain Háll,"5710 16th Street, Indianapolis, IN","571 16th Street, Indianapolis, Indiana",US,US,92.3076923076923,91.17647058823529,False,False,10. cross-script
S1-277848777,S2-952545700,S2,Mountain Hall,Mountain Hall LP,"5710 16th Street, Indianapolis, IN","IN, INDIANAPOLIS, 5710 16ND ST",US,US,89.65517241379311,50.0,False,False,1. spelling corruption
S1-277848777,S3-459618046,S3,Mountain Hall,Mountain Homll,"5710 16th Street, Indianapolis, IN","571 16th Saint, Indianapolis, Indiana",US,US,88.88888888888889,80.59701492537313,False,False,1. spelling corruption
S1-742352037,S2-633314287,S2,Yeater Tri-State Schwab LLC,#yeatertristate,"7707 Northern Estates Point, Greensboro, NC","007707 Northern Estates Pt, GREENSBORO, NC",US,US,68.29268292682926,93.82716049382715,False,False,1. spelling corruption
S1-523186431,S2-989259928,S2,Dental Clean Clinic Inc.,DENTAL CLEAN CLINIC,"10664 Socorro Road, City Of Socorro, TX","0664 SOCORRO ROAD, CITY OF SOCORRO, TX",US,US,90.47619047619048,98.63013698630137,False,False,9. address variation
S1-74582574,S2-773683141,S2,Big Food LLP,बिग फूड एलएलपी,"113 Shiv Shakti Sra Co. Op. Hsg Soc. Ltd New Link Road, Andheri West, Mumbai, Mumbai City, Maharashtra","##113 SHIV SHAKTI SRA CO. OP. HSG SOC. LTD NEW LINK ROAD, MUMBAI CITY, Maharashtra",IN,IN,15.384615384615385,88.23529411764706,False,False,10. cross-script
S1-74582574,S2-323566138,S2,Big Food LLP,Big Fi LLP,"113 Shiv Shakti Sra Co. Op. Hsg Soc. Ltd New Link Road, Andheri West, Mumbai, Mumbai City, Maharashtra","#113 SHIV SHAKTI SRA CO. OP. HSG SOC. LTD NEW LINK ROAD, ANDHERI WEST, MUMBAI, Maharashtra",IN,IN,81.81818181818181,93.25842696629213,False,False,1. spelling corruption
S1-74582574,S3-78936877,S3,Big Food LLP,बिग फूड एलएलपी,"113 Shiv Shakti Sra Co. Op. Hsg Soc. Ltd New Link Road, Andheri West, Mumbai, Mumbai City, Maharashtra","13 Shiv Shakti Sra Co. Op. Hsg Soc. Ltd New Link Road, Bhiwandi, MH, Mumbai City",IN,IN,15.384615384615385,81.65680473372781,False,False,10. cross-script
S1-74582574,S2-661343482,S2,Big Food LLP,बिग फूड एलएलपी,"113 Shiv Shakti Sra Co. Op. Hsg Soc. Ltd New Link Road, Andheri West, Mumbai, Mumbai City, Maharashtra","##113 SHIV SHAKTI SRA CO. OP. HSG SOC. LTD NEW LNIK ROAD, MUMBAI, महाराष्ट्र",IN,IN,15.384615384615385,70.73170731707317,False,False,10. cross-script
S1-74582574,S2-945072257,S2,Big Food LLP,Big Big Fóod L.L.P.,"113 Shiv Shakti Sra Co. Op. Hsg Soc. Ltd New Link Road, Andheri West, Mumbai, Mumbai City, Maharashtra","#113 SHIV SHAKTI SRA CO. OP. HSG SOC. LTD NEW LINK ROAD, ANDHERI WEST, MUMBAI, Maharashtra",IN,IN,73.33333333333334,93.25842696629213,False,False,10. cross-script
S1-781758740,S3-751760487,S3,Southern Engineering LLC,southernengg.com,"107 Oak Street, Gillespie, IL","Illinois, Gillespie, #107 Oak St",US,US,70.0,46.42857142857143,False,False,1. spelling corruption
S1-62214094,S3-476685232,S3,Atlantic Trusted Biosciences,Atlantic Trusted,"8302 Brook-mere Boulevard, MD, Frederick","Brook-Mere Boulevard, Frederick, Maryland",US,US,72.72727272727273,77.92207792207793,False,False,1. spelling corruption
S1-88487910,S2-140247302,S2,Coastal Archimedes P.C.,Coastal Achmies P.C.,"109 Blade Drive, Ferguson Twp, PA",,US,US,87.8048780487805,0.0,False,False,6. missing address
S1-881866732,S3-75050799,S3,Drayify Aluminum LLC,drayifyaluminum.com,"City Of El Paso, TX, 3011 Eads Place","3011 Eads Pl, El Paso, Texas",US,US,87.17948717948718,46.666666666666664,False,False,1. spelling corruption
S1-929822566,S3-445064451,S3,Orthopedic Modern Partners LLC,Orthopedic Modern Parrtnrs  LLC,"1299 68, Haubstadt, IN",,US,US,96.66666666666667,0.0,False,False,6. missing address
S1-929822566,S3-549367251,S3,Orthopedic Modern Partners LLC,ORTHOPEDIC MODERN PARTNER5 LLC,"1299 68, Haubstadt, IN","001299 68, Haubstadt, Indiana",US,US,96.66666666666667,85.1063829787234,False,False,2. OCR corruption
S1-929822566,S3-346210710,S3,Orthopedic Modern Partners LLC,Orthopedic Modern Partners,"1299 68, Haubstadt, IN","Indiana, Haubstadt, 001299 68",US,US,92.85714285714286,46.808510638297875,False,False,11. other
S1-691571680,S3-159322055,S3,RP Complete Sony Corp,RP Complete Srtoy Corp Corp,"809 Sand Hills Drive, Newport, NC","817 Sand Hills Drive, Newport, North Carolina",US,US,83.33333333333334,78.37837837837837,False,False,1. spelling corruption
S1-533484703,S2-643770230,S2,Baba Industries Private Limited,Baba Isdrtes Private Limited,"Telangana, Po-02, Seri Lingampally, 1601, 16Th Floor, Nexity Tower 20, Hyderabad Knowledge City Layout, Raidurg Village, K.V.Rangareddy","PO-#02, 1601, 16TH FLOOR, NEXITY TOWER 20, HYDERABAD KNOWLEDGE CITY LAYOUT, RAIDURG VILLAGE, SERI LINGAMPALLY, తెలంగాణ",IN,IN,88.13559322033898,76.79324894514767,False,False,1. spelling corruption
S1-772269357,S3-837852879,S3,Black Developers Private Limited,ब्लैक डेवलपर्स प्राइवेट लिमिटेड,"E6Industrial Area Yamuna Nagar, Haryana, Ambala, Haryana","हरियाणा, Ambala, E6industrial Area Yamuna Nagar, Haryana",IN,IN,9.523809523809524,71.69811320754718,False,False,10. cross-script
S1-772269357,S2-795578592,S2,Black Developers Private Limited,ब्लैक डेवलपर्स प्राइवेट लिमिटेड,"E6Industrial Area Yamuna Nagar, Haryana, Ambala, Haryana","E6INDUSTRIAL AREA YAMUNA NAGAR, HARYANA, AMBALA, हरियाणा",IN,IN,9.523809523809524,86.79245283018868,False,False,10. cross-script
S1-772269357,S3-902089561,S3,Black Developers Private Limited,ब्लैक Developers Private Limited,"E6Industrial Area Yamuna Nagar, Haryana, Ambala, Haryana","E6industrial Area Yamuna Nagar, Haryana, Ambala, HR",IN,IN,84.375,95.04950495049505,False,False,10. cross-script
S1-772269357,S2-161338113,S2,Black Developers Private Limited,ब्लैक Developers Private Limited,"E6Industrial Area Yamuna Nagar, Haryana, Ambala, Haryana","E6INDUSTRIAL AREA YAMUNA NAGAR, AMBALA, HARYANA, हरियाणा",IN,IN,84.375,84.90566037735849,False,False,10. cross-script
S1-571155456,S2-271489392,S2,Modern Financial Ventures Associates,Modern Associates Ventures Financal,"6709 Wolf Pack Drive, Pflugerville, TX","WOLF PACK DRIVE, PFLUGERVILLE, TX",US,US,67.6056338028169,92.53731343283582,False,False,1. spelling corruption
S1-488612863,S3-561009066,S3,Custom Worldwide Inc,[Inc] Custom Wórldwide,"340 Custer Road, Unit 10, Richardson, TX","Richardson, Texas, # 10, 340 Custer Road",US,US,75.0,41.666666666666664,False,False,10. cross-script
S1-488612863,S3-257296004,S3,Custom Worldwide Inc,Custom (Wor1dwide),"340 Custer Road, Unit 10, Richardson, TX","Custer Rd, # 10, Richardson, Texas",US,US,83.33333333333334,78.78787878787878,False,False,1. spelling corruption
S1-488612863,S2-600374131,S2,Custom Worldwide Inc,Custom Worldwide,"340 Custer Road, Unit 10, Richardson, TX","CUSTER ROAD, RICHARDSON, TX",US,US,88.88888888888889,80.64516129032258,False,False,1. spelling corruption
S1-686308827,S3-484300007,S3,Royal Construction,M/s #royalconstruction,"216, 2Nd Floor, Plot 8, Bldg No. A 3, Wing B, Bgta Ganga Chs Ltd, Wadala Truck Terminal, Wadala (E), Mumbai, Maharashtra","Mumbai, महाराष्ट्र, 216, Mumbai",IN,IN,87.17948717948718,17.647058823529417,False,False,1. spelling corruption
S1-686308827,S2-709792475,S2,Royal Construction,रॉयल कंस्ट्रक्शन,"216, 2Nd Floor, Plot 8, Bldg No. A 3, Wing B, Bgta Ganga Chs Ltd, Wadala Truck Terminal, Wadala (E), Mumbai, Maharashtra","216, MUMBAI, Maharashtra",IN,IN,5.882352941176472,33.84615384615385,False,True,10. cross-script
S1-756971449,S2-736443950,S2,Delhi Marketing Private Limited,DE1HI MARKETING PRIVATE LIMITED,"Shop No. G - 4, Plot No. 2, Block O & P Aggarwal Tower Lsc, Dilshad Garden, Delhi, East Delhi, Delhi","SHBP NO. G - 4, PLOT NO. 2, BLOCK O & P AGGARWAL TOWER LSC, DILSHAD GARDEN, EAST DELHI, DELHI, दिल्ली",IN,IN,96.7741935483871,91.89189189189189,False,False,9. address variation
S1-583276696,S2-906454713,S2,UT Investments Pvt. Ltd.,UT Pvt. Ltd. Center,"2-1251/9, B V Reddy Colony, Chittoor, Andhra Pradesh","PLOT 700 2-1251/9, B V REDDY COLONY, CHITTOOR, Andhra Pradesh",IN,IN,51.28205128205128,91.58878504672897,False,False,9. address variation
S1-583276696,S2-643151112,S2,UT Investments Pvt. Ltd.,UT Inevsmtns Pvt. Ltd.,"2-1251/9, B V Reddy Colony, Chittoor, Andhra Pradesh","PLOT 700 2-1251/9, B V REDDY COLONY, CHITTOOR, Andhra Pradesh",IN,IN,85.71428571428572,91.58878504672897,False,False,1. spelling corruption
S1-809076143,S3-681953487,S3,Clear Elite Cartesian Inc,Clear Elite Cartesian,"517 Kansas Street, Kannapolis, NC",,US,US,91.30434782608697,0.0,False,False,6. missing address
S1-734487190,S2-555181096,S2,Digital Golden Foods Private Limited,డిజిటల్ గోల్డెన్ ఫుడ్స్ ప్రైవేట్ లిమిటెడ్,"Dr. No: - 1-1-31/344, Saket Enclave, Phase - 1, Kapra, Ecil Post, Hyderabad, Telangana","PLOT 941 DR. NO: - 1-1-31/344, SAKET ENCLAVE, PHASE - 1, KAPRA, ECIL POST, HYDERABAD, JAWAHARNAGAR, Telangana",IN,IN,10.389610389610393,87.05882352941177,False,False,10. cross-script
S1-661152095,S2-699885752,S2,Mandeep Developers,ECTOZETA,"No.620, 4Th Floor, Dr. Rajkumar Road, 2Nd Block, 1St Main, Bangalore, Karnataka","NO 620, BANGALORE, Karnataka",IN,IN,23.076923076923073,53.06122448979591,False,False,9. address variation
S1-160043387,S2-498817562,S2,Curry Star Soren,CURRY STAR,"N9503 17th Avenue, Town Of Necedah, WI","NECEDAH, WI, N9503 17TH AVENUE",US,US,76.92307692307692,53.125,False,False,1. spelling corruption
S1-160043387,S3-517087137,S3,Curry Star Soren,s0renstar.com,"N9503 17th Avenue, Town Of Necedah, WI","17th Ave, Necedah, Wisconsin",US,US,48.275862068965516,61.29032258064516,False,False,9. address variation
S1-636458020,S2-379267298,S2,A Silver Imperial,A Silver-Service,"1441 U Street, Unit 803, Washington, DC","#1441 U STREET, WASHINGTON, DC",US,US,72.72727272727273,85.71428571428572,False,False,1. spelling corruption
S1-636458020,S2-448277886,S2,A Silver Imperial,A Silver,"1441 U Street, Unit 803, Washington, DC",,US,US,64.0,0.0,False,False,6. missing address
S1-636458020,S2-592163832,S2,A Silver Imperial,A  Silver,"1441 U Street, Unit 803, Washington, DC","#1441 U ST, WASHINGTON, DC",US,US,64.0,77.96610169491525,False,False,1. spelling corruption
S1-5660674,S2-466881578,S2,Cabrera Angel LLC,Cabrera Agnel LLC,"4248 Bowman Square Drive, Canal Winchester, OH","04248 BOWMAN SQUARE DR, CANAL WINCHESTER, OH",US,US,94.11764705882352,95.34883720930233,False,False,9. address variation
S1-313503250,S3-579878423,S3,Fortune Estate Private Limited,फॉर्च्यून एस्टेट प्राइवेट लिमिटेड,"Cs No 1182/39 Flat No 402, E Ward Tulip Appartment, Karvir, Kolhapur, Maharashtra","Cs No/39 Flat No 402, Kolhapur, MH",IN,IN,9.523809523809524,58.71559633027523,False,False,10. cross-script
S1-313503250,S3-579231417,S3,Fortune Estate Private Limited,फॉर्च्यून एस्टेट प्राइवेट लिमिटेड,"Cs No 1182/39 Flat No 402, E Ward Tulip Appartment, Karvir, Kolhapur, Maharashtra","Cs No/39 Flat No 402, Kolhapur, MH",IN,IN,9.523809523809524,58.71559633027523,False,False,10. cross-script
S1-905393503,S3-346946238,S3,Vanguard Ellington Inc,Vanguard Ellington,"2406 Monterrey Drive, Brownwood, TX","Texas, Brownwood, 2406 Monterrey Drive",US,US,90.0,57.971014492753625,False,False,9. address variation
S1-265308430,S3-59008737,S3,Luna Assets Inc,Luna Luna Asaas Inc,"119 Precinct Street, Taunton, MA","Taunton, Massachusetts, 119 Precinct St",US,US,70.58823529411764,44.776119402985074,False,False,1. spelling corruption
S1-180961118,S3-86385798,S3,Walton Specialists LLC,Walton Specalenss LLC,"TX, 5025 Skinner Lane, Richmond","5025 Skinner Ln, Richmond, Texas",US,US,88.37209302325581,81.35593220338984,False,False,1. spelling corruption
S1-180961118,S3-541949263,S3,Walton Specialists LLC,-- Walton  LLC Center,"TX, 5025 Skinner Lane, Richmond","5025 Skinner Ln, Richmond, Texas",US,US,51.28205128205128,81.35593220338984,False,False,9. address variation
S1-180961118,S2-44358650,S2,Walton Specialists LLC,waltonspecialists.com,"TX, 5025 Skinner Lane, Richmond","502 SKINNER LN, RICHMOND, TX",US,US,88.37209302325581,83.63636363636364,False,False,1. spelling corruption
S1-190108178,S3-958812182,S3,Silver Exports LLP,সিলভার এক্সপোর্টস এলএলপি,"14B Camac Street, Flat No. 3D, Kolkata, Kolkata, Howrah, West Bengal","Flat No. 3D, Kolkata, 14B Camac Street, Kolkata, WB, Howrah",IN,IN,9.523809523809524,57.391304347826086,False,False,10. cross-script
S1-35296241,S2-432717172,S2,Hitech Foundation Private Limited,ஹைடெக் ஃபவுண்டேஷன் பிரைவேட் லிமிடெட்,"No.11, Old No.6, Mahalingam, Street, Mahalingapuram, Chennai, Tamil Nadu","H.NO 11, OLD NO.6, MAHALINGAM, STREET, MAHALINGAPURAM, CHENNAI, Tamil Nadu",IN,IN,8.695652173913048,98.50746268656717,False,False,10. cross-script
S1-35296241,S3-558059269,S3,Hitech Foundation Private Limited,ஹைடெக் ஃபவுண்டேஷன் பிரைவேட் லிமிடெட்,"No.11, Old No.6, Mahalingam, Street, Mahalingapuram, Chennai, Tamil Nadu","Chennai, TN, Madras, Old No.6, Mahalingam, Street, Mahalingapuram, No.1-1",IN,IN,8.695652173913048,72.72727272727273,False,False,10. cross-script
S1-541018126,S2-52298229,S2,Metropolitan Electronics Corp,Metropolitan Corp Center,"706 Trailview Court, Logan City, UT","1067 TARILVIEW CT, LOGAN CITY, UT",US,US,67.9245283018868,87.5,False,False,1. spelling corruption
S1-974210552,S3-659326083,S3,Womens Health Center LLC,Womens Health Center,"257 1200, Kingman, IN","257 1200, Bloomingdlae CDP, Indiana",US,US,90.9090909090909,61.53846153846154,False,True,9. address variation
S1-974210552,S3-791318112,S3,Womens Health Center LLC,Womens  Health Center,"257 1200, Kingman, IN","257 1200, Bloomingdlae CDP, Indiana",US,US,90.9090909090909,61.53846153846154,False,True,9. address variation
S1-508185201,S3-827622939,S3,High Perfect Foods Private Limited,ಹೈ ಪರ್ಫೆಕ್ಟ್ ಫುಡ್ಸ್ ಪ್ರೈವೇಟ್ ಲಿಮಿಟೆಡ್,"No 59/1, 2Nd Cross Chowdaiah Block Hmt Layout, Rt Nagar Post, Bangalore, Karnataka","#59/1, Bangalore, Bengaluru, ಕರ್ನಾಟಕ",IN,IN,11.267605633802813,34.54545454545455,False,False,10. cross-script
S1-267912458,S3-213467603,S3,Western Dental Associates,Western ássociates Dental,"Seattle, 8811 5th Avenue, WA","8811- 5th Ave, Seattle, Washington",US,US,68.0,56.14035087719298,False,False,10. cross-script
S1-624686587,S3-115633221,S3,Orthopedic Center,ocenter.com,"402 Kelly Street, Rome City, IN","#402 Kelly St, Indiana, ROME CIYT CDP",US,US,50.0,69.84126984126983,False,False,9. address variation
S1-914226780,S3-388718579,S3,"Gibbs Capital Ford, LLC",Gibbs Capital Capital,"Lunenburg, 60 Valley Road, MA","60 Valley Road, Lunenburg, Massachusetts",US,US,69.76744186046511,52.3076923076923,False,False,1. spelling corruption
S1-795555186,S3-993927584,S3,Future Trading LLP,फ्यूचर ट्रेडिंग एलएलपी,"C-1, 102, Raheja Homes, Patrakar Colony, Jaipur, Rajasthan","C-1, 102, Raheja Homes, Patrakar Colony, Jaipur, RJ",IN,IN,9.999999999999998,92.92929292929293,False,False,10. cross-script
S1-795555186,S2-210785247,S2,Future Trading LLP,फ्यूचर ट्रेडिंग एलएलपी,"C-1, 102, Raheja Homes, Patrakar Colony, Jaipur, Rajasthan","HN 381 C-1, JAIPUR, Rajasthan",IN,IN,9.999999999999998,52.5,False,False,10. cross-script
S1-360380138,S3-532273601,S3,Sree Dream Engineering Private Limited,శ్రీ డ్రీమ్ ఇంజనీరింగ్ ప్రైవేట్ లిమిటెడ్,"H.No Lig-63, D R Colony, Kukatpally, Hyderabad, Rangareddy, Telangana","H.no Lig-63, D R Colony, Kukatpally, Rangareddy, Hyderabad, తెలంగాణ",IN,IN,10.256410256410254,76.19047619047619,False,False,10. cross-script
S1-360380138,S2-389421478,S2,Sree Dream Engineering Private Limited,శ్రీ డ్రీమ్ ఇంజనీరింగ్ ప్రైవేట్ లిమిటెడ్,"H.No Lig-63, D R Colony, Kukatpally, Hyderabad, Rangareddy, Telangana","H.NO LIG-##63, HYDERABAD, Telangana",IN,IN,10.256410256410254,65.26315789473685,False,False,10. cross-script
S1-646004138,S3-149582632,S3,Southern Best Inc,SouthernbestCom,"3006 Yuma Road, Albuquerque, NM","Yuma Rd, South Valley, New Mexico",US,US,81.25,46.666666666666664,False,False,1. spelling corruption
S1-646004138,S2-944803051,S2,Southern Best Inc,Southern-Best,"3006 Yuma Road, Albuquerque, NM",,US,US,86.66666666666667,0.0,False,False,6. missing address
S1-189788086,S2-427922276,S2,Services Intelligent Foods Pvt Ltd,SÉRVICESINTELLIGENTFOODS.COM,"N S C Bose Road, 2Nd Regent Park, Kolkata, West Bengal, Kolkata, Howrah, 20/30","#240 20/30, N S C BOSE ROAD, 2ND REGENT PARK, KOLKATA, KOLKATA, পশ্চিমবঙ্গ",IN,IN,77.41935483870968,68.57142857142857,False,False,10. cross-script
S1-578030407,S3-80070054,S3,Pediatric Dentistry Specialists of City Of Marshfield,Pediatric Dentistry Specialists Of City Of,"119 Mcmillan Street, Unit Apartment F, City Of Marshfield, WI","#119 Mcmillan St, # Apartment F, City Of Marshfield, Wisconsin",US,US,88.42105263157895,85.96491228070175,False,False,1. spelling corruption
S1-578030407,S2-570211663,S2,Pediatric Dentistry Specialists of City Of Marshfield,dentistrypediatricspecialists.com,"119 Mcmillan Street, Unit Apartment F, City Of Marshfield, WI","CITY OF MARSHFIELD, WI, 119 MCMILLAN STREET",US,US,55.81395348837209,42.42424242424242,False,False,3. transliteration
S1-302334727,S2-809994584,S2,West Metropolitan Service PC,WEST METROPOLITAN PC CENTER,"139 Lander Street, Newburgh, NY","00139 LANDER ST, NEWBURGH, NY",US,US,76.36363636363637,89.28571428571429,False,False,1. spelling corruption
S1-302334727,S3-794568442,S3,West Metropolitan Service PC,West Metropolitan,"139 Lander Street, Newburgh, NY",,US,US,75.55555555555556,0.0,False,False,6. missing address
S1-203084347,S2-439994630,S2,Sweet All Southern Inc,Sweet All,"TX, 8202 Burning Hills Drive, Houston","8202 BURNING HILLS DR, HOUSTON, TX",US,US,58.06451612903225,86.56716417910448,False,False,9. address variation
S1-203084347,S2-425308295,S2,Sweet All Southern Inc,allsweet.com,"TX, 8202 Burning Hills Drive, Houston","8202 BURNING HILLS DR, HOUSTON, TX",US,US,41.17647058823529,86.56716417910448,False,False,9. address variation
S1-203084347,S3-921506040,S3,Sweet All Southern Inc,allsweetsouthern.com,"TX, 8202 Burning Hills Drive, Houston","8202 Burning Hills Dr, Houston, Texas",US,US,71.42857142857143,82.85714285714285,False,False,1. spelling corruption
S1-25640246,S2-224321056,S2,Three Perfumes Private Limited,Sri Deltaveo,"235 Mahatma Phule Peth, Fl - 102, Pune City, Pune, Maharashtra","महाराष्ट्र, PUNE CITY, PUNE, 235 MAHATMA PHULE PETH",IN,IN,33.333333333333336,44.230769230769226,False,False,11. other
S1-450479853,S2-816115401,S2,Interstate Talent Partners LLC,Interstate Talent LLC Service,"2608 Rosedale Avenue, University Park, TX","ROSEDALE AVE, DALLAS CITY, TX",US,US,71.1864406779661,60.60606060606061,False,False,1. spelling corruption
S1-718100189,S2-34982172,S2,Pooran Traders Pvt Ltd,#poorantraders,"1114 Eleventh Floor D Mall Netaji Subhash Place, Pitam Pura, New Delhi, North West, Delhi","NO 1114 ELEVENTH FLOOR D MALL NETAJI SUBHASH PLACE, PITAM PURA, NEW DELHI, Delhi",IN,IN,74.28571428571429,91.35802469135803,False,False,1. spelling corruption
S1-409387649,S2-325234263,S2,Crystal Payroll Services LLC,CRYSTALPAYROLLSERVICES.COM,"586 Veb Smith Road, Russell, KY","0586 VEB SMITH ROAD, PMB 6564, RUSSELLS PRINGS, KY",US,US,88.88888888888889,76.31578947368422,False,False,1. spelling corruption
S1-796072458,S3-494046386,S3,Cholamandalam Enterprises Limited,cholamandalamenterprises.com,"No. 47 Dwaraka Nagar, Gajularamaram, Hyderabad, Telangana","H.no ##47 Dwaraka Nagar, Gajularamaram, Hyderabad, TG",IN,IN,85.24590163934427,91.0891089108911,False,False,1. spelling corruption
S1-990768876,S3-637958938,S3,Alpha Technologies Pvt Ltd,আলফা টেকনোলজিস প্রাইভেট লিমিটেড,"23A, Kalakar Street 1St Floor, Kolkata, Kolkata, Howrah, West Bengal","23A, Kalakar Street 1St Floor, Kolkata, Kolkata, Howrah, পশ্চিমবঙ্গ",IN,IN,10.526315789473683,83.2,False,True,10. cross-script
S1-990768876,S2-127073312,S2,Alpha Technologies Pvt Ltd,আলফা টেকনোলজিস প্রাইভেট লিমিটেড,"23A, Kalakar Street 1St Floor, Kolkata, Kolkata, Howrah, West Bengal","West Bengal, HOWRAH, KALAKAR STREET 1ST FLOOR, KOLKATA, 023A, KOLKATA",IN,IN,10.526315789473683,66.14173228346456,False,False,10. cross-script
S1-990768876,S3-489458193,S3,Alpha Technologies Pvt Ltd,আলফা টেকনোলজিস প্রাইভেট লিমিটেড,"23A, Kalakar Street 1St Floor, Kolkata, Kolkata, Howrah, West Bengal","23A, Kalakar Street 1St Floor, Kolkata, Kolkata, Howrah, WB",IN,IN,10.526315789473683,92.3076923076923,False,True,10. cross-script
S1-990768876,S2-926042647,S2,Alpha Technologies Pvt Ltd,Zepharia,"23A, Kalakar Street 1St Floor, Kolkata, Kolkata, Howrah, West Bengal","023A, KOLKATA, HOWRAH, West Bengal",IN,IN,23.529411764705888,63.829787234042556,False,False,9. address variation
S1-990768876,S2-241643760,S2,Alpha Technologies Pvt Ltd,Alpha Tcdhbnologies Pvt Ltd,"23A, Kalakar Street 1St Floor, Kolkata, Kolkata, Howrah, West Bengal","023A, KALAKAR STREET 1ST FLOOR, KOLKATA, KOLKATA, West Bengal",IN,IN,94.33962264150944,93.33333333333333,False,False,9. address variation
S1-182671401,S2-760521771,S2,Bay Intelligent LLC,BAY ÍNTELLIGENT LLC,"6563 1670, Bldg 44, Murray, UT","UT, 6563 1670, SALT LAKE CITY",US,US,94.73684210526316,55.55555555555556,False,False,10. cross-script
S1-182671401,S3-670078998,S3,Bay Intelligent LLC,Bay  LLC Center,"6563 1670, Bldg 44, Murray, UT","Bldg. 44, 1670, Utah, Salt Lake City",US,US,54.54545454545454,40.67796610169492,False,False,3. transliteration
S1-769462370,S3-495948653,S3,Rs Web Private Limited,rsweb.com,"Rajapushpa Summit, Sy. 130&115/1P, Nanakramguda Road, Ranga Reddy Dist., Financial District, Manikonda Jagir, Seri Lingampally, K.V.Rangareddy, Telangana","Rajapushpa Summit, Seri Lingampally, TG",IN,IN,45.16129032258065,40.21739130434783,False,False,3. transliteration
S1-788605214,S2-951374570,S2,Cascade Boutique,Cascade  Bodtbque,"2018 Bull Run Road, Schriever, LA","SCHRIEVER, LA, BULL RUN RD",US,US,87.5,43.63636363636364,False,False,1. spelling corruption
S1-788605214,S3-61727704,S3,Cascade Boutique,Cascade Partners Ventures,"2018 Bull Run Road, Schriever, LA",,US,US,53.65853658536586,0.0,False,False,6. missing address
S1-788605214,S2-928572208,S2,Cascade Boutique,Cascade  Services,"2018 Bull Run Road, Schriever, LA","02018 BULL RUN ROAD, SCHRIEVER, LA",US,US,62.5,98.41269841269842,False,False,1. spelling corruption
S1-123717587,S3-19984465,S3,Engineering,Engteering,"2227 Pointe Meadow Loop, Lehi, UT","2227 Pointe Meadow Loop, Lehi, Utah",US,US,85.71428571428572,96.875,False,True,1. spelling corruption
S1-370795267,S3-865002873,S3,Dynamic Consulting Private Limited,डायनामिक कंसल्टिंग प्राइवेट लिमिटेड,"9 12 Wing B Kanakia Wall Street, Maharashtra, 9Th Floor, Near Chakala Signal, Andheri East, Jb Na, Gar, Mumbai, Mumbai City","H.no #9 12 Wing B Kanakia Wall Street, 9Th Floor, Near Chakala Signal, Andheri East, Jb Na, Gar, Mumbai City, Bombay, महाराष्ट्र",IN,IN,8.695652173913048,82.05128205128204,False,False,10. cross-script
S1-370795267,S2-302360685,S2,Dynamic Consulting Private Limited,डायनामिक कंसल्टिंग प्राइवेट लिमिटेड,"9 12 Wing B Kanakia Wall Street, Maharashtra, 9Th Floor, Near Chakala Signal, Andheri East, Jb Na, Gar, Mumbai, Mumbai City","12 WING B KANAKIA WALL STREET, N/A, MUMBAI, Maharashtra",IN,IN,8.695652173913048,52.694610778443106,False,False,10. cross-script
S1-279609135,S3-933197228,S3,Pediatric Dentistry Center,Pediatric Déntistry Center,"307 Windover Drive, Raeford, NC","#307 Windover Dr, Raeford, North Carolina",US,US,96.15384615384616,77.61194029850746,False,False,10. cross-script
S1-279609135,S3-15113633,S3,Pediatric Dentistry Center,Pediatric Dentistry Center Co,"307 Windover Drive, Raeford, NC","#307 Windover Dr, Raeford, North Carolina",US,US,94.54545454545455,77.61194029850746,False,False,9. address variation
S1-279609135,S3-756861712,S3,Pediatric Dentistry Center,Pediatric Denitrsy  Center,"307 Windover Drive, Raeford, NC","#307 Windover Drive, Raeford, North Carolina",US,US,94.11764705882352,82.85714285714285,False,False,9. address variation
S1-756707691,S3-127775014,S3,Galaxy New Services,गैलेक्सी न्यू सर्विसेज,"Plot No 01, At Pattiwadga, Tq Ambejogai, Ambejogai, Beed, Maharashtra","#01, Beed, Ambejogai, महाराष्ट्र",IN,IN,9.756097560975608,34.78260869565217,False,False,10. cross-script
S1-756707691,S2-734087590,S2,Galaxy New Services,गैलेक्सी न्यू सर्विसेज,"Plot No 01, At Pattiwadga, Tq Ambejogai, Ambejogai, Beed, Maharashtra","NO 01., AT PATTIWADGA, TQ AMBEJOGAI, AMBEJOGAI, BEED, Maharashtra",IN,IN,9.756097560975608,95.9349593495935,False,False,10. cross-script
S1-586431501,S3-130777354,S3,Sai Gems (India) Limited,saigemsindiacom,"B-87, B-Block, New Janki Puri, New Delhi, West Delhi, Delhi","B-g-87, B-block, New Janki Puri, West Delhi, DL",IN,IN,70.27027027027026,84.5360824742268,False,False,1. spelling corruption
S1-47595977,S3-37174107,S3,Ambika Consultancy Private Limited,Ambika Consultancy,"Pune, Maharashtra, Pune, Aranyeshwar Park Fl No 7-C, Parwati, S No 82/2B/1/1A","S No 82/2B/1/1A, Pune, MH",IN,IN,69.23076923076923,31.57894736842105,False,False,1. spelling corruption
S1-47595977,S2-747992280,S2,Ambika Consultancy Private Limited,Ambika Conusltany Private Limited,"Pune, Maharashtra, Pune, Aranyeshwar Park Fl No 7-C, Parwati, S No 82/2B/1/1A","S NO 82/2B/1/1A, ARANYESHWAR PARK FL NO 7-C, PARATI, PUNE, Maharashtra",IN,IN,95.52238805970148,59.42028985507246,False,False,9. address variation
S1-770577002,S3-398936002,S3,Sunrise Consulting Private Limited,सनराइज कंसल्टिंग प्राइवेट लिमिटेड,"2Nd Floor, Flat No 2C, Block-Jd, Pitampura, Delhi, North West Delhi, Delhi","No 2Nd Floor, Flat No 2C, Block-jd, Pitampura, Delhi, North West Delhi, DL",IN,IN,8.955223880597018,95.58823529411765,False,False,10. cross-script
S1-770577002,S3-751828925,S3,Sunrise Consulting Private Limited,सनराइज कंसल्टिंग प्राइवेट लिमिटेड,"2Nd Floor, Flat No 2C, Block-Jd, Pitampura, Delhi, North West Delhi, Delhi","#2Nd Floor, North West Delhi, Delhi, DL",IN,IN,8.955223880597018,62.13592233009708,False,False,10. cross-script
S1-770577002,S3-956342702,S3,Sunrise Consulting Private Limited,सनराइज कंसल्टिंग प्राइवेट लिमिटेड,"2Nd Floor, Flat No 2C, Block-Jd, Pitampura, Delhi, North West Delhi, Delhi","2Nd Floor, Delhi, DL, North West Delhi",IN,IN,8.955223880597018,62.13592233009708,False,False,10. cross-script
S1-770577002,S2-32153709,S2,Sunrise Consulting Private Limited,सनराइज कंसल्टिंग प्राइवेट लिमिटेड,"2Nd Floor, Flat No 2C, Block-Jd, Pitampura, Delhi, North West Delhi, Delhi","DOOR NO 2ND FLOOR, FLAT NO 2C, BLOCK-JD, PITAMPURA, DELHI, NORTH WEST DELHI, दिल्ली",IN,IN,8.955223880597018,86.89655172413792,False,False,10. cross-script
S1-78050513,S2-92389913,S2,Aurora Inc.,aur0ra.com,"2001 Sheridan Street, Hyattsville, MD","MD, HYATTSILLE CDP, 002001 SHERIDAN ST",US,US,70.0,45.070422535211264,False,False,1. spelling corruption
S1-247875687,S3-244712838,S3,Five Fuel Corporation,fivefuel.com,"Near Abjibapa Green Anjana Chowk, Viratnagar Road Nikol, House No:704 Shree Sharan, Ahmedabad, Gujarat, Ahmedabad","No. 360 House No:704 Shree Sharan, Ahmedabad, ગુજરાત",IN,IN,66.66666666666667,50.955414012738856,False,False,1. spelling corruption
S1-247875687,S3-380082456,S3,Five Fuel Corporation,Five (Fue1),"Near Abjibapa Green Anjana Chowk, Viratnagar Road Nikol, House No:704 Shree Sharan, Ahmedabad, Gujarat, Ahmedabad","No. 360 House No:704 Shree Sharan, Near Abjibapa Green Anjana Chowk, Viratnagar Road Nikol, Ahmedabad, GJ",IN,IN,53.333333333333336,64.42307692307692,False,False,9. address variation
S1-115860881,S3-615911644,S3,Primary Care Health,Care Primary Hllth,"600 Trollview Road, Fl 0, Grants Pass, OR","60 Trollview Rd, Floor 0, Grants Pass, Oregon",US,US,64.86486486486487,87.5,False,False,1. spelling corruption
S1-115860881,S2-92897117,S2,Primary Care Health,PRIMARY CAFDORE  HEALTH,"600 Trollview Road, Fl 0, Grants Pass, OR",,US,US,92.6829268292683,0.0,False,False,6. missing address
S1-727574507,S3-21615889,S3,Crestline Inc,Crestline Inc. - 3429205397,"70 Aj White Drive, Catlin, NY","Pine Valley, New York, 70 Aj White Drive",US,US,70.27027027027026,52.3076923076923,False,False,1. spelling corruption
S1-727574507,S3-126944236,S3,Crestline Inc,The Crestline Inc,"70 Aj White Drive, Catlin, NY","Catlin, 70 Aj White Dr, New York",US,US,86.66666666666667,63.1578947368421,False,False,1. spelling corruption
S1-727574507,S2-879915094,S2,Crestline Inc,DELTAVANTAGE,"70 Aj White Drive, Catlin, NY","70 AJ WHITE DR, PINE VALLEY, NY",US,US,31.999999999999996,78.57142857142857,False,True,9. address variation
S1-131779221,S3-725145154,S3,Crystal Cascade Fields LLC,crystalcascadefields.com,"129 Main Street, Fl 0, Cheney, KS","Cheney, Kansas, Floor 0, 129 Man St",US,US,88.0,41.93548387096774,False,False,1. spelling corruption
S1-131779221,S3-254918198,S3,Crystal Cascade Fields LLC,Crystal Cascade,"129 Main Street, Fl 0, Cheney, KS","Cheney, Kansas, 129 Main Street",US,US,73.17073170731707,50.847457627118644,False,False,1. spelling corruption
S1-701463389,S3-231696166,S3,East Consultancy Private Limited,ईस्ट कंसल्टेंसी प्राइवेट लिमिटेड,"Shop No. 21 Rrt Market, Near Agrawal Sweets, Huzur, Bhopal, Madhya Pradesh","Bhopal, Near Agrawal Sweets, MP, Shop No. 21 Rrt Market, Huzur",IN,IN,9.375,55.55555555555556,False,False,10. cross-script
S1-701463389,S2-854725558,S2,East Consultancy Private Limited,ईस्ट कंसल्टेंसी प्राइवेट लिमिटेड,"Shop No. 21 Rrt Market, Near Agrawal Sweets, Huzur, Bhopal, Madhya Pradesh","HUZUR, SHOP NO. C-21 RRT MARKET, ASHOKA GARDEN, Madhya Pradesh",IN,IN,9.375,66.14173228346456,False,False,10. cross-script
S1-701463389,S3-882024861,S3,East Consultancy Private Limited,ईस्ट कंसल्टेंसी प्राइवेट लिमिटेड,"Shop No. 21 Rrt Market, Near Agrawal Sweets, Huzur, Bhopal, Madhya Pradesh","#21 Rrt Market, Near Agrawal Sweets, Huzur, Bhopal, MP",IN,IN,9.375,83.05084745762711,False,False,10. cross-script
S1-738080129,S3-439075430,S3,1187 First Place Apartments Inc.,Fayeveralyra,"38 School Street, Sunderland, MA","Sunderland, 38 1/2 School Street, Massachusetts",US,US,23.25581395348837,53.333333333333336,False,False,9. address variation
S1-29305840,S2-632921846,S2,Frontier Pet Care,Frontier  Pet Care Co | www.frontier.com,"5193 Queen Bishop Lane, VA, James City County","QUEEN BISHOP LANE, VA, WILIAMSBURG",US,US,62.96296296296296,66.66666666666667,False,False,1. spelling corruption
S1-725860088,S3-467690282,S3,Products Beena Business Private Limited,Products Bleta Business Private Limited,"833 Sadashiv Peth, Pune, Maharashtra","A-833 Sadashiv Peth, Pune, महाराष्ट्र",IN,IN,94.87179487179486,66.66666666666667,False,False,9. address variation
S1-779697639,S3-958685893,S3,Sweet Massage LLC,Koryuma,"66 Bank Street, New York, NY","Bank St, New York",US,US,16.666666666666664,76.19047619047619,False,False,9. address variation
S1-514914092,S3-278284525,S3,Mcpherson Environmental Center,Mcpherson Environmental Services,"KS, 1769 Quivira Road, Mcpherson","1769 Quivira Rd, Kansas, Mcpherson",US,US,83.87096774193549,80.64516129032258,False,False,1. spelling corruption
S1-514914092,S2-949815372,S2,Mcpherson Environmental Center,Mcpherson Environmental Cénter,"KS, 1769 Quivira Road, Mcpherson","1769 QUIVIRA RD, MCPHERSON, KS",US,US,96.66666666666667,86.20689655172413,False,False,10. cross-script
S1-514914092,S3-707084033,S3,Mcpherson Environmental Center,mcphersonenvironmentalcentercom,"KS, 1769 Quivira Road, Mcpherson","1769 Quivira Rd, PMB 2675, Mcpherson, Kansas",US,US,91.80327868852459,70.4225352112676,False,False,9. address variation
S1-932319861,S3-498463655,S3,Hari Energy Limited,Dr Hari Energy,"C/O Bhuneswar Dullapur Tarhar Post Thadkki Pattigonda, Gonda, Uttar Pradesh","Hn 261 C/o Bhuneswar Dullapur Tarhar Post Thadkki Pattigonda, Gonda, UP",IN,IN,66.66666666666667,87.32394366197182,False,False,1. spelling corruption
S1-932319861,S2-814254701,S2,Hari Energy Limited,हरि एनर्जी लिमिटेड,"C/O Bhuneswar Dullapur Tarhar Post Thadkki Pattigonda, Gonda, Uttar Pradesh","उत्तर प्रदेश, DOOR NO 729 C/O BHUNESWAR DULLAPUR TARHAR POST THADKKI PATTIGONDA, GONDA",IN,IN,10.81081081081081,75.15923566878982,False,False,10. cross-script
S1-315485263,S3-838333019,S3,Mumbai Ship Private Limited,Mumbai [Ship],"4Th Floor, Man Excellenza, S. V. Road, Vile Parle (West), 401, Maharashtra, Mumbai City, Mumbai","MH, Block A-414 401, Mumbai (SUBURBAN), Mumbai City",IN,IN,57.89473684210527,46.15384615384615,False,False,3. transliteration
S1-273892124,S2-114931413,S2,Operating Engineers Local Union 874 LP,EOLOCAL.COM,"2251 Watt Avenue, Unit APT 122, Sacramento, CA","SACRAMENTO, CA, #2251 WATT AVENUE, NULL",US,US,32.6530612244898,46.15384615384615,False,False,11. other
S1-401962540,S3-303531883,S3,Shyam Enterprises Private Limited,ശ്യാം എന്റർപ്രൈസസ് പ്രൈവറ്റ് ലിമിറ്റഡ്,"Tc 40/1143, Mayuram Near Jagathy Ups, Kochar Road, Thiruvananthapuram, Thiruvananthapuram, Trivandrum, Kerala","Tc 40/1143, Divreportingcircle, Trivandrum, KL",IN,IN,8.450704225352112,47.945205479452056,False,False,10. cross-script
S1-401962540,S3-644145226,S3,Shyam Enterprises Private Limited,Smt Shyam Enterprises Private Ltd,"Tc 40/1143, Mayuram Near Jagathy Ups, Kochar Road, Thiruvananthapuram, Thiruvananthapuram, Trivandrum, Kerala","Tc 40/1143, Divreportingcircle, Trivandrum, കേരളം",IN,IN,87.87878787878788,44.29530201342282,False,False,1. spelling corruption
S1-401962540,S2-138207408,S2,Shyam Enterprises Private Limited,ശ്യാം എന്റർപ്രൈസസ് പ്രൈവറ്റ് ലിമിറ്റഡ്,"Tc 40/1143, Mayuram Near Jagathy Ups, Kochar Road, Thiruvananthapuram, Thiruvananthapuram, Trivandrum, Kerala","PLOT 829 TC 40/1143, MAYURAM NEAR JAGATHY UPS, KOCHAR ROAD, THIRUVANANTHAPURAM, TRIVANDRUM, THIRUVANANTHAPURAM, കേരളം",IN,IN,8.450704225352112,80.37383177570094,False,False,10. cross-script
S1-701925525,S2-848542038,S2,Fuller Midwest Quantumsphere PC,Fuller Midwest Qeatnfutspree PC,"3701 Orchard Street, Unit #H8, Tacoma, WA","Orchard Street, TACOMA, WA",US,US,83.87096774193549,78.68852459016394,False,False,1. spelling corruption
S1-701925525,S3-942602954,S3,Fuller Midwest Quantumsphere PC,Fuller Midwest PC Center,"3701 Orchard Street, Unit #H8, Tacoma, WA","Orchard Street, Unit #H8, Tacoma, Washington",US,US,69.0909090909091,83.11688311688312,False,False,1. spelling corruption
S1-969860294,S3-991713335,S3,E M Allison Quartzsea LLC,E M Allison Qautszrfha LLC,"44 Harbor Hills Drive, Port Jefferson, NY","#44 Harbor Hills Dr, <NULL>, Port Jefferson, New York",US,US,82.35294117647058,83.72093023255813,False,False,1. spelling corruption
S1-150691226,S2-341153486,S2,Universal Healthcare Private Limited,യൂണിവേഴ്സൽ ഹെൽത്ത്‌കെയർ പ്രൈവറ്റ് ലിമിറ്റഡ്,"Door No. 13/420/2It1 Tower 1, Alfa Horizon, Ernakulam, Kerala","DOOR NO. 13/420/2IT1 TOWER 1, ALFA HORIZON, ERNAKULAM, Keralam",IN,IN,7.594936708860756,99.1304347826087,False,False,10. cross-script
S1-259029193,S2-543753747,S2,Empire Coalition P.C.,Empire Coamtin P.C.,"49 Tookany Creek Parkway, Cheltenham Township, PA","PA, CHELTENHAM TOWNSHIP, 49 TOOKANY CREEK PKWY",US,US,89.47368421052632,52.74725274725275,False,False,1. spelling corruption
S1-441666409,S3-539661589,S3,Mangala Financial Private Limited,@mangalafinancial,"8A, Amrutha Ville, Raj Bhavan Road Somajiguda, Hyderabad, Telangana","8A, Hyderabad, <NULL>, TG",IN,IN,65.3061224489796,36.14457831325302,False,True,1. spelling corruption
S1-921803087,S2-315843966,S2,Southern Equitable LLC,Southern LLC Center,"IL, 961 Cambridge Drive, Grayslake","961 1/2 CAMBRIDGE DR, GRAYSLAKE, IL",US,US,58.53658536585367,80.0,False,False,9. address variation
S1-977092256,S2-408942162,S2,India Prajapati Wears Ltd,BELOONYXLYRA,"Pj Home Old No 2/3 New No 16 2Nd Street Extn, Sarathy Nagar, Velacher, Y, Chennai, Tamil Nadu","PJ HOME OLD NO 2/3 NEW NO 16 2ND STREET EXTN, CHENNAI, Tamil Nadu",IN,IN,16.216216216216218,83.44370860927152,False,False,9. address variation
S1-948731729,S3-131757759,S3,Lucas Nexpoint Inc,Lucas Nexpoint,"103 Kawga Way, Loudon, TN","10 Kawga Way, Loudon, Tennessee",US,US,87.5,84.61538461538461,False,False,1. spelling corruption
S1-729843057,S3-345904789,S3,Idea Medical Centre,Idea Centre Services,"103, Darshan Complex, Africa Colony, Main Road, Rajkot, Gujarat","Block E-247 103, Rajkot, GJ",IN,IN,56.41025641025641,36.14457831325302,False,False,3. transliteration
S1-965066850,S2-823307252,S2,Pediatric Dentistry Group Corp,Corp Pediatric Detnitry Group,"9325 Branding Iron Boulevard, Natrona, WY","BRANDING IRON BLVD, CASPER, WY",US,US,77.96610169491525,71.64179104477613,False,False,1. spelling corruption
S1-965066850,S2-303487067,S2,Pediatric Dentistry Group Corp,Pediatric Dentistry Gróup Corp,"9325 Branding Iron Boulevard, Natrona, WY","WY, NATRONA, 9325 BRANDING IRON BOULEVARD",US,US,96.66666666666667,71.7948717948718,False,False,10. cross-script
S1-404290206,S2-315370509,S2,Sam Trading Pvt Ltd,5am Trading Pvt Limited,"Plot No. 14, Hisar, Industrial, Area, Jindal Factory Road, Haryana, Hisar","PLOT NO. 14, HISAR, GANGAWA, हरियाणा",IN,IN,85.71428571428572,44.89795918367348,False,False,1. spelling corruption
S1-404290206,S2-74586719,S2,Sam Trading Pvt Ltd,Dr SAM PVT LTD SERVICES,"Plot No. 14, Hisar, Industrial, Area, Jindal Factory Road, Haryana, Hisar","#14 , INDUSTRIAL, AREA, JINDAL FACTORY ROAD, HISAR, Haryana",IN,IN,52.38095238095239,77.96610169491525,False,False,9. address variation
S1-404290206,S3-225108304,S3,Sam Trading Pvt Ltd,Pvt Sam Terhdasng Ltd,"Plot No. 14, Hisar, Industrial, Area, Jindal Factory Road, Haryana, Hisar","Plot No. D/14, Industrial, Area, Jindal Factory Road, Hisar, हरियाणा",IN,IN,65.0,81.25,False,False,1. spelling corruption
S1-418063241,S3-805289003,S3,New Delhi Real Private Limited,New Delhi Réal Private Limited,"A-106 Dda Shed, Okhla Industrial Area-Ii, New Delhi, South Delhi, Delhi","A-506 Dda Shed, New Delhi, DL",IN,IN,96.66666666666667,55.319148936170215,False,False,10. cross-script
S1-486101710,S3-571689837,S3,Operating Engineers Local 538,Operating Engineers Local,"111665 Wuertzburg Road, Town Of Johnson, WI","00111665 Wuertzburg Rd, Town Of Johnson, Wisconsin",US,US,92.5925925925926,87.64044943820225,False,False,9. address variation
S1-486101710,S3-70441005,S3,Operating Engineers Local 538,Operating Engineers,"111665 Wuertzburg Road, Town Of Johnson, WI","Wuertzburg Rd, Town Of Johnson, Wisconsin",US,US,79.16666666666666,80.0,False,False,1. spelling corruption
S1-742906295,S2-545015858,S2,Sai Finance Private Limited,సాయి ఫైనాన్స్ ప్రైవేట్ లిమిటెడ్,"Plot No. 57, Road No. 05, Aleap-Ie Gajularamaram, Hyderabad, Telangana","PLOT NO. 57, ALEAP-IE GAJULARAMARAM, తెలంగాణ",IN,IN,10.344827586206895,64.76190476190476,False,False,10. cross-script
S1-742906295,S2-51484190,S2,Sai Finance Private Limited,సాయి ఫైనాన్స్ ప్రైవేట్ లిమిటెడ్,"Plot No. 57, Road No. 05, Aleap-Ie Gajularamaram, Hyderabad, Telangana","Telangana, ALEAP-IE GAJULARAMARAM, HYDERABAD, 57",IN,IN,10.344827586206895,69.72477064220183,False,False,10. cross-script
S1-742906295,S3-520307083,S3,Sai Finance Private Limited,Sai Fínance Private Limited,"Plot No. 57, Road No. 05, Aleap-Ie Gajularamaram, Hyderabad, Telangana","Plot No. 57, Aleap-ie Gajularamaram, Hyderabad, Andhra Pradesh",IN,IN,96.2962962962963,78.68852459016394,False,False,10. cross-script
S1-742906295,S3-989867882,S3,Sai Finance Private Limited,సాయి ఫైనాన్స్ ప్రైవేట్ లిమిటెడ్,"Plot No. 57, Road No. 05, Aleap-Ie Gajularamaram, Hyderabad, Telangana","H.no 57, Road No. 05, Aleap-ie Gajularamaram, Hyderabad, Andhra Pradesh",IN,IN,10.344827586206895,84.61538461538461,False,False,10. cross-script
S1-782203316,S3-188921019,S3,Custom Talent Laboratories LLC,Custom Talehn Laboratories (LLC),"305 Rosser Avenue, Bismarck, ND","Bismarck, 305 Rosser Ave, North Dakota",US,US,96.66666666666667,55.38461538461539,False,False,9. address variation
S1-423389454,S3-150603805,S3,Nagpur Chemicals Private Limited,Nagpur Chemicals,"Near Rai Town Ii, Vinoba Nagar, Maharashtra, Nagpur","H.no 403 Vinoba Nagar, Near Rai Town Ii, Nagpur, MH",IN,IN,66.66666666666667,58.33333333333333,False,False,1. spelling corruption
S1-423389454,S2-148843180,S2,Nagpur Chemicals Private Limited,Nagpur Chemicsls Private Limited,"Near Rai Town Ii, Vinoba Nagar, Maharashtra, Nagpur",,IN,IN,96.875,0.0,False,False,6. missing address
S1-697391570,S3-126175368,S3,Lantern Group,Lantern Gróup,"5911 Davison Road, Bldg Left, Newstead, NY","005911 Davison Rd, Bldg. Left, Newstead, New York",US,US,92.3076923076923,88.09523809523809,False,False,10. cross-script
S1-676384617,S2-816384710,S2,East Impex Limited,ઈસ્ટ ઇમ્પેક્સ લિમિટેડ,"G-2 Yeshnidhi Apt29 Sarswati Society Paldi, Ahmedabad, Gujarat","G-##2 YESHNIDHI APT29 SARSWATI SOCIETY PALDI, AHMEDABAD, ગુજરાત",IN,IN,10.256410256410254,89.07563025210084,False,False,10. cross-script
S1-676384617,S2-507270760,S2,East Impex Limited,East Impex,"G-2 Yeshnidhi Apt29 Sarswati Society Paldi, Ahmedabad, Gujarat","G-##2 YESHNIDHI APT29 SARSWATI SOCIETY PALDI, AHMEDABAD, ગુજરાત",IN,IN,71.42857142857143,89.07563025210084,False,False,1. spelling corruption
S1-676384617,S3-594133069,S3,East Impex Limited,ઈસ્ટ ઇમ્પેક્સ લિમિટેડ,"G-2 Yeshnidhi Apt29 Sarswati Society Paldi, Ahmedabad, Gujarat","G-c-2 Yeshnidhi Apt29 Sarswati Society Paldi, Ahmedabad, ગુજરાત",IN,IN,10.256410256410254,87.60330578512396,False,False,10. cross-script
S1-35758020,S2-108613763,S2,Deep Inclusive Pvt Ltd,Smt DEEP INCILUEV PVT LTD,"Shop No 106, Rubby Complex, Fire Station, Bhavnagar Rd, Rajkot, Gujarat","SHOP NO C-106 , RUBBY COMPLEX, FIRE STATION, BHAVNAGAR RD, RAJKOT, Gujarat",IN,IN,80.85106382978724,98.50746268656717,False,False,1. spelling corruption
S1-315737260,S2-272717341,S2,Womens Health Physicians,Physicians Health W0mens,"1919 Evergreen Park Drive, Unit 79, Olympia, WA","1919 EVERGREEN PALK DR, OLYMPIA, WA",US,US,50.0,83.11688311688312,False,True,9. address variation
S1-315737260,S2-614913064,S2,Womens Health Physicians,Womens Physicians Health,"1919 Evergreen Park Drive, Unit 79, Olympia, WA","WA, OLYMPIA, 1919 EVERGREEN PARK DR",US,US,70.83333333333333,57.14285714285714,False,False,5. word reordering
S1-714123369,S3-468440656,S3,Gokulesh Products Private Limited,Deltaavi,"Flat No. E-1004, Daffodil, Amit Bloom Field, Ambegaon, Haveli, Pune, Maharashtra","Flat No. E-1004, Daffodil, Amit Bloom Field, Ambegaon, Haveli, Pune, MH",IN,IN,19.512195121951216,93.43065693430657,False,False,9. address variation
S1-875323964,S2-287223729,S2,Dream Global LLP,ड्रीम ग्लोबल एलएलपी,"Kalpataru Apt, Pl. 3, 4, 5, 6, S. No. 1/11 123 Karvenagar, Pune, Maharashtra","KALPATARU APT, POONA, PUNE, Maharashtra",IN,IN,11.428571428571432,68.62745098039215,False,False,10. cross-script
S1-875323964,S3-215479820,S3,Dream Global LLP,dreamglobal.com,"Kalpataru Apt, Pl. 3, 4, 5, 6, S. No. 1/11 123 Karvenagar, Pune, Maharashtra","महाराष्ट्र, Pune, Kalpataru Apt",IN,IN,77.41935483870968,27.368421052631575,False,False,1. spelling corruption
S1-875323964,S3-489345628,S3,Dream Global LLP,ड्रीम Global एलएलपी,"Kalpataru Apt, Pl. 3, 4, 5, 6, S. No. 1/11 123 Karvenagar, Pune, Maharashtra","Kalpataru Apt, Pune, MH",IN,IN,45.714285714285715,48.275862068965516,False,False,10. cross-script
S1-893335158,S3-888106797,S3,Kollam Marketing Private Limited,kollammarketingprivate.com,"Bhavana Nagar, Prathibha Junction Kadappakkada, Kollam, Kerala","Bhavana Nagar, Prathibha Junction Kadappakkada, Kollam, Keralam",IN,IN,82.75862068965517,99.15966386554622,False,False,1. spelling corruption
S1-996511531,S2-803984186,S2,XU Education Pvt Ltd,XU PVT-LTD CENTER,"Udn Altius, #13 15Th Crs, Jp Nagar 6Th Phase, Bangalore South, Bangalore, Karnataka","UDN ALTIUS, ##13 15TH CRS, JP NAGAR 6TH PHASE, BANGALORE SOUTH, ಕರ್ನಾಟಕ",IN,IN,54.054054054054056,81.69014084507043,False,False,9. address variation
S1-708686967,S2-612179894,S2,Santacruz East Team Private Limited,Ectorizadrex,"Mumbai City, Grand Palladium, 6Th Floor, 175 Cst Road Kolivery Village, Mmrda Area, Maharashtra, Santacruz East","GRAND PALLADIUM, 6TH FLOOR, 175 CST ROAD KOLIVERY VILLAGE, MMRDA AREA, MUMBAI CITY, SANTACRUZ EAST, Maharashtra",IN,IN,25.531914893617024,80.95238095238095,False,False,9. address variation
S1-489135257,S3-178874432,S3,Sun Hospitality,sunhospitality.com,"C/O Mukesh Choudhary H.No.-14 Panchsheel Bhavan Imaliya Kareli, Kareli, Narsinghpur, Madhya Pradesh","Kareli, MP, C/o Mukesh Choudhary H.no.-014 Panchsheel Bhavan Imaliya Kareli, Divreportingcircle",IN,IN,84.84848484848484,75.26881720430107,False,False,1. spelling corruption
S1-489135257,S2-733861,S2,Sun Hospitality,सन हॉस्पिटैलिटी,"C/O Mukesh Choudhary H.No.-14 Panchsheel Bhavan Imaliya Kareli, Kareli, Narsinghpur, Madhya Pradesh","C/O MUKESH CHOUDHARY H.NO.-##14 PANCHSHEEL BHAVAN IMALIYA KARELI, NULL, KARELI, NARSINGHPUR, मध्य प्रदेश",IN,IN,6.666666666666665,85.41666666666666,False,False,10. cross-script
S1-489135257,S2-178467537,S2,Sun Hospitality,सन हॉस्पिटैलिटी,"C/O Mukesh Choudhary H.No.-14 Panchsheel Bhavan Imaliya Kareli, Kareli, Narsinghpur, Madhya Pradesh","C/O MUKESH CHOUDHARY H.NO.-##14 PANCHSHEEL BHAVAN IMALIYA KARELI, NULL, KARELI, NARSINGHPUR, मध्य प्रदेश",IN,IN,6.666666666666665,85.41666666666666,False,False,10. cross-script
S1-117808840,S3-235758433,S3,PG Regional Black P.C.,P.C. PG Regional Bláck,"622 Mulligan Avenue, Watford City, ND","Watford City Townsip, North Dakota, 622. Mulligan Ave",US,US,76.19047619047619,37.64705882352941,False,False,10. cross-script
S1-117808840,S3-862815179,S3,PG Regional Black P.C.,PG Regional Regional Blck P.C.,"622 Mulligan Avenue, Watford City, ND","North Dakota, Watford City Townsip, 622. Mulligan Avenue",US,US,80.0,43.18181818181818,False,False,1. spelling corruption
S1-363066279,S3-655713613,S3,Disha Consultants Private Limited,dishaconsultants.com,"Flat No.102, Telangana, Rangareddy, Puppalaguda, Plot No.67, 68, Roadno.10, Dvr Residency, Panchavati Colony, Manikonda","TG, Rangareddy, Hyderabad City Region, Flat No.102",IN,IN,67.9245283018868,38.21656050955414,False,False,1. spelling corruption
S1-392010310,S3-921171282,S3,Critical Services Public Limited,Critical Services Public Límited,"A-501, Cloud 36, Plot 6, Sector 11, Ghansoli, Rabale, Thane, Maharashtra",,IN,IN,96.875,0.0,False,False,6. missing address
S1-392010310,S2-216856305,S2,Critical Services Public Limited,critica1servicespublic.com,"A-501, Cloud 36, Plot 6, Sector 11, Ghansoli, Rabale, Thane, Maharashtra","A-501, CLOUD 36, PLOT 6, SECTOR 11, GHANSOLI, RABALE, Maharashtra",IN,IN,79.3103448275862,95.16129032258065,False,False,1. spelling corruption
S1-277892140,S3-278172571,S3,Patriot Rock LP,Patriot LP Partners,"120 Covert Avenue, Hempstead, NY","Emont, 120-D Covert Ave, New York",US,US,58.82352941176471,59.01639344262295,False,False,9. address variation
S1-574013754,S3-860636817,S3,My Technologies Pvt Ltd,Pyrarizazeph,"C/O Pradip Kumar, Narayan, Hospital, Thana Road, Chapra, Saran, Bihar","C/o Pradip Kumar, Narayan, Hospital, Thana Road, Chapra, Saran, बिहार",IN,IN,22.857142857142854,92.06349206349206,False,False,9. address variation
S1-574013754,S2-63621584,S2,My Technologies Pvt Ltd,माय टेक्नोलॉजीज प्रा. लि.,"C/O Pradip Kumar, Narayan, Hospital, Thana Road, Chapra, Saran, Bihar","NARAYAN, HOSPITAL, THANA ROAD, SARAN, C/O PRADIP KUMAR, बिहार, CHAPRA",IN,IN,13.043478260869568,61.904761904761905,False,False,10. cross-script
S1-316765496,S2-92737934,S2,City Universal Systems Private Limited,சிட்டி யுனிவர்சல் சிஸ்டம்ஸ் பிரைவேட் லிமிடெட்,"40/167, Ganapathy Nagar Tiruvanaikoil, Trichy, Tiruchirappalli, Tamil Nadu","40/167, தமிழ்நாடு, TRICHY, TIRUCHIRAPPALLI",IN,IN,9.638554216867467,55.04587155963303,False,True,10. cross-script
S1-636932242,S3-505688016,S3,Site & Co,Shte & [Co],"883, Sector-24, Huda, Panipat, Haryana","##883, Sector-24, Huda, Panipat, HR",IN,IN,90.9090909090909,92.06349206349206,False,False,9. address variation
S1-798267521,S2-600655371,S2,North Red Developers Limited,नॉर्थ रेड डेवलपर्स लिमिटेड,"C/O Dhirendra Pathak, Vill Dayalpur, Tola Dayalpur, Panch Hasni, Block- Chandi, Nagarnausa, Nalanda, Bihar","NALANDA, C/O DHIRENDRA PATHAK, Bihar, NAGARNAUSA",IN,IN,11.111111111111116,48.951048951048946,False,False,10. cross-script
S1-388367658,S3-827805774,S3,Daniels Efes,Daniels Éfes,"284 Fairview Avenue, Chicopee, MA","Chicopee, Massachusetts, 284 Fairview Avenue",US,US,91.66666666666666,52.05479452054795,False,False,10. cross-script
S1-900587732,S2-879960310,S2,Shiv Infra Pvt Ltd,ശിവ് ഇൻഫ്ര പ്രൈവറ്റ് ലിമിറ്റഡ്,"Kp 3/710 K, Orchid Ppd Blooms Vattappara, Thiruvananthapuram, Trivandrum, Kerala","KP 3/710. K, THIRUVANANTHAPURAM, TRIVANDRUM, കേരളം",IN,IN,12.5,67.21311475409837,False,False,10. cross-script
S1-872345974,S3-28818750,S3,20/20 Vision Center,20/20 Viicsno Center,"6055 48th Avenue, Seattle, WA",,US,US,87.17948717948718,0.0,False,False,6. missing address
S1-872345974,S3-693927578,S3,20/20 Vision Center,2020visioncentercom,"6055 48th Avenue, Seattle, WA","Seattle, Washington, 6055 48th Avenue",US,US,84.21052631578947,51.61290322580645,False,False,1. spelling corruption
S1-122435868,S2-529180938,S2,Interstate Landscaping LLC,Interstate LLC Service,"1205 A Peterson Avenue, Park Ridge, IL","PETERSON AVENUE, PARK RIDGGE, IL",US,US,62.5,87.87878787878788,False,False,1. spelling corruption
S1-122435868,S2-187564931,S2,Interstate Landscaping LLC,Interstate Landscaping,"1205 A Peterson Avenue, Park Ridge, IL","PARK RIDGGE, IL, 1205 A. Peterson Ave",US,US,91.66666666666666,54.28571428571429,False,False,9. address variation
S1-187137973,S3-605659263,S3,Bb Corporations Private Limited,Private Bb Corptlons Limited,"Office No Oc1124, Gaur City Center Mall, Noida, Gautam Buddha Nagar, Uttar Pradesh","Office No Oc1124, Gaur City Center Mall, Gautam Buddha Nagar, Noida, UP",IN,IN,64.40677966101696,85.51724137931033,False,False,1. spelling corruption
S1-885244018,S3-587377821,S3,Ace Liberty Health,#aceliberty,"8026 Whisper Grove Drive, Magnolia, TX","008026 Whisper Grove Drive, Magnolia CITY, Texas",US,US,71.42857142857143,87.8048780487805,False,False,1. spelling corruption
S1-989648385,S2-792641706,S2,Aditya Management Pvt Ltd,આદિત્ય મેનેજમેન્ટ પ્રા. લિ.,"40, Jaysomnath Society, B/H. Civil Hospital, Nadiad, Kheda, Gujarat","KHEDA, ગુજરાત, JAYSOMNATH SOCIETY, B/H. CIVIL HOSPITAL, NADIAD, 40",IN,IN,12.0,76.03305785123968,False,False,10. cross-script
S1-989648385,S3-26084020,S3,Aditya Management Pvt Ltd,આદિત્ય મેનેજમેન્ટ પ્રા. લિ.,"40, Jaysomnath Society, B/H. Civil Hospital, Nadiad, Kheda, Gujarat","40, Nadiad, Kheda, GJ",IN,IN,12.0,45.56962025316456,False,True,10. cross-script
S1-141150350,S2-866497481,S2,Smith's Cascade Printing LLC,cascadesmithsprinting.com,"CA, Sacramento, 18 Carver Court","18 CARVER CT, CA, SACRAMENTO",US,US,64.15094339622642,47.27272727272728,False,False,1. spelling corruption
S1-141150350,S2-578711659,S2,Smith's Cascade Printing LLC,Smith's Cascade | www.smithsca.com,"CA, Sacramento, 18 Carver Court","18 CARVER CUORT, SACRAMENTO, CA",US,US,66.66666666666667,55.172413793103445,False,False,1. spelling corruption
S1-852243259,S3-651305621,S3,Maid Pub,Maid Pub LP,"5854 Monroe Road, Unit C1, Charlotte, NC","Monroe Road, Unit C1, Charlotte, North Carolina",US,US,84.21052631578947,79.01234567901234,False,False,1. spelling corruption
S1-745012557,S3-554725679,S3,Shiva It LLP,Shiva (It),"232 Maqdoom Nagar Sayyedwadiwadi Vatwa, Ahmedabad, Gujarat","Door No 232 Maqdoom Nagar Sayyedwadiwadi Vatwa, Ahmedabad, GJ",IN,IN,80.0,88.69565217391305,False,False,1. spelling corruption
S1-213169015,S2-925948087,S2,Lucknow Projects Private Limited,Luckn0w Projects Private Limited,"C4-1001, Rishita Manhattan, Sec7, Gomtinagar Extension, Lucknow, Uttar Pradesh","C004-1001, RISHITA MANHATTAN, SEC7, GOMTINAGAR EXTENSION, LUCKNOW, उत्तर प्रदेश",IN,IN,96.875,82.99319727891157,False,False,2. OCR corruption
S1-958290426,S2-488425615,S2,Om Builders LLP,ओम बिल्डर्स एलएलपी,"Shop No 4, Tower-F, Ground Floor Saya Zion, Plot No-Gh-01, Noida, Gautam Buddha Nagar, Uttar Pradesh","#4, NOIDA, GAUTAM BUDDHA NAGAR, Uttar Pradesh",IN,IN,12.121212121212121,60.74074074074074,False,False,10. cross-script
S1-958290426,S3-843151521,S3,Om Builders LLP,Om LLP Center - 1047760109,"Shop No 4, Tower-F, Ground Floor Saya Zion, Plot No-Gh-01, Noida, Gautam Buddha Nagar, Uttar Pradesh","Sohp No 2-4, Tower-f, Ground Floor Saya Zion, Plot No-gh-01, Noida, Gautam Buddha Nagar, UP",IN,IN,35.89743589743589,91.62011173184358,False,False,9. address variation
S1-958290426,S3-387101862,S3,Om Builders LLP,Om Builders,"Shop No 4, Tower-F, Ground Floor Saya Zion, Plot No-Gh-01, Noida, Gautam Buddha Nagar, Uttar Pradesh","Shop No 2-4, Tower-f, Ground Floor Saya Zion, Plot No-gh-01, Gautam Buddha Nagar, UP",IN,IN,84.61538461538461,89.01734104046243,False,False,1. spelling corruption
S1-958290426,S3-268753556,S3,Om Builders LLP,Dr Om Bidldecrs LLP LLP,"Shop No 4, Tower-F, Ground Floor Saya Zion, Plot No-Gh-01, Noida, Gautam Buddha Nagar, Uttar Pradesh","Shop No 2-4, Tower-f, Ground Floor Saya Zion, Plot No-gh-01, Noida, Gautam Buddha Nagar, उत्तर प्रदेश",IN,IN,73.6842105263158,86.77248677248677,False,False,1. spelling corruption
S1-958290426,S3-245002195,S3,Om Builders LLP,Om बिल्डर्स एलएलपी,"Shop No 4, Tower-F, Ground Floor Saya Zion, Plot No-Gh-01, Noida, Gautam Buddha Nagar, Uttar Pradesh","Shop No 2-4, Tower-f, Ground Floor Saya Zion, Plot No-gh-01, Noida, Gautam Buddha Nagar, UP",IN,IN,24.242424242424242,92.73743016759776,False,False,10. cross-script
S1-447836256,S3-318766477,S3,Jensen Shreya LLC,Jensen Shréya LLC,"545 Acorn Park Drive, Acton, MA","Acorn Park Drive, Acton, Massachusetts",US,US,94.11764705882352,76.92307692307692,False,False,10. cross-script
S1-447836256,S3-6981190,S3,Jensen Shreya LLC,Jensen Jensen Shreya,"545 Acorn Park Drive, Acton, MA","Acton, Massachusetts, Acorn Park Dr",US,US,70.27027027027026,45.16129032258065,False,False,1. spelling corruption
S1-23177225,S3-64217869,S3,Legacy Packaging Corporation PC,Legacy Pcakasging Corporation PC,"402 Glenport Avenue, Glencoe, AL","Glencoe, 402 Glenport Ave, Alabama",US,US,95.23809523809523,61.29032258064516,False,False,9. address variation
S1-23177225,S2-816479190,S2,Legacy Packaging Corporation PC,Legacy Packaging Corporation LLC,"402 Glenport Avenue, Glencoe, AL","AL, GADSDEN CDP, GLENPORT AVE",US,US,95.23809523809523,45.614035087719294,False,False,11. other
S1-23177225,S2-569181686,S2,Legacy Packaging Corporation PC,Legacy Packegng-Corporation PC,"402 Glenport Avenue, Glencoe, AL","GLENPORT AVE, GADSDEN CDP, AL",US,US,95.08196721311475,70.17543859649122,False,False,9. address variation
S1-383487855,S3-675654225,S3,Fun (India) Associates Private Limited,Fun (Índia) Associates,"No 13/7, 3Rd Cross Street East, Shenoy Nagar, Aminjikarai, Egmore Nungambakkam, Chennai, Tamil Nadu","No 13/7, 3Rd Cross Street East, Shenoy Nagar, Aminjikarai, Egmore Nungambakkam, Chennai, தமிழ்நாடு",IN,IN,67.85714285714286,89.72972972972973,False,False,10. cross-script
S1-417344567,S2-658242585,S2,Ortega Velos,velosortega.com,"255 Massachusetts Avenue, Unit 805, Boston, MA","BOSTON, MA, 255 MASSACHUSETTS AVENUE",US,US,59.25925925925925,62.33766233766234,False,False,9. address variation
S1-370057287,S3-891879870,S3,Shyam Logistics,శ్యామ్ లాజిస్టిక్స్,"Telangana, Hyderabad, Nr Mmtstaranagar Shopno.5, Ff, H.No. 1-103/A/1, Rr, Serilingampally, Pt.No-1Old Lingampally","Pt.no-1old Lingampally, Nr Mmtstaranagar Shopno.5, Ff, H.no. 1-103/A/1, Rr, Serilingampally, Hyderabad, TG",IN,IN,5.882352941176472,72.9064039408867,False,False,10. cross-script
S1-370057287,S3-713975130,S3,Shyam Logistics,Shyam Lógistics,"Telangana, Hyderabad, Nr Mmtstaranagar Shopno.5, Ff, H.No. 1-103/A/1, Rr, Serilingampally, Pt.No-1Old Lingampally","Pt.no-1old Lingampally, Nr Mmtstaranagar Shopno.5, Ff, H.no. 1-103/A/1, Rr, Serilingampally, Hyderabad, TG",IN,IN,93.33333333333333,72.9064039408867,False,False,10. cross-script
S1-370057287,S3-683627479,S3,Shyam Logistics,శ్యామ్ లాజిస్టిక్స్,"Telangana, Hyderabad, Nr Mmtstaranagar Shopno.5, Ff, H.No. 1-103/A/1, Rr, Serilingampally, Pt.No-1Old Lingampally","Pt.no-1old Lingampally, Hyderabad, Serilingampally, TG",IN,IN,5.882352941176472,44.87179487179487,False,False,10. cross-script
S1-759801329,S3-72578369,S3,Advanced Platinum Catering Inc,Advanced Platinum-Catering,"9909 Redhook Court, Raleigh, NC","Redhook Ct, Raleigh, North Carolina",US,US,92.85714285714286,67.74193548387098,False,False,9. address variation
S1-621812643,S2-139283287,S2,Anand Products Pvt Ltd,आनंद प्रोडक्ट्स प्रा. लि.,"House No. B-5 Ali Nagar Colony, Anisabad, Patna, Bihar","HOUE NO. B-#5 ALI NAGAR COLONY, ANISABAD, PATNA, Bihar",IN,IN,13.33333333333333,98.98989898989899,False,False,10. cross-script
S1-621812643,S3-112756583,S3,Anand Products Pvt Ltd,आनंद प्रोडक्ट्स प्रा. लि.,"House No. B-5 Ali Nagar Colony, Anisabad, Patna, Bihar","House No. B-05 Ali Ngar Colony, Anisabad, Patna, BR",IN,IN,13.33333333333333,94.84536082474226,False,False,10. cross-script
S1-90576626,S3-516670916,S3,Exquisite Signal LLP,@exquisitesignal,"No. 41, Patalamma Temple Road Basavanagudi, Near South End Circle, Bangalore, Karnataka","#A-41, Near South End Circle, KA",IN,IN,85.71428571428572,50.45045045045045,False,False,1. spelling corruption
S1-540968399,S3-941201974,S3,Agri Electronics Pvt Ltd,Agrielectronics.Com,"62, Sector 2, Shanti Nike, Nr. Chetak Bridge, Huzur, Bhopal, Madhya Pradesh","62, Bhopal, Huzur, MP",IN,IN,74.4186046511628,32.55813953488372,False,True,1. spelling corruption
S1-725937580,S2-485440059,S2,Creative United,CREATIVEUNITED.COM,"2697 Highway 86, De Valls Bluff, AR","002697 HIGHWAY 86, DE VALLS BLUFF, AR",US,US,84.84848484848484,97.05882352941177,False,False,1. spelling corruption
S1-308085357,S3-451892189,S3,International Foundation Private Limited,ಇಂಟರ್‌ನ್ಯಾಷನಲ್ ಫೌಂಡೇಶನ್ ಪ್ರೈವೇಟ್ ಲಿಮಿಟೆಡ್,"Flat No. 2091, Tower 2, 9Th Floor, Shobha Habitech, Channasandra Main Road, Near Hope Farm Junction, Ambedkar Nagar, Bangalore South, Bangalore, Karnataka","H.no 2091, Bangalore South, Bangalore, ಕರ್ನಾಟಕ",IN,IN,7.4074074074074066,37.43315508021391,False,False,10. cross-script
S1-308085357,S2-417442033,S2,International Foundation Private Limited,ಇಂಟರ್‌ನ್ಯಾಷನಲ್ ಫೌಂಡೇಶನ್ ಪ್ರೈವೇಟ್ ಲಿಮಿಟೆಡ್,"Flat No. 2091, Tower 2, 9Th Floor, Shobha Habitech, Channasandra Main Road, Near Hope Farm Junction, Ambedkar Nagar, Bangalore South, Bangalore, Karnataka","ಕರ್ನಾಟಕ, DOOR NO 2091, TOWER 2, 9TH FLOOR, SHOBHA HABITECH, CHANNASANDRA MAIN ROAD, NEAR HOPE FARM JUNCTION, AMBEDKAR NAGAR, BANGALORE SOUTH",IN,IN,7.4074074074074066,86.95652173913044,False,False,10. cross-script
S1-308085357,S2-747859095,S2,International Foundation Private Limited,ಇಂಟರ್‌ನ್ಯಾಷನಲ್ ಫೌಂಡೇಶನ್ ಪ್ರೈವೇಟ್ ಲಿಮಿಟೆಡ್,"Flat No. 2091, Tower 2, 9Th Floor, Shobha Habitech, Channasandra Main Road, Near Hope Farm Junction, Ambedkar Nagar, Bangalore South, Bangalore, Karnataka","NO 2091, TOWER 2, 9TH FLOOR, SHOBHA HABITECH, CHANNASANDRA MAIN ROAD, NEAR HOPE FARM JUNCTION, AMBEDKAR NAGAR, BANGALORE SOUTH, Karnataka",IN,IN,7.4074074074074066,94.5054945054945,False,False,10. cross-script
S1-308085357,S3-910755695,S3,International Foundation Private Limited,ಇಂಟರ್‌ನ್ಯಾಷನಲ್ ಫೌಂಡೇಶನ್ ಪ್ರೈವೇಟ್ ಲಿಮಿಟೆಡ್,"Flat No. 2091, Tower 2, 9Th Floor, Shobha Habitech, Channasandra Main Road, Near Hope Farm Junction, Ambedkar Nagar, Bangalore South, Bangalore, Karnataka","Flat No. 2091, Bangalore South, Bangalore, ಕರ್ನಾಟಕ",IN,IN,7.4074074074074066,41.05263157894738,False,False,10. cross-script
S1-526259914,S3-199514823,S3,Seven Developers Private Limited,Sri Seven Developers Developers Private Ltd,"F-603 Silver Sky, Nr Harani Sama Link Road, Vadodara, Gujarat","F-603 Silver Sky, Vadodara, GJ",IN,IN,74.66666666666666,65.11627906976744,False,False,1. spelling corruption
S1-526259914,S3-857454271,S3,Seven Developers Private Limited,સેવન ડેવલપર્સ પ્રાઇવેટ લિમિટેડ,"F-603 Silver Sky, Nr Harani Sama Link Road, Vadodara, Gujarat","F-603 Silver Sky, Nr Harani Sama Link Road, Vadodara, GJ",IN,IN,9.677419354838712,95.4954954954955,False,False,10. cross-script
S1-526259914,S3-296858356,S3,Seven Developers Private Limited,સેવન ડેવલપર્સ પ્રાઇવેટ લિમિટેડ,"F-603 Silver Sky, Nr Harani Sama Link Road, Vadodara, Gujarat","F-603 Silver Sky, Nr Harani Sama Link Road, Vadodara, GJ",IN,IN,9.677419354838712,95.4954954954955,False,False,10. cross-script
S1-561968294,S2-839655017,S2,Bright Impex Private Limited,M/s Bright Private Limited Center,"Ward No.1, H/Colony, Nuh, Nuh, Gurgaon, Haryana","WARD NO.1, H/COLONY, NUH, NUH, हरियाणा",IN,IN,72.1311475409836,71.05263157894737,False,False,1. spelling corruption
S1-561968294,S3-862490943,S3,Bright Impex Private Limited,ब्राइट इम्पेक्स प्राइवेट लिमिटेड,"Ward No.1, H/Colony, Nuh, Nuh, Gurgaon, Haryana","Ward No.g-1, Gurgaon, Nuh, HR",IN,IN,9.999999999999998,58.82352941176471,False,False,10. cross-script
S1-561968294,S3-786975542,S3,Bright Impex Private Limited,biprivate.com,"Ward No.1, H/Colony, Nuh, Nuh, Gurgaon, Haryana","Ward No.g-1, H/colony, Nuh, Gurgaon, Nuh, HR",IN,IN,53.65853658536586,81.4814814814815,False,False,9. address variation
S1-561968294,S2-387340172,S2,Bright Impex Private Limited,ब्राइट इम्पेक्स प्राइवेट लिमिटेड,"Ward No.1, H/Colony, Nuh, Nuh, Gurgaon, Haryana","WARD NO.1, NUH, GURGAON, Haryana",IN,IN,9.999999999999998,81.69014084507043,False,False,10. cross-script
S1-232641472,S2-683157301,S2,Praxis (India) Seven Limited,ÍNDIASEVEN.COM,"Delhi, Chamber-1, Crown Plaza, Jakson Heights, North West Delhi, Office No. 704, Delhi","OFFICE NO. 04, DELHI, NORTH WEST, Delhi",IN,IN,55.00000000000001,45.614035087719294,False,False,10. cross-script
S1-929490138,S2-653637126,S2,Alpha Foundation,अल्फा फाउंडेशन,"C/O Shoaib, Bihar, Hyder Ali, Vill- Bangari, Ps- Garkha, Saran, Chapra","C/O SHOAIB, HYDER ALI, VILL- BANGARI, PS- GARKHA, SARAN, Bihar",IN,IN,6.666666666666665,90.5982905982906,False,False,10. cross-script
S1-929490138,S2-695304232,S2,Alpha Foundation,अल्फा फाउंडेशन,"C/O Shoaib, Bihar, Hyder Ali, Vill- Bangari, Ps- Garkha, Saran, Chapra","C/O SHOIB, HYDER ALI, VILL- BANGARI, PS- GARKHA, SARAN, Bihar",IN,IN,6.666666666666665,89.65517241379311,False,False,10. cross-script
S1-929490138,S3-718577292,S3,Alpha Foundation,Alpha Fmunadtibn,"C/O Shoaib, Bihar, Hyder Ali, Vill- Bangari, Ps- Garkha, Saran, Chapra","Chapra, C/o Shoaib, BR, Saran",IN,IN,81.25,43.18181818181818,False,False,1. spelling corruption
S1-929490138,S3-972306145,S3,Alpha Foundation,अल्फा फाउंडेशन,"C/O Shoaib, Bihar, Hyder Ali, Vill- Bangari, Ps- Garkha, Saran, Chapra","C/o Shoaib, Saran, Chapra, बिहार",IN,IN,6.666666666666665,50.54945054945055,False,False,10. cross-script
S1-929490138,S2-905322393,S2,Alpha Foundation,Alpha F0undation,"C/O Shoaib, Bihar, Hyder Ali, Vill- Bangari, Ps- Garkha, Saran, Chapra","C/O SHOAIB, HYDER ALI, VILL- BANGARI, PS- GARKHA, CHAPRA, Bihar",IN,IN,93.75,86.4406779661017,False,False,2. OCR corruption
S1-929490138,S2-911418878,S2,Alpha Foundation,अल्फा फाउंडेशन,"C/O Shoaib, Bihar, Hyder Ali, Vill- Bangari, Ps- Garkha, Saran, Chapra","CHAPRA, HYDER ALI, VILL- BANGARI, PS- GARKHA, C/O SHOAIB, Bihar",IN,IN,6.666666666666665,74.57627118644068,False,False,10. cross-script
S1-929490138,S3-959351442,S3,Alpha Foundation,अल्फा फाउंडेशन,"C/O Shoaib, Bihar, Hyder Ali, Vill- Bangari, Ps- Garkha, Saran, Chapra","C/o Shoaib, Hyder Ali, Vill- Bangari, Ps- Garkha, Saran, Chapra, बिहार",IN,IN,6.666666666666665,90.32258064516128,False,False,10. cross-script
S1-709383679,S2-825115996,S2,Image Traders Private Limited,M/s imagetraders.com,"Gandhi Nagar, Gujarat, Green City Society, Vibhag-4, Panchvati Area, Kalol, 15","15, GREEN CITY SOCIETY, VIBHAG-4, PANCHVATI AREA, KALOL, null, Gujarat",IN,IN,57.14285714285714,73.52941176470588,False,False,9. address variation
S1-709383679,S2-350270083,S2,Image Traders Private Limited,Image Traders Prívate Limited,"Gandhi Nagar, Gujarat, Green City Society, Vibhag-4, Panchvati Area, Kalol, 15","Gujarat, 15, GREEN CITY SOCIETY, VIBHAG-4, PANCHVATI AREA, KALOL, null",IN,IN,96.55172413793103,83.82352941176471,False,False,10. cross-script
S1-493563853,S2-38771195,S2,Hyderabad Institute Co,Hyderabad  Institute,"Pno.6, Fno.F4 Cyber Residency, Swamyayyappa Society Madhapur, Serilingampally Mandal, Ranga, Reddy, Hyderabad, Telangana","PNO.6, FNO.F4 CYBER RESIDENCY, SWAMYAYYAPPA SOCIETY MADHAPUR, SERILINGAMPALLY MANDAL, RANGA, REDDY, HYDERABAD, తెలంగాణ",IN,IN,92.6829268292683,92.85714285714286,False,False,9. address variation
S1-497491785,S3-391113532,S3,Dental Center Co,Dental Center Company,"89 Coal Mine Drive, New Cumberland, WV","West Virginia, 89 Coal Mine Drive, New Cumberland Township",US,US,86.48648648648648,76.08695652173914,False,False,1. spelling corruption
S1-497491785,S3-732517931,S3,Dental Center Co,Dental Center Industries,"89 Coal Mine Drive, New Cumberland, WV",,US,US,70.0,0.0,False,False,6. missing address
S1-35666728,S2-658579841,S2,"Errington Qdro, LLC","LLC Erringt0n Qgf,s","Suisun City, CA, 583 Wigeon Way","0583 WIGEON WAY, SUISUN CITY, CA",US,US,59.45945945945945,47.45762711864406,False,False,3. transliteration
S1-86865648,S2-823775907,S2,"Foot & Ankle Partners, LLC","Foot & Partners, LLC Center","235 Main Street, Unit Apartment 1, Gloversville, NY","235 MMIN ST, PO BOX 9238, GLOVERSVILLE, NY",US,US,76.36363636363637,66.66666666666667,False,True,1. spelling corruption
S1-86865648,S3-888987748,S3,"Foot & Ankle Partners, LLC","F0ot & Ankle Partners,","235 Main Street, Unit Apartment 1, Gloversville, NY","235 Main Street, Unit Apartment 1, Gloversville, New York",US,US,88.0,94.11764705882352,False,True,1. spelling corruption
S1-802068711,S3-835137608,S3,Akash Craft,Akash Cirgtf,"37 A, Kamgar Nagar S G Barve Marg, Kurla East, Mumbai, Maharashtra","##37 A, Kamgar Nagar S G Barve Marg, Kurla East, Mumbai, MH",IN,IN,78.26086956521739,92.17391304347827,False,False,1. spelling corruption
S1-802068711,S3-639030481,S3,Akash Craft,Akash Craft Craft Co,"37 A, Kamgar Nagar S G Barve Marg, Kurla East, Mumbai, Maharashtra","##37 A, Kamgar Nagar S G Barve Marg, Kurla East, Mumbai, महाराष्ट्र",IN,IN,70.96774193548387,82.92682926829268,False,False,1. spelling corruption
S1-802068711,S3-105238552,S3,Akash Craft,Mr Akash Cha,"37 A, Kamgar Nagar S G Barve Marg, Kurla East, Mumbai, Maharashtra","No ##37 A, Kurla East, Mumbai, MH",IN,IN,69.56521739130434,55.55555555555556,False,False,1. spelling corruption
S1-540050597,S2-8291045,S2,Surya International Private Limited,SURYA  IRTNAITIONAL PRIVATE LIMITED | www.suryairt.com,"West Bengal, 4Th-Fr Fl-4A, Howrah, 31/B Old Ballygunj 1St Lane, Kolkata, Kolkata","H.NO 4TH-FR FL-4A, 31/B OLD BALLYGUNJ 1ST LANE, KOLKATA, KOLKATA, West Bengal",IN,IN,74.4186046511628,79.72972972972973,False,False,1. spelling corruption
S1-540050597,S2-309333309,S2,Surya International Private Limited,সূর্য ইন্টারন্যাশনাল প্রাইভেট লিমিটেড,"West Bengal, 4Th-Fr Fl-4A, Howrah, 31/B Old Ballygunj 1St Lane, Kolkata, Kolkata","H.NO 4THF-R FL-4A, 31/B OLD BALLYGUNJ 1ST LANE, KOLKATA, KOLKATA, HOWRAH, West Bengal",IN,IN,8.333333333333337,74.83870967741936,False,False,10. cross-script
S1-540050597,S2-620934256,S2,Surya International Private Limited,সূর্য ইন্টারন্যাশনাল প্রাইভেট লিমিটেড,"West Bengal, 4Th-Fr Fl-4A, Howrah, 31/B Old Ballygunj 1St Lane, Kolkata, Kolkata","4TH-FR FL-4A, HOWRAH, 31/B OLD BALLYGUNJ 1ST LANE, KOLKATA, KOLKATA, West Bengal",IN,IN,8.333333333333337,84.0,False,False,10. cross-script
S1-540050597,S3-310406821,S3,Surya International Private Limited,Surya International Private Ltd,"West Bengal, 4Th-Fr Fl-4A, Howrah, 31/B Old Ballygunj 1St Lane, Kolkata, Kolkata","4Th-Fr Fl-4a, 31/B Old Ballygunj 1St Lane, Kolkata, Calcutta, Gariahat, WB",IN,IN,93.93939393939394,72.22222222222221,False,False,9. address variation
S1-727602285,S2-976870196,S2,Swastik Om Solutions LLP,स्वस्तिक ॐ सॉल्यूशंस एलएलपी,"201/D, Aditya, Svp Nagar Andheri (W), Mumbai, Mumbai City, Maharashtra","201/D, BHIWANDI, MUMBAI CITY, Maharashtra",IN,IN,11.764705882352944,69.3069306930693,False,True,10. cross-script
S1-524487625,S2-289958109,S2,Sree Investment Private Limited,ଶ୍ରୀ ଇନଭେଷ୍ଟମେଣ୍ଟ୍ ପ୍ରାଇଭେଟ୍ ଲିମିଟେଡ୍,"Bhubaneswar, Plot No 287/2750, Orissa, Khordha, Jharpada","PLOT NO 287/2750, JHARPADA, KHORDHA, BHUBANESWAR, Odisha",IN,IN,8.823529411764708,63.46153846153846,False,False,10. cross-script
S1-524487625,S3-311565349,S3,Sree Investment Private Limited,Ciraaria,"Bhubaneswar, Plot No 287/2750, Orissa, Khordha, Jharpada","OD, Door No 287/2750, Bhubaneswar",IN,IN,20.512820512820518,45.78313253012048,False,False,11. other
S1-602185963,S2-190596877,S2,Interstate Corporation,INTERSTATE CORPORATION CENTER,"31510 Fm 1575, Los Fresnos, TX","31488 FM 1575, LOS FRESNOS, TX",US,US,86.27450980392157,89.28571428571429,False,False,1. spelling corruption
S1-291331789,S2-330897332,S2,Hansen Cantor LLC,HANSENCANTOR.COM,"304 Chancery Street, New Bedford, MA","NEW BEDFORD TOWNSHIP, N/A, 304 CHANCERY STREET, MA",US,US,84.84848484848484,54.32098765432099,False,False,1. spelling corruption
S1-136256194,S3-202340375,S3,Elana Adams Grading LLC,@Elanaadams,"AL, 13939 28, Summerdale","0013939 28, N/A, Summerdale, Alabama",US,US,60.60606060606061,69.0909090909091,False,False,1. spelling corruption
S1-139737193,S2-635844926,S2,Board of Aging,Board of Áging,"651 Oak Street, Lake In The Hills, IL","0651 OAK ST, LAKE IN THE HILLS, IL",US,US,92.85714285714286,92.53731343283582,False,False,10. cross-script
S1-139737193,S2-796476538,S2,Board of Aging,Board of Aging Association,"651 Oak Street, Lake In The Hills, IL","OAK ST, LAKE IN THE HILLS, IL",US,US,70.0,87.09677419354838,False,False,1. spelling corruption
S1-552109741,S3-200025493,S3,"Colonial Committee, LLC","Colonial Commit,o LLC","3761 31st Street, Gresham, OR","31rd Street, Gresham, Oregon",US,US,88.37209302325581,75.47169811320755,False,False,1. spelling corruption
S1-614766342,S3-416911770,S3,"Garcia, Davis & Watson LLC","GARCIA, DAVIS & WÁTSON LLC","900 Willow Drive, Unit 520, Chapel Hill, NC","North Carolina, # 520, 900 Willow Dr, Chapel Hill",US,US,96.2962962962963,59.523809523809526,False,False,10. cross-script
S1-896535711,S2-967060340,S2,Shiv Enterprises Pvt Ltd,శివ్ ఎంటర్‌ప్రైజెస్ ప్రైవేట్ లిమిటెడ్,"H, No. 7-66/3/195, Prashanth Hills Colony, Raidurg, Golconda, Hyderabad, Telangana","H, NO. 7-66/3/195, PRASHANTH HILLS COLONY, RAIDURG, HYDERABAD URBAN, GOLCONDA, తెలంగాణ",IN,IN,9.836065573770492,80.51948051948052,False,False,10. cross-script
S1-896535711,S2-978509282,S2,Shiv Enterprises Pvt Ltd,శివ్ ఎంటర్‌ప్రైజెస్ Pvt Ltd,"H, No. 7-66/3/195, Prashanth Hills Colony, Raidurg, Golconda, Hyderabad, Telangana","H, NO. 7-66/3/195, PRASHANTH HILLS COLONY, RAIDURG, HYDERABAD URBAN, HYDERABAD, తెలంగాణ",IN,IN,35.29411764705882,78.70967741935485,False,False,10. cross-script
S1-896535711,S3-572029673,S3,Shiv Enterprises Pvt Ltd,శివ్ ఎంటర్‌ప్రైజెస్ ప్రైవేట్ లిమిటెడ్,"H, No. 7-66/3/195, Prashanth Hills Colony, Raidurg, Golconda, Hyderabad, Telangana","H, Hyderabad, Golconda, TG",IN,IN,9.836065573770492,38.775510204081634,False,False,10. cross-script
S1-603017810,S3-681376928,S3,Tele Realestate,Te1e Realestate,"A-423 Vashi Plazasector-17 Vashi, Navi Mumbai, Thane, Maharashtra","A-425 Vashi Plazasector-17 Vashi, Navi Mumbai, Thane, MH",IN,IN,93.33333333333333,90.43478260869566,False,False,9. address variation
S1-603017810,S3-173320783,S3,Tele Realestate,Tele Réalestate,"A-423 Vashi Plazasector-17 Vashi, Navi Mumbai, Thane, Maharashtra","A-425 Vashi Plazasector-17 Vashi, Navi Mumbai, Thane, MH",IN,IN,93.33333333333333,90.43478260869566,False,False,10. cross-script
S1-307795097,S3-212345224,S3,Peak Preferred Beverage,Peak Predsfaedr Beverage,"10888 Tucker Road, Mount Vernon, OH","Tucker Road, Mount Vernon, Ohio",US,US,85.1063829787234,87.09677419354838,False,False,1. spelling corruption
S1-307795097,S3-393444924,S3,Peak Preferred Beverage,Peak Praerred-Beverage,"10888 Tucker Road, Mount Vernon, OH",,US,US,93.33333333333333,0.0,False,False,6. missing address
S1-928387981,S2-697543402,S2,Lewis All Plus LLC,Lewis All Pgus LLC,"634 King James Court, Bear, DE","KING JAMES COURT, BEAR, DE",US,US,94.44444444444444,92.3076923076923,False,False,9. address variation
S1-169148239,S2-149030540,S2,Veer Solutions Ltd,CENTER VEER LTD,"Plot No.- 67-B, Sainik Nagar, Uttam Nagar, New Delhi, West Delhi, Delhi","H.NO 680 PLOT NO.- 67-B, SAINIK NAGAR, UTTAM NAGAR, NEW DELHI, <NULL>, Delhi",IN,IN,48.484848484848484,83.96946564885496,False,False,9. address variation
S1-505123975,S3-962600836,S3,Aspen,Aegen,"20 Broadway Mall, Unit Suite 101, Hornell, NY","Hornell, 20 Broadway Mall, New York, # Suite 101",US,US,60.0,65.88235294117646,False,False,1. spelling corruption
S1-505123975,S3-160585897,S3,Aspen,Aspen - 6390598426,"20 Broadway Mall, Unit Suite 101, Hornell, NY",,US,US,47.61904761904761,0.0,False,False,6. missing address
S1-505123975,S2-221747419,S2,Aspen,Aspen Corp,"20 Broadway Mall, Unit Suite 101, Hornell, NY","257 BROADWAY MALL, HORNELL, NY",US,US,66.66666666666667,74.28571428571429,False,False,1. spelling corruption
S1-505123975,S2-783397042,S2,Aspen,Áspen,"20 Broadway Mall, Unit Suite 101, Hornell, NY","20 BROADWAY MALL, NY, HORNELL",US,US,80.0,75.36231884057972,False,True,10. cross-script
S1-505123975,S2-45943350,S2,Aspen,Fayekelo,"20 Broadway Mall, Unit Suite 101, Hornell, NY","20 BROADWAY MALL, HORNELL, NY",US,US,30.76923076923077,78.26086956521739,False,True,9. address variation
S1-667588465,S3-570984173,S3,Superior Calisa Inc,Superior Inc Center,"3501 Seaford Crossing Drive, Chesterfield County, VA","Seaford Crossing Drive, Midlothian, Virginia",US,US,63.1578947368421,65.21739130434783,False,False,1. spelling corruption
S1-687288057,S3-366784647,S3,White International LLP,ವೈಟ್ ಇಂಟರ್‌ನ್ಯಾಷನಲ್ ಎಲ್ಎಲ್‌ಪಿ,"Plot No. Q1, 6Th Cross, Pillagumpe, Kssidc Industrial Estate, Hoskote, Bangalore, Karnataka","Plot No. Q1, Bangalore, KA",IN,IN,7.692307692307687,42.990654205607484,False,False,10. cross-script
S1-687288057,S3-661054191,S3,White International LLP,White-International,"Plot No. Q1, 6Th Cross, Pillagumpe, Kssidc Industrial Estate, Hoskote, Bangalore, Karnataka","Plot No. Q1, 6Th Cross, Pillagumpe, Kssidc Industrial Estate, Hoskote, Bangalore, ಕರ್ನಾಟಕ",IN,IN,90.47619047619048,90.36144578313254,False,False,9. address variation
S1-947108635,S3-580185316,S3,Shree (India) Motor,Shree (India),"Flat No.203 & 204, Thane, Kalyan, Maharashtra, Midtown Empire Building, Nr. Season Building, Barave Road","#203 & 204, Kalyan, Thane, महाराष्ट्र",IN,IN,78.57142857142857,35.820895522388064,False,False,1. spelling corruption
S1-358416976,S3-134963635,S3,Ace Exports Private Limited,Ace एक्सपोर्ट्स प्राइवेट लिमिटेड,"C/O Niranjan Singh, Ullao, Sujan Singh, Begusarai, Begusarai, Bihar","C/o Niranjan Singh, Begusarai, BR",IN,IN,20.33898305084746,66.66666666666667,False,False,10. cross-script
S1-629581115,S2-52893343,S2,F Q Ryan Brookfield Inc,F Q Rln Brookfield Inc,"5879 Stonesthrow Drive, Wooster, OH","OH, 5879 STONESTHROW DR, WOOSTER",US,US,93.33333333333333,85.71428571428572,False,False,9. address variation
S1-488812914,S3-972096526,S3,Cascade School of Medicine,Médicine School of Cascade,"300 36th Street, Unit 745, Charlotte, NC","36th St, Charlotte, North Carolina",US,US,57.692307692307686,57.971014492753625,False,False,10. cross-script
S1-488812914,S3-58195758,S3,Cascade School of Medicine,Medicine Schóol of Cascade,"300 36th Street, Unit 745, Charlotte, NC","PO Box 3520, Charlotte, North Carolina, 300 36th St",US,US,53.84615384615385,37.64705882352941,False,False,10. cross-script
S1-315964562,S3-756664499,S3,Red Consultants Private Limited,@redconsultants,"No. 284/1, C K Farms, Indiranagar Doddabidirakallu, Nagasandra Post, Bangalore, Karnataka","No. 00284/1, C K Farms, Indiranagar Doddabidirakallu, Nagasandra Post, Bangalore, ಕರ್ನಾಟಕ",IN,IN,62.22222222222222,89.1566265060241,False,False,1. spelling corruption
S1-315964562,S2-341744556,S2,Red Consultants Private Limited,ರೆಡ್ ಕನ್ಸಲ್ಟೆಂಟ್ಸ್ ಪ್ರೈವೇಟ್ ಲಿಮಿಟೆಡ್,"No. 284/1, C K Farms, Indiranagar Doddabidirakallu, Nagasandra Post, Bangalore, Karnataka","Karnataka, BANGALORE, DOOR NO 284/1, C K FARMS, INDIRANAGAR DODDABIDIRAKALLU, NAGASANDRA POST, BANGALORE",IN,IN,8.955223880597018,80.66298342541435,False,False,10. cross-script
S1-315964562,S3-433445524,S3,Red Consultants Private Limited,ರೆಡ್ ಕನ್ಸಲ್ಟೆಂಟ್ಸ್ ಪ್ರೈವೇಟ್ ಲಿಮಿಟೆಡ್,"No. 284/1, C K Farms, Indiranagar Doddabidirakallu, Nagasandra Post, Bangalore, Karnataka","No. 00284/1, Bangalore, KA",IN,IN,8.955223880597018,39.62264150943396,False,False,10. cross-script
S1-315964562,S2-343848805,S2,Red Consultants Private Limited,Red Cobnulcants Private Limited,"No. 284/1, C K Farms, Indiranagar Doddabidirakallu, Nagasandra Post, Bangalore, Karnataka","#284/1 , C K FARMS, INDIRANAGAR DODDABIDIRAKALLU, NAGASANDRA POST, BANGALORE, Karnataka",IN,IN,93.5483870967742,98.15950920245399,False,False,9. address variation
S1-841490375,S3-478189362,S3,Health Trust,Health Trúst,"Ashville, AL, 491 10th Street","491 Tenth Street, Ashville, Alabama",US,US,91.66666666666666,43.333333333333336,False,False,10. cross-script
S1-415589877,S3-699648035,S3,UN Americas Corporation,UN Americas,"7020 Crestdale Drive, Portland, OR","Oregon, Portland, 6807 Crestdale Drive",US,US,64.70588235294117,50.0,False,False,1. spelling corruption
S1-362846558,S3-983876304,S3,Shaikpet Solutions Pvt Ltd,Shaikpet Sólutions Pvt Ltd,"Shaikpet, Hyderabad, Telangana, 4 2 Huda Techno Enclave","4/1 2 Huda Techno Enclave, Shaikpet, Hyderabad, TG",IN,IN,96.15384615384616,46.464646464646464,False,False,10. cross-script
S1-57553603,S3-82614363,S3,Skylark Management Private Limited,Mr Skylark Management Private,"No. 100, 2Nd Main Road Rajajinagar Industrial Town, Bengaluru, Bangalore, Karnataka","Bengaluru, No. 100, KA, Bangalore",IN,IN,82.53968253968253,35.51401869158879,False,False,1. spelling corruption
S1-57553603,S3-943736491,S3,Skylark Management Private Limited,Skylark Private Limited Center,"No. 100, 2Nd Main Road Rajajinagar Industrial Town, Bengaluru, Bangalore, Karnataka","No. 100, 2Nd Main Road Rajajinagar Industrial Town, Bengaluru, Bangalore, KA",IN,IN,71.875,95.30201342281879,False,False,1. spelling corruption
S1-57553603,S2-276951849,S2,Skylark Management Private Limited,M/s skylarkmanagement.com,"No. 100, 2Nd Main Road Rajajinagar Industrial Town, Bengaluru, Bangalore, Karnataka","NO. 100, 2ND MAIN ROAD RAJAJINAGAR INDUSTRIAL TOWN, BENGALURU, ಕರ್ನಾಟಕ",IN,IN,64.40677966101696,81.94444444444444,False,False,1. spelling corruption
S1-57553603,S2-923869719,S2,Skylark Management Private Limited,Skylark  Private Limited Services,"No. 100, 2Nd Main Road Rajajinagar Industrial Town, Bengaluru, Bangalore, Karnataka","NO. 100, 2ND MAIN ROAD RAJAJINAGAR INDUSTRIAL TOWN, BENGALURU, Karnataka",IN,IN,69.6969696969697,93.15068493150685,False,False,1. spelling corruption
S1-765415008,S3-291751134,S3,Sterling Delta Paper LLC,Sterling Delta Ppee LLC,"344 Harpertown Road, Elkins, WV","Elkins, West Virginia, 344 Harpertown Road",US,US,93.61702127659575,55.072463768115945,False,False,9. address variation
S1-765415008,S2-399059417,S2,Sterling Delta Paper LLC,Sterling (Delta),"344 Harpertown Road, Elkins, WV","HARPERTOWN ROAD, ELKINS, WV",US,US,73.6842105263158,92.5925925925926,False,False,1. spelling corruption
S1-511290009,S3-365699735,S3,Doseon,Desehin,"NM, Rio Rancho, 2517 Desert View Road","2517 Desert View Rd, Rio Rancho, New Mexico",US,US,61.53846153846154,52.63157894736843,False,False,1. spelling corruption
S1-815928022,S2-380849993,S2,Northern Precision Solutions,Northem Precision-Solutions,"4621 Ports Down Lane, Security-widefield, CO","04621 PORTS DOWN LN, SECURITY-WIDEFIELD, CO",US,US,94.54545454545455,96.3855421686747,False,False,9. address variation
S1-815928022,S2-606557741,S2,Northern Precision Solutions,Northern Precision,"4621 Ports Down Lane, Security-widefield, CO","CO, 04621 PORTS DOWN LANE, SECURITY-WIDEFIELD",US,US,78.26086956521739,91.76470588235294,False,False,1. spelling corruption
S1-636479780,S2-514605087,S2,Perfect Impex Private Limited,పర్‌ఫెక్ట్ ఇంపెక్స్ ప్రైవేట్ లిమిటెడ్,"Phase I & Ii, Kphb Colony, Kukatpally, Tirumalagiri, 67/Hig-1, Hyderabad, Telangana","67/HIG-1, MEDCHAL - MALKAJGIRI, HYDERABAD, తెలంగాణ",IN,IN,9.090909090909093,43.548387096774185,False,False,10. cross-script
S1-117130353,S3-735599135,S3,24HR Locksmith Inc,24HR Lócksmith Inc,"NC, Casar, 6558 Casar Road","6558 Casar Rd, PMB 3066, Casar, North Carolina",US,US,94.44444444444444,53.73134328358209,False,False,10. cross-script
S1-117130353,S2-720732799,S2,24HR Locksmith Inc,24HR Inc  Partners,"NC, Casar, 6558 Casar Road","6558 CASAR RD, null, CASAR, NC",US,US,45.714285714285715,54.90196078431373,False,False,9. address variation
S1-373849080,S3-219032218,S3,Youth Society LLC,Youth Society,"2201 Highland Road, Aurora, KY","Aurora, Kentucky, 2201 Highland Road",US,US,86.66666666666667,58.06451612903225,False,False,1. spelling corruption
S1-913508652,S2-508962427,S2,Krittech Chit Private Limited,KRITTECHCHITCOM,"H-103, Riico Indl.Area, Bindayaka, Jaipur, Rajasthan","H-103, RIICO INDL.AREA, BINDAYAKA, JAIPUR, राजस्थान",IN,IN,59.09090909090908,82.10526315789474,False,False,9. address variation
S1-233351455,S3-107974595,S3,Atlantic Charities LLC,Atlantic Chárities LLC,"3019 Palmate Way, Sacramento, CA","Palmate Way, Sacramento, California",US,US,95.45454545454545,79.36507936507937,False,False,10. cross-script
S1-233351455,S2-492053202,S2,Atlantic Charities LLC,Atlantic [Charities],"3019 Palmate Way, Sacramento, CA","SACRAMENTO, CA, 3019-B PALMATE WAY",US,US,90.0,51.61290322580645,False,False,9. address variation
S1-966457611,S2-685464530,S2,Electronic Investment Partners Center,Electronic lnvestment  Partners Center,"31 Cedar Street, Troy, OH","TROY, OH, 31 CEDAR ST",US,US,97.2972972972973,52.38095238095239,False,False,9. address variation
S1-782467673,S3-318981730,S3,Liberty International LLC,Liberty International,"6414 Old National Pike, Boonsboro, MD","006414 Old National Pike, Boonsboro, Maryland",US,US,91.30434782608697,89.74358974358975,False,False,9. address variation
S1-140937892,S3-697805332,S3,Family Premier Care Associates L.L.C.,Family Pelire Care  Associates L.L.C.,"Unit TRLR 76, AK, 7505 Boundary Avenue, Anchorage","Boundary Ave, Unit TRLR 76, Anchorage, Alaska",US,US,92.95774647887323,52.27272727272727,False,False,9. address variation
S1-140937892,S3-688100318,S3,Family Premier Care Associates L.L.C.,Family Premier Care Associates,"Unit TRLR 76, AK, 7505 Boundary Avenue, Anchorage","7505. Boundary Avenue, # TRLR 76, Anchorage, Alaska",US,US,90.9090909090909,65.93406593406593,False,False,9. address variation
S1-140937892,S3-189919410,S3,Family Premier Care Associates L.L.C.,Family Prémier Care Associates L.L.C.,"Unit TRLR 76, AK, 7505 Boundary Avenue, Anchorage","Alaska, Anchorage, 7505. Boundary Avenue, Unit TRLR 76",US,US,97.22222222222221,56.25,False,False,10. cross-script
S1-140937892,S2-142264589,S2,Family Premier Care Associates L.L.C.,Family Premier Care Associates L.L.C. Board,"Unit TRLR 76, AK, 7505 Boundary Avenue, Anchorage","7505 BOUNDARY AVENUE, ANCHORAGE, AK",US,US,92.3076923076923,75.9493670886076,False,False,9. address variation
S1-593120493,S3-120090724,S3,Powers Interstate Vehicle L.L.C.,Powers Interstate Vehicle,"1400 5th Avenue, Austin, MN","Minnesota, Austin, 1400 Fifth Ave",US,US,89.28571428571429,39.28571428571429,False,False,1. spelling corruption
S1-336739104,S3-777158735,S3,New International Private Limited,New International Prvaae Limited,"No.68, 6Th Cross Street, Defense Officers Colony, 2Nd Avenue, Nandambakkam, Chennai City Corporation, Chennai, Tamil Nadu","TN, No.68, Chennai City Corporation, Chennai, 6Th Cross Street, Defense Officers Colony, 2Nd Avenue, Nandambakkam",IN,IN,95.38461538461537,63.63636363636363,False,False,9. address variation
S1-336739104,S3-636156728,S3,New International Private Limited,Private New International Limited,"No.68, 6Th Cross Street, Defense Officers Colony, 2Nd Avenue, Nandambakkam, Chennai City Corporation, Chennai, Tamil Nadu","No.68, 6Th Cross Street, Defense Officers Colony, 2Nd Avenue, Nandambakkam, Chennai City Corporation, Chennai, தமிழ்நாடு",IN,IN,75.75757575757575,91.62995594713657,False,False,5. word reordering
S1-336739104,S3-738236945,S3,New International Private Limited,New International Limited Center,"No.68, 6Th Cross Street, Defense Officers Colony, 2Nd Avenue, Nandambakkam, Chennai City Corporation, Chennai, Tamil Nadu","No.68, Chennai, Chennai City Corporation, TN",IN,IN,76.92307692307692,50.32258064516129,False,False,1. spelling corruption
S1-336739104,S3-982375445,S3,New International Private Limited,நியூ இன்டர்நேஷனல் பிரைவேட் லிமிடெட்,"No.68, 6Th Cross Street, Defense Officers Colony, 2Nd Avenue, Nandambakkam, Chennai City Corporation, Chennai, Tamil Nadu","No.68, 6Th Cross Street, Defense Officers Colony, 2Nd Avenue, Nandambakkam, Chennai City Corporation, Chennai, TN",IN,IN,8.823529411764708,96.36363636363636,False,False,10. cross-script
S1-336739104,S2-667562723,S2,New International Private Limited,New Internati0nal,"No.68, 6Th Cross Street, Defense Officers Colony, 2Nd Avenue, Nandambakkam, Chennai City Corporation, Chennai, Tamil Nadu","H.NO 68 , 6TH CROSS STREET, DEFENSE OFFICERS COLONY, 2ND AVENUE, NANDAMBAKKAM, CHENNAI CITY CORPORATION, Tamil Nadu",IN,IN,64.0,95.4954954954955,False,False,1. spelling corruption
S1-529246410,S3-762047581,S3,Cascade Custom Gss LLC,Cascade Custom,"73 Elizabeth Street, Ellicottville, NY","72 Elizabeth St, New York, Ellicottville",US,US,77.77777777777779,78.37837837837837,False,False,1. spelling corruption
S1-146925858,S2-329273189,S2,Crossman Group,Crossmgn Group,"30 Dukes Street, Selbyville, DE","30 DKUES ST, SELBYVILLE, DE",US,US,92.85714285714286,88.88888888888889,False,True,9. address variation
S1-155385070,S2-438993899,S2,Pune Detergents LLP,Pune Détergents,"1004/14 Ghole Roadshivajinagar, Pune, Maharashtra","14 GHOLE ROADSHIVAJINAGAR, PUNE, Maharashtra",IN,IN,82.35294117647058,94.3820224719101,False,False,10. cross-script
S1-299387677,S3-902517305,S3,Mumbai Resorts Pvt. Ltd.,mumbairesorts.com,"22, 3Rd Floor, Chandra Kira S V Road, Dahisar (East), Mumbai, Mumbai City, Maharashtra","##22, Mumbai, Mumbai City, MH",IN,IN,71.7948717948718,47.05882352941176,False,False,1. spelling corruption
S1-206001693,S2-939123401,S2,Shree Agro Private Limited,श्री एग्रो प्राइवेट लिमिटेड,"402, 4Th Floor, Gaurav Tower, Malviya Nagar, Jaipur, Rajasthan","0402, 4TH FLOOR, GAURAV TOWER, MALVIYA NAGAR, JAIPUR, राजस्थान",IN,IN,11.32075471698113,84.21052631578947,False,False,10. cross-script
S1-206001693,S3-481034152,S3,Shree Agro Private Limited,श्री एग्रो प्राइवेट लिमिटेड,"402, 4Th Floor, Gaurav Tower, Malviya Nagar, Jaipur, Rajasthan","402, Jaipur, राजस्थान",IN,IN,11.32075471698113,28.947368421052634,False,True,10. cross-script
S1-424525698,S2-529040692,S2,Ghaziabad Farms,6haziabad Farms,"Ka 222 F/F Sec -12 Pratap Vihar, Ghaziabad, Uttar Pradesh","KA 222 F/F SEC -12 PRATAP VIHAR, GHAZIABAD, उत्तर प्रदेश",IN,IN,93.33333333333333,78.50467289719626,False,False,9. address variation
S1-958377494,S2-146073803,S2,Liberty Safe Array,LIBERTY SA ARRAY,"4938 Dogwood Street, Fl 0, Shady Side, MD","MD, SHADY SIDE, DOGWOOD STREET",US,US,94.11764705882352,45.45454545454546,False,False,11. other
S1-958377494,S2-647013598,S2,Liberty Safe Array,Liberty Array Service,"4938 Dogwood Street, Fl 0, Shady Side, MD",,US,US,66.66666666666667,0.0,False,False,6. missing address
S1-128965892,S3-908459216,S3,Vision Healthcare Private Limited,విజన్ హెల్త్‌కేర్ ప్రైవేట్ లిమిటెడ్,"Plot No. 31, Eastern Part, Sy.No.46, Mbr Nagar Colony, Kachiwanisingaram (V), Ghatkesar Mandal, Rangareddy, Telangana","Ghatkesar Mandal, Plot No. 31, Eastern Part, Sy.no.46, Mbr Nagar Colony, Kachiwanisingaram (V), TG, K.v.rangareddy",IN,IN,8.823529411764708,79.62085308056872,False,False,10. cross-script
S1-128965892,S2-557714717,S2,Vision Healthcare Private Limited,విజన్ హెల్త్‌కేర్ ప్రైవేట్ లిమిటెడ్,"Plot No. 31, Eastern Part, Sy.No.46, Mbr Nagar Colony, Kachiwanisingaram (V), Ghatkesar Mandal, Rangareddy, Telangana","PLOT NO. 31, EASTERN PART, SY.NO.46, MBR NAGAR COLONY, KACHIWANISINGARAM (V), GHATKESAR MANDAL, RANGAREDDY, Andhra Pradesh",IN,IN,8.823529411764708,93.15068493150685,False,False,10. cross-script
S1-339253772,S3-219168642,S3,Meridian LLC,meridian.com,"3207 Wynstone Drive, Quincy, IL","3207 Wynstone Drie, Quincy, Illinois",US,US,83.33333333333334,88.88888888888889,False,True,1. spelling corruption
S1-865482699,S3-803584797,S3,Shree Generation (India) Private Limited,Shree Gnfrianmlon (India) Private Limited,"302, Roots Tower, Distt. Centre, Laxmi Nagar Delhi., New Delhi, East Delhi, Delhi","East Delhi, New Delhi, #882- 302, Roots Tower, Distt. Centre, Laxmi Nagar Delhi., DL",IN,IN,88.31168831168831,66.66666666666667,False,False,1. spelling corruption
S1-89868233,S2-661334590,S2,IS Projects Private Limited,privateisprojects.com,"Plot No. 106, Midc, Buttibori, Ramtek, Nagpur, Maharashtra","PLLT NO. ##106, RAMTEK, NULL, Maharashtra",IN,IN,50.0,73.5632183908046,False,False,9. address variation
S1-874592534,S3-956569200,S3,Urban Producer,अर्बन प्रोड्यूसर,"7A, Shiyaram Nagar, Gulab, Vihar K Piche, Pratap Ngr, Sanganer, Jaipur, Rajasthan","No G-342 7A, Sanganer, Shiyaram Nagar, Gulab, Vihar K Piche, Pratap Ngr, Jaipur, राजस्थान",IN,IN,6.666666666666665,71.7948717948718,False,False,10. cross-script
S1-390344073,S2-831559076,S2,Preferred Heartland Banco Inc,Preferred Heartland,"Alamogordo, 602 S13 Florida Avenue, NM","602 S13 1/2 FLORIDA AVE, ALAMOGORDO, NM",US,US,79.16666666666666,60.273972602739725,False,False,1. spelling corruption
S1-390344073,S3-170776319,S3,Preferred Heartland Banco Inc,Preferred Heartland Inc Service,"Alamogordo, 602 S13 Florida Avenue, NM","602 S13 Florida Avenue, Alamogordo, New Mexico",US,US,83.33333333333334,62.5,False,False,1. spelling corruption
S1-390344073,S2-723765221,S2,Preferred Heartland Banco Inc,Preferred Heartland 8anco,"Alamogordo, 602 S13 Florida Avenue, NM","ALAMOGORDO, NM, 602 S13 1/2 FLORIDA AVE",US,US,88.88888888888889,82.1917808219178,False,False,1. spelling corruption
S1-126899598,S2-127264283,S2,Capital Institute,capitalinstitute.com,"11904 Creek Road, Unit 29, Eden, UT","11906 CREEK ROAD, EDEN, UT",US,US,86.48648648648648,82.14285714285714,False,False,1. spelling corruption
S1-126899598,S3-313775577,S3,Capital Institute,Capital (Services),"11904 Creek Road, Unit 29, Eden, UT","Creek Rd, Unit 29, Eden, Utah",US,US,66.66666666666667,82.75862068965517,False,False,1. spelling corruption
S1-11665380,S3-750478021,S3,Diamond Interstate Media LLC,Diamond Interstate Media,"TX, Stephenville, 210 1328","Stephenville, 210 1328, Texas",US,US,92.3076923076923,82.35294117647058,False,False,9. address variation
S1-11665380,S3-886882517,S3,Diamond Interstate Media LLC,Diamond Ínterstate Ínterstate LLC Services,"TX, Stephenville, 210 1328","Texas, 210 1328, Stephenville",US,US,68.57142857142857,58.82352941176471,False,False,10. cross-script
S1-300738653,S3-746648323,S3,Interfaith Alliance LP,Interfaith LP Services,"5122 Old 3C Highway, Westerville, OH",,US,US,68.18181818181819,0.0,False,False,6. missing address
S1-824790650,S3-920625390,S3,City Systems Private Limited,City Systems Prvate Limited,"Blk-E1, Flt No-403, Green, Park Muthusamy Clny-Extn, Coimbatore South, Coimbatore, Tamil Nadu","TN, Blk-e##1, Coimbatore South, Coimbatore, Flt No-403, Green, Park Muthusamy Clny-extn",IN,IN,98.18181818181819,57.48502994011976,False,False,9. address variation
S1-824790650,S3-289625576,S3,City Systems Private Limited,சிட்டி சிஸ்டம்ஸ் பிரைவேட் லிமிடெட்,"Blk-E1, Flt No-403, Green, Park Muthusamy Clny-Extn, Coimbatore South, Coimbatore, Tamil Nadu","Bk-e##1, Coimbatore South, Coimbatore, தமிழ்நாடு",IN,IN,9.677419354838712,51.908396946564885,False,False,10. cross-script
S1-524444903,S3-652352142,S3,Gujarat Marketing Private Limited,குஜராத் மார்க்கெட்டிங் பிரைவேட் லிமிடெட்,"14, Om Ganesh Nagar, Vadavalli, Coimbatore, Tamil Nadu","Coimbatore, தமிழ்நாடு, Hn 192 14, Om Ganesh Nagar, Vadavalli",IN,IN,8.21917808219178,52.83018867924528,False,False,10. cross-script
S1-420999504,S3-845392689,S3,Surat City Swami Ltd,Surat  City,"B-730, Landmark Empires, Kadodara Main Road, Magob, Surat City, Surat, Gujarat","B-g-730, Landmark Empires, Kadodara Main Road, Magob, Surat City, Surat, GJ",IN,IN,66.66666666666667,95.0354609929078,False,False,1. spelling corruption
S1-363619949,S3-60460842,S3,Preferred Fresh Hair Studio Inc,Preferred Fresh Hair Inc Services,"853 New Jersey Avenue, Unit 1054, Washington, DC","854 New Jersey Ave, PMB 4520, Washngton CITY, District of Columbia",US,US,78.125,61.111111111111114,False,False,1. spelling corruption
S1-363619949,S3-138691854,S3,Preferred Fresh Hair Studio Inc,Preferred Fresh Hair Studi0,"853 New Jersey Avenue, Unit 1054, Washington, DC","854 New Jersey Ave, # 1054, Washngton CITY, District of Columbia",US,US,89.65517241379311,67.3076923076923,False,False,1. spelling corruption
S1-363619949,S3-552064583,S3,Preferred Fresh Hair Studio Inc,Inc Preferred Fresh Háir Studio,"853 New Jersey Avenue, Unit 1054, Washington, DC","854 New Jersey Avenue, # 1054, Washngton CITY, District of Columbia",US,US,83.87096774193549,71.02803738317758,False,False,10. cross-script
S1-852394447,S3-867290408,S3,Swastik International,स्वस्तिक इंटरनेशनल,"4F-Cs-36, Fourth Floor, Ansal Plaza, Sector-1, Vaishali, Ghaziabad, Uttar Pradesh","4-4F-Cs-36, Ghaziabad, Fourth Floor, Ansal Plaza, Sector-1, Vaishali, UP",IN,IN,5.128205128205132,76.59574468085107,False,False,10. cross-script
S1-852394447,S2-739598186,S2,Swastik International,स्वस्तिक इंटरनेशनल,"4F-Cs-36, Fourth Floor, Ansal Plaza, Sector-1, Vaishali, Ghaziabad, Uttar Pradesh","FOURTH FLOOR, ANSAL PLAZA, SECTOR-1, VAISHALI, Uttar Pradesh, F-CS-36, GHAZIABAD",IN,IN,5.128205128205132,75.16778523489933,False,False,10. cross-script
S1-852394447,S2-179814796,S2,Swastik International,स्वस्तिक इंटरनेशनल,"4F-Cs-36, Fourth Floor, Ansal Plaza, Sector-1, Vaishali, Ghaziabad, Uttar Pradesh","F-CS-36, FOURTH FLOOR, ANSAL PLAZA, SECTOR-1, VAISHALI, GHAZIABAD, Uttar Pradesh",IN,IN,5.128205128205132,99.32885906040269,False,False,10. cross-script
S1-148149055,S3-68205527,S3,Bower Biomedical LLC,Bower  Bioedcial LLC,"5483 Day Lily Drive, Morgan, UT","##5483 Day Lily Dr, Mountain Green, Utah",US,US,92.3076923076923,73.84615384615385,False,False,9. address variation
S1-61479170,S3-562307421,S3,Bright Education Advisors Inc.,Bright Advisors Inc. Services,"158 Saint Michel Avenue, Houma, LA","58 St Michel Avenue, Houma, Louisiana",US,US,66.66666666666667,83.5820895522388,False,False,1. spelling corruption
S1-61479170,S2-638717375,S2,Bright Education Advisors Inc.,educationadvisors.com,"158 Saint Michel Avenue, Houma, LA","HOUMA, LA, 158C SAINT MICHEL AVE",US,US,76.0,64.51612903225806,False,False,1. spelling corruption
S1-727253834,S3-925628200,S3,Black Chemicals Private Limited,8lack Chémicals Private Limited,"House No. 02/6, Scheme No. 5, 6, Jind, Jind, Haryana","Block G-733 House No. 02/6, Jind, HR",IN,IN,93.5483870967742,53.84615384615385,False,False,10. cross-script
S1-727253834,S2-953199325,S2,Black Chemicals Private Limited,8lack Limited Private Chemicals,"House No. 02/6, Scheme No. 5, 6, Jind, Jind, Haryana","PLOT 646- HOUSE NO. 02/6, JIND, हरियाणा",IN,IN,58.06451612903225,47.5,False,False,3. transliteration
S1-302674306,S2-120997157,S2,Lakshmi Power Limited,લક્ષ્મી પાવર લિમિટેડ,"Vadodara, Gujarat, Ahmedabad, B-35, Swaminarayan Nagar No. 2 Mira Char Rasta, Harni Road, Vadodara","DOR NO 53 B-35, VADODARA, AHMEDABAD, Gujarat",IN,IN,9.756097560975608,37.878787878787875,False,False,10. cross-script
S1-302674306,S2-73439659,S2,Lakshmi Power Limited,lpower.com,"Vadodara, Gujarat, Ahmedabad, B-35, Swaminarayan Nagar No. 2 Mira Char Rasta, Harni Road, Vadodara","AHMEDABAD, ગુજરાત, DOOR NO 53 B-35, VADODARA, SWAMINARAYAN NAGAR NO. 2 MIRA CHAR RASTA, HARNI ROAD, VADODARA",IN,IN,51.61290322580645,77.08333333333334,False,False,9. address variation
S1-302674306,S3-806976053,S3,Lakshmi Power Limited,Mr lakshmi power limited,"Vadodara, Gujarat, Ahmedabad, B-35, Swaminarayan Nagar No. 2 Mira Char Rasta, Harni Road, Vadodara","Baroda, B-35, NULL, GJ, Swaminarayan Nagar No. 2 Mira Char Rasta, Harni Road, Vadodara",IN,IN,93.33333333333333,81.17647058823529,False,False,9. address variation
S1-302674306,S2-126313370,S2,Lakshmi Power Limited,લક્ષ્મી પાવર લિમિટેડ,"Vadodara, Gujarat, Ahmedabad, B-35, Swaminarayan Nagar No. 2 Mira Char Rasta, Harni Road, Vadodara","DOOR NO 53 B-35, SWAMINARAYAN NAGAR NO. 2 MIRA CHAR RASTA, HARNI ROAD, VADODARA, AHMEDABAD, VADODARA, ગુજરાત",IN,IN,9.756097560975608,72.91666666666667,False,False,10. cross-script
S1-994359197,S3-609510939,S3,Adams Select Shore,Adams Sdecelaiect Shóre,"122 Log Trail Drive, Unit APT A, Ballwin, MO","0122 Log Trail Drive, # APT A, Ballwin, Missouri",US,US,82.92682926829268,85.71428571428572,False,False,10. cross-script
S1-994359197,S3-558199691,S3,Adams Select Shore,Adams Select Center,"122 Log Trail Drive, Unit APT A, Ballwin, MO","0122 Log Trail Drive, # APT A, Ballwin, Missouri",US,US,75.67567567567568,85.71428571428572,False,False,1. spelling corruption
S1-688997842,S2-750468180,S2,Sai Management Limited,સાઈ મેનેજમેન્ટ લિમિટેડ,"Gujarat, Surat, Shriji Awas Mangadh Chowk, Mini Bazar, 441/442","441/442, SURAT, ગુજરાત",IN,IN,9.090909090909093,17.948717948717952,False,False,10. cross-script
S1-688997842,S3-87386992,S3,Sai Management Limited,Sai Management Management Ltd,"Gujarat, Surat, Shriji Awas Mangadh Chowk, Mini Bazar, 441/442","441/442, Shriji Awas Mangadh Chowk, Mini Bazar, Surat, ગુજરાત",IN,IN,70.58823529411764,69.56521739130434,False,False,1. spelling corruption
S1-688997842,S3-953842067,S3,Sai Management Limited,saimanagement.com,"Gujarat, Surat, Shriji Awas Mangadh Chowk, Mini Bazar, 441/442","441/442, Shriji Awas Mangadh Chowk, Mini Bazar, Surat, GJ",IN,IN,76.92307692307692,72.07207207207207,False,False,1. spelling corruption
S1-949885816,S3-876668842,S3,Gold Modern Marketing,Gold Modern Center,"Beach Garden, Juhu Tara Road, Santacruz West, Mumbai, Mumbai City, Maharashtra","Block E-431/8 Beach Garden, Juhu Tara Road, Santacruz West, Mumbai, Mumbai City, MH",IN,IN,71.7948717948718,84.76821192052981,False,False,1. spelling corruption
S1-547679069,S2-53899942,S2,"Miguel Real, Inc",migue1real.com,"Mesa, AZ, 10713 Trillium Avenue","10713 TRILLIUM AVE, MESA, AZ",US,US,75.86206896551724,69.0909090909091,True,False,1. spelling corruption
S1-709928369,S3-86270204,S3,High Hospitality Pvt Ltd,हाई हॉस्पिटैलिटी प्रा. लि.,"C/O Bharat Singh, Rampurabagria, Nathusari, Sirsa, Haryana","C/o Bharta Singh, Rampurabagria, Nathusari, Sirsa, HR",IN,IN,12.5,93.20388349514563,False,False,10. cross-script
S1-709928369,S3-672900545,S3,High Hospitality Pvt Ltd,हाई हॉस्पिटैलिटी प्रा. लि.,"C/O Bharat Singh, Rampurabagria, Nathusari, Sirsa, Haryana","C/o Bharat Singh, Rampurabagria, Nathusari, Sirsa, हरियाणा",IN,IN,12.5,87.03703703703704,False,False,10. cross-script
S1-768027629,S2-678793117,S2,Unique Consulting Private Limited,Unique ಕನ್ಸಲ್ಟಿಂಗ್ Private Limited,"No.188, Bangalore, Karnataka, 4Th Cross, C.E.L/O, Rmv, 2Nd Stg, Bhoopasandra, Bangalore","188- , 4TH CROSS, C.E.L/O, RMV, 2ND STG, BHOOPASANDRA, BANGALORE, Karnataka",IN,IN,68.65671641791045,77.24137931034483,False,False,10. cross-script
S1-387290424,S2-734419820,S2,Human Rights Society Inc,Human Rights Society,"6724 Bear Ridge Road, Pendleton, NY","006724 BEAR RIDGE RD, PENDLETON, NY",US,US,90.9090909090909,93.93939393939394,False,False,9. address variation
S1-933720541,S2-114162659,S2,United Constructions Private Limited,यूनाइटेड कंस्ट्रक्शंस प्राइवेट लिमिटेड,"At- Palaundha P.O & P.S- Chenari, Rohtas, Bihar","AT- PALAUNDHA P.O & P.S- CHENARI, बिहार, ROHTAS",IN,IN,8.108108108108103,86.66666666666667,False,False,10. cross-script
S1-977947725,S3-334932660,S3,Britni Ellis Cyber,Dovaevo,"2010 John Russell Road, Raeford, NC","North Carolina, Raeford, 2010 John Russell Road",US,US,7.9999999999999964,56.41025641025641,False,False,9. address variation
S1-957146223,S2-388787670,S2,Willow LLC,HALONYLAHALO,"2217 Millville Road, Chesapeake City, VA","2217. MILLVILLE ROAD, CHESAPEAKE, VA",US,US,36.36363636363637,92.95774647887323,False,True,9. address variation
S1-334222697,S3-900032484,S3,Green Law Chambers Company,Green Law Company Cénter,"#264, Choodamani Nilaya, 3Rd Cross Savalanga Road, Lbs Nagara, Shimoga, Karnataka","Lbs Nagara, Choodamani Nilaya, 3Rd Cross Savalanga Road, Shimoga, KA, #264",IN,IN,68.0,75.52447552447552,False,False,10. cross-script
S1-642187561,S3-743714012,S3,Finck Mfa Inc.,... Vioevo,"Unit 3 R, Fall River, 242 Broadway, MA","242 Broadway, # 3 R, Fall Rivre, Massachusetts",US,US,10.526315789473683,44.73684210526315,False,False,11. other
S1-600233586,S3-494267120,S3,Surya Healthcare Private Limited,Limited Surya Healthcare Service,"No 29/1 2Nd Cross Kirloskar Ccolony 2Nd Stage West Of Chord Road Basaveshwaranagar, Bangalore, Karnataka","No 29/ 2Nd Cross Kirloskar Ccolony 2Nd Stage West Of Chord Road Basaveshwaranagar, Bangalore, KA",IN,IN,65.625,95.38461538461537,False,False,1. spelling corruption
S1-540960162,S3-950494175,S3,Direct Massage Inc,Direct Mássage Inc,"30 Church Street, New Hartford, CT","New Hartford Center, 30 Church St, Connecticut",US,US,94.44444444444444,47.36842105263158,False,False,10. cross-script
S1-758082519,S2-98258974,S2,Ridge Capital Partners,Ridge Capital,"7711 Stonesdale Drive, Houston, TX","TX, 7711 STONESDALE DR, HOUSTON",US,US,74.28571428571429,85.24590163934427,False,False,1. spelling corruption
S1-758082519,S3-737037122,S3,Ridge Capital Partners,Ridge  Capital,"7711 Stonesdale Drive, Houston, TX","Texas, 7711 Stonesdale Drive, Houston",US,US,74.28571428571429,86.56716417910448,False,False,1. spelling corruption
S1-556151356,S2-237103673,S2,Allied Fellowship,A1lied Fellowship,"6101 Polly Court, Snow Camp, NC","POLLY CT, SNOW CAMP, NC",US,US,94.11764705882352,84.0,False,False,9. address variation
S1-649596611,S2-574351699,S2,Natural Polytechnic Private Limited,Natural Polytechnic Limited Service,"D.No.1-62/236, Shaikpet, Plot No.236, Kavuri Hills, Madhapur, Telangana, Hyderabad","DOOR NO #1-62/236 , PLOT NO.236, KAVURI HILLS, MADHAPUR, SHAIKPET, Telangana",IN,IN,77.14285714285715,78.62068965517241,False,False,1. spelling corruption
S1-649596611,S3-601053261,S3,Natural Polytechnic Private Limited,naturalpolytechnic.com,"D.No.1-62/236, Shaikpet, Plot No.236, Kavuri Hills, Madhapur, Telangana, Hyderabad","D.no.9-1-62/236, Plot No.236, Kavuri Hills, Madhapur, Hyderabad, Shaikpet, TG",IN,IN,70.17543859649122,77.55102040816327,False,False,1. spelling corruption
S1-389568265,S2-113365876,S2,Highland Clear Graphics Inc,chgraphicscom,"Oldfield, 827 Boston Road, MO","827. BOSTON RD, OLDFIELD, MO",US,US,50.0,65.38461538461539,False,False,9. address variation
S1-528167614,S2-978002571,S2,East Endocrinology Inc,Inc East Éndocrinology,"1192 Jasper Road, Piketon, OH","01192 JASPER RD, NEWTON TWP, OH",US,US,77.27272727272727,78.57142857142857,False,False,10. cross-script
S1-514762282,S3-804134362,S3,Universal Pioneer Foods Private Limited,ইউনিভার্সাল পায়োনিয়ার ফুডস প্রাইভেট লিমিটেড,"C/O-Mita Purkait, Kamalgazi, M.B Lane Rd South Kumrakhali Near Panchananta, Narendrapur, Parganas South, West Bengal","C/o-mita Purkait, Parganas South, WB",IN,IN,9.523809523809524,46.896551724137936,False,False,10. cross-script
S1-514762282,S2-868370168,S2,Universal Pioneer Foods Private Limited,ইউনিভার্সাল পায়োনিয়ার ফুডস প্রাইভেট লিমিটেড,"C/O-Mita Purkait, Kamalgazi, M.B Lane Rd South Kumrakhali Near Panchananta, Narendrapur, Parganas South, West Bengal","#444 C/O-MITA PURKAIT, KOLKATA, <NULL>, West Bengal",IN,IN,9.523809523809524,48.71794871794872,False,False,10. cross-script
S1-514762282,S2-821774777,S2,Universal Pioneer Foods Private Limited,ইউনিভার্সাল পায়োনিয়ার ফুডস প্রাইভেট লিমিটেড,"C/O-Mita Purkait, Kamalgazi, M.B Lane Rd South Kumrakhali Near Panchananta, Narendrapur, Parganas South, West Bengal","NO 444 C/O-MITA PURKAIT, KOLKATA, <NULL>, West Bengal",IN,IN,9.523809523809524,47.79874213836478,False,False,10. cross-script
S1-63287018,S2-521419872,S2,E & Z Giant PLLC,E & Z Gíant PLLC,"402 479, Unit Lot A, Albertville, AL","402 479, ALBERTVILLE, AL",US,US,94.44444444444444,80.0,False,True,10. cross-script
S1-617622252,S3-754252283,S3,4 Center St Management LLC,4center.com,"New Palestine, 2512 Carlota Drive, IN","Carlota Drive, New Palestine, Indiana",US,US,48.64864864864865,48.57142857142858,False,False,3. transliteration
S1-290985079,S3-696200249,S3,Arias Global Fidelity LP,Arias Global Fidelity,"3805 Glenn Street, Tucson, AZ","Tucson, Arizona, 3805 Glenn Saint",US,US,93.33333333333333,44.827586206896555,False,False,11. other
S1-968138246,S2-373989520,S2,"Campbell, Spears & Wolcott","Campbell, Spears & Woogtt","51 Tanner Circle, Stanford, KY","51D TANNER CIRCLE, PO BOX 9102, STANFORD CITY, KY",US,US,94.33962264150944,75.67567567567568,False,False,9. address variation
S1-170415340,S3-803234113,S3,Anchor LLC,Ahor  LLC,"1112 Gatesville Road, Nashville, IN","1112. Gatesville Road, Nashville CITY, Indiana",US,US,88.88888888888889,86.8421052631579,False,True,1. spelling corruption
S1-812377526,S2-825244967,S2,Golden Harbor Commodities LLC,go1denharborcommodities.com,"AZ, Peoria, 9608 Mary Ann Drive","AZ, 9608 MARY ANN DRIVE, PEROIA",US,US,85.71428571428572,75.86206896551724,False,False,1. spelling corruption
S1-761697328,S3-691816270,S3,"Creative Grid, LLC",Creative  LLC Center,"132 Broadway, Unit Suite 400, Eugene, OR","Eugene, Oregon, 13 Broadway, # Suite 400",US,US,66.66666666666667,58.33333333333333,False,False,1. spelling corruption
S1-305098025,S3-507298134,S3,Arihant Properties Private Limited,অরিহন্ত প্রপার্টিজ প্রাইভেট লিমিটেড,"C/O Kalipada Mandal Vill & Po Madhyam Saheb Khali Hingalganj, Harekrishna Mandal, Parganas North, West Bengal, Parganas North","Harekrishna Mandal, C/o Kalipada Mandal Vill & Po Madhyam Saheb Khali Hingalganj, Parganas North, পশ্চিমবঙ্গ",IN,IN,8.695652173913048,67.82608695652175,False,False,10. cross-script
S1-305098025,S2-519218804,S2,Arihant Properties Private Limited,অরিহন্ত প্রপার্টিজ প্রাইভেট লিমিটেড,"C/O Kalipada Mandal Vill & Po Madhyam Saheb Khali Hingalganj, Harekrishna Mandal, Parganas North, West Bengal, Parganas North","HAREKRISHNA MANDAL, PARGANAS NORTH, পশ্চিমবঙ্গ",IN,IN,8.695652173913048,40.7185628742515,False,False,10. cross-script
S1-172391030,S2-182535455,S2,Kale Prairie Pennantpark Inc,Miraflux,"4860 Table Rock Road, Fl 1, Medford, OR","3860 TABLE ROCK ROAD, CENTRA POINT, OR",US,US,16.666666666666664,69.44444444444444,False,False,9. address variation
S1-251205005,S3-347817268,S3,Unique Technologies Company,Unique Tecfhhiloogesh Company,"C/O Ramalingam, Near Perunthalaivar Kamarajar Nursery, Cheyyur, Kanchipuram, Tamil Nadu","C/o Raalingam, Cheyyur, Kanchipuram, TN",IN,IN,85.71428571428572,60.504201680672274,False,False,1. spelling corruption
S1-251205005,S2-267250443,S2,Unique Technologies Company,Sri Unique Technologies Company,"C/O Ramalingam, Near Perunthalaivar Kamarajar Nursery, Cheyyur, Kanchipuram, Tamil Nadu","NO. 193 C/O RAMALINGAM, NEAR PERUNTHALAIVAR KAMARAJAR NURSERY, CHEYYUR, Tamil Nadu",IN,IN,93.10344827586206,88.19875776397515,False,False,9. address variation
S1-140975728,S2-627687565,S2,Elegant & Partners LLP,Elegant & Ptartgners LLP,"Plot No 27 18 Foota Road, Vinay Nagar Awganpur, Faridabad, Haryana","हरियाणा, PLOT NO 27 18 FOOTA ROAD, VINAY NAGAR AWGANPUR, FARIDABAD",IN,IN,96.0,87.3015873015873,False,False,9. address variation
S1-636330670,S2-325080011,S2,Excellent Services Private Limited,Sri Excellent Services Private,"Uttar Pradesh, Lucknow, 1/377 Viram Khand, Lucknow","H.NO 1/377 VIRAM KHAND, LUCKNOW, उत्तर प्रदेश",IN,IN,81.25,66.66666666666667,False,False,1. spelling corruption
S1-182617729,S2-803800302,S2,Ss Construction Pvt Ltd,எஸ்எஸ் கன்ஸ்ட்ரக்ஷன் பிரைவேட் லிமிடெட்,"No 74/32, Vedagiri Street, Chindaripet, Chennai, Tamil Nadu","NO 74/32, CHENNAI, Tamil Nadu",IN,IN,9.836065573770492,65.85365853658536,False,False,10. cross-script
S1-182617729,S3-790901824,S3,Ss Construction Pvt Ltd,எஸ்எஸ் கன்ஸ்ட்ரக்ஷன் பிரைவேட் லிமிடெட்,"No 74/32, Vedagiri Street, Chindaripet, Chennai, Tamil Nadu","Door No 74/32, Vedagiri Street, Chindaripet, Chennai, TN",IN,IN,9.836065573770492,87.85046728971963,False,False,10. cross-script
S1-182617729,S2-226629899,S2,Ss Construction Pvt Ltd,எஸ்எஸ் கன்ஸ்ட்ரக்ஷன் பிரைவேட் லிமிடெட்,"No 74/32, Vedagiri Street, Chindaripet, Chennai, Tamil Nadu","NO 74/32, CHENNAI, தமிழ்நாடு",IN,IN,9.836065573770492,41.9753086419753,False,False,10. cross-script
S1-924911804,S3-189988325,S3,Prime Mobility Networks,Prime M0bility-Network,"11804 Washington Street, Indianapolis, IN","Washington St, Indianapolis, Indiana",US,US,93.33333333333333,79.45205479452055,False,False,9. address variation
S1-699054733,S3-802549086,S3,"Vargas, Erinn P., Esq., DDS PC","Vargas, Ereign P., Esq., DDS PC","1102 900, Richland, IN","1102c 900, Richland, Indiana",US,US,94.11764705882352,86.95652173913044,False,False,9. address variation
S1-699054733,S2-479676370,S2,"Vargas, Erinn P., Esq., DDS PC",pvargaserinn.com,"1102 900, Richland, IN","1104 900, RICHLAND, IN",US,US,63.41463414634146,95.0,False,False,1. spelling corruption
S1-658893707,S3-654669104,S3,Taylor Golden Invest LLC,Taylor-Golden Invest Invest,"796 Plymouth Street, Middleborough, MA","Plymouth St, Middleborough, Massachusetts",US,US,82.35294117647058,74.66666666666666,False,False,1. spelling corruption
S1-272458353,S2-416090127,S2,Certified Liberty Stores Inc,CERTIFIED LIBETY STORES (INC),"3241 Washington Street, City Of Wisconsin Rapids, WI","241 WASHINGTON STREET, CITY OF WISCONSIN RAPIDS, WI",US,US,98.18181818181819,98.98989898989899,False,False,9. address variation
S1-656579609,S3-823566436,S3,Dermatology Prairie Care LLC,Dermatology Prairie,"1202 Missouri Street, Grandview, WA","Missouri St, Grandview, Washington",US,US,80.85106382978724,73.84615384615385,False,False,1. spelling corruption
S1-239034204,S3-873286244,S3,Internal Medicine Quality Care Associates LLC,Internal Medicine Quality Care Ass0ciates Llc,"MD, Salisbury, 125 Coulbourn Drive","Maryland, 125 Coulbourn Dr, Salisbury",US,US,97.77777777777777,65.67164179104478,False,False,2. OCR corruption
S1-688605251,S3-541771489,S3,Annapurna Strategy,Annapurna 5ervices,"Ff-59, Ansal Fortune Arcade Sector-18, Gautam Budh Nagar, Noida, Gautam Buddha Nagar, Uttar Pradesh","Ansal Fortune Arcade Sector-18, Gautam Budh Nagar, Noida, UP, Gautam Buddha Nagar, No 277 Ff-59",IN,IN,66.66666666666667,82.6086956521739,False,False,1. spelling corruption
S1-688605251,S3-230737597,S3,Annapurna Strategy,Annapurna Center,"Ff-59, Ansal Fortune Arcade Sector-18, Gautam Budh Nagar, Noida, Gautam Buddha Nagar, Uttar Pradesh","No. 277 Ff-59, Noida, Gautam Buddha Nagar, उत्तर प्रदेश",IN,IN,70.58823529411764,45.51724137931035,False,False,1. spelling corruption
S1-50646013,S3-708965003,S3,Santosh (india) Limited,santoshindia.com,"1077-A Hospital Road, Kochi, Idukki, Kerala","കേരളം, Idukki, N/A, 1077-A Hospital Road, Cochin",IN,IN,75.67567567567568,59.523809523809526,False,False,1. spelling corruption
S1-660355668,S3-304227441,S3,East Media Private Limited,ஈஸ்ட் மீடியா பிரைவேட் லிமிடெட்,"Tamil Nadu, 82 Sadayappa Street, Chennai, Chennai City Corporation","#82. Sadayappa Street, Chennai City Corporation, Chennai, TN",IN,IN,10.71428571428571,74.57627118644068,False,False,10. cross-script
S1-660355668,S2-550183062,S2,East Media Private Limited,ஈஸ்ட் மீடியா பிரைவேட் லிமிடெட்,"Tamil Nadu, 82 Sadayappa Street, Chennai, Chennai City Corporation","H.NO 82 SADAYAPPA STREET, தமிழ்நாடு, CHENNAI CITY CORPORATION, CHENNAI",IN,IN,10.71428571428571,73.84615384615385,False,False,10. cross-script
S1-660355668,S3-968014789,S3,East Media Private Limited,Mr East Media  Pcive Limited,"Tamil Nadu, 82 Sadayappa Street, Chennai, Chennai City Corporation","H.no 82. Sadayappa Street, Chennai City Corporation, Chennai, TN",IN,IN,86.79245283018868,76.42276422764228,False,False,1. spelling corruption
S1-799159530,S2-994178470,S2,Supreme New International,सुप्रीम न्यू इंटरनेशनल,"Gautam Buddha Nagar, Gh-04, Sec-119, A-305 Gaur Grandeur Aoa, Uttar Pradesh, Noida","A-305 GAUR GRANDEUR AOA, GH-04, SEC-119, GAUTAM BUDDHA NAGAR, GAUTAM BUDHA NAGAR, Uttar Pradesh",IN,IN,8.510638297872342,59.88023952095809,False,False,10. cross-script
S1-799159530,S2-801154133,S2,Supreme New International,सुप्रीम न्यू इंटरनेशनल,"Gautam Buddha Nagar, Gh-04, Sec-119, A-305 Gaur Grandeur Aoa, Uttar Pradesh, Noida","A-305 GAUR GRANDEUR AOA, GH-04, SEC-119, GAUTAM BUDDHA NAGAR, GAUTAM BUDHA NAGAR, उत्तर प्रदेश",IN,IN,8.510638297872342,49.397590361445786,False,False,10. cross-script
S1-552695644,S3-321695338,S3,Sts & Brothers Private Limited,Smt stsbr0thers.com,"6/1/1/A, Baglan Indiranagar, Satana, Nashik, Maharashtra","G-6/1/1/a, Satana, Nashik, MH",IN,IN,47.05882352941176,61.53846153846154,False,False,9. address variation
S1-516194218,S2-522568190,S2,Prime Great Alphabet,Prime Great,"5725 Windy Drive, Unit E, City Of Stevens Point, WI",,US,US,70.96774193548387,0.0,False,False,6. missing address
S1-516194218,S3-649418816,S3,Prime Great Alphabet,primegreatalphabet.com,"5725 Windy Drive, Unit E, City Of Stevens Point, WI","Windy Drive, # E, City Of Stevens Point, Wisconsin",US,US,85.71428571428572,81.72043010752688,False,False,1. spelling corruption
S1-516194218,S3-488626518,S3,Prime Great Alphabet,Prime Great Alpbhaamet,"5725 Windy Drive, Unit E, City Of Stevens Point, WI","# E, Wisconsin, City Of Stevens Point, 5725 Windy Drive",US,US,90.47619047619048,63.26530612244898,False,False,9. address variation
S1-105457407,S2-950849276,S2,Royal Classic Hospitality LLP,Roya1 Classic Hospitality Hospitality LLP,"#S 95 13Th Main 1St Cross 2Nd Stage Bel Layout, Bangalore, Karnataka, Bharath Nagar(Po), Bangalore",,IN,IN,80.0,0.0,False,False,6. missing address
S1-105457407,S3-851245153,S3,Royal Classic Hospitality LLP,ರಾಯಲ್ ಕ್ಲಾಸಿಕ್ ಹಾಸ್ಪಿಟಾಲಿಟಿ ಎಲ್ಎಲ್‌ಪಿ,"#S 95 13Th Main 1St Cross 2Nd Stage Bel Layout, Bangalore, Karnataka, Bharath Nagar(Po), Bangalore","#S 95 13Th Main 1St Cross 2Nd Stage Bel Layout, Bharath Nagar(po), Bangalore, KA",IN,IN,9.090909090909093,86.22754491017965,False,False,10. cross-script
S1-53444488,S3-13032540,S3,Secure Energy Associates,Secure [Energy],"Westminster, 2205 Timothy Drive, MD","2205- Timothy Dr, Westminster, Maryland",US,US,70.27027027027026,57.971014492753625,False,False,1. spelling corruption
S1-794056711,S2-276488295,S2,Ear Nose & Throat Frontier Care Associates,earnose.com,"265 Riverside Street, Unit OG17B, Lowell, MA","65 Riverside St, LOWELL, MA",US,US,36.36363636363637,75.75757575757575,False,False,9. address variation
S1-875092436,S3-197534242,S3,India Laser Ventures Private Limited,India Laser Ventures Private Límited - 7046798844,"No 38 Atharv Nilay, Temple View Phase 2, Bangalore South, Bangalore Rural, Karnataka","No 38 Atharv Nilay, Temple View Phase 2, Bangalore South, Bangalore Rural, ಕರ್ನಾಟಕ",IN,IN,84.33734939759037,89.87341772151899,False,False,10. cross-script
S1-447477742,S2-141404708,S2,Castro and Lewis,Castro ánd (Lewis),"466 2, Greene, NY","NY, 66 2, GREENE CITY",US,US,93.75,76.47058823529412,False,False,10. cross-script
S1-468952035,S3-94307990,S3,Frangipani Seva Samiti of Thiruvananthapuram,sevasamiti.com,"Palakkad, Thiruvananthapuram, Bp 12/295 Therevila Housemangalathukonam Balaramapuram Kattachal Kuzhy P O, Kerala","Plot 652 Bp 12/295 Therevila Housemangalathukonam Balaramapuram Kattachal Kuzhy P O, Thiruvananthapuram, Palakkad, Keralam",IN,IN,44.827586206896555,74.56140350877193,False,False,9. address variation
S1-350231803,S2-820886111,S2,Great Technologies Private Limited,ग्रेट टेक्नोलॉजीज प्राइवेट लिमिटेड,"Future Wiz House, 251, Ahilya Gautam Colony Ashiana Nagar Phase - Ii, Phulwari, Patna, Bihar","FUTURE WIZ HOUSE, PATNA, Bihar",IN,IN,8.823529411764708,49.557522123893804,False,False,10. cross-script
S1-350231803,S2-555629530,S2,Great Technologies Private Limited,Great Technologies,"Future Wiz House, 251, Ahilya Gautam Colony Ashiana Nagar Phase - Ii, Phulwari, Patna, Bihar","FUTURE WIZ HOUSE, 6-251, AHILYA GAUTAM COLONY ASHIANA NAGAR PHASE - II, PHULWARI, Bihar",IN,IN,69.23076923076923,95.18072289156626,False,False,1. spelling corruption
S1-827615107,S2-744012907,S2,Blue Food Limited,ब्लू फूड लिमिटेड,"Advait Bunglow, Shivaji Nagar, Miraj, Sangli, Maharashtra","ADVAIT BNGLOW, SHIVAJI NAGAR, MIRAJ, SANGLI, Maharashtra",IN,IN,12.121212121212121,99.04761904761905,False,False,10. cross-script
S1-827615107,S2-459363813,S2,Blue Food Limited,ब्लू फूड लिमिटेड,"Advait Bunglow, Shivaji Nagar, Miraj, Sangli, Maharashtra","ADVAIT BUNGLOW, SHIVAJI NAGAR, MIRAJ, SANGLI, महाराष्ट्र",IN,IN,12.121212121212121,80.0,False,False,10. cross-script
S1-827615107,S2-878731800,S2,Blue Food Limited,Blue Food,"Advait Bunglow, Shivaji Nagar, Miraj, Sangli, Maharashtra","Maharashtra, ADVAIT BUNGLOW, SHIVAJI NAGAR, MIRAJ",IN,IN,69.23076923076923,68.68686868686868,False,False,1. spelling corruption
S1-827615107,S3-879799032,S3,Blue Food Limited,ब्लू फूड लिमिटेड,"Advait Bunglow, Shivaji Nagar, Miraj, Sangli, Maharashtra","Advait Bunglow, Shivaji Nagar, Miraj, Sangli, MH",IN,IN,12.121212121212121,90.72164948453609,False,False,10. cross-script
S1-644184292,S3-742221165,S3,Heartland Project III,Heartland Project III Association,"9300 Leslieshire Drive, Raleigh, NC",,US,US,77.77777777777779,0.0,False,False,6. missing address
S1-500098176,S3-962302801,S3,"Womens Health Medicine, LLC","Womens Héalth Medicine, LLC","3009 BLD 12 Ira Young Drive, Unit BLD 12, Temple, TX","Temple, 3009 BLD 12 Ira Yuong Dr, # BLD 12, Texas",US,US,96.15384615384616,73.11827956989248,False,False,10. cross-script
S1-500098176,S2-687662191,S2,"Womens Health Medicine, LLC","Womens  Medicine, LLC Center","3009 BLD 12 Ira Young Drive, Unit BLD 12, Temple, TX","TX, 3009 BLD 12 IRA YOUNG DR, TEMPLE",US,US,73.07692307692308,74.69879518072288,False,False,1. spelling corruption
S1-572353775,S2-672407565,S2,Surya Infrastructure Pvt Ltd,सूर्य इंफ्रास्ट्रक्चर प्रा. लि.,"Kno 1092Kh Sarsawan, .Arjunganj, Lucknow, Uttar Pradesh","KNO 1092KH- SARSAWAN, LUCKNOW, Uttar Pradesh",IN,IN,10.526315789473683,89.13043478260869,False,False,10. cross-script
S1-572353775,S3-542516131,S3,Surya Infrastructure Pvt Ltd,suryainfrastructure.com,"Kno 1092Kh Sarsawan, .Arjunganj, Lucknow, Uttar Pradesh","Kno 1092K Sarsawan, .Arjunganj, Lucknow, UP",IN,IN,78.43137254901961,86.66666666666667,False,False,1. spelling corruption
S1-553382538,S3-908327687,S3,Classic Constructions Private Limited,ક્લાસિક કન્સ્ટ્રક્શન્સ પ્રાઇવેટ લિમિટેડ,"Jalbhai Ni Wadi Mahadev Nagar, Bilimora, Valsad, Gujarat","Bilimora, Valsad, Jalbhai Ni Wadi Mahadev Nagar, ગુજરાત",IN,IN,7.8947368421052655,57.14285714285714,False,False,10. cross-script
S1-553382538,S3-281664989,S3,Classic Constructions Private Limited,Classicconstructions.Com,"Jalbhai Ni Wadi Mahadev Nagar, Bilimora, Valsad, Gujarat","Jalbhai Ni Wadi Mahadev Nagar, Valsad, Bilimora, GJ",IN,IN,72.1311475409836,81.1881188118812,False,False,1. spelling corruption
S1-903204271,S2-703711583,S2,Allied Complete Insurance LLC,YUMACIRADOVA,"37 Clove Avenue, Haverstraw, NY","CLOVE AVENUE, HAVERSTRAW, NY",US,US,24.390243902439025,94.54545454545455,False,False,9. address variation
S1-43293398,S3-151651603,S3,Vipul (India) India Pvt. Ltd.,Vipulindiaindia.Com,"Door No:10-3-98/E/203, Sukh Sangath Apartments, East Marredpally, Secunderabad, Hyderabad, Telangana","Door No:10-3-98/e/203, Sukh Sangath Apartments, East Marredpally, Hyderabad, Secunderabad, Andhra Pradesh",IN,IN,72.72727272727273,85.12820512820512,False,False,1. spelling corruption
S1-463595119,S3-603294915,S3,Integrated Lion Inc,Integrated Inc Partners,"MN, Chanhassen, 2287 Stone Creek Drive","2287 Stone Creek Dr, Chanhassen, Minnesota",US,US,71.42857142857143,55.263157894736835,False,False,1. spelling corruption
S1-463595119,S3-712564487,S3,Integrated Lion Inc,Integratedlion.Com,"MN, Chanhassen, 2287 Stone Creek Drive","2287 Stone Creek Drive, Chanhassen, Minnesota",US,US,86.48648648648648,55.696202531645575,False,False,1. spelling corruption
S1-463595119,S3-259109393,S3,Integrated Lion Inc,Integrated Lion Ínc,"MN, Chanhassen, 2287 Stone Creek Drive","2287 Stone Creek Drive, Chanhassen, Minnesota",US,US,94.73684210526316,55.696202531645575,False,False,10. cross-script
S1-463595119,S2-970079043,S2,Integrated Lion Inc,INC INTEGRATED LMIGN,"MN, Chanhassen, 2287 Stone Creek Drive","2287 STONE CREEK DR, CHANHASSEN, MN",US,US,71.7948717948718,57.971014492753625,False,False,1. spelling corruption
S1-551429627,S3-803812281,S3,Ss Estate Private Limited,5s Éstate Private Limited,"24/M/3B, Barwaritala Road Kolkata, Kolkata, Howrah, Kolkata, West Bengal","#24/M/3B, N/A, Calcutta, WB, Barwaritala Road Kolkata, Kolkata",IN,IN,92.0,65.04065040650406,False,False,10. cross-script
S1-551429627,S3-422904669,S3,Ss Estate Private Limited,এসএস এস্টেট প্রাইভেট লিমিটেড,"24/M/3B, Barwaritala Road Kolkata, Kolkata, Howrah, Kolkata, West Bengal","#24/M/3B, Barwaritala Road Kolkata, Kolkata, Calcutta, N/A, WB",IN,IN,11.32075471698113,78.04878048780488,False,False,10. cross-script
S1-551429627,S3-6655056,S3,Ss Estate Private Limited,Ss Estate Piiae Limited,"24/M/3B, Barwaritala Road Kolkata, Kolkata, Howrah, Kolkata, West Bengal","#24/M/3B, Barwaritala Road Kolkata, Kolkata, Calcutta, N/A, WB",IN,IN,91.66666666666666,78.04878048780488,False,False,9. address variation
S1-911326662,S3-260878595,S3,Classic Global LLP,Smt Classic Goall Goall LLP,"Ujalahouse, Ramkrishnamandirroad, Kondivita, Andheri(East), Mumbai, Mumbai City, Maharashtra","Ujalahouse, Ramkrishnamandirroad, Kondivita, Andheri(east), Mumbai, Mumbai City, महाराष्ट्र",IN,IN,75.55555555555556,87.57396449704143,False,False,1. spelling corruption
S1-911326662,S2-987994553,S2,Classic Global LLP,क्लासिक ग्लोबल एलएलपी,"Ujalahouse, Ramkrishnamandirroad, Kondivita, Andheri(East), Mumbai, Mumbai City, Maharashtra","UJALAHOUSE, BOMBAY, Maharashtra, MUMBAI CITY",IN,IN,10.256410256410254,52.38095238095239,False,False,10. cross-script
S1-287678789,S3-858411158,S3,Heart Alliance,Heart  Albloie,"5841 Bryant Avenue, Brooklyn Center, MN","841 Bryant Ave, Minnesota, Minneapolis",US,US,81.4814814814815,57.53424657534247,False,False,1. spelling corruption
S1-287678789,S3-978983919,S3,Heart Alliance,Heart Center,"5841 Bryant Avenue, Brooklyn Center, MN","841 Bryant Ave, Minneapolis, Minnesota",US,US,61.53846153846154,57.53424657534247,False,False,1. spelling corruption
S1-215462226,S3-507128145,S3,Dynamic & Associates LLP,Mr Dynamic & Associates L.L.P.,"Abdul Rasheed E-43 F/F Block- E I.P. Extn, Patpar Ganj, Delhi, East Delhi, Delhi","Abdul Rasheed E-#43 F/f Block- E I.p. Extn, Patpar Ganj, East Delhi, Delhi, DL",IN,IN,91.22807017543859,93.79310344827586,False,False,9. address variation
S1-905973661,S3-150421157,S3,Bay Best Berkley LLC,Bay Best Berkley,"8012 Seaton Street, Fairfax County, VA","012 Seaton St, Fairfax County, Virginia",US,US,88.88888888888889,84.93150684931507,False,False,1. spelling corruption
S1-409713453,S3-727392266,S3,Superior Creative Digital LLC,Superior Cretidoe Digital LLC,"2721 Eastview Street, Parkersburg, WV","Eastview Street, Parkersburg, West Virginia",US,US,93.10344827586206,78.94736842105263,False,False,9. address variation
S1-431306201,S3-223492173,S3,Ear Nose & Throat Health Inc.,Ear Nose & Throat,"25209 Star View Drive, Mount Vernon, WA","5209 Star View Dr, Skagit County, Washington",US,US,77.55102040816327,68.35443037974683,False,False,1. spelling corruption
S1-431306201,S3-253021171,S3,Ear Nose & Throat Health Inc.,Ear Nose & Throat,"25209 Star View Drive, Mount Vernon, WA","5209 Star View Dr, Skagit County, Washington",US,US,77.55102040816327,68.35443037974683,False,False,1. spelling corruption
S1-82467794,S3-10308781,S3,Le Certifications Pvt. Ltd.,Le Cértifications Pvt. Ltd.,"M 58Shopping Centre Greater Kailash Ii, New Delhi, South Delhi, Delhi","M 0058Shopping Centre Greater Kailash Ii, South Delhi, Delhi Gk, DL",IN,IN,96.0,86.15384615384616,False,False,10. cross-script
S1-103614970,S3-27767229,S3,Sanwariya Industries Group,5anwariya Industries [((Group))],"D'Wada Center, D'Wada, Jambha Kd, Tq. Murtizapur, Dist, Akola, Murtizapur, Akola, Maharashtra","D'wada Center, D'wada, Jambha Kd, Tq. Murtizapur, Dist, Akola, Murtizapur, Akola, MH",IN,IN,96.15384615384616,94.33962264150944,False,False,2. OCR corruption
S1-103614970,S3-79480059,S3,Sanwariya Industries Group,5anwariya  Industries,"D'Wada Center, D'Wada, Jambha Kd, Tq. Murtizapur, Dist, Akola, Murtizapur, Akola, Maharashtra","Akola, Murtizapur, MH, D'wada, Jambha Kd, Tq. Murtizapur, Dist, Akola, D'wada Center",IN,IN,82.6086956521739,67.9245283018868,False,False,1. spelling corruption
S1-934607484,S3-190764163,S3,A Cure 2 You,A Cure  2,"1160 Olson Drive, Unit Unit 303, Waukee, IA","##1160 Olson Drive, # Unit 303, Wukee, Iowa",US,US,80.0,89.47368421052632,False,False,1. spelling corruption
S1-934607484,S3-160742862,S3,A Cure 2 You,A Ciuoe-2 Yóu,"1160 Olson Drive, Unit Unit 303, Waukee, IA","Iowa, Wukee, ##1160 Olson Dr",US,US,80.0,40.625,False,False,10. cross-script
S1-753180547,S2-380496178,S2,International Healthcare,Dr International-Healthcare,"Telangana, Nizamabad, 6-22-664, Gowtham Rn 3/3","G-6-22-664, GOWTHAM RN 3/3, NIZAMABAD, Telangana",IN,IN,94.11764705882352,56.81818181818181,False,False,9. address variation
S1-753180547,S2-140643497,S2,International Healthcare,INTERNATIONAL HSLTCHAAE - 8770703987,"Telangana, Nizamabad, 6-22-664, Gowtham Rn 3/3","G-6-22-664, GOWTHAM RN 3/3, NIZAMABAD, Telangana",IN,IN,68.96551724137932,56.81818181818181,False,False,1. spelling corruption
S1-512313963,S3-528339152,S3,Ss Products Private Limited,एसएस प्रोडक्ट्स प्राइवेट लिमिटेड,"E 182, A Janta Garden Pandav Nagar, Delhi, East Delhi, Delhi","E 182, A Janta Garden Pandav Nagar, Delhi, East Delhi, DL",IN,IN,10.169491525423723,97.24770642201834,False,False,10. cross-script
S1-512313963,S3-855715102,S3,Ss Products Private Limited,Ss Products,"E 182, A Janta Garden Pandav Nagar, Delhi, East Delhi, Delhi","E 182, A Janta Garden Pandav Nagar, East Delhi, Delhi, DL",IN,IN,57.89473684210527,91.74311926605505,False,False,9. address variation
S1-512313963,S2-486609360,S2,Ss Products Private Limited,एसएस प्रोडक्ट्स प्राइवेट लिमिटेड,"E 182, A Janta Garden Pandav Nagar, Delhi, East Delhi, Delhi","E 182, DELHI, EAST DELHI, Delhi",IN,IN,10.169491525423723,66.66666666666667,False,False,10. cross-script
S1-821743411,S3-125393408,S3,Life Management Pvt Ltd,Life Mánagement Pvt Ltd,"501, Judges Court Road P.O- Midnapur, Midnapur, West Bengal","50, Judges Court Road P.o- Midnapur, null, WB",IN,IN,95.65217391304348,81.25,False,False,10. cross-script
S1-821743411,S3-317321751,S3,Life Management Pvt Ltd,লাইফ ম্যানেজমেন্ট প্রাইভেট লিমিটেড,"501, Judges Court Road P.O- Midnapur, Midnapur, West Bengal","50, Judges Court Road P.o- Midnapur, null, WB",IN,IN,10.526315789473683,81.25,False,False,10. cross-script
S1-821743411,S2-362270437,S2,Life Management Pvt Ltd,লাইফ ম্যানেজমেন্ট প্রাইভেট লিমিটেড,"501, Judges Court Road P.O- Midnapur, Midnapur, West Bengal","01, JUDGES COURT ROAD P.O- MIDNAPUR, MIDNAPUR, West Bengal",IN,IN,10.526315789473683,99.08256880733946,False,False,10. cross-script
S1-431594024,S3-766120871,S3,Shiva Impex LLP,শিব ইম্পেক্স এলএলপি,"H.No C-76, Phase3, 1St Floor Himachal Vihar, Siliguri, Darjiling, Darjeeling, West Bengal","H.no C-76, Darjiling, Darjeeling, পশ্চিমবঙ্গ",IN,IN,11.764705882352944,50.0,False,False,10. cross-script
S1-431594024,S3-834088463,S3,Shiva Impex LLP,Shiva ইম্পেক্স এলএলপি,"H.No C-76, Phase3, 1St Floor Himachal Vihar, Siliguri, Darjiling, Darjeeling, West Bengal","H.no C-76, Phase3, 1St Floor Himachal Vihar, Siliguri, Darjiling, Darjeeling, WB",IN,IN,38.888888888888886,94.26751592356688,False,False,10. cross-script
S1-710746277,S2-80820887,S2,FE Engineering Private Limited,feprivate.com,"1904 19Th Floor Tower A 6, Nirala Aspire Gh 3, Bishrakh, Gautam Buddha Nagar, Uttar Pradesh","H.NO 1904 19TH FLOOR TOWER A 6, NIRALA ASPIRE GH 3, GAUTAM BUDDHA NAGAR, Uttar Pradesh",IN,IN,51.162790697674424,91.76470588235294,False,False,9. address variation
S1-419099650,S2-849156690,S2,Glad's Book Store LLC,VERAHALOFAYE,"1225 1600, Unit 10A, Provo, UT","1225 1600, PROVO CITY, UT",US,US,18.181818181818176,72.0,False,True,9. address variation
S1-456547147,S3-796312435,S3,"Heidie D. Bixler, D.C.",dheidiebixlercom,"58 400, Hyrum, UT","Utah, 58 400, Hyrum",US,US,74.28571428571429,75.0,False,False,1. spelling corruption
S1-503466619,S3-457014504,S3,Ear Nose & Throat Mountain Clinic Inc.,Earnosethroat.Com,"337 Main Street, Unit 25, Norton, MA","Massachusetts, Norton, # 25, 337 Main Street",US,US,53.57142857142857,44.44444444444444,False,False,3. transliteration
S1-271613713,S3-309074797,S3,Express Atlantic Eco L.L.C.,Express Atlantic L.L.C. Center,"4121 Modlin Avenue, Fort Worth, TX","Texas, 004121 Modlin Avenue, Fort Worth",US,US,80.0,84.05797101449275,False,False,1. spelling corruption
S1-271613713,S2-617268619,S2,Express Atlantic Eco L.L.C.,expressatlanticeco.com,"4121 Modlin Avenue, Fort Worth, TX","FORT WORTH, #4121 MODLIN AVE, TX",US,US,83.33333333333334,59.01639344262295,False,False,1. spelling corruption
S1-271613713,S2-488161771,S2,Express Atlantic Eco L.L.C.,Express Aldtannc Eco L.L.C.,"4121 Modlin Avenue, Fort Worth, TX","#4121 MODLIN AVE, FORT WORTH, TX",US,US,88.46153846153845,95.08196721311475,False,False,1. spelling corruption
S1-271613713,S2-27079855,S2,Express Atlantic Eco L.L.C.,Express At1antic,"4121 Modlin Avenue, Fort Worth, TX","MODLIN AVENUE, FORT WORTH, TX",US,US,71.42857142857143,91.52542372881356,False,False,1. spelling corruption
S1-195470707,S2-179863619,S2,Modern Colonial Avalanche PC,moderncolonialavalanche.com,"105 Pershing Drive, Scotia, NY","105 PERSHIGN DR, SCHENECTADY CITY, NY",US,US,90.9090909090909,69.84126984126983,False,True,9. address variation
S1-741511692,S2-836924196,S2,Knight Traders Pvt Ltd,Knight Treasr Pvt Ltd,"Plot No. 286, Ward 3A, Adipur, Gandhidham, Kuchc, Gandhidham, Kachchh, Gujarat","H.NO #286 , WARD 3A, ADIPUR, GANDHIDHAM, KUCHC, GANDHIDHAM, ગુજરાત",IN,IN,88.37209302325581,79.6875,False,False,1. spelling corruption
S1-167367342,S2-281476461,S2,Rocky Enterprises LLC,R0cky  Enterprises LLC,"630 Mountain Avenue, Bedford Town, VA","630 MOUNTAIN AVENUE, BEDFORD, VA",US,US,95.23809523809523,92.3076923076923,False,True,2. OCR corruption
S1-728668681,S3-172748476,S3,Guru Software Private Limited,ગુરુ સોફ્ટવેર પ્રાઇવેટ લિમિટેડ,"B 1104 Crystal Heaven Apartment, Mavdi Kankot Rd, Rajkot, Gujarat","B 1104 Crystal Heaven Apartment, Mavdi Kankot Rd, Rajkot, GJ",IN,IN,10.169491525423723,95.7983193277311,False,False,10. cross-script
S1-728668681,S2-575576702,S2,Guru Software Private Limited,ગુરુ સોફ્ટવેર પ્રાઇવેટ લિમિટેડ,"B 1104 Crystal Heaven Apartment, Mavdi Kankot Rd, Rajkot, Gujarat","B 1104 CRYSTAL HEAVEN APARTMENT, RAJKOT, Gujarat",IN,IN,10.169491525423723,85.18518518518519,False,False,10. cross-script
S1-143679991,S2-355217532,S2,Machinists Local Union 525,machinistslocalunion.com,"1615 16th Avenue, Melrose Park, IL","1615-D 16RD AVE, MELROSE PARK, IL",US,US,84.0,85.71428571428572,False,True,1. spelling corruption
S1-920798001,S3-665124930,S3,Sauers United Mellon LLC,sauersunitedmellon.com,"525 Highland Road, Southold, NY","Highland Rd, Southold, New York",US,US,86.95652173913044,79.3103448275862,False,False,1. spelling corruption
S1-38178928,S2-993482450,S2,Future Construction Limited,फ्यूचर कंस्ट्रक्शन लिमिटेड,"Plot No H-3 Adc Se 26 Sh, No 3, Pradhikaran Nigdi, Pune City, Pune, Maharashtra","PLOT NO H-#3 ADC SE 26 SH, NO 3, PRADHIKARAN NIGDI, PUNE CITY, PUNE, महाराष्ट्र",IN,IN,7.547169811320753,85.71428571428572,False,False,10. cross-script
S1-38178928,S3-902070690,S3,Future Construction Limited,फ्यूचर कंस्ट्रक्शन लिमिटेड,"Plot No H-3 Adc Se 26 Sh, No 3, Pradhikaran Nigdi, Pune City, Pune, Maharashtra","H.no 5-283 Plot No H-3 Adc Se 26 Sh, No 3, Pradhikaran Nigdi, Pune City, MH",IN,IN,7.547169811320753,82.75862068965517,False,False,10. cross-script
S1-320006960,S2-90395241,S2,Shree Systems Pvt Ltd,ಶ್ರೀ ಸಿಸ್ಟಮ್ಸ್ ಪ್ರೈವೇಟ್ ಲಿಮಿಟೆಡ್,"13-14 1St Floor, Sv Complex, Navodaya Nagar Kothanur Main Road, Jp Nagar, 7Th Phase, Bangalore, Karnataka","#13-14 1ST FLOOR, SV COMPLEX, NAVODAYA NAGAR KOTHANUR MAIN ROAD, JP NAGAR, 7TH PHASE, BANGALORE, ಕರ್ನಾಟಕ",IN,IN,11.32075471698113,91.83673469387756,False,False,10. cross-script
S1-626259585,S3-414678494,S3,Rocky Grupo,Rocky  Grumoo,"348 Carmel Avenue, Galion, OH","Carmel Avenue, Galion, Ohio",US,US,86.95652173913044,88.46153846153845,False,False,1. spelling corruption
S1-370190726,S2-415686088,S2,Innovative Foods Limited,INNOVATIVE FLHEDS  LIMITED,"1901 Tower 11 Ace Parkway, Noida Sector 150, Noida, Gautam Buddha Nagar, Uttar Pradesh",,IN,IN,89.79591836734694,0.0,False,False,6. missing address
S1-370190726,S3-742379194,S3,Innovative Foods Limited,इनोवेटिव फूड्स लिमिटेड,"1901 Tower 11 Ace Parkway, Noida Sector 150, Noida, Gautam Buddha Nagar, Uttar Pradesh","No 901 Tower 11 Ace Parkway, Noida, Gautam Buddha Nagar, UP",IN,IN,8.695652173913048,76.81159420289855,False,False,10. cross-script
S1-370190726,S2-786372105,S2,Innovative Foods Limited,इनोवेटिव फूड्स लिमिटेड,"1901 Tower 11 Ace Parkway, Noida Sector 150, Noida, Gautam Buddha Nagar, Uttar Pradesh","NO 1901 TOWER 11 ACE PARKWAY, NOIDA SECTOR 150, GAUTAM BUDDHA NAGAR, NOIDA, उत्तर प्रदेश",IN,IN,8.695652173913048,78.3132530120482,False,False,10. cross-script
S1-935408617,S2-770798406,S2,Fortune Real Enterprises Private Limited,ଫର୍ଚୁନ୍ ରିଅଲ୍ ଏଣ୍ଟରପ୍ରାଇଜେସ୍ ପ୍ରାଇଭେଟ୍ ଲିମିଟେଡ୍,"Dinalipi Bhawan A-54/1 & A-55/1, Baramunda, Bhubaneswar, Khordha, Orissa","DINALIPI BHAWAN A-54/ & A-55/1, BARAMUNDA, BHUBANESWAR, KHORDHA, Odisha",IN,IN,9.195402298850574,95.65217391304348,False,False,10. cross-script
S1-724037453,S2-296091817,S2,WY Greens Limited,Korumbra,"Green Apple, No.6/A, 3A Main Road, Ramaiah Layout, Near Ganesha Temple Street, Bangalore, Karnataka","GREEN APPLE, NO.6/A, 3A MAIN ROAD, RAMAIAH LAYOUT, NEAR GANESHA TEMPLE STREET, BANGALORE, ಕರ್ನಾಟಕ",IN,IN,16.000000000000004,91.30434782608697,False,False,9. address variation
S1-111448112,S2-503467816,S2,Premier Enterprises Private Limited,പ്രീമിയർ എന്റർപ്രൈസസ് പ്രൈവറ്റ് ലിമിറ്റഡ്,"Bl.No.44/672 A34 (70/371 A34), Flat No. Petunia 9B, Veegaland, Kaloor, Ernakulam, Ernakulam, Kerala","PLOT 436 BL.NO.44/672 A34 (70/371 A34), ERNAKULAM, കേരളം",IN,IN,7.8947368421052655,53.52112676056338,False,False,10. cross-script
S1-111448112,S3-651436670,S3,Premier Enterprises Private Limited,Private Premier Enterprises (Ltd),"Bl.No.44/672 A34 (70/371 A34), Flat No. Petunia 9B, Veegaland, Kaloor, Ernakulam, Ernakulam, Kerala","Bl.no.#44/672 A34 (70/371 A34), Ernakulam, KL",IN,IN,69.6969696969697,61.53846153846154,False,False,1. spelling corruption
S1-646922542,S3-427746444,S3,Strategic Interstate Associated Group,Strategic Interstate Associated Associated,"5713 Croatan Court, Fairfax County, VA","##5713 Croatan Ct, Cnetreville, Virginia",US,US,83.54430379746836,61.111111111111114,False,False,1. spelling corruption
S1-646922542,S2-221824734,S2,Strategic Interstate Associated Group,Strategic Interstate Ássociated,"5713 Croatan Court, Fairfax County, VA","571 CROATAN CT, CENTREVILLE, VA",US,US,88.23529411764706,64.61538461538461,False,False,10. cross-script
S1-980371232,S2-157784681,S2,Good Tech Private Limited,गुड टेक प्राइवेट लिमिटेड,"J/1 004, J Block, Kingsbury Tower, Tdi City, Kundli, Sonipat, Sonepat, Haryana","J/1 004, SONEPAT, SONIPAT, Haryana",IN,IN,12.244897959183676,56.86274509803921,False,False,10. cross-script
S1-980371232,S2-287473898,S2,Good Tech Private Limited,GOOD TECH PRÍVATE [LTD],"J/1 004, J Block, Kingsbury Tower, Tdi City, Kundli, Sonipat, Sonepat, Haryana","J/1 004, J BLOCK, KINGSBURY TOWER, TDI CITY, KUNDLI, SONIPAT, हरियाणा",IN,IN,86.95652173913044,83.5820895522388,False,False,10. cross-script
S1-980371232,S3-975687530,S3,Good Tech Private Limited,गुड टेक प्राइवेट लिमिटेड,"J/1 004, J Block, Kingsbury Tower, Tdi City, Kundli, Sonipat, Sonepat, Haryana","J/1 004, J Block, Kingsbury Tower, Tdi City, Kundli, हरियाणा, Sonipat",IN,IN,12.244897959183676,82.08955223880598,False,False,10. cross-script
S1-756262932,S3-355866327,S3,Behavioral Health Group of Statesville,Behavioral Health Group,"1198 Old Mountain Road, Statesville, NC","Statesville, 1198 Old Mountain Road, North Carolina",US,US,75.40983606557377,62.7906976744186,False,False,1. spelling corruption
S1-331934755,S3-141746455,S3,Shiva It Private Limited,Shiva Private Limited Services,"13/104, Darulaman Anakkuzhikara Kuttikattoor Post, Calicut, Kozhikode, Kerala","A-13/104, Calicut, Kozhikode, KL",IN,IN,77.77777777777779,52.94117647058824,False,False,1. spelling corruption
S1-245564020,S3-229843667,S3,Surgical Desert Health LLC,Surgical  Desert Health,"40 Doughty Road, Liberty, NY","Doughty Rd, Parksville, New York",US,US,91.66666666666666,57.14285714285714,False,False,9. address variation
S1-590840652,S3-908995646,S3,Rev It Up Massage LLC,LLC Rev It Up Mhnssfage,"1617 4th Street, Marysville, WA","Fourth St, Marysville CDP, Washington",US,US,72.72727272727273,59.375,False,False,1. spelling corruption
S1-190305159,S2-139345107,S2,"Reliable Marketing Collective, LLC","Reliable Marettng Collective, LLC","113 Northfield Drive, Searcy, AR","113D NORTHFIELD DR, SEARCY CITY, AR",US,US,95.38461538461537,85.71428571428572,False,False,9. address variation
S1-190305159,S2-990514129,S2,"Reliable Marketing Collective, LLC","Reliable Collective, LLC Center","113 Northfield Drive, Searcy, AR","113D NORTHFIELD DR, SEARCY CITY, AR",US,US,73.01587301587303,85.71428571428572,False,False,1. spelling corruption
S1-190305159,S2-143904642,S2,"Reliable Marketing Collective, LLC","Reliable Márketing Collective, LLC","113 Northfield Drive, Searcy, AR","113D NORTHFIELD DRIVE, SEARCY CITY, AR",US,US,96.96969696969697,90.9090909090909,False,False,10. cross-script
S1-671377004,S3-962488255,S3,Wallace Ocean LLC,Wallace Ocean,"501 Russell Street, Jefferson, IA","Jefferson, 501 Russell Street, Iowa",US,US,86.66666666666667,65.625,False,False,1. spelling corruption
S1-992217334,S2-965258711,S2,Heartland Keystone Suisse Inc,hksuisse.com,"164 Horseshoe Lane, Laramie, WY","164 HORSESHE LN, LARAMIE, WY",US,US,48.78048780487805,94.54545454545455,False,True,9. address variation
S1-573160333,S3-783878189,S3,Sun Consultancy Private Limited,सन कंसल्टेंसी प्राइवेट लिमिटेड,"Nk-1/530/F-1 Indirapuram, Ghaziabad, Uttar Pradesh","Nk-1/530/f-1 Indirapurma, UP, Ghaziabad",IN,IN,9.836065573770492,77.64705882352942,False,False,10. cross-script
S1-573160333,S2-159683963,S2,Sun Consultancy Private Limited,सन कंसल्टेंसी प्राइवेट लिमिटेड,"Nk-1/530/F-1 Indirapuram, Ghaziabad, Uttar Pradesh","NK-1/530/F-1 INDIRAPURAM, GHAZIABAD, उत्तर प्रदेश",IN,IN,9.836065573770492,75.78947368421053,False,False,10. cross-script
S1-463431365,S3-741926421,S3,Heartland Delta Star LLC,>> Heart1and Delta Star,"4222 605, Dothan, AL","4222 605, Dothhan, Alabama",US,US,86.36363636363636,85.71428571428572,False,True,1. spelling corruption
S1-463431365,S3-526120089,S3,Heartland Delta Star LLC,Heartlanddeltastar.Com,"4222 605, Dothan, AL","4222 605, Dothhan, Alabama",US,US,86.95652173913044,85.71428571428572,False,True,1. spelling corruption
S1-1032690,S3-961432810,S3,Shiv Golden Care Private Limited,शिव गोल्डन केयर प्राइवेट लिमिटेड,"Nr Natyagriha Nachane Rtn, Ratnagiri, B - 18 Kohinoor Complex, Ratnagiri, Maharashtra","B - 18 Kohinoor Complex, Nr Natyagriha Nachane Rtn, Ratnagiri, MH",IN,IN,12.5,54.67625899280575,False,False,10. cross-script
S1-1032690,S2-468204183,S2,Shiv Golden Care Private Limited,शिव गोल्डन केयर प्राइवेट लिमिटेड,"Nr Natyagriha Nachane Rtn, Ratnagiri, B - 18 Kohinoor Complex, Ratnagiri, Maharashtra","PLOT 69 B - 18 KOHINOOR COMPLEX, NR NATYAGRIHA NACHANE RTN, GOA-PANAJI REGION, RATNAGIRI, Maharashtra",IN,IN,12.5,64.36781609195403,False,False,10. cross-script
S1-1032690,S2-141539450,S2,Shiv Golden Care Private Limited,शिव गोल्डन केयर प्राइवेट लिमिटेड,"Nr Natyagriha Nachane Rtn, Ratnagiri, B - 18 Kohinoor Complex, Ratnagiri, Maharashtra","PLOT 69 B - 18 KOHINOOR COMPLEX, NR NATYAGRIHA NACHANE RTN, GOA-PANAJI REGION, RATNAGIRI, Maharashtra",IN,IN,12.5,64.36781609195403,False,False,10. cross-script
S1-1032690,S3-816200953,S3,Shiv Golden Care Private Limited,शिव Golden केयर प्राइवेट लिमिटेड,"Nr Natyagriha Nachane Rtn, Ratnagiri, B - 18 Kohinoor Complex, Ratnagiri, Maharashtra","B - 18 Kohinoor Complex, Ratnagiri, MH",IN,IN,31.25,60.17699115044248,False,False,10. cross-script
S1-1032690,S3-513494415,S3,Shiv Golden Care Private Limited,Shiv-Gloden Care Private Limited | www.shivglode.com,"Nr Natyagriha Nachane Rtn, Ratnagiri, B - 18 Kohinoor Complex, Ratnagiri, Maharashtra","B - 18 Kohinoor Complex, Ratnagiri, Nr Natyagriha Nachane Rtn, महाराष्ट्र",IN,IN,75.60975609756098,51.70068027210885,False,False,1. spelling corruption
S1-117634752,S2-589541956,S2,Sky Infra Private Limited,स्काई इंफ्रा प्राइवेट लिमिटेड,"12, Gyan Bhawan, Behind Sahara Tower Kapoorthala, Aliganj, Lucknow, Uttar Pradesh","B3/12, GYAN BHAWAN, BEHIND SAHARA TOWER KAPOORTHALA, LUCKNOW, ALIGANJ, Uttar Pradesh",IN,IN,11.111111111111116,87.74193548387098,False,False,10. cross-script
S1-117634752,S2-721069623,S2,Sky Infra Private Limited,स्काई इंफ्रा प्राइवेट लिमिटेड,"12, Gyan Bhawan, Behind Sahara Tower Kapoorthala, Aliganj, Lucknow, Uttar Pradesh","B3/12, GYAN BHAWAN, BEHIND SAHARA TOWER KAPOORTHALA, ALIGANJ, LUCKNOW, Uttar Pradesh",IN,IN,11.111111111111116,98.06451612903226,False,False,10. cross-script
S1-117634752,S2-258136180,S2,Sky Infra Private Limited,Sri #skyinfra,"12, Gyan Bhawan, Behind Sahara Tower Kapoorthala, Aliganj, Lucknow, Uttar Pradesh","B3/12, GYAN BHAWAN, BEHIND SAHARA TOWER KAPOORTHALA, ALIGANJ, Uttar Pradesh",IN,IN,43.24324324324324,92.51700680272108,False,False,9. address variation
S1-117634752,S2-662987066,S2,Sky Infra Private Limited,Sky Infra Pfrvtae Limited,"12, Gyan Bhawan, Behind Sahara Tower Kapoorthala, Aliganj, Lucknow, Uttar Pradesh",,IN,IN,92.0,0.0,False,False,6. missing address
S1-117634752,S3-66384358,S3,Sky Infra Private Limited,स्काई इंफ्रा प्राइवेट लिमिटेड,"12, Gyan Bhawan, Behind Sahara Tower Kapoorthala, Aliganj, Lucknow, Uttar Pradesh","12, Aliganj, Lucknow, उत्तर प्रदेश",IN,IN,11.111111111111116,37.383177570093466,False,True,10. cross-script
S1-286162879,S2-139883043,S2,Noida Mercantile Private Limited,Noida Mercanti1e Private Limited,"C 30 Sector 18, Noida, Uttar Pradesh, Gautam Buddha Nagar","BLOCK D-309 C 30 SECTOR 18, NOIDA, उत्तर प्रदेश",IN,IN,96.875,44.44444444444444,False,False,11. other
S1-286162879,S3-829132873,S3,Noida Mercantile Private Limited,Noida Private Limited Services,"C 30 Sector 18, Noida, Uttar Pradesh, Gautam Buddha Nagar","Hn 671 C 30 Sector 18, Noida, Gautam Buddha Nagar, UP",IN,IN,67.74193548387098,76.92307692307692,False,False,1. spelling corruption
S1-286162879,S2-539718287,S2,Noida Mercantile Private Limited,Noida Mercantile Limited Center,"C 30 Sector 18, Noida, Uttar Pradesh, Gautam Buddha Nagar","Uttar Pradesh, BLOCK D-309 C 30 SECTOR 18, NOIDA",IN,IN,76.19047619047619,40.0,False,False,1. spelling corruption
S1-286162879,S2-144621822,S2,Noida Mercantile Private Limited,Noida Mercantile Pirvfamate (Limited),"C 30 Sector 18, Noida, Uttar Pradesh, Gautam Buddha Nagar","BLOCK D-309 C 30 SECTOR 18, NOIDA, Uttar Pradesh",IN,IN,92.53731343283582,68.0,False,False,9. address variation
S1-284646200,S2-378542852,S2,"Urgent Care Physicians, LLC","Urgent Care Physícians,","NY, 119 Pointe, Perinton","119 POINTE, PERINTON, NY",US,US,87.5,86.36363636363636,False,False,10. cross-script
S1-284646200,S2-434133315,S2,"Urgent Care Physicians, LLC",urgentcarephysicians.com,"NY, 119 Pointe, Perinton","119 POINTE, FAIRPORT, NY",US,US,88.0,68.18181818181819,False,False,1. spelling corruption
S1-879166395,S3-287088484,S3,Ram Solutions Pvt Ltd,Ram Pvt Solutions Ltd,"Neo Square, 3Rd Floor, 355 Nr Income Tax Office, Jamnagar, Gujarat","Neo Square, 3Rd Floor, 355 Nr Income Tax Office, Jamnagar, GJ",IN,IN,80.95238095238095,95.7983193277311,False,False,5. word reordering
S1-879166395,S3-462828874,S3,Ram Solutions Pvt Ltd,Veraumbra,"Neo Square, 3Rd Floor, 355 Nr Income Tax Office, Jamnagar, Gujarat","Jamnagar, Gujarat, 3Rd Floor, 355 Nr Income Tax Office, Neo Square, Jamnagar",IN,IN,19.999999999999996,73.6842105263158,False,False,9. address variation
S1-833769721,S2-240116569,S2,Lemasters Atlantic Sumitomo LLC,LEMASTERSATLANTICSUMITOMO.COM,"1967 Sierra Way, San Bernardino, CA","#1967 SIERRA WAY, PO BOX 2849, SAN BERNARDINO, CA",US,US,90.0,84.61538461538461,False,False,9. address variation
S1-565161453,S2-872597421,S2,Ear Nose & Throat Specialists Associates,Ear N0se & Throat  Specialists Associates,"32324 Boulder Road, Cookson, OK","032324 BOULDER ROAD, CHEROKEE COUNTY, OK",US,US,97.61904761904762,80.59701492537313,False,False,2. OCR corruption
S1-565161453,S2-906838226,S2,Ear Nose & Throat Specialists Associates,Ear Nose & Throat Specialists Associates LP,"32324 Boulder Road, Cookson, OK","032324 BOULDER ROAD, CHEROKEE COUNTY, OK",US,US,96.55172413793103,80.59701492537313,False,False,9. address variation
S1-354732425,S3-91524090,S3,Safe Asset Innovations LLC,Safe Asset Innovations,"910 Redwing Drive, Columbus, IN","Redwing Dr, Columbus, Indiana",US,US,91.66666666666666,78.57142857142857,False,False,9. address variation
S1-565875786,S2-48293804,S2,Apex Systems Private Limited,एपेक्स सिस्टम्स प्राइवेट लिमिटेड,"Unit No. 119-124, 1St Floor, Jmd Megapolis, Sector-48, Sohna Road, Gurgaon, Haryana","UNIT NO. 119-124, GURGAON, Haryana",IN,IN,9.999999999999998,57.94392523364487,False,False,10. cross-script
S1-565875786,S3-398762965,S3,Apex Systems Private Limited,एपेक्स सिस्टम्स प्राइवेट लिमिटेड,"Unit No. 119-124, 1St Floor, Jmd Megapolis, Sector-48, Sohna Road, Gurgaon, Haryana","Unit No. 119-124, Gurugram, Gurgaon, HR",IN,IN,9.999999999999998,55.855855855855864,False,False,10. cross-script
S1-565875786,S2-494685439,S2,Apex Systems Private Limited,एपेक्स सिस्टम्स प्राइवेट लिमिटेड,"Unit No. 119-124, 1St Floor, Jmd Megapolis, Sector-48, Sohna Road, Gurgaon, Haryana","UNIT NO. 119-124, 1ST FLOOR, JMD MEGAPOLIS, SECTOR-48, SOHNA ROAD, BADSHAHPUR, Haryana",IN,IN,9.999999999999998,91.61290322580645,False,False,10. cross-script
S1-565875786,S3-61772955,S3,Apex Systems Private Limited,एपेक्स सिस्टम्स प्राइवेट लिमिटेड,"Unit No. 119-124, 1St Floor, Jmd Megapolis, Sector-48, Sohna Road, Gurgaon, Haryana","Unit No. 119-124, 1St Floor, Jmd Megapolis, Sector-48, Sohna Road, Gurugram, Gurgaon, HR",IN,IN,9.999999999999998,91.02564102564102,False,False,10. cross-script
S1-683037514,S3-522548765,S3,Beacon Northwest LLC,Beacon Northwest,"7628 201st Place, Kenmore, WA","Washington, Kenmore, ##7663 201nd Place",US,US,88.88888888888889,38.70967741935484,False,False,1. spelling corruption
S1-289144596,S3-71671232,S3,Universal Developers Private Limited,யுனிவர்சல் டெவலப்பர்ஸ் பிரைவேட் லிமிடெட்,"Pno;81, 8Th Crs St Lakshmi, Nagar, Valasaravakkam, Tiruvallur, Tamil Nadu","Tiruvallur, TN, Pno;g-81",IN,IN,7.8947368421052655,31.11111111111111,False,False,10. cross-script
S1-759995726,S3-446210111,S3,"Star Commercial Consultants, Inc",Star Consultants Inc Services,"3207 Ridgewood Road, Arden Hills, MN","207 Ridgewood Road, Arden Hills, Minnesota",US,US,66.66666666666667,89.1891891891892,False,False,1. spelling corruption
S1-655813787,S2-949903756,S2,Ear Nose & Throat Silver Physicians,-- EAR NOSE & THROAT SlLVER PHYSICIANS,"630 Summit Place, Fl 1, Chandler, AZ","CHANDLER, AZ, SUMMIT PL",US,US,97.2972972972973,40.74074074074075,False,False,11. other
S1-939796478,S3-420196063,S3,Colonial Dental Associates,Colonial Dental Aseocnates,"10850 Warfield Circle, Marana, AZ","10850d Warfield Circle, Marana, Arizona",US,US,92.3076923076923,91.17647058823529,False,False,9. address variation
S1-64360706,S3-553049752,S3,Tech Marketing Private Limited,Tech Mraetig-Private Limited,"D No. 29-36-25 Museum Road, Governorpet, Vijayawada, Krishna, Andhra Pradesh","#29-36-25 Museum Road, Governorpet, Vijayawada, West Godavari, AP",IN,IN,93.10344827586206,76.33587786259541,False,False,9. address variation
S1-488519686,S3-141056325,S3,Unique Business Private Limited,Unique Business Private (ID: 49411),"S.No.249/250 Office No.3 At Second Floor Bldg-B G.O. Square, Pune, Maharashtra","S.no.249/250 Office No.3 At Second Floor Bldg-b G.o. Square, Pune, MH",IN,IN,82.53968253968253,93.61702127659575,False,False,1. spelling corruption
S1-325084512,S3-959025929,S3,Pacific Animal Hospital,Pacific Animal H0spital,"MA, 1 Logan Street, Leicester",,US,US,95.65217391304348,0.0,False,False,6. missing address
S1-325084512,S2-620162565,S2,Pacific Animal Hospital,Pacific Animal,"MA, 1 Logan Street, Leicester","CERRY VALLEY, MA, 1. LOGAN STREET",US,US,75.67567567567568,59.64912280701755,False,False,1. spelling corruption
S1-325084512,S2-788235010,S2,Pacific Animal Hospital,Pacific Animal Services,"MA, 1 Logan Street, Leicester",,US,US,73.91304347826086,0.0,False,False,6. missing address
S1-325084512,S2-43774601,S2,Pacific Animal Hospital,Pacific Animal,"MA, 1 Logan Street, Leicester","1. LOGAN STREET, CERRY VALLEY, MA",US,US,75.67567567567568,63.1578947368421,False,False,1. spelling corruption
S1-731026073,S3-727054288,S3,Concept Traders Private Limited,Concept Traders Prívate Limited,"B-87 Sector-60, Noida, Gautam Buddha Nagar, Uttar Pradesh",,IN,IN,96.7741935483871,0.0,False,False,6. missing address
S1-352220591,S3-98001122,S3,Sangam Infra (India) LLP,Sangam Infra  (Isnaia) LLP,"Karnataka, Bangalore South, Bangalore, First Floor, Sy No 152/6 And 154/16, Dorasani Palya, Begur Hobli, Bannerghata Road, Karuna House","Bangalore, Karuna House, ಕರ್ನಾಟಕ",IN,IN,93.33333333333333,28.025477707006374,False,False,8. common name
S1-352220591,S2-899159480,S2,Sangam Infra (India) LLP,5angam Infra (India) LLP,"Karnataka, Bangalore South, Bangalore, First Floor, Sy No 152/6 And 154/16, Dorasani Palya, Begur Hobli, Bannerghata Road, Karuna House","BLOCK E-736 KARUNA HOUSE, FIRST FLOOR, SY NO 152/6 AND 154/16, DORASANI PALYA, BEGUR HOBLI, BANNERGHATA ROAD, BANGALORE SOUTH, HULIMAVU GATE, ಕರ್ನಾಟಕ",IN,IN,95.45454545454545,73.13432835820896,False,False,2. OCR corruption
S1-352220591,S3-341588819,S3,Sangam Infra (India) LLP,Sangam lsair (India) LLP,"Karnataka, Bangalore South, Bangalore, First Floor, Sy No 152/6 And 154/16, Dorasani Palya, Begur Hobli, Bannerghata Road, Karuna House",,IN,IN,86.36363636363636,0.0,False,False,6. missing address
S1-841956327,S3-321121630,S3,Starr's Investments,Starr's Investments LP,"4531 Belhaven Forest Drive, Gastonia, NC",,US,US,92.6829268292683,0.0,False,False,6. missing address
S1-41030800,S3-705533049,S3,Holland & Robinson Inc,Holland & Rominsno Inc,"972 Indianhead Road, Weiser, ID","Indianhead Rd, Weiser, Idaho",US,US,91.66666666666666,83.63636363636364,False,False,9. address variation
S1-682786520,S3-492209684,S3,Family Coalition,Tavoyumadelta,"425 Memory Road, Ragland, AL","42 Memory Rd, Ragland, Alabama",US,US,34.48275862068966,85.18518518518519,False,False,9. address variation
S1-978639000,S3-102919678,S3,Gold Builders Pvt Ltd,goldbuilders.com,"201, Second Floor, A-Block, Vivanta Heights, Bhadaj, Daskroi, Daskroi, Ahmedabad, Gujarat","GJ, Daskroi, Ahmedabad, 20",IN,IN,70.27027027027026,40.38461538461539,False,False,1. spelling corruption
S1-978639000,S2-584129581,S2,Gold Builders Pvt Ltd,ગોલ્ડ બિલ્ડર્સ પ્રા. લિ.,"201, Second Floor, A-Block, Vivanta Heights, Bhadaj, Daskroi, Daskroi, Ahmedabad, Gujarat","BLOCK B-C-305 201, SECOND FLOOR, A-BLOCK, VIVANTA HEIGHTS, BHADAJ, DASKROI, DASKROI, AHMEDABAD, ગુજરાત",IN,IN,13.953488372093027,84.57142857142857,False,False,10. cross-script
S1-978639000,S3-312606158,S3,Gold Builders Pvt Ltd,ગોલ્ડ બિલ્ડર્સ પ્રા. લિ.,"201, Second Floor, A-Block, Vivanta Heights, Bhadaj, Daskroi, Daskroi, Ahmedabad, Gujarat","20, Second Floor, A-block, Vivanta Heights, Bhadaj, Daskroi, Daskroi, Ahmedabad, GJ",IN,IN,13.953488372093027,96.15384615384616,False,False,10. cross-script
S1-124935216,S3-399304099,S3,Global Holding Company LLC,Global Holddnig Company LLC,"3198 Maple Avenue, Ashland, NY","Ashland, New York, 3198 Maple Avenue",US,US,94.33962264150944,54.83870967741935,False,False,9. address variation
S1-100665013,S2-835062555,S2,Blue Software Private Limited,బ్లూ సాఫ్ట్‌వేర్ ప్రైవేట్ లిమిటెడ్,"Vishakhapatnam, #16-200, Visakhapatnam, Andhra Pradesh, Simhachalam Main Road Prahaladapuram","#16-200, SIMHACHALAM MAIN ROAD PRAHALADAPURAM, VISAKHAPATNAM, VISHAKHAPATNAM, ఆంధ్రప్రదేశ్",IN,IN,9.523809523809524,50.0,False,False,10. cross-script
S1-100665013,S3-353341323,S3,Blue Software Private Limited,బ్లూ సాఫ్ట్‌వేర్ ప్రైవేట్ లిమిటెడ్,"Vishakhapatnam, #16-200, Visakhapatnam, Andhra Pradesh, Simhachalam Main Road Prahaladapuram","H.no 16-200, Simhachalam Main Road Prahaladapuram, Visakhapatnam, Vishakhapatnam, AP",IN,IN,9.523809523809524,55.08982035928144,False,False,10. cross-script
S1-516647437,S3-844175351,S3,Bureau of Sanitation,Bureau Of,"7229 Sardis Road, Hensley, AR","##7229 Sardis Road, Hensley, Arkansas",US,US,62.06896551724138,90.0,False,False,1. spelling corruption
S1-516647437,S3-910023885,S3,Bureau of Sanitation,bureausanitation.com,"7229 Sardis Road, Hensley, AR","Sardis Road, Hensley, Arkansas",US,US,80.0,80.0,False,False,1. spelling corruption
S1-893143188,S2-973496310,S2,Foster Corporation,fóster.com,"1795 Summit Boulevard, Manson, WA",,US,US,57.14285714285714,0.0,False,False,6. missing address
S1-893143188,S3-9869377,S3,Foster Corporation,foster.com,"1795 Summit Boulevard, Manson, WA",,US,US,64.28571428571428,0.0,False,False,6. missing address
S1-485817136,S3-453414609,S3,Meridian Inc,@meridian,"IN, Perrysville, 151 Scott Street","151 Scott St, PO Box 1346, Perrysville, Indiana",US,US,80.0,37.33333333333333,False,False,1. spelling corruption
S1-485817136,S3-791176539,S3,Meridian Inc,MERIDIAN INC INC,"IN, Perrysville, 151 Scott Street","PO Box 1346, Perrysville, 151 Scott St, Indiana",US,US,85.71428571428572,66.66666666666667,False,False,5. word reordering
S1-485817136,S3-363150730,S3,Meridian Inc,#meridian,"IN, Perrysville, 151 Scott Street","151 Scott St, PO Box 1346, Perrysville, Indiana",US,US,80.0,37.33333333333333,False,False,1. spelling corruption
S1-308450444,S2-835279347,S2,Laxmi Nagar Engineering Private Limited,Laxmi Nagar Enoeedg Private Limited,"3/93Lalita Park, Laxmi Nagar, Delhi, New Delhi","H.NO 3/93LALITA PARK, LAXMI NAGAR, दिल्ली",IN,IN,89.1891891891892,68.29268292682926,False,False,1. spelling corruption
S1-7139959,S3-390090990,S3,Castro Animal Hospital LLC,Castro Animal Hospital,"1834 121, Gary, TX","Texas, Gary, 1834. 121",US,US,91.66666666666666,45.714285714285715,False,False,11. other
S1-998300488,S3-264006196,S3,Happy Bike Shop,happybikeshop.com,"Rye, 393 Midland Avenue, NY","393 Midland Ave, New York, Rye",US,US,81.25,71.69811320754718,False,False,1. spelling corruption
S1-998300488,S2-329443052,S2,Happy Bike Shop,bikeshop.com,"Rye, 393 Midland Avenue, NY","393 MIDLAND AVE, RYE, NY",US,US,59.25925925925925,80.85106382978724,False,False,9. address variation
S1-998300488,S2-95421022,S2,Happy Bike Shop,HAPPY  BIKE,"Rye, 393 Midland Avenue, NY","393 MIDLAND AVE, RYE, NY",US,US,80.0,80.85106382978724,False,False,1. spelling corruption
S1-417974816,S2-411367512,S2,Carpenters Local 21,Carpenters Local,"NC, 7905 Angelica Lane, Charlotte, Unit 107","790 ANGELICA LN, CHARLOTTE, NC",US,US,91.42857142857143,79.41176470588236,False,False,9. address variation
S1-651071655,S3-975425098,S3,Shiv Infrastructure Private Limited,शिव इंफ्रास्ट्रक्चर प्राइवेट लिमिटेड,"Flat No 13 2Nd Fl, Blk-C, Pkt-4 Sec-5 Rohini City, Delhi, North West Delhi, Delhi","Flat No D/13 2Nd Fl, Blk-c, Pkt-4 Sec-5 Rohini City, Delhi, North West Delhi, DL",IN,IN,8.450704225352112,96.68874172185431,False,False,10. cross-script
S1-651071655,S2-284160975,S2,Shiv Infrastructure Private Limited,Mr SHIV INFRASTRUCTURE PRIVATE,"Flat No 13 2Nd Fl, Blk-C, Pkt-4 Sec-5 Rohini City, Delhi, North West Delhi, Delhi","FLAT NO 13 2ND FL, BLK-C, PKT-4 SEC-5 ROHINI CITY, DELHI, Delhi",IN,IN,83.07692307692307,87.4074074074074,False,False,1. spelling corruption
S1-630589171,S3-703254414,S3,Vanguard Genomic Worldwide,vanguardgenomicworldwide.com,"161 Tremont Street, Unit Apartment 2, North Tonawanda, NY","#161 Tremont St, # Apartment 2, North Tonawanda, New York",US,US,88.88888888888889,85.71428571428572,False,False,1. spelling corruption
S1-136874059,S3-278716536,S3,TCY Info Private Limited,tcyínf0com,"1St Floor C.M.H Road, Hari Prem Binnamangala Indiranagar 1St Stage, Bangalore, Karnataka, No 5, Bangalore","#B3/5, 1St Floor C.m.h Road, Hari Prem Binnamangala Indiranagar 1St Stage, Bangalore, KA",IN,IN,41.17647058823529,85.24590163934427,False,False,10. cross-script
S1-547596213,S3-190375293,S3,Southern Total Midland LLC,Southern Total Midland,"4415 16th Avenue, Pine Bluff, AR","004415 16th Avenue, Pine Bluff, Arkansas",US,US,91.66666666666666,88.23529411764706,False,False,9. address variation
S1-547596213,S3-739273195,S3,Southern Total Midland LLC,Southern Total Midland,"4415 16th Avenue, Pine Bluff, AR",,US,US,91.66666666666666,0.0,False,False,6. missing address
S1-258719646,S2-537510952,S2,Al East Media Limited,Al Estr Media Limited,"First Floor, 7Th B Main 4Th Block, Koramangala, Bangalore, Karnataka, 315, Bangalore","DOOR NO 506. 315, FIRST FLOOR, 7TH B MAIN 4TH BLOCK, KORAMANGALA, BANGALORE, Karnataka",IN,IN,95.23809523809523,81.0126582278481,False,False,9. address variation
S1-258719646,S2-277339424,S2,Al East Media Limited,ಅಲ್ ಈಸ್ಟ್ ಮೀಡಿಯಾ Limited,"First Floor, 7Th B Main 4Th Block, Koramangala, Bangalore, Karnataka, 315, Bangalore","NO 506. 315, FIRST FLOOR, 7TH B MAIN 4TH BLOCK, KORAMANGALA, BANGALORE, Karnataka",IN,IN,44.44444444444444,83.66013071895425,False,False,10. cross-script
S1-258719646,S2-904887606,S2,Al East Media Limited,ಅಲ್ ಈಸ್ಟ್ ಮೀಡಿಯಾ ಲಿಮಿಟೆಡ್,"First Floor, 7Th B Main 4Th Block, Koramangala, Bangalore, Karnataka, 315, Bangalore","H.NO 506. 315, BANGALORE, ಕರ್ನಾಟಕ",IN,IN,13.043478260869568,35.18518518518518,False,False,10. cross-script
S1-258719646,S3-279338076,S3,Al East Media Limited,Al East Media,"First Floor, 7Th B Main 4Th Block, Koramangala, Bangalore, Karnataka, 315, Bangalore","315, First Floor, 7Th B Main 4Th Block, Koramangala, Bangalore, Bengaluru, KA",IN,IN,76.47058823529412,81.87919463087249,False,False,1. spelling corruption
S1-828176880,S3-451269533,S3,Super Systems Private Limited,சூப்பர் சிஸ்டம்ஸ் பிரைவேட் லிமிடெட்,"No 18 Thamarai Quarters Thirugannasamandar Street Padi Kuppam Main Road Anna Nagar West Ex, Tn, Chennai, Tamil Nadu","No 018 Thamarai Quarters Thirugannasamandar Street Padi Kuppam Main Road Anna Nagar West Ex, Tn, Chennai, TN",IN,IN,9.375,95.85253456221197,False,False,10. cross-script
S1-181725269,S3-789741542,S3,Internal Medicine Center Inc,Internal  Medicine,"280 Lafayette Street, New York, NY","300 1/2 Lafayette Street, New York",US,US,75.55555555555556,83.07692307692307,False,False,1. spelling corruption
S1-181725269,S3-961756257,S3,Internal Medicine Center Inc,Internal Inc Center Medicine,"280 Lafayette Street, New York, NY","300 1/2 Lafayette Street, New York",US,US,75.0,83.07692307692307,False,False,5. word reordering
S1-121875359,S2-936487791,S2,Trusted Coastal Farms PLLC,Trusted Farms PLLC Services,"3 Utica Street, Leicester, MA","MA, LEICESTER, 1 UTICA STREET",US,US,67.9245283018868,48.14814814814815,False,False,1. spelling corruption
S1-533246071,S3-944304340,S3,Strategic Robotics Works LLC,Strategic  Robotics Works,"220 Randolph Street, Unit 1, Danville City, VA","Virginia, Danville City, 22 Randolph St",US,US,92.3076923076923,47.5,False,False,11. other
S1-247509405,S2-149234775,S2,Paul's Cafe Inc,Paul's Inc Services,"5017 Virginia Dare Trail, Nags Head, NC","##5017 VIRGINIA DARE TRL, NAGS HEAD, NC",US,US,64.70588235294117,97.22222222222221,False,False,1. spelling corruption
S1-214865718,S3-676439010,S3,Vision Group,visi0n group,"Unit E, KY, 118 Ashberry Drive, Bardstown","118 Ashberry Drive, # E, Bardstown, Kentucky",US,US,91.66666666666666,72.72727272727273,False,False,2. OCR corruption
S1-214865718,S2-764296702,S2,Vision Group,Vision Gróup,"Unit E, KY, 118 Ashberry Drive, Bardstown","118 ASHBERRY DRIVE, BARDSTOWN, KY",US,US,91.66666666666666,81.15942028985508,False,False,10. cross-script
S1-470847904,S2-777733108,S2,Division of Transportation,Division of Transportation LP,"94 Orchard Street, Unit 1, Boston, MA","MA, 94 ORCHARD STREET, BOSTON",US,US,94.54545454545455,78.68852459016394,False,False,9. address variation
S1-470847904,S3-235523427,S3,Division of Transportation,Division of,"94 Orchard Street, Unit 1, Boston, MA","Massachusetts, Unit 1, Boston, 94 Orchard St",US,US,59.45945945945945,56.00000000000001,False,False,9. address variation
S1-90243250,S2-607721850,S2,Digital Hospitality Pvt Ltd,ಡಿಜಿಟಲ್ ಹಾಸ್ಪಿಟಾಲಿಟಿ ಪ್ರೈವೇಟ್ ಲಿಮಿಟೆಡ್,"No. 1, 1St Floor, Tavarekere Main Road S G Palaya, Drc Post, Bangalore, Karnataka","NO. 1, BANGALORE, Karnataka",IN,IN,9.230769230769232,48.484848484848484,False,False,10. cross-script
S1-90243250,S3-454649401,S3,Digital Hospitality Pvt Ltd,ಡಿಜಿಟಲ್ ಹಾಸ್ಪಿಟಾಲಿಟಿ ಪ್ರೈವೇಟ್ ಲಿಮಿಟೆಡ್,"No. 1, 1St Floor, Tavarekere Main Road S G Palaya, Drc Post, Bangalore, Karnataka","No. 1, 1St Floor, Tavarekere Main Road S G Palaya, Drc Post, Bangalore, KA",IN,IN,9.230769230769232,95.1048951048951,False,False,10. cross-script
S1-227718598,S3-718732917,S3,Jai Glass Private Limited,Jai Private Limited Services,"Plot No. 17, 3Rd Floor, Lewis Road Rajarani, Bhubaneswar, Khordha, Orissa","3Rd Floor, Lewis Road Rajarani, Bhubaneswar, Plot No. 17, OD",IN,IN,71.69811320754718,73.77049180327869,False,False,1. spelling corruption
S1-227718598,S3-66738853,S3,Jai Glass Private Limited,M/s Nexxylobelo,"Plot No. 17, 3Rd Floor, Lewis Road Rajarani, Bhubaneswar, Khordha, Orissa","Door No 17, 3Rd Floor, Lewis Road Rajarani, Bhubaneswar, Khordha, OD",IN,IN,30.000000000000004,90.76923076923077,False,False,9. address variation
S1-227718598,S2-80419760,S2,Jai Glass Private Limited,Jai Gláss Private,"Plot No. 17, 3Rd Floor, Lewis Road Rajarani, Bhubaneswar, Khordha, Orissa","DOOR NO 17 , 3RD FLOOR, LEWIS ROAD RAJARANI, BHUBANESWAR, Odisha",IN,IN,76.19047619047619,87.3015873015873,False,False,10. cross-script
S1-273353031,S3-768147832,S3,Legacy Network Corporation,Legacy Nssork Corporation,"609 22nd Court, Bessemer, AL","09 22nd Ct, Bessemer, Alabama",US,US,90.19607843137256,83.01886792452831,False,False,9. address variation
S1-520610032,S2-912670725,S2,Anwar Fitness LLC,Veranex,"1463 Cato Court, Mcminnville, OR","OR, MCMINNVILLE, 1463 CATO CT",US,US,25.0,56.14035087719298,False,False,9. address variation
S1-291713516,S3-587928095,S3,Shakti Ventures Private Limited,शक्ति वेंचर्स प्राइवेट लिमिटेड,"G/B-3/6 Ajmera Hsg Complex Pimpri Pune., Pune, Maharashtra","G/b-3/6 Ajmera Hsg Complex Pimpri Pune., Pune, MH, Pune",IN,IN,9.836065573770492,86.79245283018868,False,False,10. cross-script
S1-291713516,S2-134808086,S2,Shakti Ventures Private Limited,शक्ति वेंचर्स प्राइवेट लिमिटेड,"G/B-3/6 Ajmera Hsg Complex Pimpri Pune., Pune, Maharashtra","Maharashtra, PUNE, CHINCHWAD, G/B-3/6 AJMERA HSG COMPLEX PIMPRI PUNE.",IN,IN,9.836065573770492,63.33333333333333,False,False,10. cross-script
S1-291713516,S3-366281152,S3,Shakti Ventures Private Limited,शक्ति वेंचर्स प्राइवेट लिमिटेड,"G/B-3/6 Ajmera Hsg Complex Pimpri Pune., Pune, Maharashtra","महाराष्ट्र, Pune, G/b-3/6 Ajmera Hsg Complex Pimpri Pune., Pune",IN,IN,9.836065573770492,75.43859649122807,False,False,10. cross-script
S1-797691333,S2-132777912,S2,Womens Health Partners,womenshealthpartners.com,"351 Canal Road, Waterville, OH","351C Canal Rd, WATERVILLE, OH",US,US,86.95652173913044,94.54545454545455,False,False,1. spelling corruption
S1-486368546,S3-746157841,S3,Complete Copper LLC,Complete [Copper],"N7039 Curley Creek Avenue, Loyal, WI","N7039 Curley Creek Ave, PO Box 9234, York, Wisconsin",US,US,88.23529411764706,67.46987951807229,False,False,1. spelling corruption
S1-486368546,S3-594756746,S3,Complete Copper LLC,Complete Copper,"N7039 Curley Creek Avenue, Loyal, WI","Curley Creek Ave, York, Wisconsin",US,US,88.23529411764706,64.61538461538461,False,False,1. spelling corruption
S1-486368546,S2-588912461,S2,Complete Copper LLC,Complete Copper,"N7039 Curley Creek Avenue, Loyal, WI","N7039 CURLEY CREEK AVE, WI, YORK",US,US,88.23529411764706,78.125,False,False,1. spelling corruption
S1-486368546,S2-956658524,S2,Complete Copper LLC,Complete Copper,"N7039 Curley Creek Avenue, Loyal, WI","N7039 CURLEY CREEK AVENUE, YORK, WI",US,US,88.23529411764706,89.55223880597015,False,False,1. spelling corruption
S1-709178838,S3-998906674,S3,Value Apparel Works,Value Ápparel Works,"NC, Greensboro, 4004 Canterwood Drive","4004 Canterwood Dr, Greensboro Township, North Carolina",US,US,94.73684210526316,43.18181818181818,False,False,10. cross-script
S1-127658533,S3-197532391,S3,Dream Royal Media Private Limited,Dream Royal Private Limited Service Service,"E-36 A Ground Floor, Rohtak Road, Delhi, North West Delhi, Delhi","E-36/1 A Ground Floor, Delhi, North West Delhi, DL",IN,IN,71.05263157894737,84.11214953271028,False,False,1. spelling corruption
S1-127658533,S3-331874128,S3,Dream Royal Media Private Limited,ड्रीम रॉयल मीडिया प्राइवेट लिमिटेड,"E-36 A Ground Floor, Rohtak Road, Delhi, North West Delhi, Delhi","E-36/1 A Ground Floor, Rohtak Road, Delhi, North West Delhi, दिल्ली",IN,IN,11.940298507462687,89.43089430894308,False,False,10. cross-script
S1-127658533,S2-370512322,S2,Dream Royal Media Private Limited,ड्रीम रॉयल मीडिया प्राइवेट लिमिटेड,"E-36 A Ground Floor, Rohtak Road, Delhi, North West Delhi, Delhi","E-36 A GROUND FLOOR, ROHTAK ROAD, DELHI, NORTH WEST DELHI, दिल्ली",IN,IN,11.940298507462687,90.9090909090909,False,False,10. cross-script
S1-127658533,S3-125399896,S3,Dream Royal Media Private Limited,Dream R0yal Media Private Limited,"E-36 A Ground Floor, Rohtak Road, Delhi, North West Delhi, Delhi",,IN,IN,96.96969696969697,0.0,False,False,6. missing address
S1-127658533,S2-235480519,S2,Dream Royal Media Private Limited,ड्रीम रॉयल मीडिया प्राइवेट लिमिटेड,"E-36 A Ground Floor, Rohtak Road, Delhi, North West Delhi, Delhi","DELHI, E-36 A GROUND FLOOR, NORTH WEST DELHI, दिल्ली",IN,IN,11.940298507462687,67.88990825688073,False,False,10. cross-script
S1-127658533,S2-896248869,S2,Dream Royal Media Private Limited,ड्रीम रॉयल मीडिया प्राइवेट लिमिटेड,"E-36 A Ground Floor, Rohtak Road, Delhi, North West Delhi, Delhi","E-36 A GROUND FLOOR, NORTH WEST DELHI, DELHI",IN,IN,11.940298507462687,82.35294117647058,False,False,10. cross-script
S1-581704043,S3-966113374,S3,Internal Medicine Clinic,Medicine Intemal Clinic,"672 Bear Creek Church Road, Dobson, NC","Dobson, 672 Bear Creek Church Road, North Carolina",US,US,63.829787234042556,71.42857142857143,False,False,1. spelling corruption
S1-819741270,S3-548420868,S3,Hotel Software Private Limited,ହୋଟେଲ୍ ସଫ୍ଟୱେୟାର୍ ପ୍ରାଇଭେଟ୍ ଲିମିଟେଡ୍,"Orissa, Barbil, Kendujhar, C/O Sumita Jena, Super, Market, Joda, Kendujhar","C/o Sumita Jena, Barbil, Kendujhar, Orissa",IN,IN,9.090909090909093,52.83018867924528,False,False,10. cross-script
S1-322464885,S3-351638208,S3,"Buex, LLC","Blx, LLC","7509 1/2 Chloe Drive, Austin, TX","07509 1/2 Chloe Drive, Texas, Austin",US,US,80.0,84.375,False,False,1. spelling corruption
S1-322464885,S3-385678763,S3,"Buex, LLC","Buex, LLC Center","7509 1/2 Chloe Drive, Austin, TX","07509 1/2 Chloe Drive, Austin, Texas",US,US,69.56521739130434,93.75,False,False,1. spelling corruption
S1-725652149,S2-265215533,S2,Southern It Limited,સધર્ન આઈટી લિમિટેડ,"4Th Floor, 401 & 408 Aditya, Near Sardar Patel Seva Samaj, Mithakhali Six Road, Ellisbridge, Ahmedabad, Gujarat","AHMEDABAD, NO 4TH FLOOR, 401 & 408 ADITYA, NEAR SARDAR PATEL SEVA SAMAJ, MITHAKHALI SIX ROAD, ELLISBRIDGE, AHMEDABAD, Gujarat",IN,IN,10.81081081081081,94.27312775330397,False,False,10. cross-script
S1-725652149,S2-515959304,S2,Southern It Limited,Southern It Límited,"4Th Floor, 401 & 408 Aditya, Near Sardar Patel Seva Samaj, Mithakhali Six Road, Ellisbridge, Ahmedabad, Gujarat","4TH FLOOR, 401 & 408 ADITYA, NEAR SARDAR PATEL SEVA SAMAJ, MITHAKHALI SIX ROAD, ELLISBRIDGE, AHMEDABAD, ગુજરાત",IN,IN,94.73684210526316,93.89671361502347,False,False,10. cross-script
S1-725652149,S3-286826652,S3,Southern It Limited,Southern It,"4Th Floor, 401 & 408 Aditya, Near Sardar Patel Seva Samaj, Mithakhali Six Road, Ellisbridge, Ahmedabad, Gujarat","Door No 4Th Floor, Ahmedabad, GJ, 401 & 408 Aditya, Near Sardar Patel Seva Samaj, Mithakhali Six Road, Ellisbridge",IN,IN,73.33333333333334,82.02764976958525,False,False,1. spelling corruption
S1-432468020,S3-936618637,S3,Pioneer Prairie Management,Pioneer Pioneer Prairie,"695 Up Creek Road, Bidwell, OH","#695 Up Creek Rd, Morgan Twp, Ohio",US,US,61.224489795918366,71.1864406779661,False,False,1. spelling corruption
S1-685258774,S3-969424157,S3,Gujarat Management Private Limited,गुजरात मैनेजमेंट प्राइवेट लिमिटेड,"Unit No 902, 9Th Floor, Vatika City Point Mg Road, Dlf Qe, Gurgaon, Haryana","Unit No 902, 9Th Floor, Vatika City Point Mg Road, Dlf Qe, Gurgaon, HR",IN,IN,8.955223880597018,96.2962962962963,False,False,10. cross-script
S1-685258774,S3-75139900,S3,Gujarat Management Private Limited,गुजरात मैनेजमेंट प्राइवेट लिमिटेड,"Unit No 902, 9Th Floor, Vatika City Point Mg Road, Dlf Qe, Gurgaon, Haryana","Unit No 902, 9Th Floor, Vatika City Point Mg Road, Gurgaon, Dlf Qe, HR",IN,IN,8.955223880597018,85.92592592592592,False,False,10. cross-script
S1-685258774,S2-105714102,S2,Gujarat Management Private Limited,गुजरात मैनेजमेंट प्राइवेट लिमिटेड,"Unit No 902, 9Th Floor, Vatika City Point Mg Road, Dlf Qe, Gurgaon, Haryana","UNT NO 902, 9TH FLOOR, VATIKA CITY POINT MG ROAD, DLF QE, GURGAON, Haryana",IN,IN,8.955223880597018,99.28057553956835,False,False,10. cross-script
S1-838308147,S3-571047997,S3,International Foods Private Limited,International Private Limited Center,"Survey No. 141 12 N1421 National Highway 8A East, Varsana Po Gop, Alpuri, Gandhidham, Kachchh, Gujarat","H.no 9-141 12 N1421 National Highway 8A East, Gandhidham, Kachchh, GJ",IN,IN,81.69014084507043,77.77777777777779,False,False,1. spelling corruption
S1-838308147,S3-826339621,S3,International Foods Private Limited,International Private Limited Service,"Survey No. 141 12 N1421 National Highway 8A East, Varsana Po Gop, Alpuri, Gandhidham, Kachchh, Gujarat","Kachchh, Varsana Po Gop, Alpuri, GJ, Survey No. 9-141 12 N1421 National Highway 8A East, Gandhidham",IN,IN,80.55555555555556,61.37566137566137,False,False,1. spelling corruption
S1-670490689,S2-883805148,S2,Cascade Society,CASCADE SOCIETY | www.cascadeso.com,"Greensboro, Unit 3C, 1614 Washington Street, NC","614 WASHINGTON STREET, GREENSOBRO, NC",US,US,62.5,60.75949367088608,False,False,1. spelling corruption
S1-670490689,S3-3561922,S3,Cascade Society,Cascade Society Ínc.,"Greensboro, Unit 3C, 1614 Washington Street, NC","Greensboro, Unit 3C, 1614. Washington Street, North Carolina",US,US,88.23529411764706,88.0,False,False,10. cross-script
S1-42838572,S2-202735727,S2,Perfect Ventures Pvt Ltd,ಪರ್ಫೆಕ್ಟ್ ವೆಂಚರ್ಸ್ ಪ್ರೈವೇಟ್ ಲಿಮಿಟೆಡ್,"Aspire Coworks-Koramangla, 20Th L Cross Road, 4Th, Bangalore South, Bangalore, Karnataka","ASPIRE COWORKS-KORAMANGLA, 20TH L CROSS ROAD, 4TH, BANGALORE URBAN, BANGALORE SOUTH, Karnataka",IN,IN,9.999999999999998,91.86046511627907,False,False,10. cross-script
S1-42838572,S3-978954201,S3,Perfect Ventures Pvt Ltd,Perfect Ventures ಪ್ರೈವೇಟ್ ಲಿಮಿಟೆಡ್,"Aspire Coworks-Koramangla, 20Th L Cross Road, 4Th, Bangalore South, Bangalore, Karnataka","Aspire Coworks-koramangla, 20Th L Cross Road, 4Th, Bangalore South, Bangalore, KA",IN,IN,62.06896551724138,95.59748427672956,False,False,10. cross-script
S1-78602466,S3-970950508,S3,Infrastructure Foundation Clinic,Infrastructure Foundation,"Morya House Premises Chs Ltd, Link Road, Andheri West, Mumbai City, C/603-604, Mumbai, Maharashtra","C/603-604, Morya House Premises Chs Ltd, Link Road, Andheri West, Mumbai City, MH, Bombay",IN,IN,87.71929824561404,77.71428571428571,False,False,1. spelling corruption
S1-169268248,S3-581597026,S3,Mountain Animal Hospital,Mountain Animal,"832 Tremont Avenue, Massillon, OH","Ohio, Massillon, 832-834 Tremont Ave",US,US,76.92307692307692,46.15384615384615,False,False,1. spelling corruption
S1-153997730,S3-435365525,S3,Vanity & Brothers Private Limited,vanitybrothers.com,"Vill:Harinchowra, Ps Kotwali Dist Cooch Behar, Kotwali, Koch Bihar, Coochbehar, West Bengal","Vill:harinchowra, Coochbehar, WB",IN,IN,60.37735849056604,51.72413793103448,False,False,1. spelling corruption
S1-766689695,S3-495463035,S3,Superior Medicine Inc,Superior Mesgidiecnne Inc,"10454 Lees Creek Road, OH, Harrison","Harrison, Lees Creek Road, Ohio",US,US,86.95652173913044,67.74193548387098,False,False,1. spelling corruption
S1-290063282,S2-468653733,S2,Great Society V,Great Sfbncisey V,"1042 Rain Tree Drive, Bolingbrook, IL","IL, RAIN TREE DRIVE, INCORPORATED",US,US,81.25,63.63636363636363,False,False,1. spelling corruption
S1-724890987,S2-989812533,S2,Classic Projects LLP,Classic LLP Center,"C/O- Kshetrabasi Behera, Jafarpur Post- Biripata Dist-Jajpur Town, Mangalpur, Jajpur, Orissa","C/O- KSHETRABASI BEHERA, JAFARUR POST- BIRIPATA DIST-JAJPUR TOWN, MANGALPUR, ଓଡ଼ିଶା",IN,IN,57.89473684210527,87.8048780487805,False,False,9. address variation
S1-724890987,S2-733192190,S2,Classic Projects LLP,କ୍ଲାସିକ୍ ପ୍ରୋଜେକ୍ଟସ୍ ଏଲ୍‌ଏଲ୍‌ପି,"C/O- Kshetrabasi Behera, Jafarpur Post- Biripata Dist-Jajpur Town, Mangalpur, Jajpur, Orissa","JAJPUR, Odisha, MANGALPUR, C/O- KSHETRABASI BEHERA",IN,IN,7.843137254901967,40.90909090909091,False,False,10. cross-script
S1-724890987,S2-661602257,S2,Classic Projects LLP,classicprojects.com,"C/O- Kshetrabasi Behera, Jafarpur Post- Biripata Dist-Jajpur Town, Mangalpur, Jajpur, Orissa","C/O- KSHETRABASI BEHERA, JAFARPUR POST- BIRIPATA DIST-JAJPUR TOWN, MANGALPUR, Odisha",IN,IN,82.05128205128204,93.33333333333333,False,False,1. spelling corruption
S1-724890987,S3-536053620,S3,Classic Projects LLP,Classic Projects,"C/O- Kshetrabasi Behera, Jafarpur Post- Biripata Dist-Jajpur Town, Mangalpur, Jajpur, Orissa","C/o- Kshetrabasi Behera, Jafarpur Post- Biripata Dist-jajpur Town, Jajpur, Mangalpur, OD",IN,IN,88.88888888888889,88.09523809523809,False,False,1. spelling corruption
S1-491617888,S3-223396506,S3,Traify Inc,Trdafy Inc,"16201 Chatfield Avenue, Cleveland, OH","Chatfield Avenue, Cleveland, Ohio",US,US,90.0,87.87878787878788,False,False,9. address variation
S1-752503043,S2-434033897,S2,Hari Producer LLP,Hari Producer,"H No. 5/32, Y.M.C.A. Building Park Junction, Kayamkulam, Alappuzha, Kerala","#5/32- , Y.M.C.A. BUILDING PARK JUNCTION, KAYAMKULAM, കേരളം",IN,IN,86.66666666666667,78.33333333333333,False,False,1. spelling corruption
S1-752503043,S3-646258974,S3,Hari Producer LLP,hariproducer.com,"H No. 5/32, Y.M.C.A. Building Park Junction, Kayamkulam, Alappuzha, Kerala","H No. 5/32, Alappuzha, Keralam",IN,IN,78.78787878787878,54.73684210526315,False,False,1. spelling corruption
S1-752503043,S2-772155119,S2,Hari Producer LLP,ഹരി പ്രൊഡ്യൂസർ എൽഎൽപി,"H No. 5/32, Y.M.C.A. Building Park Junction, Kayamkulam, Alappuzha, Kerala","H.NO 5/32, KAYAMKULAM, ALAPPUZHA, Kerala",IN,IN,10.526315789473683,70.47619047619047,False,False,10. cross-script
S1-200499741,S3-556727293,S3,Net Solutions Private Limited,Net 5olutions Private Limited,"Near Circuit House, Purulia, West Bengal","H.no 980 Near Circuit House, Purulia, WB",IN,IN,96.55172413793103,76.31578947368422,False,False,2. OCR corruption
S1-337133970,S2-109865402,S2,Hotel Care Private Limited,होटल Care Private Limited,"Nagpur, Pl. No. 143, Nagpur, Flat No. 101, 1St Floor, Indu Enclave, Maharashtra","PL. NO. 143, FLAT NO. 101, 1ST FLOOR, INDU ENCLAVE, NAGPUR, महाराष्ट्र",IN,IN,82.35294117647058,71.21212121212122,False,False,10. cross-script
S1-337133970,S3-725218341,S3,Hotel Care Private Limited,Hotelcare.Com,"Nagpur, Pl. No. 143, Nagpur, Flat No. 101, 1St Floor, Indu Enclave, Maharashtra","Pl. No. 143, Flat No. 101, 1St Floor, Indu Enclave, Nagpur, MH",IN,IN,56.41025641025641,77.41935483870968,False,False,9. address variation
S1-822855590,S2-343601332,S2,Dynamic Solutions Limited,డైనమిక్ సొల్యూషన్స్ లిమిటెడ్,"# F No 202, Sri Lakshmi Residency, Phase-2 Padma Nagar, Chintal, Telugu Thali Statute, Quthbullapur, Hyderabad, Telangana","DOOR NO 623  # F NO 202, SRI LAKSHMI RESIDENCY, PHASE-2 PADMA NAGAR, CHINTAL, TELUGU THALI STATUTE, HYDERABAD, QUTHBULLAPUR, Telangana",IN,IN,7.547169811320753,86.4406779661017,False,False,10. cross-script
S1-822855590,S3-40721378,S3,Dynamic Solutions Limited,Dynamic Solutiltoos Limited,"# F No 202, Sri Lakshmi Residency, Phase-2 Padma Nagar, Chintal, Telugu Thali Statute, Quthbullapur, Hyderabad, Telangana","# F No 0202, Sri Lakshmi Residency, Phase-2 Padma Nagar, Chintal, Telugu Thali Statute, Hyderabad, Quthbullapur, తెలంగాణ",IN,IN,92.3076923076923,83.40807174887892,False,False,9. address variation
S1-822855590,S3-636668987,S3,Dynamic Solutions Limited,డైనమిక్ సొల్యూషన్స్ లిమిటెడ్,"# F No 202, Sri Lakshmi Residency, Phase-2 Padma Nagar, Chintal, Telugu Thali Statute, Quthbullapur, Hyderabad, Telangana","# F No 0202, Quthbullapur, Hyderabad, TG",IN,IN,7.547169811320753,46.25850340136054,False,False,10. cross-script
S1-778060068,S2-105387074,S2,Vision Advanced Care Associates Clinic,Vision Advanced Care Afsoictes Clinic,"1527 Scenic Club Drive, Bldg 19, Columbus, OH",,US,US,93.33333333333333,0.0,False,False,6. missing address
S1-919265128,S3-419825005,S3,Royal Business Limited,Dr Royal  Business Ltd,"Fl-101, Namrata Chs Plot-73 (C ), Sector-11, Kharghar, Mumbai, Mumbai City, Maharashtra","Fl-01, Mumbai City, null, MH",IN,IN,83.72093023255813,38.834951456310684,False,False,1. spelling corruption
S1-919265128,S2-640378922,S2,Royal Business Limited,रॉयल बिजनेस लिमिटेड,"Fl-101, Namrata Chs Plot-73 (C ), Sector-11, Kharghar, Mumbai, Mumbai City, Maharashtra","FL-#101, MUMBAI, MUMBAI CITY, Maharashtra",IN,IN,9.756097560975608,64.34782608695653,False,False,10. cross-script
S1-535311990,S3-807795622,S3,Digital Impex Pvt Ltd,డిజిటల్ ఇంపెక్స్ ప్రైవేట్ లిమిటెడ్,"H No 7-1-636/29, Flat No 206, Cauvery Mansion, Model Colony, Erragadda, Hyderabad, Telangana","Door No 7-1-636/29, Flat No 206, Cauvery Mansion, Model Colony, Erragadda, Hyderabad, TG",IN,IN,10.909090909090914,92.85714285714286,False,False,10. cross-script
S1-535311990,S3-881014344,S3,Digital Impex Pvt Ltd,Digital Ímpex-Pvt Ltd,"H No 7-1-636/29, Flat No 206, Cauvery Mansion, Model Colony, Erragadda, Hyderabad, Telangana","Doro No 7-1-636/29, Hyderabad, TG",IN,IN,95.23809523809523,46.15384615384615,False,False,10. cross-script
S1-564920904,S3-725884088,S3,Sunrays Institute Private Limited,Sunraysinstitute.Com,"Sgs House Adi Shankaracharyamarg Vikroli West, Mumbai, Maharashtra","Sgs House Adi Shankaracharyamarg Vikroli West, Mumbai, महाराष्ट्र",IN,IN,67.9245283018868,83.46456692913385,False,False,1. spelling corruption
S1-933415655,S3-119074423,S3,Future Developers Private Limited,Future Private Limited Center,"F/F Rz-2/3 Gali No-3, Kh No-174 Durga Park, New Delhi, South West Delhi, Delhi","F/f Rz-2/3 Gali No-3, Kh No-174 Durga Park, South West Delhi, New Delhi, दिल्ली",IN,IN,70.96774193548387,85.90604026845638,False,False,1. spelling corruption
S1-933415655,S2-662075027,S2,Future Developers Private Limited,फ्यूचर डेवलपर्स प्राइवेट लिमिटेड,"F/F Rz-2/3 Gali No-3, Kh No-174 Durga Park, New Delhi, South West Delhi, Delhi","F/F RZ-3-2/3 GALI NO-3, NEW DELHI, SOUTH WEST DELHI, Delhi",IN,IN,9.230769230769232,82.17054263565892,False,False,10. cross-script
S1-933415655,S2-428074202,S2,Future Developers Private Limited,Future Developers Psívrafte Limited,"F/F Rz-2/3 Gali No-3, Kh No-174 Durga Park, New Delhi, South West Delhi, Delhi","F/F RZ-3-2/3 GALI NO-3, KH NO-174 DURGA PARK, NEW DELHI, दिल्ली",IN,IN,91.17647058823529,77.61194029850746,False,False,10. cross-script
S1-255423553,S2-58192606,S2,Best Foundation Private Limited,... 8est Foundation Private-Limited,"B-50, Midc, Phase-I, Khambalpada, Dombivli East, Dombivli, Maharashtra","B-50, DOMBIVLI EAST, DOMBIVLI, महाराष्ट्र",IN,IN,96.7741935483871,54.90196078431373,False,False,9. address variation
S1-255423553,S3-134827666,S3,Best Foundation Private Limited,बेस्ट फाउंडेशन प्राइवेट लिमिटेड,"B-50, Midc, Phase-I, Khambalpada, Dombivli East, Dombivli, Maharashtra","महाराष्ट्र, B-50, Dombivli East, Dombivli",IN,IN,9.677419354838712,52.94117647058824,False,False,10. cross-script
S1-906721817,S3-678363349,S3,Primary Care Physicians,Primary Care,"1101 Highway 27, Marshall, AR","1101 Hinhway 27, Marshall, Arkansas",US,US,68.57142857142857,86.66666666666667,False,True,1. spelling corruption
S1-906721817,S3-467398251,S3,Primary Care Physicians,The Prímary Care Physicians,"1101 Highway 27, Marshall, AR","1101 Highway 27, Marshall, Arkansas",US,US,88.0,90.0,False,True,10. cross-script
S1-424756102,S3-54396855,S3,Mcdowell Signature Launch Inc,Mcdowell  Signature Launch,"4705 58th Street, Vancouver, WA","Washington, Vancouver, 4705 1/2 58nd Street",US,US,92.5925925925926,40.0,False,False,11. other
S1-317186679,S3-259919058,S3,Horizon Anchor Supply,Horizon Supply Center,"2950 Coddington Avenue, Bronx, NY","New York, Bronx, 2950 Coddington Avenue",US,US,66.66666666666667,64.70588235294117,False,False,1. spelling corruption
S1-257346700,S3-448922479,S3,Juniper,Júniper,"213 Harvard Drive, Albuquerque, NM","213 Harvard Dr, Albuqureque, New Mexico",US,US,85.71428571428572,81.15942028985508,False,True,10. cross-script
S1-557231172,S3-187442095,S3,Value Enclave LLC,Value Énclave Llc,"149 Apple Avenue, Maryland Heights, MO","Apple Ave, N/A, Maryland Heights, Missouri",US,US,94.11764705882352,80.0,False,False,10. cross-script
S1-557231172,S2-938599387,S2,Value Enclave LLC,Value Enclave,"149 Apple Avenue, Maryland Heights, MO","0149 APPLE AVE, MARYLAND HEIGHTS, MO",US,US,86.66666666666667,94.28571428571428,False,False,1. spelling corruption
S1-78231453,S3-84703900,S3,"Select Metro Growth, LLC","Select Metro Grówth, LLC","764 North Avenue, Burlington, VT","Vermont, PO Box 810, 00764 North Avenue, Burlington",US,US,95.65217391304348,69.23076923076923,False,False,10. cross-script
S1-78231453,S3-850899024,S3,"Select Metro Growth, LLC","Select Growth, LLC Services","764 North Avenue, Burlington, VT",,US,US,69.38775510204081,0.0,False,False,6. missing address
S1-13062819,S2-401881488,S2,Primary Care Specialists,Primary Care Spcialistts,"444 Prospect Road, Sulligent, AL","#444 Prospect Rd, SULLIGENT, AL",US,US,95.83333333333334,96.55172413793103,False,False,9. address variation
S1-13062819,S2-953513293,S2,Primary Care Specialists,Primary Care,"444 Prospect Road, Sulligent, AL","#444 PROSPECT RD, SULLIGENT, AL",US,US,66.66666666666667,96.55172413793103,False,False,1. spelling corruption
S1-13062819,S2-963837214,S2,Primary Care Specialists,CARE PRIMARY SPECIALISTS,"444 Prospect Road, Sulligent, AL","#444 PROSPECT RD, SULLIGENT, AL",US,US,79.16666666666666,96.55172413793103,False,False,5. word reordering
S1-13062819,S3-433674961,S3,Primary Care Specialists,Primary  Care Specialists Corp,"444 Prospect Road, Sulligent, AL","##444 Prospect Road, Sulligent, Alabama",US,US,90.56603773584906,92.3076923076923,False,False,9. address variation
S1-113619917,S3-866083228,S3,Chapman Medical LLC,>> Chapman Medical,"35 Lamplighter Drive, Shrewsbury, MA","Massachusetts, Shrewsbury, 0035 Lamplighter Dr",US,US,88.23529411764706,43.58974358974359,False,False,1. spelling corruption
S1-113619917,S3-681407496,S3,Chapman Medical LLC,Chapman  Medical,"35 Lamplighter Drive, Shrewsbury, MA","0035 Lamplighter Drive, Shrewsbury, Massachusetts",US,US,88.23529411764706,83.9506172839506,False,False,1. spelling corruption
S1-586688478,S3-997605365,S3,Sequoia,Sdqouai,"180 Main Street, Unit 107, Amesbury, MA","180 Main Street, Amesbury, Massachusetts",US,US,57.14285714285714,72.97297297297297,False,True,9. address variation
S1-586688478,S2-596354258,S2,Sequoia,SEQUOIA.COM,"180 Main Street, Unit 107, Amesbury, MA","180 MAN STREET, AMESBURY, MA",US,US,77.77777777777779,83.87096774193549,False,True,1. spelling corruption
S1-502712648,S2-440377577,S2,Mahamaya Systems (India) Private Limited,mahamayasystemsindia.com,"H. No. 128/606, Y - Block, Kidwai Nagar Naubasta, Kanpur Nagar, Kanpur, Uttar Pradesh","H. NO. 128/606, Y - BLOCK, KIDWAI NAGAR NAUBASTA, KANPUR NAGAR, Uttar Pradesh",IN,IN,70.96774193548387,95.17241379310344,False,False,1. spelling corruption
S1-367416001,S2-795380726,S2,Lotus Foods Private Limited,ଲୋଟସ୍ ଫୁଡ୍ସ୍ ପ୍ରାଇଭେଟ୍ ଲିମିଟେଡ୍,"Akash Sobha, Sachibalaya Marg, Bhubaneswar, Khordha, Orissa","AKASH SOBHA, N/A, BHUBANESWAR, Odisha",IN,IN,10.344827586206895,71.91011235955057,False,False,10. cross-script
S1-367416001,S3-992233064,S3,Lotus Foods Private Limited,Sri lotusfoods.com,"Akash Sobha, Sachibalaya Marg, Bhubaneswar, Khordha, Orissa","Akash Sobha, Sachibalaya Marg, Khordha, OD",IN,IN,53.333333333333336,80.85106382978724,False,False,9. address variation
S1-367416001,S3-219724845,S3,Lotus Foods Private Limited,Dovaflux,"Akash Sobha, Sachibalaya Marg, Bhubaneswar, Khordha, Orissa","Akash Sobha, Khordha, Bhubaneswar, OD",IN,IN,22.857142857142854,65.1685393258427,False,False,9. address variation
S1-367416001,S3-392237308,S3,Lotus Foods Private Limited,@lotusfoods,"Akash Sobha, Sachibalaya Marg, Bhubaneswar, Khordha, Orissa","Akash Sobha, Khordha, OD",IN,IN,54.054054054054056,54.54545454545454,False,False,9. address variation
S1-146882047,S3-911101,S3,Beacon Royal LLC,Beacon  Royal,"1215 Mc Kinley Street, Mascoutah, IL","Mascoutah, Mc Kinley Street, Illinois",US,US,85.71428571428572,57.971014492753625,False,False,1. spelling corruption
S1-343216892,S3-848361172,S3,Surgical Patriot Care LLC,Surgical Patriot Cer LLC,"1605 Sandusky Road, Jacksonville, IL",,US,US,93.87755102040816,0.0,False,False,6. missing address
S1-343216892,S2-407948015,S2,Surgical Patriot Care LLC,Surgica1 Patriot Care Care LLC - 2836919389,"1605 Sandusky Road, Jacksonville, IL","605 SANDUSKY ROAD, JACKSONVILLE, IL",US,US,72.72727272727273,98.50746268656717,False,False,1. spelling corruption
S1-110671396,S2-153885382,S2,Daman Grifols Inc.,dgrífols.com,"415 Oak Street, Manchester, TN","15 OAK STREET, MANCHESTER, TN",US,US,62.06896551724138,98.18181818181819,False,False,10. cross-script
S1-660684095,S3-813112832,S3,Onyx Inc,Onyx Inc Center Enterprises,"5012 55th Avenue, Amarillo, TX",,US,US,45.714285714285715,0.0,False,False,6. missing address
S1-660684095,S3-877581325,S3,Onyx Inc,Odenyx Inc,"5012 55th Avenue, Amarillo, TX","Amarillo, Texas, 5010 55th Avenue",US,US,88.88888888888889,50.847457627118644,False,False,1. spelling corruption
S1-660684095,S2-81594019,S2,Onyx Inc,Olcxy Inc,"5012 55th Avenue, Amarillo, TX","5012 55RD AVE, AMARILLO, TX",US,US,70.58823529411764,86.79245283018868,False,True,1. spelling corruption
S1-157834621,S3-743337329,S3,Perfect Consultancy Private Limited,#perfectconsultancy,"246, Gayatri Nagar-A, Maharani Farm, Durgapura, Jaipur, Rajasthan","A-246, Gayatri Nagar-a, Maharani Farm, Durgapura, Jaipur, राजस्थान",IN,IN,67.9245283018868,84.29752066115702,False,False,1. spelling corruption
S1-402154655,S2-217026212,S2,Energy Varenya Agro Pvt Ltd,Energy Vaenay Agro  Pvt Ltd,"No17, Sy.No3/1(P), 3/2, 4(P), Gubbalala Village, Bangalore South, Bangalore, Karnataka","ಕರ್ನಾಟಕ, 17 , SY.NO3/1(P), 3/2, 4(P), GUBBALALA VILLAGE, BANGALORE SOUTH",IN,IN,94.33962264150944,78.57142857142857,False,False,9. address variation
S1-666657664,S3-771669260,S3,India Freight Limited,india freight limited - 3637972976,"No.6, First Cross, Karnataka, Santrupti, Bangalore, Bangalore South","KA, Bangalore, Bangalore South, No.6, First Cross, Sanrtupti",IN,IN,79.24528301886792,47.86324786324786,False,False,1. spelling corruption
S1-666657664,S3-410140509,S3,India Freight Limited,Dr India India Fréight Limited,"No.6, First Cross, Karnataka, Santrupti, Bangalore, Bangalore South","Santrupti, No.6, First Cross, Bangalore South, Bangalore, ಕರ್ನಾಟಕ",IN,IN,78.43137254901961,60.65573770491803,False,False,10. cross-script
S1-666657664,S2-490682563,S2,India Freight Limited,Dr India Freight Límited,"No.6, First Cross, Karnataka, Santrupti, Bangalore, Bangalore South","SANTRUPTI, NO.B3/6, FIRST CROSS, BANGALORE SOUTH, Karnataka",IN,IN,88.88888888888889,54.700854700854705,False,False,10. cross-script
S1-221994517,S2-398184806,S2,Apex Cargo Partners,apexcargopartners.com,"5015 Summers Lane, Klamath Falls, OR","ALTAMONT, 5015 SUMMERS LANE, OR",US,US,85.0,63.49206349206349,False,False,1. spelling corruption
S1-221994517,S3-537225169,S3,Apex Cargo Partners,Apex Ceatrogo Partners,"5015 Summers Lane, Klamath Falls, OR","05015 Summers Lane, Klamath Falls, Oregon",US,US,92.6829268292683,93.15068493150685,False,False,9. address variation
S1-124940396,S3-605567434,S3,One Ventures Private Limited,One  Ventures Limited Center,"Stc House, 272 Reay Road, Mumbai, Maharashtra","Stc House, 272 Reay Road, Mumbai, MH",IN,IN,72.72727272727273,88.0,False,False,1. spelling corruption
S1-124940396,S3-489916841,S3,One Ventures Private Limited,वन वेंचर्स प्राइवेट लिमिटेड,"Stc House, 272 Reay Road, Mumbai, Maharashtra","Stc House, Mumbai, MH, 272 Reay Road",IN,IN,10.909090909090914,61.33333333333333,False,False,10. cross-script
S1-466662415,S2-474045012,S2,Dental Capital Clinic L.L.C.,Dental (Capital),"22040 Lake Jordan Drive, Dinwiddie County, VA","PETERSBURG, LAKE JORDAN DR, VA",US,US,68.29268292682926,50.70422535211267,False,False,1. spelling corruption
S1-781030445,S3-887650313,S3,Anand Management Private Limited,आनंद मैनेजमेंट प्राइवेट लिमिटेड,"Side Portion Of Gf-2, Plot No 119, Gyan Khand-2, Indirapuram, Ghaziabad, Uttar Pradesh","Side Portion Of Gf-2, Plot No 119, Gyan Khand-2, Indirapuram, Ghaziabad, Allahabad, UP",IN,IN,9.523809523809524,88.19875776397515,False,False,10. cross-script
S1-781030445,S2-787076108,S2,Anand Management Private Limited,आनंद मैनेजमेंट प्राइवेट लिमिटेड,"Side Portion Of Gf-2, Plot No 119, Gyan Khand-2, Indirapuram, Ghaziabad, Uttar Pradesh","SIDE PORTION OF GF-2, PLOT NO 119, GYAN KHAND-2, INDIRAPURAM, GHAZIABAD, उत्तर प्रदेश",IN,IN,9.523809523809524,85.71428571428572,False,False,10. cross-script
S1-623791576,S3-675048504,S3,Horizon Portfolio LLC,Horizon  Portfolio,"Tucson, 2431 Bovino Way, AZ","002431 Bovino Way, Tucson, Arizona",US,US,89.47368421052632,63.1578947368421,False,False,1. spelling corruption
S1-623791576,S2-437024214,S2,Horizon Portfolio LLC,@HORIZONPORTFOLIO,"Tucson, 2431 Bovino Way, AZ","431 BOVINO WAY, TUCSON, AZ",US,US,86.48648648648648,69.38775510204081,False,False,1. spelling corruption
S1-623791576,S2-491662743,S2,Horizon Portfolio LLC,HORIZON PORTFOLIO,"Tucson, 2431 Bovino Way, AZ","431 BOVINO WAY, TUCSON, AZ",US,US,89.47368421052632,69.38775510204081,False,False,1. spelling corruption
S1-651657890,S3-974780930,S3,Jackson and Wells Inc,Jackson ánd Wells Inc,"1018 Rollingwood Drive, City Of Wilson, NC","Rollingwood Dr, North Carolina, City Of Wilson",US,US,95.23809523809523,71.42857142857143,False,False,10. cross-script
S1-485398679,S3-882719706,S3,Housing Foundation,Housing Foundation (ID: 23811),"407 Brannon Road, Jessamine Co, KY","Kentucky, 407- Brannon Rd, Jessamine Co",US,US,80.0,79.41176470588236,False,False,1. spelling corruption
S1-511574379,S2-685197589,S2,Grand Peak Financial LLC,Grand Peak LLC Center Center,"159 Turnberry Terrace, Columbia Falls, MT","15 TURNBERRY TERRACE, MT, COLUMBIA FALLS",US,US,53.84615384615385,90.9090909090909,False,False,9. address variation
S1-931839008,S3-436266187,S3,Royal Systems Private Limited,Mr Royal Limited Private-Systems,"No.323/64, Thekkalur, Near Kms Bakery, Avinashi, Avanashi, Coimbatore, Tamil Nadu","No.0323/64, Thekkalur, Near Kms Bakery, Avinashi, Avanashi, Coimbatore, TN",IN,IN,62.295081967213115,93.7062937062937,False,False,1. spelling corruption
S1-931839008,S3-812805141,S3,Royal Systems Private Limited,Royal Systems Prívate Limited,"No.323/64, Thekkalur, Near Kms Bakery, Avinashi, Avanashi, Coimbatore, Tamil Nadu","H.no 0323/64, தமிழ்நாடு, Coimbatore, Avanashi",IN,IN,96.55172413793103,42.73504273504274,False,False,10. cross-script
S1-885003458,S3-718461933,S3,Tirupati Exports Pvt Ltd,Tirupati Exforst Pvt Ltd,"Near Vijay Bank, Old Gunj Main Road, Sedam Tq: Sedam, Gulbarga, Karnataka","Near Vijay Bank, Old Gunj Main Road, Sedam Tq: Sedam, Gulbarga, KA",IN,IN,91.66666666666666,94.57364341085271,False,False,9. address variation
S1-885003458,S3-470217195,S3,Tirupati Exports Pvt Ltd,ತಿರುಪತಿ ಎಕ್ಸ್‌ಪೋರ್ಟ್ಸ್ ಪ್ರೈವೇಟ್ ಲಿಮಿಟೆಡ್,"Near Vijay Bank, Old Gunj Main Road, Sedam Tq: Sedam, Gulbarga, Karnataka","Near Vijay Bank, Gulbarga, KA",IN,IN,9.375,56.84210526315789,False,False,10. cross-script
S1-885003458,S3-679710204,S3,Tirupati Exports Pvt Ltd,ತಿರುಪತಿ ಎಕ್ಸ್‌ಪೋರ್ಟ್ಸ್ ಪ್ರೈವೇಟ್ ಲಿಮಿಟೆಡ್,"Near Vijay Bank, Old Gunj Main Road, Sedam Tq: Sedam, Gulbarga, Karnataka","Near Vijay Bfnk, Gulbarga, KA",IN,IN,9.375,54.73684210526315,False,False,10. cross-script
S1-885003458,S3-373887072,S3,Tirupati Exports Pvt Ltd,ತಿರುಪತಿ ಎಕ್ಸ್‌ಪೋರ್ಟ್ಸ್ ಪ್ರೈವೇಟ್ ಲಿಮಿಟೆಡ್,"Near Vijay Bank, Old Gunj Main Road, Sedam Tq: Sedam, Gulbarga, Karnataka","Near Vijay Bank, Old Gunj Main Road, Sedam Tq: Sedam, Gulbarga, ಕರ್ನಾಟಕ",IN,IN,9.375,88.05970149253731,False,False,10. cross-script
S1-385505043,S2-973249978,S2,Scholarship Fellowship,Gildonyx,"110 Betsy Lane, Unit APT 65, Indianapolis, IN","IN, 110 1/2 BETSY LN, INDIANAPOLIS",US,US,19.999999999999996,67.56756756756756,False,False,9. address variation
S1-454886743,S3-973801662,S3,Royal Tech Developers Pvt Ltd,R0YAL TECH DEVELOPERS PVT LTD,"5 Floor, Tbi Kashyap Building, Paud Rd, Rambaug Colony, Pune City, Pune, Maharashtra","9 Floor, Tbi Kashyap Building, Paud Rd, Rambaug Colony, Pune City, Pune, महाराष्ट्र",IN,IN,96.55172413793103,85.16129032258064,False,False,2. OCR corruption
S1-454886743,S3-485946414,S3,Royal Tech Developers Pvt Ltd,रॉयल टेक डेवलपर्स प्रा. लि.,"5 Floor, Tbi Kashyap Building, Paud Rd, Rambaug Colony, Pune City, Pune, Maharashtra","Pune City, महाराष्ट्र, Pune, Door No 9 Floor, Tbi Kashyap Building, Paud Rd, Rambaug Colony",IN,IN,14.814814814814813,61.34969325153374,False,False,10. cross-script
S1-454886743,S3-807322198,S3,Royal Tech Developers Pvt Ltd,रॉयल टेक डेवलपर्स प्रा. लि.,"5 Floor, Tbi Kashyap Building, Paud Rd, Rambaug Colony, Pune City, Pune, Maharashtra","9 Flaor, Tbi Kashyap Building, Paud Rd, Rambaug Colony, Pune City, Pune, MH",IN,IN,14.814814814814813,91.15646258503402,False,False,10. cross-script
S1-157715241,S2-99681558,S2,Firstline Industries Private Limited,first1ineindustries.com,"102 Iscon Palace A Opp. Ramco Bungalow, Village: Ravapar, Morbi, Rajkot, Gujarat","#102 ISCON PALACE A OPP. RAMCO BUNGALOW, VILLAGE: RAVAPAR, MORBI, ગુજરાત",IN,IN,67.79661016949152,85.71428571428572,False,False,1. spelling corruption
S1-395693509,S2-456815909,S2,Unique Tech Pvt Ltd,TECHUNIQUE.COM,"Bajpai Coloney Lakhimpur, Lakhimpur Kheri, Kheri, Uttar Pradesh","BAJPAI COLONEY LAKHIMPUR, LAKHIMPUR KHERI, KHERI, उत्तर प्रदेश",IN,IN,48.484848484848484,80.67226890756302,False,False,9. address variation
S1-350429004,S2-794332730,S2,Department of Finance,Department of Fínance,"165 Quail Drive, Highland, IL",,US,US,95.23809523809523,0.0,False,False,6. missing address
S1-203729821,S2-575132637,S2,Perfect Management Private Limited,പെർഫെക്റ്റ് മാനേജ്മെന്റ് പ്രൈവറ്റ് ലിമിറ്റഡ്,"Sreevalsam Madhav Nagar, Vadakkanthara, Palakkad, Door No: 27/642-2, Kerala","SREEVALSAM MADHAV NAGAR, VADAKKANTHARA, കേരളം, VADAKKANTHARA, PALAKKAD, DOOR NO: 7/642-2",IN,IN,7.692307692307687,81.57894736842105,False,False,10. cross-script
S1-203729821,S2-508317882,S2,Perfect Management Private Limited,PROVMLATE PERFECT MANAGEMENT LIMITED,"Sreevalsam Madhav Nagar, Vadakkanthara, Palakkad, Door No: 27/642-2, Kerala","DOOR NO: 7/642-2, SREEVALSAM MADHAV NAGAR, VADAKKANTHARA, PALAKKAD, VADAKKANTHARA, Kerala",IN,IN,74.28571428571429,73.20261437908498,False,False,1. spelling corruption
S1-678951915,S2-82060886,S2,Sullivan and Russell Freight Inc.,Sullivan and Russell Inc. Service,"28711 Lewes Georgetown Highway, Milton, DE",,US,US,78.125,0.0,False,False,6. missing address
S1-96547475,S3-584614460,S3,Bureau of Buildings,Bureau of Btuildbgs,"380 Eighth Street, Unit 2, Boston, MA",,US,US,89.47368421052632,0.0,False,False,6. missing address
S1-321000844,S3-371875116,S3,Shree Hospitality Private Limited,Shree Hospitality Prvete Limited,"Mathilil Po Thevally, Kerala, Kollam, Near Kadavoor Church","Mathilil Po Thevally, Kollam, KL",IN,IN,95.38461538461537,68.23529411764706,False,False,9. address variation
S1-799218320,S2-911249631,S2,Frontier Program III,FRONTIER PAM ÍII #65306,"8905 Guadalupe Drive, Donna, TX","9025 GUADALUPE DR, DONNA, TX",US,US,71.42857142857143,90.9090909090909,False,False,10. cross-script
S1-799218320,S3-329890224,S3,Frontier Program III,Program Frontier III-Inc.,"8905 Guadalupe Drive, Donna, TX","Donna, 8905 Guadalupe Drive, Texas",US,US,54.54545454545454,75.40983606557377,False,False,9. address variation
S1-392378313,S2-800583889,S2,Empire Institute Corp,Empire Institute,"1745 Star Light Circle, Cedar Park, TX","CEDAR PARK TOWNSHIP, #1745 STAR LIGHT CIRCLE, TX",US,US,86.48648648648648,61.728395061728406,False,False,1. spelling corruption
S1-392378313,S2-871186400,S2,Empire Institute Corp,Empire  Institute,"1745 Star Light Circle, Cedar Park, TX","STAR LIGHT CIRCLE, PO BOX 1687, CEDAR PARK TOWNSHIP, TX",US,US,86.48648648648648,70.45454545454545,False,False,1. spelling corruption
S1-512225814,S2-233815917,S2,Fernandez School of Medicine,Wexarc,"OH, 576 Hudson Avenue, Newark","576 1/2 HUDSON AVE, NEWAK, OH",US,US,17.647058823529417,74.07407407407408,False,False,9. address variation
S1-63664742,S2-701137964,S2,Nisha Educational Society,nishaeducationa1society.com,"Flat No. A-301, Nest Wood, Canal Road, Althan, Surat, Gujarat","PLOT 483 FLAT NO. A-301, NEST WOOD, CANAL ROAD, ALTHAN, SURAT, Gujarat",IN,IN,84.61538461538461,92.43697478991596,False,False,1. spelling corruption
S1-653702304,S3-14424290,S3,Warner Apparel of Union City PC,Wamer Apparel of Union City PC,"IN, 510 Park Avenue, Union City","510 Prk Ave, Union City, Indiana",US,US,95.08196721311475,74.57627118644068,False,False,9. address variation
S1-653702304,S2-106156935,S2,Warner Apparel of Union City PC,Inc Warner Apparel of Union City,"IN, 510 Park Avenue, Union City","510 PARK AVE, UNION CITY, IN",US,US,88.88888888888889,83.63636363636364,False,False,1. spelling corruption
S1-744313182,S3-488094381,S3,First Cloud Group,First  Cloud,"7731 Middle Island Road, Alma, WV","773 Middle Island Rd, West Virginia, Alma",US,US,78.57142857142857,71.42857142857143,False,False,1. spelling corruption
S1-842531199,S3-487334806,S3,Atlantic Mountain Evo,Atlantic Munoani Evo,"Climax Springs, 460 Bing Lane, MO","Climax Springs, 460 Bing Ln, Missouri",US,US,87.8048780487805,87.87878787878788,False,False,1. spelling corruption
S1-680460527,S2-564055777,S2,Golden (india) Group,Golden (india) Group (ID: 55024),"Plot No. 167/337-A, Gajapati Nagar, Ground Floor, Bhubaneswar, Khordha, Orissa","PLOT NO. 167/337- , GAJAPATI NAGAR, GROUND FLOOR, BHUBANESWAR, Odisha",IN,IN,80.0,91.04477611940298,False,False,1. spelling corruption
S1-680460527,S3-918677151,S3,Golden (india) Group,Mr Golden Group (Services),"Plot No. 167/337-A, Gajapati Nagar, Ground Floor, Bhubaneswar, Khordha, Orissa",,IN,IN,57.14285714285714,0.0,False,False,6. missing address
S1-680460527,S3-239061045,S3,Golden (india) Group,6oldenindiagroup.Com,"Plot No. 167/337-A, Gajapati Nagar, Ground Floor, Bhubaneswar, Khordha, Orissa","No 67/337-A, Gajapati Nagar, Ground Floor, Bhubaneswar, Khordha, OD",IN,IN,78.94736842105263,91.04477611940298,False,False,1. spelling corruption
S1-142290582,S3-487655775,S3,Patriot Gulf Dynamics LLC,Patriot Gulf LLC Service,"249 River Street, Unit 203, Boston, MA","Massachusetts, # 203, 249 River St, Boston",US,US,65.3061224489796,52.77777777777778,False,False,1. spelling corruption
S1-350926260,S3-665181042,S3,Royal Supreme Impex LLP,Royal-Supreme Impex,"Flat No. 403, Telangana, Road No. 3, Laxmi Gayatri Nivas, Sri Laxmi Nagar Colony, Mansoorabad, Rangareddy, Bandlaguda","H.no 403, Road No. 3, Laxmi Gayatri Nivas, Sri Laxmi Nagar Colony, Mansoorabad, Bandlaguda, K.v.rangareddy, తెలంగాణ",IN,IN,90.47619047619048,78.13953488372093,False,False,9. address variation
S1-350926260,S2-590674907,S2,Royal Supreme Impex LLP,రాయల్ సుప్రీమ్ ఇంపెక్స్ ఎల్‌ఎల్‌పీ,"Flat No. 403, Telangana, Road No. 3, Laxmi Gayatri Nivas, Sri Laxmi Nagar Colony, Mansoorabad, Rangareddy, Bandlaguda","H.NO 403, ROAD NO. 3, LAXMI GAYATRI NIVAS, SRI LAXMI NAGAR COLONY, MANSOORABAD, RANGAREDDY, BANDLAGUDA, Telangana",IN,IN,10.526315789473683,88.26291079812206,False,False,10. cross-script
S1-895149498,S3-692318717,S3,Super Ace Foods Private Limited,ಸೂಪರ್ ಏಸ್ ಫುಡ್ಸ್ ಪ್ರೈವೇಟ್ ಲಿಮಿಟೆಡ್,"Jsw Mining Office, Near Talur Cross, Vidyanagar, Bellary, Karnataka","Jsw Mining Office, Near Talur Cross, Vidyanagar, KA, Bellary",IN,IN,12.307692307692308,89.07563025210084,False,False,10. cross-script
S1-895149498,S2-459271759,S2,Super Ace Foods Private Limited,superacefoods.com,"Jsw Mining Office, Near Talur Cross, Vidyanagar, Bellary, Karnataka","262 JSW MINING OFFICE, NEAR TALUR CROSS, VIDYANAGAR, BELLARY, Karnataka",IN,IN,62.5,96.92307692307692,False,False,1. spelling corruption
S1-768636328,S3-739758786,S3,Exports Morning Krishna,Exports Mdhnihg Krishna,"25, Sunrise Park, Nr. Navrang Tenament, B/H, Khurshid Park, Sarkhej Road, Ahmedabad, Gujarat","ગુજરાત, 45, Ahmedabad",IN,IN,86.95652173913044,21.359223300970875,False,False,1. spelling corruption
S1-501179152,S3-163904085,S3,Allied Industries Partners,Allied Industries,"456 Farm Road 221, Springfield, MO","688 Farm Road 221, Springfield, Missouri",US,US,79.06976744186046,85.71428571428572,False,False,1. spelling corruption
S1-520210235,S3-606493066,S3,Tobye Flanagan Petroleum Corporation,Miradova,"35 Cahill Court, Windsor Mill, MD","35 Cahill Court, Windsor Mill, Maryland",US,US,18.181818181818176,91.17647058823529,False,True,9. address variation
S1-904473678,S3-210215411,S3,Atlantic Media Enterprises,Atlantic Media Entertiprses,"Ellington, CT, 37 Ellsworth Lane","37-41 Ellsworth Lane, Connecticut, Ellington",US,US,94.33962264150944,47.22222222222222,False,False,11. other
S1-783566581,S2-587392370,S2,Reliable Webster Inc,Reliable Inc Center,"1500 37 Mead Avenue, Bldg QUAIL RIDGE APARTMENTS, Yakima, WA","#1500 37 MEAD AVE, YAKIMA CITY, WA",US,US,66.66666666666667,59.09090909090908,False,False,1. spelling corruption
S1-783566581,S2-924593643,S2,Reliable Webster Inc,reliablewebster.com,"1500 37 Mead Avenue, Bldg QUAIL RIDGE APARTMENTS, Yakima, WA","#1500 37 MEAD AVE, YAKIMA CITY, WA",US,US,87.17948717948718,59.09090909090908,False,False,1. spelling corruption
S1-783566581,S2-158204057,S2,Reliable Webster Inc,Reliable Webster,"1500 37 Mead Avenue, Bldg QUAIL RIDGE APARTMENTS, Yakima, WA","#1500 37 MEAD AVE, YAKIMA CITY, WA",US,US,88.88888888888889,59.09090909090908,False,False,1. spelling corruption
S1-866006605,S3-123857209,S3,Megacorp Institute,Sri megacorpinstitute.com,"1084 Barsara, Puliha, Gonda, Tarabganj, Gonda, Uttar Pradesh","084 Barsara, Puliha, Gonda, Tarabganj, Gonda, UP",IN,IN,79.06976744186046,87.75510204081633,False,False,1. spelling corruption
S1-993995558,S3-876038566,S3,Cook's Advisors,Cook'S Acdiivors,"10180 Lakeridge Parkway, Unit 108, Hanover County, VA","010180 Lakeridge Pkwy, # 108, Ashland, Virginia",US,US,83.87096774193549,69.56521739130434,False,False,1. spelling corruption
S1-503613629,S3-770575245,S3,Express Infrastructure Advisors LLC,expressinfrastructureadvisors.com,"452 Church Avenue, Danville City, VA","##452 Church Avenue, Danville, Virginia",US,US,91.17647058823529,84.05797101449275,False,False,9. address variation
S1-503613629,S3-329094464,S3,Express Infrastructure Advisors LLC,Express Infrastructure LLC [Center],"452 Church Avenue, Danville City, VA","Church Avenue, Danville, Virginia",US,US,76.47058823529412,76.92307692307692,False,False,1. spelling corruption
S1-72138215,S3-217188130,S3,Physical Therapy Associates,Physical Therapy Associates-Corporation,"213 Edgewood Drive, Port Ludlow, WA","Port Ludlow, Washington, 213 Edgewood Dr",US,US,81.81818181818181,42.25352112676056,False,False,1. spelling corruption
S1-399532687,S3-572753651,S3,Maya Educational Society,Educational Maya 5oshiimt,"Plot No Iid/14 Mejor Arterial Road 8Th Floor Action Area-Iid Newtown, Kolkata, Howrah, West Bengal","Plot No Iid/14 Mejor Arterial Road 8Th Floor Action Area-iid Newtown, Calcutta, WB",IN,IN,61.224489795918366,85.71428571428572,False,False,1. spelling corruption
S1-84215445,S3-687993411,S3,Bharat Business Limited,Bharat Bunes Limited,"Survey No. 1176/1, Near Sky Mall, Sanala Road Saktasanala, Morbi, Rajkot, Gujarat",,IN,IN,93.02325581395348,0.0,False,False,6. missing address
S1-84215445,S2-998801067,S2,Bharat Business Limited,ભારત બિઝનેસ લિમિટેડ,"Survey No. 1176/1, Near Sky Mall, Sanala Road Saktasanala, Morbi, Rajkot, Gujarat","Gujarat, RAJKOT, MORBI, DTOR NO 1176",IN,IN,9.523809523809524,35.18518518518518,False,False,10. cross-script
S1-701976605,S3-72429096,S3,Dehaan and Cottrill Ventures Inc,Dehaancottrillventures.Com,"812 16th Avenue, OK, Ardmore","Oklahoma, Ardmore, 811 16rd Ave",US,US,82.75862068965517,36.36363636363637,False,False,1. spelling corruption
S1-563004855,S3-300910023,S3,Behavioral Health Care Corp,Services Behavioral Care Corp,"9183 Laura Anne Way, Sandy City, UT","Sandy City, 9183 Laura Anne Way, Utah",US,US,71.42857142857143,64.70588235294117,False,False,1. spelling corruption
S1-103776817,S3-359901747,S3,Urgent Care Bright Group,Urgent Urgent Care Bright Gróup,"3836 Lovell Avenue, Cincinnati, OH",,US,US,83.63636363636364,0.0,False,False,6. missing address
S1-374683071,S3-429640586,S3,Green Pharmaceutical,Quohalo,"1846 Buck Ridge Place, Oro Valley, AZ","184 Buck Ridge Pl, Oro Valley, Arizona",US,US,22.22222222222222,87.32394366197182,False,False,9. address variation
S1-252973161,S2-781578737,S2,Vision Piedmont Medicine,Vision Piedmont Medicine LP,"4055 Deer Lake Drive, Medina Township, OH",,US,US,94.11764705882352,0.0,False,False,6. missing address
S1-252973161,S2-814724344,S2,Vision Piedmont Medicine,Vision Piedmont Médicine Ltd,"4055 Deer Lake Drive, Medina Township, OH",,US,US,88.46153846153845,0.0,False,False,6. missing address
S1-521354810,S3-644928036,S3,Marketing Nest Constructions Private Limited,Marketing Nism Constructions Private Limited,"B-923, Bestech Business Towers Plot No.1, Sector-66, Mohali, Punjab","B-923, Bestech Business Towers Plot No.1, Sector-66, Mohali, PB",IN,IN,95.45454545454545,96.72131147540983,False,False,9. address variation
S1-94626702,S3-396384784,S3,Lakshmi Finance Private Limited,लक्ष्मी फाइनेंस प्राइवेट लिमिटेड,"7 131 7 131 B Swaroop Nagar, Kanpur, Uttar Pradesh","Kanpur, Door No 7 131 7 131 B Swaroop Nagar, UP, Kanpur",IN,IN,9.523809523809524,68.0,False,False,10. cross-script
S1-94626702,S2-845773940,S2,Lakshmi Finance Private Limited,लक्ष्मी फाइनेंस प्राइवेट लिमिटेड,"7 131 7 131 B Swaroop Nagar, Kanpur, Uttar Pradesh","DOOR NO #7 131 7 131 B SWAROOP NAGAR, KANPUR, Uttar Pradesh",IN,IN,9.523809523809524,92.3076923076923,False,False,10. cross-script
S1-452571919,S3-150869273,S3,Patna Scientific Private Limited,Patna  Scientific Private Limited (ID: 31356),"C/O Basanti Rai, W/O Naremndra Prasad Rai House No-L1/50, S.K.Puri, Patna, Bihar","N/A, W/o Naremndra Prasad Rai House No-l1/50, S.k.puri, C/o Basanti Rai, Patna, BR",IN,IN,87.67123287671232,79.73856209150327,False,False,1. spelling corruption
S1-655095167,S2-481513956,S2,Sterling,Sterling Center,"2955 9th Place, Gary, IN","9TH PL, GARY, IN",US,US,69.56521739130434,77.77777777777779,False,False,1. spelling corruption
S1-655095167,S2-101050537,S2,Sterling,Sterling Industries,"2955 9th Place, Gary, IN",,US,US,59.25925925925925,0.0,False,False,6. missing address
S1-655095167,S3-662807108,S3,Sterling,5ceradihng,"2955 9th Place, Gary, IN","Indiana, Gary, 2955 9rd Place",US,US,55.55555555555556,48.97959183673469,False,False,3. transliteration
S1-839630775,S3-19606609,S3,FY Cosmetics Private Limited,FY Cosmetis Private Limited,"Flat No. 306 Wing B, Dreams Sankalp Wagholi, Haveli, Pune, Maharashtra","Haveli, MH, Dreams Sankalp Wagholi, 306 Wing B, Pune",IN,IN,98.18181818181819,58.4070796460177,False,False,9. address variation
S1-839630775,S2-945204932,S2,FY Cosmetics Private Limited,FY Cosmetics Pet Limited,"Flat No. 306 Wing B, Dreams Sankalp Wagholi, Haveli, Pune, Maharashtra","FLAT NO. 306 WING B, DREAMS SANKALP WAGHOLI, HAVELI, Maharashtra",IN,IN,88.46153846153845,96.0,False,False,1. spelling corruption
S1-454724174,S3-905325482,S3,C 8 Trusted Ellington,C 8 Trusted,"1466 Standridge Street, Memphis, TN","01466 Standridge Street, Memphis CITY, Tennessee",US,US,68.75,83.54430379746836,False,False,1. spelling corruption
S1-426376677,S3-489936335,S3,Iconic Construction Private Limited,iconicconstructionprivate.com,"Delhi, B-14/1, Delhi, Jhilmil Industrial Area","B-14/1, Delhi, DL",IN,IN,84.375,52.63157894736843,False,False,1. spelling corruption
S1-46021861,S2-705593465,S2,Hotel Consultancy Private Limited,Dr Hotel Consultancy Private Ltd,"B 106 Hinal Heritage Behind Digamber Jain Temple S V P Road Borivali West, Mumbai, Maharashtra","B 106 HINAL HERITAGE BEHIND DIGAMBER JAIN TEMPLE S V P ROAD BORIVALI WEST, MUMBAI, महाराष्ट्र",IN,IN,89.23076923076923,88.52459016393442,False,False,1. spelling corruption
S1-46021861,S3-635360972,S3,Hotel Consultancy Private Limited,होटल कंसल्टेंसी प्राइवेट लिमिटेड,"B 106 Hinal Heritage Behind Digamber Jain Temple S V P Road Borivali West, Mumbai, Maharashtra","460 B 106 Hinal Heritage Behind Digamber Jain Temple S V P Road Borivali West, Mumbai, MH",IN,IN,9.230769230769232,92.73743016759776,False,False,10. cross-script
S1-55715487,S3-744207483,S3,Tracey's Trusted Realty Group,traceystrustedrealty.com,"4321 Woodley Square, Unit APT 235, Montgomery, AL","4492 Woodley Square, Montgomery, Alabama",US,US,83.01886792452831,73.80952380952381,False,False,1. spelling corruption
S1-55715487,S3-256651653,S3,Tracey's Trusted Realty Group,traceystrustedrealty.com,"4321 Woodley Square, Unit APT 235, Montgomery, AL","Unit APT 235, 4492 Woodley Sq, Alabama, Montgomery",US,US,83.01886792452831,55.91397849462365,False,False,1. spelling corruption
S1-108453789,S3-464142818,S3,Industries Care Power Private Limited,industriescarepower.com,"Mumbai, Prem, Bhavan, 234/236, Bhat Bazar, Maharashtra, Mumbai, R No.10.Floor No 3","R No.10.floor No 3, Prem, Bhavan, 234/236, Bhat Bazar, Mumbai, महाराष्ट्र",IN,IN,70.0,54.92957746478873,False,False,1. spelling corruption
S1-108453789,S3-474307377,S3,Industries Care Power Private Limited,Industries Care Power Prívate Limited,"Mumbai, Prem, Bhavan, 234/236, Bhat Bazar, Maharashtra, Mumbai, R No.10.Floor No 3","R No.10.floor No 3, Mumbai, MH",IN,IN,97.2972972972973,34.95145631067961,False,False,10. cross-script
S1-92334873,S3-338361874,S3,Smart Pinnacle Wholesale,Smartpinnaclewholesalecom,"324 Tall Wheat Lane, Mount Holly, NC","00324 Tall Wheat Ln, Mount Holly, North Carolina",US,US,89.79591836734694,80.0,False,False,1. spelling corruption
S1-741943198,S2-517615571,S2,Golden Media,गोल्डन मीडिया,"Maharashtra, Nagpur, Plot No. G/115/A, Gayatri Nagar, Parsodi, Nagpur","PLOT NO. G/115/A, NAGPUR, NULL, NAGPUR, Maharashtra",IN,IN,7.9999999999999964,51.37614678899083,False,False,10. cross-script
S1-741943198,S2-77454645,S2,Golden Media,MGOLDEN.COM,"Maharashtra, Nagpur, Plot No. G/115/A, Gayatri Nagar, Parsodi, Nagpur","PLOT NO. G/115/A, NULL, NAGPUR, Maharashtra",IN,IN,69.56521739130434,50.98039215686274,False,False,1. spelling corruption
S1-874785252,S3-451838691,S3,Prime Business Limited,प्राइम बिजनेस लिमिटेड,"Unit No- 20, Nand Ghanshyam Industrial Estate, Off. Mahakali Caves Road, Andheri East, Mumbai, Mumbai City, Maharashtra","Unit No- 20, Mumbai City, Bombay, MH",IN,IN,9.302325581395355,40.55944055944056,False,False,10. cross-script
S1-874785252,S2-945917330,S2,Prime Business Limited,primebusiness.com,"Unit No- 20, Nand Ghanshyam Industrial Estate, Off. Mahakali Caves Road, Andheri East, Mumbai, Mumbai City, Maharashtra","UNIT NO- 20, NAND GHANSHYAM INDUSTRIAL ESTATE, OFF. MAHAKALI CAVES ROAD, ANDHERI EAST, MUMBAI, N/A, Maharashtra",IN,IN,76.92307692307692,94.39252336448598,False,False,1. spelling corruption
S1-874785252,S3-217038631,S3,Prime Business Limited,Center Prime Limited,"Unit No- 20, Nand Ghanshyam Industrial Estate, Off. Mahakali Caves Road, Andheri East, Mumbai, Mumbai City, Maharashtra","महाराष्ट्र, Unit No- 20, Bombay, Nand Ghanshyam Industrial Estate, Off. Mahakali Caves Road, Andheri East, Mumbai City",IN,IN,61.904761904761905,83.2579185520362,False,False,1. spelling corruption
S1-874785252,S2-361361822,S2,Prime Business Limited,>> Prime Buindes Limited,"Unit No- 20, Nand Ghanshyam Industrial Estate, Off. Mahakali Caves Road, Andheri East, Mumbai, Mumbai City, Maharashtra","UNIT NO- 20, N/A, MUMBAI, MUMBAI CITY, महाराष्ट्र",IN,IN,93.02325581395348,43.87096774193549,False,False,11. other
S1-874785252,S3-692084216,S3,Prime Business Limited,Primebusiness.Com,"Unit No- 20, Nand Ghanshyam Industrial Estate, Off. Mahakali Caves Road, Andheri East, Mumbai, Mumbai City, Maharashtra","Unit No- 20, Nand Ghanshyam Industrial Estate, Off. Mahakali Caves Road, Andheri East, Bombay, Mumbai City, MH",IN,IN,76.92307692307692,92.95774647887323,False,False,1. spelling corruption
S1-874785252,S2-446693830,S2,Prime Business Limited,प्राइम बिजनेस लिमिटेड,"Unit No- 20, Nand Ghanshyam Industrial Estate, Off. Mahakali Caves Road, Andheri East, Mumbai, Mumbai City, Maharashtra","UNIT NO- 20, N/A, MUMBAI CITY, MUMBAI, Maharashtra",IN,IN,9.302325581395355,53.84615384615385,False,False,10. cross-script
S1-874785252,S2-859785414,S2,Prime Business Limited,प्राइम बिजनेस लिमिटेड,"Unit No- 20, Nand Ghanshyam Industrial Estate, Off. Mahakali Caves Road, Andheri East, Mumbai, Mumbai City, Maharashtra","UNIT NO- 20, N/A, MUMBAI, MUMBAI CITY, महाराष्ट्र",IN,IN,9.302325581395355,43.87096774193549,False,False,10. cross-script
S1-874785252,S2-899685896,S2,Prime Business Limited,प्राइम बिजनेस लिमिटेड,"Unit No- 20, Nand Ghanshyam Industrial Estate, Off. Mahakali Caves Road, Andheri East, Mumbai, Mumbai City, Maharashtra","UNIT NO- 20, Maharashtra, N/A, MUMBAI, MUMBAI CITY",IN,IN,9.302325581395355,55.12820512820513,False,False,10. cross-script
S1-639784464,S3-169381759,S3,Tejva Station Private Limited,Ciramira,"2/8, Palla Street, Illalur, Thiruporur Taluk, Chengalpattu, Kanchipuram, Tamil Nadu","2/8, Chengalpattu, Kanchipuram, TN",IN,IN,27.027027027027028,57.407407407407405,False,True,9. address variation
S1-159179705,S3-884882726,S3,"Colonial Signature Advisors, LLC","C0lonial Signature Advisors, LLC","315 Oakview Circle, Hinckley Township, OH","0315 Oakview Circle, Hinclkey CITY, Ohio",US,US,96.7741935483871,83.11688311688312,False,False,2. OCR corruption
S1-159179705,S3-484560691,S3,"Colonial Signature Advisors, LLC","Colonial Signature Signature Advisors,","315 Oakview Circle, Hinckley Township, OH","0315 Oakview Circle, Hinclkey CITY, Ohio",US,US,79.41176470588236,83.11688311688312,False,False,1. spelling corruption
S1-116065265,S2-581760029,S2,Commission on Aging,@commissionon,"1782 Brookview Road, Dundalk, MD","BROOKVIEW RD, DUNDALK, MD",US,US,77.41935483870968,86.79245283018868,False,False,1. spelling corruption
S1-7281150,S3-697274927,S3,Urology Care of Lynnwood LLC,Urologycarelynnwood.Com,"5124 168th Street, Lynnwood, WA","5124d 168th Street, Lynnwood, Washington",US,US,82.35294117647058,86.56716417910448,False,False,1. spelling corruption
S1-7281150,S3-638732273,S3,Urology Care of Lynnwood LLC,Urology Care of LLC Center,"5124 168th Street, Lynnwood, WA","5124d 168th St, Lynnwood, Washington",US,US,70.37037037037037,79.36507936507937,False,False,1. spelling corruption
S1-91597879,S3-298268253,S3,Nichols Veterinary Clinic Partners,Nichols Veterinary Clinic Partenrs,"Southwest Harbor, ME, 52 Salem Towne Road","52-56 Salem Towne Road, Southwest Harbor, Maine",US,US,97.05882352941177,50.0,False,False,9. address variation
S1-834812153,S3-295147875,S3,Rocky Family Practice Inc,Rocky Family Inc Services,"AZ, 4880 Rose Lane, Glendale","4880. Rose Lane, Glendale, Arizona",US,US,72.0,80.70175438596492,False,False,1. spelling corruption
S1-834812153,S2-167086725,S2,Rocky Family Practice Inc,Rocky Family  Pocatre Inc,"AZ, 4880 Rose Lane, Glendale","4880 RSOE LN, GLENDALE, AZ",US,US,85.71428571428572,80.0,False,False,1. spelling corruption
S1-480256420,S3-624487973,S3,Alpha Technology,अल्फा Technology,"Madhubani, C/O Poonam Kumari, Madhubani, W/O Vijay Kumar Manmohan Chowk, Ward 11, Basopati, Bihar","C/o Poonam Kumari, W/o Vijay Kumar Manmohan Chowk, Ward 11, Basopati, Madhubani, BR",IN,IN,68.75,81.65680473372781,False,False,10. cross-script
S1-480256420,S3-448740157,S3,Alpha Technology,अल्फा टेक्नोलॉजी,"Madhubani, C/O Poonam Kumari, Madhubani, W/O Vijay Kumar Manmohan Chowk, Ward 11, Basopati, Bihar","C/o Poonam Kumari, W/o Vijay Kumar Manmohan Chowk, Ward 11, Basopati, Madhubani, BR",IN,IN,6.25,81.65680473372781,False,False,10. cross-script
S1-480256420,S3-28687168,S3,Alpha Technology,Alpha Partners,"Madhubani, C/O Poonam Kumari, Madhubani, W/O Vijay Kumar Manmohan Chowk, Ward 11, Basopati, Bihar","C/o Poonam Kumari, Madhubani, BR",IN,IN,53.333333333333336,49.586776859504134,False,False,3. transliteration
S1-244678362,S2-768563185,S2,Kelly Diamond Apparel LLP,Kelly Díamond Apparel LLP,"623 Hoffman Street, Baltimore, MD","614. HOFFMAN STREET, BALTIMORE, MD",US,US,96.0,93.5483870967742,False,False,10. cross-script
S1-963845609,S2-411532859,S2,Swami Life Care,swámilifecare.com,"S. No. 26/2/2 Jaldhara Co-Operative Society, Katraj-Kondhwa Road, Katraj, Pune, Maharashtra","S. NO. 26/2/2 JALDHARA CO-OPERATIVE SOCIETY, KATRAJ-KONDHWA ROAD, KATRAJ, PUNE, महाराष्ट्र",IN,IN,75.0,87.57396449704143,False,False,10. cross-script
S1-963845609,S3-715154247,S3,Swami Life Care,Swami  Life,"S. No. 26/2/2 Jaldhara Co-Operative Society, Katraj-Kondhwa Road, Katraj, Pune, Maharashtra","S. No. 26/2/2 Jaldhara Co-operative Society, Katraj-kondhwa Road, Katraj, Poona, Pune, MH",IN,IN,80.0,91.01796407185628,False,False,1. spelling corruption
S1-963845609,S2-272804266,S2,Swami Life Care,SWAMI LCFI CARE,"S. No. 26/2/2 Jaldhara Co-Operative Society, Katraj-Kondhwa Road, Katraj, Pune, Maharashtra",,IN,IN,86.66666666666667,0.0,False,False,6. missing address
S1-269255681,S3-37472081,S3,Bright Bike Shop,Bright Bike,"MA, 123 Virginia Road, Waltham","123 Virginia Rd, PO Box 368, Waltham, Massachusetts",US,US,81.4814814814815,60.526315789473685,False,False,1. spelling corruption
S1-269255681,S3-870593301,S3,Bright Bike Shop,Bright [Bike],"MA, 123 Virginia Road, Waltham","123 Virginia Rd, PO Box 368, Waltham, Massachusetts",US,US,81.4814814814815,60.526315789473685,False,False,1. spelling corruption
S1-752662457,S2-253972803,S2,Vision Systems Private Limited,विजन सिस्टम्स प्राइवेट लिमिटेड,"801, 8Th Flr, K L Regalia, Khar West, Mumbai, Mumbai, Maharashtra","701, 8TH FLR, K L REGALIA, KHAR WEST, MUMBAI, MUMBAI, Maharashtra",IN,IN,9.999999999999998,98.30508474576271,False,False,10. cross-script
S1-299987081,S3-352683243,S3,Tri-State Carolina,tristatecarolina.com,"Hanover Park, 7170 Church Street, IL","7170 Church St, Illinois, Hanover Park",US,US,84.21052631578947,48.57142857142858,False,False,1. spelling corruption
S1-299987081,S3-262307416,S3,Tri-State Carolina,Tri-State Caorlna,"Hanover Park, 7170 Church Street, IL","7170 Church Street, Hanover Park, Illinois",US,US,91.42857142857143,56.75675675675676,False,False,9. address variation
S1-285590654,S2-286748911,S2,Juniper Ameren Inc.,amerenjuniper.com,"5260 Williston Road, Minnetonka, MN","MINNETONKA, 5260 WILLISTON RD, MN",US,US,51.42857142857142,62.5,False,False,9. address variation
S1-285590654,S3-685061420,S3,Juniper Ameren Inc.,Juniper Ameren,"5260 Williston Road, Minnetonka, MN","Minnesota, #5260 Williston Road, Minnetonka",US,US,87.5,82.1917808219178,False,False,1. spelling corruption
S1-771771117,S3-51388878,S3,Family Center Inc,Center Family Inc,"954 5th Street, Mukilteo, WA","954 Fifth St, Mukilteo, Washington",US,US,58.82352941176471,72.41379310344827,False,True,5. word reordering
S1-408796858,S3-132082181,S3,Star Engineering Group,5tar Engineering  Group,"277 Hidden Creek Trail, Village Of Howard, WI","Wisconsin, 277 Hidden Creek Trail, Village Of Howard",US,US,95.45454545454545,86.02150537634408,False,False,2. OCR corruption
S1-586553119,S2-110920288,S2,Jasper Bio Private Limited,Jasper Bio Pret Limited,"Sarandamal Plot No. - 186, Kuarmunda, Sundargarh, Orissa","BLOCK C-833 SARANDAMAL PLOT NO. - 186, KUARMUNDA, Orissa",IN,IN,89.79591836734694,77.22772277227723,False,False,1. spelling corruption
S1-444352444,S2-326236566,S2,Urology Sterling Physicians,Physicians Stérling Urology,"Kalispell, MT, 763 Stone Street","Stone Street, KALISPELL, MT",US,US,40.74074074074075,44.44444444444444,False,False,10. cross-script
S1-33460289,S2-39414561,S2,High Engineering Pvt Ltd,High Eniecnering Pvt Ltd,"161, Ground Floor, Sfs, Pocket-I, Sector-22 Dwarka, New Delhi, Delhi","306 161, GROUND FLOOR, SFS, POCKET-I, SECTOR-22 DWARAK, Delhi",IN,IN,91.66666666666666,86.4406779661017,False,False,9. address variation
S1-33460289,S2-991479251,S2,High Engineering Pvt Ltd,Mr High Engineering Pvt Ltd,"161, Ground Floor, Sfs, Pocket-I, Sector-22 Dwarka, New Delhi, Delhi","H.NO 306 161, GROUND FLOOR, SFS, POCKET-I, SECTOR-22 DWARKA, दिल्ली",IN,IN,94.11764705882352,75.80645161290323,False,False,9. address variation
S1-33460289,S2-914116889,S2,High Engineering Pvt Ltd,हाई इंजीनियरिंग प्रा. लि.,"161, Ground Floor, Sfs, Pocket-I, Sector-22 Dwarka, New Delhi, Delhi","NO 306 161, GROUND FLOOR, SFS, POCKET-I, SECTOR-22 DWARKA, NEW DELHI, दिल्ली",IN,IN,12.765957446808507,86.36363636363636,False,False,10. cross-script
S1-199849317,S3-982796917,S3,Ahmedabad Hydro,ahmedabadhydro.com,"752/A/2/1-F/F Sur No 1375 Modi Ni Khadki Khara Kua Ni Pole Haja Patel Ni Kalupur, Ahmedabad, Gujarat","H.no 754/A/2/1-F/F Sur No 1375 Modi Ni Khadki Khara Kua Ni Pole Haja Patel Ni Kalupur, Ahmedabad, GJ",IN,IN,84.84848484848484,93.87755102040816,False,False,1. spelling corruption
S1-199849317,S3-991367456,S3,Ahmedabad Hydro,Ahmedabadhydro.Com,"752/A/2/1-F/F Sur No 1375 Modi Ni Khadki Khara Kua Ni Pole Haja Patel Ni Kalupur, Ahmedabad, Gujarat","Ahmedabad, GJ, Ahmedabad, 754/A/2/1-F/F Sur No 1375 Modi Ni Khadki Khara Kua Ni Pole Haja Patel Ni Kalupur",IN,IN,84.84848484848484,78.60696517412936,False,False,1. spelling corruption
S1-219405736,S2-249164151,S2,Indo Tech Private Limited,-- INDO TECH,"Plot No. 567 (2Nd Floor), Mahanadi Vihar, Cuttack Sadar, Cuttack, Orissa","NO 567 (2ND FLOOR), CUTTACK, Odisha",IN,IN,52.94117647058824,60.41666666666667,False,False,9. address variation
S1-219405736,S2-591809424,S2,Indo Tech Private Limited,ଇଣ୍ଡୋ ଟେକ୍ ପ୍ରାଇଭେଟ୍ ଲିମିଟେଡ୍,"Plot No. 567 (2Nd Floor), Mahanadi Vihar, Cuttack Sadar, Cuttack, Orissa","PLOT NO. 567 (2ND FLOOR), MAHANADI VIHAR, CUTTACK, Odisha",IN,IN,11.111111111111116,84.48275862068965,False,False,10. cross-script
S1-219405736,S2-890922275,S2,Indo Tech Private Limited,Limited Indo Private Center,"Plot No. 567 (2Nd Floor), Mahanadi Vihar, Cuttack Sadar, Cuttack, Orissa","PLOT NO. 567 (2ND FLOOR), CUTTACK, Odisha",IN,IN,57.692307692307686,67.32673267326732,False,False,9. address variation
S1-219405736,S3-492915609,S3,Indo Tech Private Limited,Indo Tech Prbhvate Limited,"Plot No. 567 (2Nd Floor), Mahanadi Vihar, Cuttack Sadar, Cuttack, Orissa","Cuttack, OD, Mahanadi Vihar, Cuttack Sadar, 567 (2Nd Floor)",IN,IN,94.11764705882352,62.71186440677966,False,False,9. address variation
S1-543665080,S2-802906346,S2,Ambala India Center,ambalaindiacenter.com,"383, Village Dosarka, P.O Dheen, Ambala, Haryana","NO 231 383, VILLAGE DOSARKA, P.O DHEEN, AMBALA, Haryana",IN,IN,85.0,92.63157894736842,False,False,1. spelling corruption
S1-742250808,S2-148923670,S2,One Power Private Limited,वन पावर प्राइवेट लिमिटेड,"Gat No.401, A/ P Savlaj, B V Road, Tasgaon, Sangli, Tasgaon, Sangli, Maharashtra","GAT NO.401, A/ P SAVLAJ, B V ROAD, TASGAON, SANGLI, SANGLI, TASGAON, महाराष्ट्र",IN,IN,12.244897959183676,78.32167832167832,False,False,10. cross-script
S1-742250808,S3-478633139,S3,One Power Private Limited,वन पावर प्राइवेट लिमिटेड,"Gat No.401, A/ P Savlaj, B V Road, Tasgaon, Sangli, Tasgaon, Sangli, Maharashtra","Gat No.01, Tasgaon, MH",IN,IN,12.244897959183676,43.47826086956522,False,False,10. cross-script
S1-798910847,S2-980038426,S2,KC Auto Associates,Áuto KC Associates,"Chennai, Tamil Nadu, 12, Madras-600 039., Manickavinayaga Koil St, Perampur, Madras-600 039.","12, CHENNAI, Tamil Nadu",IN,IN,77.77777777777779,34.285714285714285,False,False,10. cross-script
S1-798910847,S3-526014070,S3,KC Auto Associates,KC Aodu Aodu Associates,"Chennai, Tamil Nadu, 12, Madras-600 039., Manickavinayaga Koil St, Perampur, Madras-600 039.","Madras-600 039., TN, 12, Chennai",IN,IN,82.92682926829268,35.71428571428571,False,False,1. spelling corruption
S1-798910847,S2-301684985,S2,KC Auto Associates,KC ARUTO-ASSOCIATES,"Chennai, Tamil Nadu, 12, Madras-600 039., Manickavinayaga Koil St, Perampur, Madras-600 039.","12, MANICKAVINAYAGA KOIL ST, PERAMPUR, MADRAS-600 039., MADRAS-600 039., Tamil Nadu",IN,IN,97.2972972972973,62.5,False,False,9. address variation
S1-651406684,S3-709601802,S3,"Bari Meeks, D.D.S., P.C.",barimeeksdds.com,"Cincinnati, 4332 8th Street, OH","Cincinnati, ##4332 Eighth Street, Ohio",US,US,77.77777777777779,88.88888888888889,False,False,1. spelling corruption
S1-651406684,S2-436834912,S2,"Bari Meeks, D.D.S., P.C.",meeksddsbari.com,"Cincinnati, 4332 8th Street, OH","##4332 EIGHTH STREET, OH, CINCINNTI CITY",US,US,55.55555555555556,52.3076923076923,False,False,9. address variation
S1-102604809,S3-487292390,S3,Techno Design Private Limited,Techno Dhsssfng Private Limited,"No.786, Basement Sector-47, Gurgaon, Haryana",,IN,IN,86.66666666666667,0.0,False,False,6. missing address
S1-940018934,S2-732350106,S2,Abc Machineries Ltd,Abc Ltd Center,"Gujarat, 517 Kothariya Colony Millpara Billing Center, Rajkot","NO 517 KOTHARIYA COLONY MILLPARA BILLING CENTER, RAJKOT, Gujarat",IN,IN,48.484848484848484,85.9504132231405,False,False,9. address variation
S1-583312727,S3-62711256,S3,One Trading Private Limited,One Trading प्राइवेट लिमिटेड,"Dlf City Phase-Ii Mg Road, Dlf Qe, Haryana, Gurgaon, Bp2-1304A Beverly Park-Ii Condominium","Bp2-1304a Beverly Park-ii Condominium, Dlf Qe, Gurgaon, HR",IN,IN,47.27272727272728,52.4822695035461,False,False,10. cross-script
S1-583312727,S3-229717454,S3,One Trading Private Limited,One Trading  Pirvtae Limited,"Dlf City Phase-Ii Mg Road, Dlf Qe, Haryana, Gurgaon, Bp2-1304A Beverly Park-Ii Condominium","Bp2-1304a Beveryl Park-ii Condominium, HR, Gurgaon, Dlf Qe",IN,IN,92.5925925925926,51.06382978723405,False,False,9. address variation
S1-583312727,S2-217561251,S2,One Trading Private Limited,वन ट्रेडिंग प्राइवेट लिमिटेड,"Dlf City Phase-Ii Mg Road, Dlf Qe, Haryana, Gurgaon, Bp2-1304A Beverly Park-Ii Condominium","HN 575 BP2-1304A BEVERLY PARK-II CONDOMINIUM, DLF CITY PHASE-II MG ROAD, GURGAON, DLF QE, Haryana",IN,IN,10.909090909090914,45.81005586592178,False,False,10. cross-script
S1-583312727,S2-276282427,S2,One Trading Private Limited,वन ट्रेडिंग प्राइवेट लिमिटेड,"Dlf City Phase-Ii Mg Road, Dlf Qe, Haryana, Gurgaon, Bp2-1304A Beverly Park-Ii Condominium","HN 575 BP2-1304A BEVERLY PARK-II CONDOMINIUM, DLF CITY PHASE-II MG ROAD, DLF QE, GURGAON, Haryana",IN,IN,10.909090909090914,51.39664804469274,False,False,10. cross-script
S1-148485934,S3-22594083,S3,Sunrise Exports Limited,सनराइज एक्सपोर्ट्स लिमिटेड,"32-33, Bank Colony Jail Road, Tikamgarh, Madhya Pradesh","Block A-842 32-33, Bank Colony Jail Road, Tikamgarh, MP",IN,IN,8.163265306122447,76.92307692307692,False,False,10. cross-script
S1-148485934,S2-365645984,S2,Sunrise Exports Limited,सनराइज एक्सपोर्ट्स लिमिटेड,"32-33, Bank Colony Jail Road, Tikamgarh, Madhya Pradesh","32-33, NIWARI, Madhya Pradesh",IN,IN,8.163265306122447,63.29113924050633,False,True,10. cross-script
S1-76522898,S2-185867099,S2,Eye Group Inc.,eye.com,"1017 Ridgewood Lane, Johnson City, TN","TN, 820  RIDGEWOOD LN, JOHNSON CITY",US,US,50.0,80.59701492537313,False,False,9. address variation
S1-76522898,S3-965660868,S3,Eye Group Inc.,Nextavoiri,"1017 Ridgewood Lane, Johnson City, TN","0820 Ridgewood Lane, Johnson City, Tennessee",US,US,26.086956521739136,83.11688311688312,False,False,9. address variation
S1-76509609,S2-292781202,S2,Mumbai Trust,Sri MUMBAI TRSFT,"No. 609, Dra 90 Degrees, 6Th Floor, 200 Ft Radial Road, Kovilambakkam, Tambaram, Kanchipuram, Tamil Nadu","DOOR NO 609 , DRA 90 DEGREES, 6TH FLOOR, 200 FT RADIAL ROAD, KOVILAMBAKKAM, TAMBARAM, Tamil Nadu",IN,IN,78.57142857142857,90.81081081081082,False,False,1. spelling corruption
S1-76509609,S2-804611473,S2,Mumbai Trust,MUMBAI TCCUT,"No. 609, Dra 90 Degrees, 6Th Floor, 200 Ft Radial Road, Kovilambakkam, Tambaram, Kanchipuram, Tamil Nadu",,IN,IN,83.33333333333334,0.0,False,False,6. missing address
S1-76509609,S3-686854525,S3,Mumbai Trust,Mumbaitrust.Com,"No. 609, Dra 90 Degrees, 6Th Floor, 200 Ft Radial Road, Kovilambakkam, Tambaram, Kanchipuram, Tamil Nadu","No. 609, Dra 90 Degrees, 6Th Floor, 200 Ft Radial Road, Kovilambakkam, Tambaram, Kanchipuram, TN",IN,IN,81.4814814814815,95.65217391304348,False,False,1. spelling corruption
S1-874531267,S3-993756827,S3,Pioneer Estate Private Limited,Pioneer Estate Prviate Limited,"No.9B, B Block, Navin Presidium No.103, Nelson Mankkkam Road, Aminijikar, Ai, Chennai, Tamil Nadu","TN, No.db9b, Ai, B Block, Navin Presidium No.103, Nelson Mankkkam Road, Aminijikar, Chennai",IN,IN,96.66666666666667,87.35632183908046,False,False,9. address variation
S1-874531267,S3-576579384,S3,Pioneer Estate Private Limited,பயனியர் எஸ்டேட் பிரைவேட் லிமிடெட்,"No.9B, B Block, Navin Presidium No.103, Nelson Mankkkam Road, Aminijikar, Ai, Chennai, Tamil Nadu","No.d/9b, B Block, Navin Presidium No.103, Nelson Mankkkam Road, Aminijikar, Ai, Chennai, TN",IN,IN,9.523809523809524,94.25287356321839,False,False,10. cross-script
S1-874531267,S2-896313809,S2,Pioneer Estate Private Limited,Smt Pioneer Estate Private,"No.9B, B Block, Navin Presidium No.103, Nelson Mankkkam Road, Aminijikar, Ai, Chennai, Tamil Nadu","NO 9B , B BLOCK, NAVIN PRESIDIUM NO.103, NELSON MANKKKAM ROAD, AMINIJIKAR, AI, தமிழ்நாடு",IN,IN,78.57142857142857,84.21052631578947,False,False,1. spelling corruption
S1-760564703,S3-979694323,S3,Jain Estate Private Limited,जैन एस्टेट प्राइवेट लिमिटेड,"Bkala Duplex A-Priyadarshi Ni Lyam, B. Kala, Huzur, Bhopal, Madhya Pradesh","Bkala Duplex A-priyadarshi Ni Lyam, B. Kala, Huzur, Bhopal, मध्य प्रदेश",IN,IN,11.111111111111116,82.96296296296296,False,False,10. cross-script
S1-943734038,S3-935311228,S3,Prime Shree International Private Limited,Prime Shree Internati0nal Private Limited,"2Nd Floor, Dolphin'S Kkr Towers Chandanagar, Hyderabad, Telangana","No 2Nd Floor, Dolphin's Kkr Towers Chandanagar, Hyderabad, TG",IN,IN,97.5609756097561,91.66666666666666,False,False,2. OCR corruption
S1-943734038,S2-137592184,S2,Prime Shree International Private Limited,ప్రైమ్ శ్రీ ఇంటర్నేషనల్ ప్రైవేట్ లిమిటెడ్,"2Nd Floor, Dolphin'S Kkr Towers Chandanagar, Hyderabad, Telangana","H.NO 2ND/2 FLOOR, తెలంగాణ, HYDERABAD, ADONI",IN,IN,9.756097560975608,45.09803921568627,False,False,10. cross-script
S1-943734038,S2-946106456,S2,Prime Shree International Private Limited,Prime శ్రీ International Private Limited,"2Nd Floor, Dolphin'S Kkr Towers Chandanagar, Hyderabad, Telangana","2ND FLOOR, HYDERABAD, Telangana",IN,IN,88.88888888888889,63.73626373626373,False,False,10. cross-script
S1-680934667,S2-677899089,S2,City Agro Private Limited,సిటీ ఆగ్రో ప్రైవేట్ లిమిటెడ్,"H No 381/2Rt, 1St Floor, Vrr Landmark Sanjeeva Reddy Nagar, Hyderabad, Telangana","HYDERABAD, Telangana, HYDERABAD, 381/2RT",IN,IN,11.32075471698113,38.93805309734514,False,False,10. cross-script
S1-527227333,S3-948370078,S3,Cano Capital Networks,Cano Capital Nertwks,"Moses Lake, WA, 6824 Stade Road","6824. Stade Road, Moses Lake, Washington",US,US,92.6829268292683,48.484848484848484,False,False,11. other
S1-858034684,S2-499662685,S2,Black Gold Technology Private Limited,ব্ল্যাক গোল্ড টেকনোলজি প্রাইভেট লিমিটেড,"Memari, West Bengal, C/O Rabindranath Pal, Bardhaman, Kanshara, Surekalna","C/O RABINDRANATH PAL, MEMARI, BARDHAMAN, পশ্চিমবঙ্গ",IN,IN,10.526315789473683,53.448275862068975,False,False,10. cross-script
S1-858034684,S2-989807119,S2,Black Gold Technology Private Limited,ব্ল্যাক গোল্ড টেকনোলজি প্রাইভেট লিমিটেড,"Memari, West Bengal, C/O Rabindranath Pal, Bardhaman, Kanshara, Surekalna","C/O RABINDRANATH PAL, KANSHARA, SUREKALNA, MEMARI, BARDHAMAN, পশ্চিমবঙ্গ",IN,IN,10.526315789473683,57.77777777777777,False,False,10. cross-script
S1-858034684,S2-926108316,S2,Black Gold Technology Private Limited,Black Goidahl Technology Private Limited,"Memari, West Bengal, C/O Rabindranath Pal, Bardhaman, Kanshara, Surekalna","C/O RABINDRANATH PAL, KANSHARA, SUREKALNA, MEMARI, West Bengal",IN,IN,93.5064935064935,61.904761904761905,False,False,9. address variation
S1-858034684,S3-630968233,S3,Black Gold Technology Private Limited,Black Gold (Technology),"Memari, West Bengal, C/O Rabindranath Pal, Bardhaman, Kanshara, Surekalna","WB, Memari, Bardhaman, C/o Rabindranath Pal",IN,IN,72.41379310344827,55.55555555555556,False,False,1. spelling corruption
S1-858034684,S3-899627903,S3,Black Gold Technology Private Limited,Black Goacld Technology Private Limited,"Memari, West Bengal, C/O Rabindranath Pal, Bardhaman, Kanshara, Surekalna","C/o Rabindranath Pal, Kanshara, Surekalna, Bardhaman, Memari, WB",IN,IN,97.36842105263158,61.417322834645674,False,False,9. address variation
S1-632527587,S3-545028674,S3,Brown Corporation,Bnerrn Corporation,"102 Biddle Street, Chesapeake City, MD","00102 Biddle St, Cehsapeake CITY CITY, Maryland",US,US,85.71428571428572,76.54320987654322,False,False,1. spelling corruption
S1-558818233,S2-477929335,S2,QY Tubes Private Limited,QY Private Limited Services,"Office No.A-206, Ganesh Glory -11, Dascroi, Ahmedabad, Gujarat","OFFICE NO.A-A-206, GANESH GLORY -11, DASCROI, Gujarat",IN,IN,70.58823529411764,88.67924528301887,False,False,1. spelling corruption
S1-558818233,S3-776621241,S3,QY Tubes Private Limited,qtprivate.com,"Office No.A-206, Ganesh Glory -11, Dascroi, Ahmedabad, Gujarat","Office No.a-206, Ahmedabad, Dascroi, GJ",IN,IN,59.45945945945945,62.365591397849464,False,False,9. address variation
S1-800270945,S3-353218269,S3,Foundation Kwality Security Private Limited,Foundation Kwality Security Limited Center,"New Azimabad Colony, Sector D Po-Mahendru, Ps-Bahadurpur, Patna, Bihar","New Azimabad Colony, Sector D Po-mahendru, Ps-bahadurpur, Patna, BR",IN,IN,82.35294117647058,97.67441860465115,False,False,1. spelling corruption
S1-14270452,S3-409179364,S3,Dermatology Care LLC,Dermatology Ce LLC,"1626 Ryon Falls Drive, Richmond, TX","Richmond, #1626 Ryon Falls Dr, Texas",US,US,94.73684210526316,63.63636363636363,False,False,9. address variation
S1-14270452,S2-725054712,S2,Dermatology Care LLC,Dermatology Cáre LLC,"1626 Ryon Falls Drive, Richmond, TX","RICHMOND, 1626-C RYON FALLS DR, TX",US,US,95.0,64.61538461538461,False,False,10. cross-script
S1-14270452,S3-747820451,S3,Dermatology Care LLC,Dermatology Caer LLC,"1626 Ryon Falls Drive, Richmond, TX","#1626 Ryon Falls Dr, Richmond, Texas",US,US,95.0,90.9090909090909,False,False,9. address variation
S1-14270452,S2-370900534,S2,Dermatology Care LLC,@dermatologycare,"1626 Ryon Falls Drive, Richmond, TX","RYON FALLS DR, RICHMOND, TX",US,US,85.71428571428572,86.20689655172413,False,False,1. spelling corruption
S1-574334429,S2-909012489,S2,Sky Infrastructure Private Limited,స్కై ఇన్‌ఫ్రాస్ట్రక్చర్ ప్రైవేట్ లిమిటెడ్,"G Savithramma Plaza, H No 22-95/1, 3Rd Floor, Plot Numbers 20, Vijayanagar Colony, Kuk, Atpally, Hyderabad, Rangareddy, Telangana","G SAVITHRAMMA PLAZA, H NO 22-95/1, 3RD FLOOR, PLOT NUMBERS 20, VIJAYANAGAR COLONY, KUK, ATPALLY, HYDERABAD, RANGAREDDY, Andhra Pradesh",IN,IN,7.9999999999999964,93.87755102040816,False,False,10. cross-script
S1-608189268,S3-584634484,S3,Southern Dental Associates,Dental Southern Agssocdiamtes,"AL, Mobile, 3850 Patricia Drive","3850 Patricia Drive, Mobile, Alabama",US,US,69.0909090909091,60.31746031746032,False,False,1. spelling corruption
S1-608189268,S3-357207090,S3,Southern Dental Associates,Southern Dental,"AL, Mobile, 3850 Patricia Drive","Mobile, Alabama, 3850 Patricia Dr",US,US,73.17073170731707,76.66666666666666,False,False,1. spelling corruption
S1-242916010,S3-57192135,S3,Valley Term LLC,Valley LLC [Partners],"3602 York Lane, Cincinnati, OH","Ohio, Cincinnati, 3602 York Lane",US,US,58.82352941176471,48.275862068965516,False,False,3. transliteration
S1-736625563,S3-476949040,S3,Classic American Boral LLC,Classic American Boral,"812 Monument Road, Ponca City, OK","Oklahoma, 812 Monument Road, Ponca City",US,US,91.66666666666666,82.35294117647058,False,False,9. address variation
S1-365776771,S3-193380322,S3,Little Pub,Lilte Pub,"Pendleton, 8315 Midnight Drive, IN","##8315 Midnight Drive, Indiana, Pendleton",US,US,84.21052631578947,63.76811594202898,False,False,1. spelling corruption
S1-710597425,S3-966331453,S3,Bangalore North Infrastructures Pvt Ltd,Bangalore Ngh Infrastructures Pvt [Ltd],"Unit 10, Orange Tree, Brookfields, Kundanahalli, Bangalore North, Bangalore, Karnataka","Unit 10, Orange Tree, Brookfields, Kundanahalli, Bangalore, Bangalore North, KA",IN,IN,94.73684210526316,90.19607843137256,False,False,9. address variation
S1-710597425,S3-272539758,S3,Bangalore North Infrastructures Pvt Ltd,Bangalore North Infrastructures,"Unit 10, Orange Tree, Brookfields, Kundanahalli, Bangalore North, Bangalore, Karnataka","Unit 10, Bangalore, Bangalore North, KA",IN,IN,88.57142857142857,55.172413793103445,False,False,1. spelling corruption
S1-315036735,S2-420639027,S2,R 7 Advanced Biopharmaceuticals Associates,R 7 Ádvanced Biopharmaceuticals Associates,"2504 Averon Drive, Fuquay-varina, NC","250 AVERON DR, FUQUAY-VARINA, NC",US,US,97.61904761904762,93.75,False,False,10. cross-script
S1-617584970,S2-102772083,S2,Bangalore North India,bangalorenorthindia.com,"1St Floor, No 14, Hemavathi Skyvista, Next To Canara Bank, Dasarahalli Main Rd, Bhuvaneswari Nagar, Bangalore North, Bangalore, Karnataka","#1ST FLOOR, NO 14, HEMAVATHI SKYVISTA, NEXT TO CANARA BANK, DASARAHALLI MAIN RD, BHUVANESWARI NAGAR, BANGALORE NORTH, ಕರ್ನಾಟಕ",IN,IN,86.36363636363636,89.43089430894308,False,False,1. spelling corruption
S1-617584970,S3-900376702,S3,Bangalore North India,#bangalorenorth,"1St Floor, No 14, Hemavathi Skyvista, Next To Canara Bank, Dasarahalli Main Rd, Bhuvaneswari Nagar, Bangalore North, Bangalore, Karnataka","1St Floor, Bangalore North, Bangalore, KA",IN,IN,80.0,45.50898203592815,False,False,1. spelling corruption
S1-396157689,S2-105562115,S2,Solstice Financial,solsticefinancialcom,"2557 Stone Myers Parkway, Grapevine, TX","2556 STONE MYERS PKWY, TX, GRAPEVINE",US,US,89.47368421052632,84.50704225352112,False,False,1. spelling corruption
S1-396157689,S2-878499077,S2,Solstice Financial,Solstice Fcsnricial,"2557 Stone Myers Parkway, Grapevine, TX","02554 STONE MYERS PKWY, GRAPEVINE, TX",US,US,81.08108108108108,91.66666666666666,False,False,1. spelling corruption
S1-468140664,S2-290427603,S2,All Trading Alliance,All Tairgn Alliance,"3754 Fluvanna Townline Road, Ellicott, NY","FLUVANNA TOWNLINE RD, ELLICOTT, NY",US,US,87.17948717948718,90.14084507042254,False,False,1. spelling corruption
S1-468140664,S2-559401363,S2,All Trading Alliance,Alliance Tiadng All,"3754 Fluvanna Townline Road, Ellicott, NY",,US,US,66.66666666666667,0.0,False,False,6. missing address
S1-305740084,S2-497845988,S2,Bureau of Parks and Recreation,Bureau of Parks and Récreation,"7189 San Carmela Court, Rancho Cucamonga, CA","7189B SAN CARMELA CT, RANCHO CUCAMONGA, CA",US,US,96.66666666666667,95.1219512195122,False,False,10. cross-script
S1-595831074,S2-499838571,S2,Ram Services Limited,राम सर्विसेज लिमिटेड,"17, Vrundavan Society, Opp. Shinde School Sahakarnagar, Pune, Maharashtra","18, PUNE, महाराष्ट्र",IN,IN,9.999999999999998,16.279069767441857,False,False,10. cross-script
S1-595831074,S3-889472979,S3,Ram Services Limited,Ram Sérvices Limited,"17, Vrundavan Society, Opp. Shinde School Sahakarnagar, Pune, Maharashtra",,IN,IN,95.0,0.0,False,False,6. missing address
S1-153787965,S2-255284383,S2,Dream Green Industries Private Limited,டிரீம் கிரீன் இண்டஸ்ட்ரீஸ் பிரைவேட் லிமிடெட்,"Chennai, Hig Colony, Besant Nagar, Chennai, T-62A, Tamil Nadu","T-62A, CHENNAI, Tamil Nadu",IN,IN,9.756097560975608,55.00000000000001,False,False,10. cross-script
S1-153787965,S3-272416035,S3,Dream Green Industries Private Limited,Dream Grgen Industries Private Limited,"Chennai, Hig Colony, Besant Nagar, Chennai, T-62A, Tamil Nadu","#646 T-62a, Hig Colony, Besant Nagar, Chennai, TN",IN,IN,97.36842105263158,72.0,False,False,9. address variation
S1-408234022,S2-135229458,S2,Grand Prairie Orthopedic Center Partners,GRAND PRAIRIE CENTER PARTNERS CENTER,"TX, Unit C, Grand Prairie, 214 Renfro Drive","GRAND PRAAIRIE, 214 RENFRO DRIVE, TX",US,US,76.31578947368422,81.08108108108108,False,False,1. spelling corruption
S1-408234022,S2-567042558,S2,Grand Prairie Orthopedic Center Partners,Grand Prairie Oohopelic Center Partners,"TX, Unit C, Grand Prairie, 214 Renfro Drive","214 RENFRO DRIVE, GRAND PRAAIRIE, TX",US,US,93.67088607594937,48.64864864864865,False,False,11. other
S1-408234022,S3-878633126,S3,Grand Prairie Orthopedic Center Partners,Grand Prairie Orthopedic Center,"TX, Unit C, Grand Prairie, 214 Renfro Drive","Renfro Dr, Unit C, Grad Prairie Township, Texas",US,US,87.32394366197182,57.14285714285714,False,False,1. spelling corruption
S1-199481552,S3-454372623,S3,Forever Holdings,Fohevr Holdings,"T C 25/2964 Mra 10Malloor Road Gpo, Thiruvananthapuram, Trivandrum, Kerala","KL, Thiruvananthapuram, Trivandrum, T C 25/2964 Mra 10Malloor Road Gpo",IN,IN,90.32258064516128,52.17391304347826,False,False,9. address variation
S1-95011252,S2-331500530,S2,Red Investments Private Limited,रेड इन्वेस्टमेंट्स प्राइवेट लिमिटेड,"J-1/28A 1St Floor Khirki Extension, Malviya Nagar, New Delhi, Delhi","J-/28A 1ST FLOOR KHIRKI EXTENSION, NEW DELHI, MALVIYA NAGAR, Delhi",IN,IN,9.090909090909093,82.53968253968253,False,False,10. cross-script
S1-239103283,S3-647978137,S3,Concept Technologies Private Limited,Smt Concept  Technologies,"B - 201, New Bharati Tower Chs Ltd New Pleasant Park, Mira Bhaindar Road, M, Ira Road-E, Thane, Maharashtra","B - 201, New Bharati Tower Chs Ltd New Pleasant Park, Mira Bhaindar Road, M, Ira Road-e, Thane, Mira - Bhayandar, महाराष्ट्र",IN,IN,66.66666666666667,88.67924528301887,False,False,1. spelling corruption
S1-239103283,S3-500196333,S3,Concept Technologies Private Limited,Concept Tghnolgoies Private Limited,"B - 201, New Bharati Tower Chs Ltd New Pleasant Park, Mira Bhaindar Road, M, Ira Road-E, Thane, Maharashtra","B - 201, New Bharati Tower Chs Ltd New Pleasant Park, Mira Bhaindar Road, M, Ira Road-e, Thane, Mira - Bhayandar, MH",IN,IN,92.95774647887323,92.15686274509804,False,False,9. address variation
S1-239103283,S3-392822151,S3,Concept Technologies Private Limited,Dr Concept Technologies Prívate Limited,"B - 201, New Bharati Tower Chs Ltd New Pleasant Park, Mira Bhaindar Road, M, Ira Road-E, Thane, Maharashtra",,IN,IN,93.33333333333333,0.0,False,False,6. missing address
S1-606894710,S3-117029490,S3,Ahmedabad India Private Limited,Ahmedabad Índia Private Limited,"312 Vrajbhoomi Complexb/H Shilp Building Off C G Rd Navrangpura, Ahmedabad, Gujarat","Mumbai, GJ, Ahmedabad, #312 Vrajbhoomi Complexb/h Shilp Building Off C G Rd Navrangpura",IN,IN,96.7741935483871,76.82926829268293,False,False,10. cross-script
S1-606894710,S2-413040494,S2,Ahmedabad India Private Limited,Ahmedabad Idnia Private Limited,"312 Vrajbhoomi Complexb/H Shilp Building Off C G Rd Navrangpura, Ahmedabad, Gujarat","NO 312- VRAJBHOOMI COMPLEXB/H SHILP BUILDING OFF C G RD NAVRANGPURA, AHMEDABAD, Gujarat",IN,IN,96.7741935483871,98.18181818181819,False,False,9. address variation
S1-606894710,S3-788577588,S3,Ahmedabad India Private Limited,áhmedabadindiaprivate.com,"312 Vrajbhoomi Complexb/H Shilp Building Off C G Rd Navrangpura, Ahmedabad, Gujarat","ગુજરાત, #312 Vrajbhoomi Complexb/h Shilp Building Off C G Rd Navrangpura, Ahmedabad, Mumbai",IN,IN,78.57142857142857,90.47619047619048,False,False,10. cross-script
S1-638055317,S3-349665229,S3,Carpenters Local 255,Carpenters Local Local,"1168 Cutlar Crossing, Leland, NC","1018 Cutlar Crossing, Lleand, North Carolina",US,US,80.95238095238095,77.77777777777779,False,False,1. spelling corruption
S1-808605373,S3-606788062,S3,Lopez Aeon LLC,Lopez Arhnt  LLC #71525,"5544 Fog Hollow Lane, TN, Memphis","Memphis, Tennessee, 544 Fog Hollow Ln",US,US,68.57142857142857,51.515151515151516,False,False,1. spelling corruption
S1-808605373,S3-892805385,S3,Lopez Aeon LLC,Lopez LLC Center,"5544 Fog Hollow Lane, TN, Memphis","544 Fog Hollow Ln, Memphis, Tennessee",US,US,60.0,75.75757575757575,False,False,1. spelling corruption
S1-295187430,S3-130832843,S3,Services Saharsh Technologies Limited,Services Sahch Technologies Limited,"16, Gitabaug Society, Near Jalaram Temple, Paldi, Ahmedabad, Gujarat","16, Ahmedabad, GJ",IN,IN,94.44444444444444,38.46153846153846,False,True,8. common name
S1-310107131,S2-72341110,S2,"Kirk, Li and Arrington, L.L.C.","Kirk, Li and Arringt0n,","57 Linden Street, Williamstown, MA","LINDEN ST, WILLIAMSTOWN, MA",US,US,83.33333333333334,87.71929824561404,False,False,1. spelling corruption
S1-626132568,S3-433486227,S3,Global Investment Private Limited,Global Private Limited Sérvices,"No.151, Jai Durga Layout, No-2, Opposite Hanuman Temple, Manish Nagar, Nagpur, Maharashtra","#151., Nagpur, Nagpur Dist, MH",IN,IN,68.75,34.862385321100916,False,False,10. cross-script
S1-9893133,S2-968933770,S2,Bansal Holdings,Fayevantage,"Block No.Ug-24, Scheme No. 54, Pu-4 Block No.305/306, 2 Floor Orbit Mall, Indore, Madhya Pradesh","BLOCK NO.UG-24, INDORE, Madhya Pradesh",IN,IN,30.76923076923077,57.14285714285714,False,False,9. address variation
S1-477173961,S2-58187999,S2,Foot & Ankle Medicine,Foot & Ankle,"Dennis, MA, 14 Baker Way","14 BAKRE WAY, WEST DENNIS, MA",US,US,75.67567567567568,44.89795918367348,False,False,1. spelling corruption
S1-477173961,S3-694789276,S3,Foot & Ankle Medicine,Foot & Ankle Mmmdicine,"Dennis, MA, 14 Baker Way","14 Baker Way, Dennis, Massachusetts",US,US,93.61702127659575,43.63636363636364,False,False,11. other
S1-477173961,S2-86020090,S2,Foot & Ankle Medicine,Foot & Ankle Medicine LP,"Dennis, MA, 14 Baker Way","14 BAKER WAY, WEST DENNIS, MA",US,US,93.87755102040816,48.97959183673469,False,False,11. other
S1-998413504,S2-932907657,S2,Great Technology Private Limited,ଗ୍ରେଟ୍ ଟେକ୍ନୋଲୋଜି ପ୍ରାଇଭେଟ୍ ଲିମିଟେଡ୍,"At - Nizigarh Barambagarh, Baramba, Cuttack, Orissa","H.NO 13  AT - NIZIGARH BARAMBAGARH, CUTTACK, BARAMBA, Odisha",IN,IN,8.823529411764708,72.0,False,False,10. cross-script
S1-998413504,S3-95683365,S3,Great Technology Private Limited,ଗ୍ରେଟ୍ ଟେକ୍ନୋଲୋଜି ପ୍ରାଇଭେଟ୍ ଲିମିଟେଡ୍,"At - Nizigarh Barambagarh, Baramba, Cuttack, Orissa","At - Nizigarh Barambagarh, Baramba, Cuttack, OD",IN,IN,8.823529411764708,93.18181818181819,False,False,10. cross-script
S1-998413504,S2-740895642,S2,Great Technology Private Limited,Great Technology,"At - Nizigarh Barambagarh, Baramba, Cuttack, Orissa","H.NO 13  AT - NIZIGARH BARAMBAGARH, BARAMBA, Odisha",IN,IN,66.66666666666667,78.26086956521739,False,False,1. spelling corruption
S1-615433993,S3-767376935,S3,One Welfare Society Associates,One Welfare,"G-1-75, Riico Industrial Area Didwana, Lalsot, Dausa, Rajasthan","G-1-75, Riico Industrial Area Didwana, Dausa, Lalsot, राजस्थान",IN,IN,53.65853658536586,78.63247863247864,False,False,9. address variation
S1-615433993,S2-727359422,S2,One Welfare Society Associates,One Welfare Society,"G-1-75, Riico Industrial Area Didwana, Lalsot, Dausa, Rajasthan","G-A-1-75, RIICO INDUSTRIAL AREA DIDWANA, LALSOT, Rajasthan",IN,IN,77.55102040816327,92.98245614035088,False,False,1. spelling corruption
S1-513902264,S3-298225916,S3,Eye Associates Inc,Eye Associates,"26 Sicula Road, Vineyard, UT","26 Sicuba Rd, Vineyard, Utah",US,US,87.5,88.46153846153845,False,True,1. spelling corruption
S1-286154132,S3-204003625,S3,Gk Trading Private Limited,Mr Cirawexlyra,"Bld No.8 Upper, Podium, Raheja Woods, Pune City, Pune, Maharashtra","Bld No.8 Upper, Podium, Raheja Woods, Pune, महाराष्ट्र",IN,IN,30.000000000000004,72.07207207207207,False,False,9. address variation
S1-286154132,S3-128364701,S3,Gk Trading Private Limited,Shri Gk Private Limited [Partners],"Bld No.8 Upper, Podium, Raheja Woods, Pune City, Pune, Maharashtra","Bld No.8 Upper, Podium, Raheja Woods, Pune, Pune City, महाराष्ट्र",IN,IN,65.51724137931035,76.03305785123968,False,False,1. spelling corruption
S1-881241653,S3-325848775,S3,Jain Projects Limited,जैन प्रोजेक्ट्स लिमिटेड,"Lakshmi Market Bairiya Golamber, Muzaffarpur, Bihar","Lakshmi Market Bairiya Golamber, Muzaffarpur, BR",IN,IN,9.090909090909093,96.84210526315789,False,False,10. cross-script
S1-247553994,S3-125389900,S3,Empire Golden Products,>> Empire Golden Golden Products Corporation,"3012 Throop Street, Chicago, IL","Chicago, Throop St, Illinois",US,US,69.84126984126983,50.90909090909091,False,False,1. spelling corruption
S1-217071590,S3-706994596,S3,Elite Research Labs LLC,Elite Résearch Labs LLC,"33706 290th Street, 22, IA","290th Street, 22, Iowa",US,US,95.65217391304348,81.81818181818181,False,False,10. cross-script
S1-706935558,S3-326153010,S3,"Orman, Corrie, DPM",@Ormancorrie,"OK, Shawnee, 43120 Prairie Ranch Road","Prairie Ranch Rd, Shawnee, Oklahoma",US,US,81.4814814814815,50.0,False,False,1. spelling corruption
S1-61774178,S3-323185079,S3,Vista Engineering Ltd,Vista Engineering,"215 Hammersmith Industrial Estate, Narayan Pathare Marg, Off Sitaladevi Tem, Ple Rd, Mumbai, Mumbai City, Maharashtra","महाराष्ट्र, Mumbai, Dobr No C-215 Hammersmith Industrial Estate",IN,IN,89.47368421052632,38.372093023255815,False,False,1. spelling corruption
S1-61774178,S3-386288813,S3,Vista Engineering Ltd,Smt Vista  Engineering Ltd,"215 Hammersmith Industrial Estate, Narayan Pathare Marg, Off Sitaladevi Tem, Ple Rd, Mumbai, Mumbai City, Maharashtra","H.no C-215 Hammersmith Industrial Estate, Mumbai, MH",IN,IN,91.30434782608697,53.41614906832298,False,False,9. address variation
S1-135248065,S2-569170628,S2,Taylor Next LLC,Taylor LLC Services,"1 Nelson Road, Pleasant Valley, NY",,US,US,58.82352941176471,0.0,False,False,6. missing address
S1-135248065,S2-650613294,S2,Taylor Next LLC,taylornext.com,"1 Nelson Road, Pleasant Valley, NY","01 NELSON ROAD, PLEASANT VALLEY, NY",US,US,82.75862068965517,98.46153846153847,False,False,1. spelling corruption
S1-135248065,S2-3383444,S2,Taylor Next LLC,Taylor Néxt LLC,"1 Nelson Road, Pleasant Valley, NY","01 NELSON RD, PLEASANT VALLEY, NY",US,US,93.33333333333333,95.23809523809523,False,False,10. cross-script
S1-315213261,S2-818606375,S2,Bombay Ventures Limited,M/s B0mbay Ventures Limited,"70 A, Iind Floor, Rama Road Kirti Nagar, New Delhi, West Delhi, Delhi","H.NO 70/8 A, IIND FLOOR, RAMA ROAD KIRTI NAGAR, NEW DELHI, Delhi",IN,IN,88.0,85.48387096774194,False,False,1. spelling corruption
S1-315213261,S2-464392839,S2,Bombay Ventures Limited,Dr Bombay Ventures [Limited],"70 A, Iind Floor, Rama Road Kirti Nagar, New Delhi, West Delhi, Delhi","DOOR NO 70/8 A, IIND FLOOR, RAMA ROAD KIRTI NAGAR, NEW DELHI, दिल्ली",IN,IN,93.87755102040816,75.0,False,False,9. address variation
S1-331281028,S3-133798510,S3,Reliable Couture LLC,Reliable Cruone  LLC,"8809 Steilacoom Road, Unit 25, Olympia, WA","Washington, 8809 Steilacoom Rlad, Olympia CITY, Unit 25",US,US,82.05128205128204,61.53846153846154,False,False,1. spelling corruption
S1-331281028,S2-897119443,S2,Reliable Couture LLC,RELIABLE CÓUTURE,"8809 Steilacoom Road, Unit 25, Olympia, WA",,US,US,83.33333333333334,0.0,False,False,6. missing address
S1-924452888,S2-921816584,S2,Star Exports Private Limited,స్టార్ ఎక్స్‌పోర్ట్స్ ప్రైవేట్ లిమిటెడ్,"H.No.2/106, Plot.No.13, Industrial Estate, Kallur, Kurnool, Vishakhapatnam, Andhra Pradesh","2/106, PLOT.NO.13, INDUSTRIAL ESTATE, KALLUR, KURNOOL, VISHAKHAPATNAM, Andhra Pradesh",IN,IN,8.955223880597018,96.93251533742331,False,False,10. cross-script
S1-792607623,S3-936131325,S3,"Hagan, Kalina, D.O., DDS PC Inc",Veoriza,"WA, 36511 Pike Road, Deer Park","Deer Park, Washington, 36511 1/2 Pike Road",US,US,11.764705882352944,52.94117647058824,True,False,9. address variation
S1-76265086,S2-662629823,S2,Eros & Brothers Private Limited,erosbrothers.com,"Bangalore, No 82, Karnataka, 1St C Main Road, Manjunath Nagar, Ittamadu, Stage Bangalore, Bangalore","A-82 , 1ST C MAIN ROAD, MANJUNATH NAGAR, ITTAMADU, STAGE BANGALORE, BANGALORE, ಕರ್ನಾಟಕ",IN,IN,57.14285714285714,83.04093567251462,False,False,9. address variation
S1-223987219,S3-90112194,S3,LH Finance Pvt Ltd,Ltd LH Pvt Center,"Opp Vivek Garden Behind Dronacharya School, 12 Biswa, Sec, Tor 5, Gurgaon, Haryana","Opp Vivek Garden Behind Drnoacharya School, Tor 5, Gurgaon, HR",IN,IN,45.714285714285715,85.29411764705883,False,False,9. address variation
S1-314096595,S2-400147537,S2,"Foot & Ankle Physicians, LLC","Foot & Ankle Physícians, LLC","693 2303, Canton, TX","00693 2303, CANTON, TX",US,US,96.55172413793103,94.73684210526316,False,False,10. cross-script
S1-27206298,S3-441934677,S3,Bangalore Realcon Private Limited,Bangalore Realcon Private Límited,"Bangalore, No. 352, 8Th Cross, 4Th Main Avalahalli Bda Layout, Karnataka, Bangalore","No. 352, 8Th Cross, 4Th Main Avalahalli Bda Layout, Bangalore, Bengaluru, KA",IN,IN,96.96969696969697,78.91156462585033,False,False,10. cross-script
S1-27206298,S2-299034335,S2,Bangalore Realcon Private Limited,BÁNGALOREREALCON.COM,"Bangalore, No. 352, 8Th Cross, 4Th Main Avalahalli Bda Layout, Karnataka, Bangalore","352 , 8TH CROSS, 4TH MAIN AVALAHALLI BDA LAYOUT, BANGALORE, Karnataka",IN,IN,64.15094339622642,76.59574468085107,False,False,10. cross-script
S1-936271617,S3-106270658,S3,Future Constructions Private Limited,फ्यूचर कंस्ट्रक्शंस प्राइवेट लिमिटेड,"F-201, Tower-A, Palam Corporate Plaza, Near Park View Building, Palam Vihar, Gurugram, Gurgaon, Haryana","F-201, Gurgaon, HR",IN,IN,8.333333333333337,28.57142857142857,False,False,10. cross-script
S1-936271617,S2-89047955,S2,Future Constructions Private Limited,फ्यूचर कंस्ट्रक्शंस प्राइवेट लिमिटेड,"F-201, Tower-A, Palam Corporate Plaza, Near Park View Building, Palam Vihar, Gurugram, Gurgaon, Haryana","F-201, TOWER-A, PALAM CORPORATE PLAZA, NEAR PARK VIEW BUILDING, PALAM VIHAR, GURGAON, GURUGRAM, हरियाणा",IN,IN,8.333333333333337,87.5,False,False,10. cross-script
S1-668998088,S2-554930415,S2,Skyland Digital Pvt Ltd,5kyland Digital Pvt Ltd,"Shop No. 6, Rajdeep Complex, Near Jivan Jyot, Bilimora, Gandevi, Navsari, Gujarat","SHOP NO. 6, NAVSARI, Gujarat, NULL",IN,IN,95.65217391304348,48.07692307692307,False,False,2. OCR corruption
S1-674107426,S3-734979564,S3,Rv Traders LLP,Rv Tráders-L.L.P.,"69/11, Near Dhanvantri Hospital New Sanganer Road, Mansarovar, Jaipur, Rajasthan","##69/11, Mansarovar, N/A, राजस्थान",IN,IN,86.66666666666667,36.1904761904762,False,False,10. cross-script
S1-677037074,S2-39829285,S2,Barrie Biggins Heartland Hill,barriebigginsheartlandcom,"1400 Washington Street, Fl 1504, Paris, TX","WASHINGTON STREET, PARIS, TX",US,US,81.4814814814815,80.0,False,False,1. spelling corruption
S1-148482167,S3-315861172,S3,Galaxy Lotus Healthcare Private Limited,galaxylotushealthcare.com,"B 19 Galaxy Signature Complex, Above Kadi Nagrik Bank, Science City Road, Sola, Ahmedabad, Gujarat","Ahmedabad, ગુજરાત, Ahmedabad, Above Kadi Nagrik Bank, Science City Road, Sola, B 19 Galaxy Signature Complex",IN,IN,71.875,60.51282051282052,False,False,1. spelling corruption
S1-148482167,S2-234991770,S2,Galaxy Lotus Healthcare Private Limited,ગેલેક્સી લોટસ હેલ્થકેર પ્રાઇવેટ લિમિટેડ,"B 19 Galaxy Signature Complex, Above Kadi Nagrik Bank, Science City Road, Sola, Ahmedabad, Gujarat","NO 34 B 19 GALAXY SIGNATURE COMPLEX, ABOVE KADI NAGRIK BANK, SCIENCE CITY ROAD, SOLA, AHMEDABAD, Gujarat",IN,IN,10.256410256410254,96.875,False,False,10. cross-script
S1-148482167,S2-772630181,S2,Galaxy Lotus Healthcare Private Limited,GALAXY LOEEMU HEALTHCARE PRIVATE-LIMITED,"B 19 Galaxy Signature Complex, Above Kadi Nagrik Bank, Science City Road, Sola, Ahmedabad, Gujarat",,IN,IN,93.67088607594937,0.0,False,False,6. missing address
S1-148482167,S2-130603432,S2,Galaxy Lotus Healthcare Private Limited,ગેલેક્સી લોટસ હેલ્થકેર પ્રાઇવેટ લિમિટેડ,"B 19 Galaxy Signature Complex, Above Kadi Nagrik Bank, Science City Road, Sola, Ahmedabad, Gujarat","34 B 19 GALAXY SIGNATURE COMPLEX, ABOVE KADI NAGRIK BANK, SCIENCE CITY ROAD, SOLA, AHMEDABAD, Gujarat",IN,IN,10.256410256410254,98.41269841269842,False,False,10. cross-script
S1-573406306,S3-823227986,S3,Brown Blockchain,Fayelyra,"481 Warren Acres Lane, Taylorsville, NC","North Carolina, Taylorsville, 481 Warren Acres Lane",US,US,16.666666666666664,51.162790697674424,False,False,9. address variation
S1-13166015,S3-438567530,S3,Martin Investment,Martin  lnvestment,"OH, Napoleon, 69 Cedarbrook Avenue","69 Cedarbrook Ave, Napoleon, Ohio",US,US,94.11764705882352,60.31746031746032,False,False,9. address variation
S1-297092743,S3-956258615,S3,Gujarat India Ltd,Gujarat Ltd (Services),"Golden App, Noapara South, 3Rd Lane, Fl No- 301, Sonarpur, South 24 Parganas, West Bengal","Golden App, South 24 Parganas, পশ্চিমবঙ্গ",IN,IN,59.45945945945945,47.933884297520656,False,False,3. transliteration
S1-297092743,S3-841421720,S3,Gujarat India Ltd,indiagujarat.com,"Golden App, Noapara South, 3Rd Lane, Fl No- 301, Sonarpur, South 24 Parganas, West Bengal","Golden App, South 24 Parganas, WB",IN,IN,48.484848484848484,54.86725663716814,False,False,9. address variation
S1-271212489,S2-554186017,S2,Best Hospitality Private Limited,बेस्ट हॉस्पिटैलिटी प्राइवेट लिमिटेड,"House No. M-79, Greater Noida, Gautam Buddha Nagar, Uttar Pradesh, Delta Iii Greater Noida","DELTA III GREATER NOIDA, NULL, HOUSE NO. M-79, GAUTAM BUDDHA NAGAR, Uttar Pradesh",IN,IN,8.955223880597018,62.111801242236034,False,False,10. cross-script
S1-271212489,S2-335542644,S2,Best Hospitality Private Limited,बेस्ट हॉस्पिटैलिटी प्राइवेट लिमिटेड,"House No. M-79, Greater Noida, Gautam Buddha Nagar, Uttar Pradesh, Delta Iii Greater Noida","HOUSE NO. M-79, Uttar Pradesh, NULL, GREATER NOIDA, DELTA III GREATER NOIDA",IN,IN,8.955223880597018,67.09677419354838,False,False,10. cross-script
S1-673880484,S3-728499428,S3,Perfect Technology Private Limited,Perfect Techn0logy Private Limited,"E-15 Plot No-51, B-F/F Kh-7/20 & 7/21 Gali No-2, Mukund Vihar, Karawal Nagar, M.C.D. Schoo, L, Delhi, North East, Delhi","Hn 43 E-15 Plot No-51, Delhi, North East, DL",IN,IN,97.05882352941177,45.751633986928105,False,False,2. OCR corruption
S1-673880484,S3-14778458,S3,Perfect Technology Private Limited,privateperfecttechnology.com,"E-15 Plot No-51, B-F/F Kh-7/20 & 7/21 Gali No-2, Mukund Vihar, Karawal Nagar, M.C.D. Schoo, L, Delhi, North East, Delhi","Delhi, दिल्ली, Hn 43 E-15 Plot No-51, B-f/f Kh-7/20 & 7/21 Gali No-2, Mukund Vihar, Karawal Nagar, M.c.d. Schoo, L, North East",IN,IN,61.29032258064516,86.58008658008657,False,False,1. spelling corruption
S1-673880484,S3-272854520,S3,Perfect Technology Private Limited,परफेक्ट टेक्नोलॉजी प्राइवेट लिमिटेड,"E-15 Plot No-51, B-F/F Kh-7/20 & 7/21 Gali No-2, Mukund Vihar, Karawal Nagar, M.C.D. Schoo, L, Delhi, North East, Delhi","Hn 43 E-15 Plot No-51, B-f/f Kh-7/20 & 7/21 Gali No-2, Mukund Vihar, Karawal Nagar, M.c.d. Schoo, L, North East, Delhi, DL",IN,IN,8.695652173913048,93.3920704845815,False,False,10. cross-script
S1-673880484,S2-388653798,S2,Perfect Technology Private Limited,परफेक्ट टेक्नोलॉजी प्राइवेट लिमिटेड,"E-15 Plot No-51, B-F/F Kh-7/20 & 7/21 Gali No-2, Mukund Vihar, Karawal Nagar, M.C.D. Schoo, L, Delhi, North East, Delhi","473 E-15 PLOT NO-51, NORTH EAST, DELHI",IN,IN,8.695652173913048,43.24324324324324,False,False,10. cross-script
S1-673880484,S2-801457568,S2,Perfect Technology Private Limited,PERFECT TÉCHNOLOGY PRIVATE LIMITED | www.perfectt.com,"E-15 Plot No-51, B-F/F Kh-7/20 & 7/21 Gali No-2, Mukund Vihar, Karawal Nagar, M.C.D. Schoo, L, Delhi, North East, Delhi","NO 473 E-15 PLOT NO-51, B-F/F KH-7/20 & 7/21 GALI NO-2, MUKUND VIHAR, KARAWAL NAGAR, M.C.D. SCHOO, L, DELHI, Delhi",IN,IN,77.64705882352942,91.81818181818183,False,False,10. cross-script
S1-168607189,S3-934601775,S3,Indo Systems Private Limited,ഇന്തോ സിസ്റ്റംസ് പ്രൈവറ്റ് ലിമിറ്റഡ്,"No 6, 2Nd Floor, Vmm Complex, (22/123 - X), Medical College Po, Kozhikode, Kerala","Kozhikode, Keralam, No 6, 2Nd Floor, Vmm Complex, (22/123 - X), Medical College Po",IN,IN,9.375,75.52447552447552,False,False,10. cross-script
S1-168607189,S2-269099349,S2,Indo Systems Private Limited,ഇന്തോ സിസ്റ്റംസ് പ്രൈവറ്റ് ലിമിറ്റഡ്,"No 6, 2Nd Floor, Vmm Complex, (22/123 - X), Medical College Po, Kozhikode, Kerala","###6, KOZHIKODE, Kerala",IN,IN,9.375,40.44943820224719,False,False,10. cross-script
S1-330111346,S3-795980745,S3,Foot & Ankle Coastal Care Associates,footanklecoastal.com,"35 Fields Road, Cumberland, KY","Cumberland, 35 Fields Rd, Kentucky",US,US,65.51724137931035,56.666666666666664,False,False,1. spelling corruption
S1-330111346,S3-138398336,S3,Foot & Ankle Coastal Care Associates,Foot & Ankle Coastal Ciare Associates,"35 Fields Road, Cumberland, KY","Sand Hill, Kentucky, 35 Fields Rd",US,US,98.7012987012987,40.67796610169492,False,False,11. other
S1-432629469,S2-444621267,S2,Karlotta Lima Preferred Asia,KLPA,"Epping, 4795 119th Road, ND","4795 119ND ROAD, EPPING, ND",US,US,25.0,64.0,False,False,4. abbreviation
S1-531896812,S2-839260246,S2,Herald Foundation,hfoundation.com,"Plot-A, Flat-1403, Floor-14, Wing-A, Runwal Heights Chsl, Lbs Road, Mulund(W), Mumbai, Mumbai City, Maharashtra","#353 POLT-A, MUMBAI CITY, Maharashtra",IN,IN,68.75,45.925925925925924,False,False,1. spelling corruption
S1-279826814,S3-708093706,S3,@ Style 2 It LLC,Partners @ 2 It LLC,"IL, Carol Stream, 821 Burning Trail","821-823 Burning Trl, Carol Stream, Illinois",US,US,70.96774193548387,51.35135135135135,False,False,1. spelling corruption
S1-329212132,S2-394523,S2,4991 Fifth Road Associates Associates,ONYXKORBELO,"Gosport, IN, 5344 Salem Road","5601 SALEM RODA, IN, GOSPORT",US,US,16.666666666666664,42.307692307692314,False,False,11. other
S1-275665133,S3-66955536,S3,Sree Care LLP,श्री केयर एलएलपी,"Sr 36A/4 Bl No 11 Bldg 2 Gopinathnagar Kothrud, Pune, Maharashtra","Pune, Sr C-36a/4 Bl No 11 Bldg 2 Gopinathnagar Kothrud, MH",IN,IN,13.793103448275868,82.35294117647058,False,False,10. cross-script
S1-275665133,S3-310071359,S3,Sree Care LLP,LLP Sree Cáre,"Sr 36A/4 Bl No 11 Bldg 2 Gopinathnagar Kothrud, Pune, Maharashtra","Sr C-36a/4 Bl No 11 Bldg 2 Gopinathnagar Kothrud, Pune, MH",IN,IN,61.53846153846154,90.75630252100841,False,False,10. cross-script
S1-598641012,S3-515038026,S3,Cancer Committee,Cancer  Cmocmiteree,"Darby, 120 D Main Street, MT","120 D Main Street, Darby, Montana",US,US,82.35294117647058,70.17543859649122,False,False,1. spelling corruption
S1-598641012,S3-490547267,S3,Cancer Committee,cancercommittee.com,"Darby, 120 D Main Street, MT","120 D Main Street, Darby, Montana",US,US,85.71428571428572,70.17543859649122,False,False,1. spelling corruption
S1-272979013,S2-652855784,S2,Alvarado Platinum Purpose LLC,CALOFAYE,"239 E Hill Road, Canton, CT","EAST HILL RD, CANTON, CT",US,US,27.027027027027028,80.85106382978724,False,False,9. address variation
S1-272979013,S3-976576240,S3,Alvarado Platinum Purpose LLC,alvaradoplatinumpurpose.com,"239 E Hill Road, Canton, CT","0239 E Hill Rd, Canton, Connecticut",US,US,89.28571428571429,79.3103448275862,False,False,1. spelling corruption
S1-272398629,S2-571621142,S2,Mumbai Sons Ltd,Mumbai Sons,"A 301, Krishna Galaxy Apartment, Dutta Mandhir Road, Vakola, Santacruz(E), Mumbai, Mumbai City, Maharashtra",,IN,IN,84.61538461538461,0.0,False,False,6. missing address
S1-272398629,S2-740307519,S2,Mumbai Sons Ltd,MUMBAI  SONS,"A 301, Krishna Galaxy Apartment, Dutta Mandhir Road, Vakola, Santacruz(E), Mumbai, Mumbai City, Maharashtra","A 301, KRISHNA GALAXY APARTMENT, DUTTA MANDHIR ROAD, VAKOLA, SANTACRUZ(E), MUMBAI, Maharashtra",IN,IN,84.61538461538461,93.5483870967742,False,False,1. spelling corruption
S1-272398629,S2-975839389,S2,Mumbai Sons Ltd,mumbaisons.com,"A 301, Krishna Galaxy Apartment, Dutta Mandhir Road, Vakola, Santacruz(E), Mumbai, Mumbai City, Maharashtra","A 301, KRISHNA GALAXY APARTMENT, DUTTA MANDHIR ROAD, VAKOLA, SANTACRUZ(E), MUMBAI, महाराष्ट्र",IN,IN,75.86206896551724,82.16216216216216,False,False,1. spelling corruption
S1-272398629,S3-380770921,S3,Mumbai Sons Ltd,Mumbai Sres Ltd,"A 301, Krishna Galaxy Apartment, Dutta Mandhir Road, Vakola, Santacruz(E), Mumbai, Mumbai City, Maharashtra","A D/301, Krishna Galaxy Apartment, Dutta Mandhir Road, Vakola, Santacruz(e), Mumbai, Mumbai City, MH",IN,IN,86.66666666666667,94.24083769633508,False,False,1. spelling corruption
S1-272398629,S3-62951432,S3,Mumbai Sons Ltd,Mumbai Sons,"A 301, Krishna Galaxy Apartment, Dutta Mandhir Road, Vakola, Santacruz(E), Mumbai, Mumbai City, Maharashtra","A D/301, Krishna Galaxy Apartment, Dutta Mandhir Road, Vakola, Santacruz(e), Mumbai, Mumbai City, महाराष्ट्र",IN,IN,84.61538461538461,88.44221105527639,False,False,1. spelling corruption
S1-900409368,S3-954606130,S3,Urgent Care Specialists Clinic,Urgent Care 5pecialists Clinic Co,"531 Hill Avenue, Glen Ellyn, IL","##531 Hill Ave, Glen Ellyn, Illinois",US,US,92.06349206349206,85.24590163934427,False,False,9. address variation
S1-900409368,S3-155860071,S3,Urgent Care Specialists Clinic,Urgent Care  Specialists Clinic Commission,"531 Hill Avenue, Glen Ellyn, IL","##531 Hill Avenue, Glen Ellyn, Illinois",US,US,84.50704225352112,90.625,False,False,1. spelling corruption
S1-156961942,S2-979739458,S2,Black Retail,Black [Rétail],"KY, 415 Pineview Drive, Paris","PINEVIEW DR, PARIS, KY",US,US,91.66666666666666,72.34042553191489,False,False,10. cross-script
S1-425421375,S3-221580330,S3,Superior Robotics Technologies,Superior Robotics Technology,"12 Wayaawi Avenue, Bayville, NY",,US,US,93.10344827586206,0.0,False,False,6. missing address
S1-738349411,S2-278192398,S2,Hotel Universal Business Private Limited,હોટેલ યુનિવર્સલ બિઝનેસ પ્રાઇવેટ લિમિટેડ,"Block No.1, Floor No. 9, Udyog Bhavan Sector No. 11, Gandhinagar, Gandhinagar, Gandhi Nagar, Gujarat","GANDHINAGAR, BLOCK NO.#1, Gujarat, GANDHI NAGAR",IN,IN,10.126582278481012,44.44444444444444,False,False,10. cross-script
S1-738349411,S3-750383592,S3,Hotel Universal Business Private Limited,હોટેલ યુનિવર્સલ બિઝનેસ પ્રાઇવેટ લિમિટેડ,"Block No.1, Floor No. 9, Udyog Bhavan Sector No. 11, Gandhinagar, Gandhinagar, Gandhi Nagar, Gujarat","GJ, Gandhi Nagar, Block No.1, Gandhinagar",IN,IN,10.126582278481012,41.53846153846153,False,False,10. cross-script
S1-738349411,S3-607242505,S3,Hotel Universal Business Private Limited,હોટેલ યુનિવર્સલ બિઝનેસ પ્રાઇવેટ લિમિટેડ,"Block No.1, Floor No. 9, Udyog Bhavan Sector No. 11, Gandhinagar, Gandhinagar, Gandhi Nagar, Gujarat","Block No.1, Floor No. 9, Udyog Bhavan Sector No. 11, Gandhinagar, Gandhinagar, Gandhi Nagar, GJ",IN,IN,10.126582278481012,97.20670391061452,False,False,10. cross-script
S1-738349411,S3-938702405,S3,Hotel Universal Business Private Limited,હોટેલ યુનિવર્સલ બિઝનેસ પ્રાઇવેટ લિમિટેડ,"Block No.1, Floor No. 9, Udyog Bhavan Sector No. 11, Gandhinagar, Gandhinagar, Gandhi Nagar, Gujarat","Block No.1, Floor No. 9, Udyog Bhavan Sector No. 11, Gandhinagar, Gandhinagar, Gandhi Nagar, ગુજરાત",IN,IN,10.126582278481012,92.89617486338798,False,False,10. cross-script
S1-513086364,S3-984746420,S3,Vision Partners,visionpartners.com,"24106 N, Town Of Daniels, WI","N, Town Of Daniels, Wisconsin",US,US,84.84848484848484,75.47169811320755,False,False,1. spelling corruption
S1-513086364,S3-923340625,S3,Vision Partners,Vision Pártners,"24106 N, Town Of Daniels, WI","N, Town Of Daniels, Wisconsin",US,US,93.33333333333333,75.47169811320755,False,False,10. cross-script
S1-154729392,S2-60551997,S2,Venus Technologies Private Limited,Venus Technologies Private [Ltd] (ID: 38405),"A 139 Sector 63, Noida, Gautam Buddha Nagar, Uttar Pradesh","NO. 503 A 139 SECTOR 63, NOIDA, Uttar Pradesh",IN,IN,82.1917808219178,72.16494845360825,False,False,1. spelling corruption
S1-154729392,S3-250435204,S3,Venus Technologies Private Limited,#venustechnologies,"A 139 Sector 63, Noida, Gautam Buddha Nagar, Uttar Pradesh","Gautam Buddha Nagar, Noida, Hn #295 A 139 Sector 63, UP",IN,IN,66.66666666666667,45.28301886792453,False,False,1. spelling corruption
S1-39339435,S3-705873979,S3,"Barnes, Vierra & Krauss L.L.C.",barnesvierra.com,"8210 Coco Marina Court, Chauvin, LA","8211 Coco Marina Ct, Chauvin, Louisiana",US,US,60.86956521739131,82.85714285714285,False,False,1. spelling corruption
S1-689781137,S3-654105947,S3,Unity Consultancy,Unity Consu1tancy,"294, Sfs Flats Ashok Vihar, Phase-4, Delhi","H.no 62 294, Phase-4, Delhi, दिल्ली",IN,IN,94.11764705882352,47.887323943661976,False,False,11. other
S1-689781137,S3-731121205,S3,Unity Consultancy,Unity Service,"294, Sfs Flats Ashok Vihar, Phase-4, Delhi","No. 62 294, Sfs Flats Ashok Vihar, Delhi, Phase-4, DL",IN,IN,53.333333333333336,82.75862068965517,False,False,9. address variation
S1-444318786,S3-619122408,S3,Orr Academy LLC,0rr  Academy,"132 Concord Avenue, Enterprise, AL","Enterprise Township, 132 Concord Avenue, Alabama",US,US,76.92307692307692,53.84615384615385,False,False,1. spelling corruption
S1-444318786,S3-255893683,S3,Orr Academy LLC,Orr Acadey (LLC) (ID: 40940),"132 Concord Avenue, Enterprise, AL",,US,US,73.6842105263158,0.0,False,False,6. missing address
S1-123244034,S3-471599414,S3,Purple Consultants Private Limited,purpleconsultants.com (ID: 76100),"23 Flr 2 Plt 203 Tarvotti, Bhavan P Dmello Rd Fort, Mumbai, Maharashtra","MH, Bhavan P Dmello Rd Fort, Mumbai, #23 Flr 2 Plt 203 Tarvotti, Mumbai",IN,IN,65.625,53.73134328358209,False,False,1. spelling corruption
S1-476721415,S3-129983287,S3,Pediatric Dental Bay Center LLC,Pediatric Dental Bay Center,"1278 3500, Roosevelt, UT","278 3500, Roosevelt, Utah",US,US,93.10344827586206,93.33333333333333,False,False,9. address variation
S1-909554999,S2-906986637,S2,Delhi Exports Company,Company Delhi Eexporst,"E-38, First Floor, Right Side Naraina Vihar, Near Sms Courier, Delhi, South West Delhi, Delhi","H.NO 936 E-38, FIRST FLOOR, RIGHT SIDE NARAINA VIHAR, NEAR SMS COURIER, DELHI, SOUTH WEST DELHI, Delhi",IN,IN,55.81395348837209,95.08196721311475,False,False,9. address variation
S1-909554999,S2-494455347,S2,Delhi Exports Company,Delhi Exports,"E-38, First Floor, Right Side Naraina Vihar, Near Sms Courier, Delhi, South West Delhi, Delhi","NO 936 E-38, FIRST FLOOR, RIGHT SIDE NARAINA VIHAR, NEAR SMS COURIER, DELHI, Delhi",IN,IN,76.47058823529412,85.36585365853658,False,False,1. spelling corruption
S1-656270228,S2-928275359,S2,My Trading Private Limited,My Trading Prívate Limited,"F/F Rz-78/2-A D-20, Kh-64/14/1 15/1 16/7 19/1, New Delhi, South West Delhi, Delhi","BLOCK E-00108 F/F RZ-78/2-A D-20, KH-64/14/1 15/1 16/7 19/1, NEW DELHI, Delhi",IN,IN,96.15384615384616,79.47019867549669,False,False,10. cross-script
S1-656270228,S2-753030179,S2,My Trading Private Limited,माय ट्रेडिंग प्राइवेट लिमिटेड,"F/F Rz-78/2-A D-20, Kh-64/14/1 15/1 16/7 19/1, New Delhi, South West Delhi, Delhi","BLOCK E-00108 F/F RZ-78/2-A D-20, KH-64/14/1 15/1 16/7 19/1, NEW DELHI, SOUTH WEST DELHI, Delhi",IN,IN,10.909090909090914,91.66666666666666,False,False,10. cross-script
S1-797203625,S3-514522323,S3,Anthony Heritage Electronic LLP,anthonyheritageelectronic.com,"283 100, St George City, UT","St George City, Utah, 28 100",US,US,86.66666666666667,66.66666666666667,False,False,1. spelling corruption
S1-530094747,S2-65546534,S2,Prime Foods Private Limited,பிரைம் ஃபுட்ஸ் பிரைவேட் லிமிடெட்,"No.40/8 Indira Gandhi Street P S Nagar, Palayapalayam, Erode, Tamil Nadu","NO.40/8 INDIRA GANDHI STREET P S NAGAR, PALAYAPALAYAM, ERODE, தமிழ்நாடு",IN,IN,10.169491525423723,86.13138686131387,False,False,10. cross-script
S1-997021223,S3-10204915,S3,Classic (India) Services Care,Classic (Irnda) 5ervices Care,"H-1/15Lajpat Nagar Part 1, New Delhi, South Delhi, Delhi","H-1/15lajpat Nagar Part 1, New Delhi, South Delhi, दिल्ली",IN,IN,92.5925925925926,89.7196261682243,False,False,9. address variation
S1-997021223,S3-385391763,S3,Classic (India) Services Care,C1assic-(India) Services Cáre Co,"H-1/15Lajpat Nagar Part 1, New Delhi, South Delhi, Delhi","South Delhi, DL, H-1/15lajpat Nagar Part 1, New Delhi",IN,IN,87.71929824561404,67.96116504854368,False,False,10. cross-script
S1-997021223,S2-874575167,S2,Classic (India) Services Care,Classic (siddn)a Services [Care],"H-1/15Lajpat Nagar Part 1, New Delhi, South Delhi, Delhi","H-1/15LAJPA NAGAR PART 1, NEW DELHI, दिल्ली",IN,IN,89.28571428571429,74.46808510638299,False,False,1. spelling corruption
S1-50205324,S3-572134985,S3,All Agro Private Limited,All Agado Prívate Limited,"B58A, Ground Floor Ardee City, Sector 52, Gurugram, Gurgaon, Haryana","B58a, Ground Floor Ardee City, Sector 52, Gurugram, Gurgaon, हरियाणा",IN,IN,89.79591836734694,88.88888888888889,False,False,10. cross-script
S1-50205324,S2-507756388,S2,All Agro Private Limited,ऑल एग्रो प्राइवेट लिमिटेड,"B58A, Ground Floor Ardee City, Sector 52, Gurugram, Gurgaon, Haryana","B58A, GROUND FLOOR ARDEE CITY, SECTOR 52, GURUGRAM, GURGAON, हरियाणा",IN,IN,12.244897959183676,88.88888888888889,False,False,10. cross-script
S1-50205324,S2-684167792,S2,All Agro Private Limited,Dr allagro.com,"B58A, Ground Floor Ardee City, Sector 52, Gurugram, Gurgaon, Haryana","B58A, GROUND FLOOR ARDEE CITY, SECTOR 52, GURUGRAM, Haryana",IN,IN,47.36842105263158,93.22033898305084,False,False,9. address variation
S1-271653491,S3-990456211,S3,Empire Alliance,Empire Allcene | www.empireall.com,"AR, 144 Burgess Street, Fouke","144-146 Burgess Street, Fouke, Arkansas",US,US,55.319148936170215,75.0,False,False,9. address variation
S1-271653491,S2-463699455,S2,Empire Alliance,Empire Álliance,"AR, 144 Burgess Street, Fouke","44 BURGESS ST, FOUKE, AR",US,US,93.33333333333333,77.55102040816327,False,False,10. cross-script
S1-988285579,S3-824374291,S3,Big Lotus Projects Private Limited,பிக் Lotus புராஜெக்ட்ஸ் பிரைவேட் லிமிடெட்,"No. 25, Ramanan Road, 1St Floor, Sowcarpet, Chennai, Tamil Nadu","No. ##25, Sowcarpet, Chennai, தமிழ்நாடு",IN,IN,24.0,53.333333333333336,False,False,10. cross-script
S1-988285579,S2-257395670,S2,Big Lotus Projects Private Limited,பிக் லோட்டஸ் புராஜெக்ட்ஸ் பிரைவேட் லிமிடெட்,"No. 25, Ramanan Road, 1St Floor, Sowcarpet, Chennai, Tamil Nadu","CHENNAI, Tamil Nadu, NO 25, RAMANAN ROAD, 1ST FLOOR",IN,IN,10.389610389610393,53.84615384615385,False,False,10. cross-script
S1-387723742,S3-199180522,S3,First City Investments Limited,फर्स्ट सिटी इन्वेस्टमेंट्स लिमिटेड,"H. No. 312 Rohinkhed Motala, Buldhana, Maharashtra","H. No. 312 Rohinkhed Motala, Buldhana, MH",IN,IN,9.375,89.1566265060241,False,False,10. cross-script
S1-387723742,S3-277552311,S3,First City Investments Limited,फर्स्ट सिटी इन्वेस्टमेंट्स लिमिटेड,"H. No. 312 Rohinkhed Motala, Buldhana, Maharashtra","Buldhana, MH, No 312 Rohinkhed Motala",IN,IN,9.375,61.728395061728406,False,False,10. cross-script
S1-387723742,S3-137931921,S3,First City Investments Limited,First City,"H. No. 312 Rohinkhed Motala, Buldhana, Maharashtra","H. No. 312 Rohinkhed Motala, Buldhana, MH",IN,IN,50.0,89.1566265060241,False,False,9. address variation
S1-542607575,S2-165987768,S2,Atlantic Supply LLC,ATLANTICSUPPLY.COM,"516 Cunnife Avenue, Pawnee Rock, KS","KS, PAWNEE ROCK, 516 CUNNIFE AVE",US,US,86.48648648648648,47.61904761904761,False,False,1. spelling corruption
S1-863182401,S3-275029024,S3,Fortune Business Private Limited,फॉर्च्यून बिजनेस प्राइवेट लिमिटेड,"East Delhi, Ground Floor, Jai Ambey Apartments New Kondli, Mayur Vihar-Phase-Iii, Delhi, 754, Delhi","दिल्ली, C-754, Ground Floor, Jai Ambey Apartments New Kondli, Mayur Vihar-phase-iii, Delhi, East Delhi",IN,IN,9.230769230769232,85.71428571428572,False,False,10. cross-script
S1-863182401,S3-295472693,S3,Fortune Business Private Limited,Dr Fortune Business Private Ltd (ID: 41627),"East Delhi, Ground Floor, Jai Ambey Apartments New Kondli, Mayur Vihar-Phase-Iii, Delhi, 754, Delhi","C-754, Delhi, East Delhi, दिल्ली",IN,IN,77.77777777777779,27.86885245901639,False,False,1. spelling corruption
S1-499170178,S3-973010291,S3,SP Diagnostics Inc,SP Inc Center,"428 Hartwood Road, Stafford County, VA","Fredericksburg, Virginia, 428 Hartwood Rd, null",US,US,51.61290322580645,42.50000000000001,False,False,3. transliteration
S1-499170178,S2-681981501,S2,SP Diagnostics Inc,sp díagnostics inc,"428 Hartwood Road, Stafford County, VA","430 HARTWOOD RD, PO BOX 1223, FREDERICKSBURG, VA",US,US,94.44444444444444,54.32098765432099,False,False,10. cross-script
S1-615427527,S2-277078589,S2,City Tech Private Limited,சிட்டி டெக் பிரைவேட் லிமிடெட்,"60-B Narayanaguru Road Saibaba Colony, Coimbatore, Tamil Nadu","H.NO 60-B NARAYANAGURU ROAD SAIBABA COLONY, COIMBATORE, Tamil Nadu",IN,IN,11.111111111111116,95.9349593495935,False,False,10. cross-script
S1-615427527,S3-795265143,S3,City Tech Private Limited,Shri City Trh Private  Limited,"60-B Narayanaguru Road Saibaba Colony, Coimbatore, Tamil Nadu","Door No 60-B Narayanaguru Road Saibaba Colony, Coimbatore, TN",IN,IN,85.18518518518519,86.4406779661017,False,False,1. spelling corruption
S1-139380525,S3-772851590,S3,Womens Health Partners Inc,Center Womens Partners Inc,"4828 A Delridge Way, Seattle, WA","4828 A 1/2 Delridge Way, Seattle, Washington",US,US,73.07692307692308,83.33333333333334,False,True,1. spelling corruption
S1-139380525,S3-906822043,S3,Womens Health Partners Inc,The Womens  Health Partners Inc,"4828 A Delridge Way, Seattle, WA",,US,US,92.85714285714286,0.0,False,False,6. missing address
S1-390849741,S2-587736207,S2,Konark Associates Private Limited,Mr Konark Associates Limited Private,"South Delhi, 12Th Floor, Chiranjiv Tower-43, Nehru Place, 1204A, New Delhi, Delhi","1204A, 12TH FLOOR, CHIRANJIV TOWER-43, NEHRU PLACE, NEW DELHI, Delhi",IN,IN,72.46376811594203,84.05797101449275,False,False,1. spelling corruption
S1-390849741,S3-990890708,S3,Konark Associates Private Limited,Konark Associnates Private Limited,"South Delhi, 12Th Floor, Chiranjiv Tower-43, Nehru Place, 1204A, New Delhi, Delhi","1204A, 12Th Floor, Chiranjiv Tower-43, Nehru Place, New Delhi, South Delhi, DL",IN,IN,98.50746268656717,78.91156462585033,False,False,9. address variation
S1-909169365,S3-798856990,S3,Ridge Premium LLC,Ridgepremiumcom,"6580 James Pointe Drive, Unit 6N, Murray, UT","James Pointe Dr, # 6N, Murray, Utah",US,US,81.25,78.87323943661973,False,False,1. spelling corruption
S1-219008294,S2-856395577,S2,Brand Media Private Limited,Brand Mcda Private Limited,"Ram Nagar Noorwala Road, Ludhiana, Punjab","RAM NAGAR NOORWALA ROAD, LUDHIANA, ਪੰਜਾਬ",IN,IN,94.33962264150944,85.71428571428572,False,False,9. address variation
S1-187612511,S2-360227180,S2,Tech Business Limited,ટેક બિઝનેસ લિમિટેડ,"P L 232 Axar Town Ship, Taluka Vaghodia, Vadodara, Gujarat","VADODARA, Gujarat, VADODARA, TALUKA VAGHODIA, P L 23 AXAR TOWN SHIP",IN,IN,10.256410256410254,47.45762711864406,False,False,10. cross-script
S1-187612511,S2-575305381,S2,Tech Business Limited,Tech Business લિમિટેડ,"P L 232 Axar Town Ship, Taluka Vaghodia, Vadodara, Gujarat","P L 23 AXAR TOWN SHIP, TALUKA VAGHODIA, VADODARA, Gujarat",IN,IN,66.66666666666667,99.08256880733946,False,False,10. cross-script
S1-250217238,S3-395940930,S3,Hitech Fortune International Private Limited,Hitech Fornte International Private Limited,"H No-1-8-303/32/7, Flat No.A-3, Dillu Apartments, S P Road, Begumpet, Hyderabad, Telangana","H No-1-8-303/32/7, Flat No.a-3, Dillu Apartments, S P Road, Begumpet, Hyderabad, TG",IN,IN,96.55172413793103,95.65217391304348,False,False,9. address variation
S1-900161585,S3-463311366,S3,Shashwath Traders Ltd,5hashwath Traders,"D-39, 10Th Floor, Pocket-9A, Dda Hig Flats, Jasola, New Delhi, Delhi","D-##39, 10Th Floor, Pocket-9a, Dda Hig Flats, Jasola, DL",IN,IN,84.21052631578947,88.28828828828829,False,False,1. spelling corruption
S1-900161585,S2-910602579,S2,Shashwath Traders Ltd,M/s 5HASHWATH TRADERS,"D-39, 10Th Floor, Pocket-9A, Dda Hig Flats, Jasola, New Delhi, Delhi","D-41, 10TH FLOOR, POCKET-9A, DDA HIG FLATS, JASOLA, NEW DELHI, Delhi",IN,IN,80.95238095238095,96.7741935483871,False,False,1. spelling corruption
S1-693595847,S2-690790567,S2,Tirumalagiri Services LLP,tservices.com,"Ews-246, Ist And Iind Phase, Kphb, Tirumalagiri, Hyderabad, Telangana","EWS-C-246, TIRUMALAGIRI, HYDERABAD, Andhra Pradesh",IN,IN,52.63157894736843,63.06306306306306,False,False,9. address variation
S1-693595847,S3-516111959,S3,Tirumalagiri Services LLP,Tirumalagiri LLP  Partners,"Ews-246, Ist And Iind Phase, Kphb, Tirumalagiri, Hyderabad, Telangana","Ews-246, Ist And Iind Phase, Kphb, Tirumalagiri, Hyderabad, Andhra Pradesh",IN,IN,64.0,88.72180451127821,False,False,1. spelling corruption
S1-693595847,S2-869417737,S2,Tirumalagiri Services LLP,Tirumalagiri Smrmices LLP,"Ews-246, Ist And Iind Phase, Kphb, Tirumalagiri, Hyderabad, Telangana","EWS-C-246, IST AND IIND PHASE, KPHB, TIRUMALAGIRI, Andhra Pradesh",IN,IN,92.0,81.60000000000001,False,False,9. address variation
S1-814559138,S2-157634899,S2,Surya Marketing Private Limited,சூர்யா மார்க்கெட்டிங் பிரைவேட் லிமிடெட்,"No.446 -213, Avanashilingam Palayam, Palazkarai Po, Avanashi, Coimbatore Dt, Coimbatore, Tamil Nadu","NO.446 -213, AVANASHILINGAM PALAYAM, PALAZKARAI PO, AVANASHI, COIMBATORE, COIMBATORE DT, தமிழ்நாடு",IN,IN,8.571428571428575,88.52459016393442,False,False,10. cross-script
S1-812412924,S2-575584042,S2,Dermatology Specialists Corp,Dermatology  Specialists,"7411 Laurel Street, Mesa, AZ","AZ, 741 LAUREL ST, MESA DESERT",US,US,90.19607843137256,70.37037037037037,False,False,9. address variation
S1-589407200,S3-633718163,S3,Supreme Cleaning LLC,Supreme Cleanrg LLC,"4380 Creek View Drive, Camp Verde, AZ","#4380 Creek View Dr, Camp Verde, Arizona",US,US,92.3076923076923,88.88888888888889,False,False,9. address variation
S1-589407200,S3-111642157,S3,Supreme Cleaning LLC,Supreme LLC Center Center,"4380 Creek View Drive, Camp Verde, AZ","#4380 Creek View Drive, Camp Verde, Arizona",US,US,57.77777777777777,93.33333333333333,False,False,9. address variation
S1-589407200,S3-380479397,S3,Supreme Cleaning LLC,supremecleaningcom,"4380 Creek View Drive, Camp Verde, AZ","Arizona, #4380 Creek View Drive, Camp Verde",US,US,84.21052631578947,85.33333333333333,False,False,1. spelling corruption
S1-11377199,S2-67458222,S2,WJ Consultancy Private Limited,WJ PRIVATE LÍMITED SERVICES,"31/33 'Shrikunj' Saket Bunglownr Takshshila Tower Vastrapur, Ahmedabad, Gujarat","#3-1/33 'SHRIKUNJ' SAKET BUNGLOGNR TAKSHSHILA TOWER VASTRAPUR, AHMEDABAD, Gujarat",IN,IN,59.64912280701755,98.01324503311258,False,False,10. cross-script
S1-549855070,S2-1662297,S2,Behavioral Health Complete Associates LLC,Behavioral Health Complete Associates,"1220 Clayton Lane, Columbia Falls, MT","01220 CLAYTON LANE, COLUMBIA FALLS, MT",US,US,94.87179487179486,98.59154929577466,False,False,9. address variation
S1-904835791,S2-490676863,S2,UW Patriot Cslm LLC,EVOBELO,"5509 41st Street, Tulsa, OK","5509D 41nd St, TULSA, OK",US,US,15.384615384615385,80.85106382978724,False,False,9. address variation
S1-391673030,S3-550410455,S3,Midwest Endocrinology LLC,The Midwest Endocrinology Endocrinology LLC,"7250 Hazeltine Boulevard, Chanhassen, MN","Chanhassen, Minnesota, 7250 1/2 Hazeltine Boulevard",US,US,73.52941176470588,55.172413793103445,False,False,1. spelling corruption
S1-702719202,S3-477685504,S3,Prime Finance Pvt Ltd,प्राइम फाइनेंस प्रा. लि.,"D-26 Jhilmil Colonydsidc Sheds Shahdara, Delhi","D-26 Jhilmil Colonydsidc Sheds Shahdara, Delhi, DL",IN,IN,13.953488372093027,96.7741935483871,False,False,10. cross-script
S1-702719202,S2-143460700,S2,Prime Finance Pvt Ltd,प्राइम फाइनेंस प्रा. लि.,"D-26 Jhilmil Colonydsidc Sheds Shahdara, Delhi","D-26 JHILMIL COLONYDSIDC SHEDS SHAHDARA, EAST, Delhi",IN,IN,13.953488372093027,94.73684210526316,False,False,10. cross-script
S1-702719202,S3-532344319,S3,Prime Finance Pvt Ltd,प्राइम फाइनेंस प्रा. लि.,"D-26 Jhilmil Colonydsidc Sheds Shahdara, Delhi","DL, D-26 Jhilmil Colonydsidc Sheds Shahdara, Delhi",IN,IN,13.953488372093027,96.7741935483871,False,False,10. cross-script
S1-702719202,S3-355545959,S3,Prime Finance Pvt Ltd,प्राइम फाइनेंस प्रा. लि.,"D-26 Jhilmil Colonydsidc Sheds Shahdara, Delhi","Delhi, D-26 Jhilmil Colonydsidc Sheds Shahdara, DL",IN,IN,13.953488372093027,90.32258064516128,False,False,10. cross-script
S1-702719202,S3-111394989,S3,Prime Finance Pvt Ltd,Smt Primefinance.Com,"D-26 Jhilmil Colonydsidc Sheds Shahdara, Delhi","Delhi, D-26 Jhilmil Colonydsidc Sheds Shahdara, दिल्ली",IN,IN,63.41463414634146,82.4742268041237,False,False,1. spelling corruption
S1-392707432,S3-266869577,S3,Urban Healthcare Limited,अर्बन हेल्थकेयर लिमिटेड,"Tulja Bhawani Chawl, Hanuman Nagar Akurli Road No2 Wadar Pada, Kandivali (E) Nr Sai Mandir, Mumbai, Mumbai City, Maharashtra","Tulja Bhawani Chawl, Hanuman Nagar Akurli Road No2 Wadar Pada, Kandivali (E) Nr Sai Mandir, Bombay, Mumbai Ii, MH",IN,IN,8.510638297872342,91.4798206278027,False,False,10. cross-script
S1-392707432,S3-632250685,S3,Urban Healthcare Limited,Urban Limited Center,"Tulja Bhawani Chawl, Hanuman Nagar Akurli Road No2 Wadar Pada, Kandivali (E) Nr Sai Mandir, Mumbai, Mumbai City, Maharashtra","Tulja Bhawani Chawl, Bombay, Mumbai Ii, MH",IN,IN,59.09090909090908,46.15384615384615,False,False,3. transliteration
S1-392707432,S2-381813951,S2,Urban Healthcare Limited,अर्बन हेल्थकेयर लिमिटेड,"Tulja Bhawani Chawl, Hanuman Nagar Akurli Road No2 Wadar Pada, Kandivali (E) Nr Sai Mandir, Mumbai, Mumbai City, Maharashtra","Maharashtra, TULJA BHAWANI CHAWL, MUMBAI CITY",IN,IN,8.510638297872342,38.74999999999999,False,False,10. cross-script
S1-453651613,S3-343073661,S3,City Marketing Private Limited,City Macketang Private Limited,"Flat No.104, I Floor, Kaveri Complex, Nungambakkam High Road, Chennai, Tamil Nadu","Flat No.104, I Floor, Kaveri Complex, Nungambakkam High Road, Chennai, TN",IN,IN,93.33333333333333,94.44444444444444,False,False,9. address variation
S1-453651613,S2-833926483,S2,City Marketing Private Limited,சிட்டி மார்க்கெட்டிங் பிரைவேட் லிமிடெட்,"Flat No.104, I Floor, Kaveri Complex, Nungambakkam High Road, Chennai, Tamil Nadu","#104, I FLOOR, KAVERI COMPLEX, NUNGAMBAKKAM HIGH ROAD, CHENNAI, Tamil Nadu",IN,IN,8.695652173913048,94.44444444444444,False,False,10. cross-script
S1-167098108,S3-5491934,S3,Global Estate Private Limited,Global Estate Private Límited,"Building No 430/Ivmallapally Po, Pathananthitta, Thiruvananthapuram, Trivandrum, Kerala","Building No 430/Ivmallapally Po, Pathananthitta, Trivandrum, Thiruvananthapuram, KL",IN,IN,96.55172413793103,83.9506172839506,False,False,10. cross-script
S1-167098108,S3-227782347,S3,Global Estate Private Limited,ഗ്ലോബൽ എസ്റ്റേറ്റ് പ്രൈവറ്റ് ലിമിറ്റഡ്,"Building No 430/Ivmallapally Po, Pathananthitta, Thiruvananthapuram, Trivandrum, Kerala","Thiruvananthapuram, കേരളം, Trivandrum, Pathananthitta, Building No 430/Ivmallapally Po",IN,IN,8.955223880597018,41.21212121212121,False,False,10. cross-script
S1-167098108,S2-568267180,S2,Global Estate Private Limited,ഗ്ലോബൽ എസ്റ്റേറ്റ് പ്രൈവറ്റ് ലിമിറ്റഡ്,"Building No 430/Ivmallapally Po, Pathananthitta, Thiruvananthapuram, Trivandrum, Kerala","BUILDING NO 430/IVMALLAPALLY PO, PATHANANTHITTA, THIRUVANANTHAPURAM, TRIVANDRUM, കേരളം",IN,IN,8.955223880597018,93.33333333333333,False,False,10. cross-script
S1-88373065,S2-445949533,S2,"Signature Federal Muniyield, Inc",SIGNATURE FEDERAL-INC SERVICE,"104 Main Street, Village Of Milltown, WI","04 Main Street, MILLTOWN, WI",US,US,73.33333333333334,81.25,False,False,1. spelling corruption
S1-88373065,S2-409462941,S2,"Signature Federal Muniyield, Inc","Signature Foeclra Muniyield, Inc","104 Main Street, Village Of Milltown, WI","MAIN ST, VILLAGE OF MILLTOWN, WI",US,US,90.32258064516128,88.23529411764706,False,False,9. address variation
S1-88373065,S2-589530911,S2,"Signature Federal Muniyield, Inc",Signature Federal,"104 Main Street, Village Of Milltown, WI","04 MAIN ST, MILLTOWN, WI",US,US,70.83333333333333,73.33333333333334,False,False,1. spelling corruption
S1-444637680,S2-948950487,S2,Chiropractic Medicine Co,Chiropractic Medicine,"423 Colorado Boulevard, Dallas, TX","0423 COLORADO BOULEVARD, DALLAS, TX",US,US,93.33333333333333,98.46153846153847,False,False,9. address variation
S1-444637680,S2-298455682,S2,Chiropractic Medicine Co,CHIROPRACTIC MEDICINEN CO,"423 Colorado Boulevard, Dallas, TX","0423 COLORADO BLVD, DALLAS, TX",US,US,97.95918367346938,90.0,False,False,9. address variation
S1-68998149,S3-892427678,S3,Evans Express York,Evans York Services,"NY, 220 Central Avenue, Greenburgh","220 Central Ave, Hartsdale, New York",US,US,54.054054054054056,60.60606060606061,False,False,9. address variation
S1-247982979,S3-659042625,S3,"Davis, Jones and Scott LLC","Davis, Jones And Shocctt (Llc)","2029 Westwind Drive, Kingsport, TN","Tennessee, N/A, 2029. Westwind Dr, Kingsport CITY",US,US,92.3076923076923,72.72727272727273,False,False,9. address variation
S1-995907230,S3-175680683,S3,Creative Technology Private Limited,ક્રિએટિવ ટેક્નોલોજી પ્રાઇવેટ લિમિટેડ,"Plot No. C1B/ 1040-1041 & L-1040/9, Gidc Industrial Estate, Ankleshwar, Bharuch, Gujarat","Plot No. C1b/ 1040-1041 & L-1040/9, Gidc Industrial Estate, Ankleshwar, Bharuch, GJ",IN,IN,8.450704225352112,96.93251533742331,False,False,10. cross-script
S1-995907230,S2-977696906,S2,Creative Technology Private Limited,ક્રિએટિવ ટેક્નોલોજી પ્રાઇવેટ લિમિટેડ,"Plot No. C1B/ 1040-1041 & L-1040/9, Gidc Industrial Estate, Ankleshwar, Bharuch, Gujarat","PLOT NO. CB3/1B/ 1040-1041 & L-1040/9, ANKLESHWAR, Gujarat",IN,IN,8.450704225352112,75.71428571428571,False,False,10. cross-script
S1-91634748,S3-549595427,S3,Cardiology Care,Cardiology-Care Co,"195 Hearthstone Road, Pinehurst, NC",,US,US,90.9090909090909,0.0,False,False,6. missing address
S1-951744180,S2-647663830,S2,Ear Nose & Throat Heartland Associates LLC,Ear Nose & Throat Heartland Asscccoieats LLC,"2351 County Road 2322, Sulphur Springs, TX","351 COUNTY ROAD 2322, SULPHUR SPRINGS, TX",US,US,93.33333333333333,98.73417721518987,False,False,9. address variation
S1-951744180,S2-268121047,S2,Ear Nose & Throat Heartland Associates LLC,earnosethroat.com,"2351 County Road 2322, Sulphur Springs, TX","COUNTY ROAD 2322, SULPHUR SPRINGS, TX",US,US,49.18032786885246,93.33333333333333,False,False,9. address variation
S1-522176166,S2-330387797,S2,Bright Food Private Limited,ब्राइट फूड प्राइवेट लिमिटेड,"Suite No 108, H -161, Sector 63, Noida, Gautam Buddha Nagar, Uttar Pradesh","SUITE NO 108, GAUTAM BUDDHA NAGAR, Uttar Pradesh",IN,IN,11.111111111111116,80.70175438596492,False,False,10. cross-script
S1-522176166,S3-736931938,S3,Bright Food Private Limited,Shri Bright Food Private,"Suite No 108, H -161, Sector 63, Noida, Gautam Buddha Nagar, Uttar Pradesh","Suite No 00108, Noida, UP",IN,IN,74.50980392156863,46.15384615384615,False,False,1. spelling corruption
S1-522176166,S3-234428133,S3,Bright Food Private Limited,ब्राइट फूड प्राइवेट लिमिटेड,"Suite No 108, H -161, Sector 63, Noida, Gautam Buddha Nagar, Uttar Pradesh","Suite No 00108, Noida, Gautam Buddha Nagar, उत्तर प्रदेश",IN,IN,11.111111111111116,66.11570247933885,False,False,10. cross-script
S1-593888815,S2-528593353,S2,Division of Veterans Affairs,Division Division of Veterans Affairs Ltd,"Lexington Park, MD, 21978 Springwood Court","021978 SPRINGWOOD CT, LEXINGTON PRK, MD",US,US,81.15942028985508,51.94805194805194,False,False,1. spelling corruption
S1-593888815,S2-704493410,S2,Division of Veterans Affairs,Division of Veterans Affair,"Lexington Park, MD, 21978 Springwood Court",,US,US,98.18181818181819,0.0,False,False,6. missing address
S1-593888815,S2-198076281,S2,Division of Veterans Affairs,Division of Veterans Affairs-Commission,"Lexington Park, MD, 21978 Springwood Court","021978 SPRINGWOOD COURT, LEXINGTON PRK, MD",US,US,83.5820895522388,55.00000000000001,False,False,1. spelling corruption
S1-115885048,S3-465992802,S3,Innovative Engineering Private Limited,Sri Innovativeengineeringprivate.Com,"3A, Sector B, Scheme 71, Indore, Madhya Pradesh","3A, Indore, मध्य प्रदेश",IN,IN,81.08108108108108,34.375,False,True,1. spelling corruption
S1-115885048,S2-758215642,S2,Innovative Engineering Private Limited,इनोवेटिव Engineering प्राइवेट लिमिटेड,"3A, Sector B, Scheme 71, Indore, Madhya Pradesh","3A, INDORE, Madhya Pradesh",IN,IN,37.33333333333333,71.64179104477613,False,True,10. cross-script
S1-163948455,S2-700348840,S2,Universal Hospitality LLP,Universal हॉस्पिटैलिटी एलएलपी,"C/O- Surender Singh, Bawal Road, Sector-2, Suthana, Suthana, Rewari, Haryana","C/O- SURENDER SINGH, BAWAL ROAD, SECTOR-##2, SUTHANA, SUTHANA, हरियाणा",IN,IN,40.74074074074075,83.96946564885496,False,False,10. cross-script
S1-432086759,S3-759521222,S3,Cure Deli,Cure Deli  Center,"OH, Alliance, 454 Columbia Street","454 Columbia Street, Alliance, Ohio",US,US,72.0,59.375,False,False,1. spelling corruption
S1-432086759,S2-200065700,S2,Cure Deli,Cure Dndi,"OH, Alliance, 454 Columbia Street","0454 COLUMBIA ST, ALLIANCE, OH",US,US,77.77777777777779,54.23728813559322,False,False,1. spelling corruption
S1-432086759,S2-566825599,S2,Cure Deli,CURE DELSI,"OH, Alliance, 454 Columbia Street","0454 COLUMBIA ST, ALLIANCE, OH",US,US,94.73684210526316,54.23728813559322,False,False,9. address variation
S1-459671385,S3-897868792,S3,Blaze India Private Limited,Drexdova,"B-56, Uttar Pradesh, Gautam Buddha Nagar, Sector-72 Noida, Noida","B-56, Gautam Buddha Nagar, UP",IN,IN,22.857142857142854,57.47126436781609,False,False,9. address variation
S1-566543680,S3-393798047,S3,Royal Technologies Pvt Ltd,రాయల్ టెక్నాలజీస్ ప్రైవేట్ లిమిటెడ్,"Flat No - 513, Panchavati Apartments, Kukatpally, Tirumalagiri, Hyderabad, Telangana","Flat No - 513, Panchavati Apartments, Kukatpally, Tirumalagiri, TG",IN,IN,9.836065573770492,87.59124087591242,False,False,10. cross-script
S1-566543680,S3-341345603,S3,Royal Technologies Pvt Ltd,రాయల్ టెక్నాలజీస్ ప్రైవేట్ లిమిటెడ్,"Flat No - 513, Panchavati Apartments, Kukatpally, Tirumalagiri, Hyderabad, Telangana","Flta No - 513, Panchavati Apartments, Kukatpally, Tirumalagiri, TG",IN,IN,9.836065573770492,86.13138686131387,False,False,10. cross-script
S1-590919445,S3-267827397,S3,Zenith LLC,Zenith LLC Services,"5195 Cottrell Court, Joplin, MO","Missouri, Joplin, 5195 Cottrell Ct",US,US,68.96551724137932,52.459016393442624,False,False,1. spelling corruption
S1-633864759,S3-178566391,S3,Great Choice Triton LLC,Great Choice Triton,"5090 Noon Road, Bellingham, WA","5089 Noon Rd, Bellingham, Washington",US,US,90.47619047619048,80.64516129032258,False,False,9. address variation
S1-570991149,S3-721939100,S3,James Summit Parts,summitjames.com,"3418 Caroline Avenue, Indianapolis, IN","Indianapolis, Indiana, 3418 Caroline Avenue",US,US,48.484848484848484,51.94805194805194,False,False,9. address variation
S1-364551424,S3-862757222,S3,Pediatric Dental Partners Inc,Pediatric Dental Pafrbtnesr Inc,"214 Heizer Street, Great Bend, KS","#214 Heizer Street, Great Bend, Kansas",US,US,93.33333333333333,93.93939393939394,False,False,9. address variation
S1-364551424,S2-256488311,S2,Pediatric Dental Partners Inc,Pediatric Pediatric Dental Partners Incorporated,"214 Heizer Street, Great Bend, KS","##214 HEIZER ST, GREAT BEND, KS",US,US,75.32467532467533,93.10344827586206,False,False,1. spelling corruption
S1-136309548,S2-334366109,S2,National Network Partners Corp,National Network Partners,"1214 3rd Street, Saint Charles, IL","9214 THIRD ST, ST. CHARLES, IL",US,US,90.9090909090909,77.96610169491525,False,False,9. address variation
S1-136309548,S2-201624539,S2,National Network Partners Corp,National  Network Partners,"1214 3rd Street, Saint Charles, IL","9214 THIRD STREET, ST. CHARLES, IL",US,US,90.9090909090909,85.71428571428572,False,False,9. address variation
S1-221694977,S2-312512196,S2,Anchor Keystone PLLC,ANCHOR KEYSTONE,"2935 Threechopt Road, Hampton City, VA",,US,US,85.71428571428572,0.0,False,False,6. missing address
S1-221694977,S3-972625702,S3,Anchor Keystone PLLC,Anchorkeystone.Com,"2935 Threechopt Road, Hampton City, VA","Hampton, Virginia, N/A, 2933 Threechopt Rd",US,US,84.21052631578947,45.333333333333336,False,False,1. spelling corruption
S1-175032905,S3-41713997,S3,Golden Industries Limited,G0lden Industries,"# Ff05, Sls Silver Oak V.R Pura, Kodigehally Cross, Bangalore, Karnataka","# Ff05, Bangalore, ಕರ್ನಾಟಕ",IN,IN,76.19047619047619,34.09090909090909,False,False,1. spelling corruption
S1-175032905,S3-274769577,S3,Golden Industries Limited,ಗೋಲ್ಡನ್ ಇಂಡಸ್ಟ್ರೀಸ್ ಲಿಮಿಟೆಡ್,"# Ff05, Sls Silver Oak V.R Pura, Kodigehally Cross, Bangalore, Karnataka","# Ff05, Bangalore, KA",IN,IN,7.547169811320753,40.963855421686745,False,False,10. cross-script
S1-662392275,S3-462087540,S3,Beacon Texas LLC,Beacon LLC  Service,"MA, Wareham, Unit 5, 2667 Cranberry Highway","2667-2669 Cranberry Highway, # 5, Wareham, Massachusetts",US,US,58.82352941176471,48.35164835164834,False,False,3. transliteration
S1-662392275,S2-309506129,S2,Beacon Texas LLC,Beacon Texas,"MA, Wareham, Unit 5, 2667 Cranberry Highway","2667 CRASBERRY HWY, MA, WAREHAM",US,US,85.71428571428572,49.27536231884058,False,False,1. spelling corruption
S1-662392275,S2-807280996,S2,Beacon Texas LLC,*** Beacon Texa LLC,"MA, Wareham, Unit 5, 2667 Cranberry Highway","2667 CRANBERRY HWY, WAREHAM, MA",US,US,96.7741935483871,52.17391304347826,False,False,9. address variation
S1-662392275,S2-378797640,S2,Beacon Texas LLC,Beacon Texas,"MA, Wareham, Unit 5, 2667 Cranberry Highway","2667 CRANBERRY HIGHWAY, WAREHAM, MA",US,US,85.71428571428572,60.273972602739725,False,False,1. spelling corruption
S1-281834436,S3-934448416,S3,AG Pmv LLC,LLC A6 Pmv,"GA, Atlanta, 1853 Liberty Parkway","1853 Liberty Pkwy, Atl, Georgia",US,US,50.0,56.666666666666664,False,False,9. address variation
S1-528869421,S2-218412349,S2,Laxmi International Pvt Ltd,लक्ष्मी इंटरनेशनल प्रा. लि.,"Indrayani Nagar Road, Near Hp Petrol Pump, Bhosari, Pune, Pune, Plot No Pap/J/55, Maharashtra, Pune City","PLOT NO PAP/J/55, INDRAYANI NAGAR ROAD, NEAR HP PETROL PUMP, BHOSARI, PUNE, PUNE, PUNE CITY, Maharashtra",IN,IN,11.538461538461542,76.28865979381443,False,False,10. cross-script
S1-528869421,S3-276107529,S3,Laxmi International Pvt Ltd,Laxmi Internati0nal  Pvt Ltd - 3781853255,"Indrayani Nagar Road, Near Hp Petrol Pump, Bhosari, Pune, Pune, Plot No Pap/J/55, Maharashtra, Pune City","MH, Indrayani Nagar Road, Near Hp Petrol Pump, Bhosari, Pune, Pune City, Plot No Pap/j/055, Pune",IN,IN,80.0,86.02150537634408,False,False,1. spelling corruption
S1-528869421,S2-691378534,S2,Laxmi International Pvt Ltd,लक्ष्मी इंटरनेशनल प्रा. लि.,"Indrayani Nagar Road, Near Hp Petrol Pump, Bhosari, Pune, Pune, Plot No Pap/J/55, Maharashtra, Pune City","PLOT NO PAP/J/55, INDRAYANI NAGAR ROAD, NEAR HP PETROL PUMP, BHOSARI, PUNE, PUNE, PUNE CITY, Maharashtra",IN,IN,11.538461538461542,76.28865979381443,False,False,10. cross-script
S1-991014000,S2-111768734,S2,All Care LLP,All  Care,"H.No. F-57 Second Floor Block F-Prashant Vihar Rohini, Newdelhi, New Delhi, Delhi","Delhi, H.NO. F-57 SECOND FLOOR BLOCK F-PRASHANT VIHAR ROHINI, NEWDELHI",IN,IN,80.0,84.72222222222221,False,False,1. spelling corruption
S1-991014000,S3-621527927,S3,All Care LLP,allcare.com,"H.No. F-57 Second Floor Block F-Prashant Vihar Rohini, Newdelhi, New Delhi, Delhi","Door No 652 H.no. F-57 Second Floor Block F-prashant Vihar Rohini, Newdelhi, New Delhi, DL",IN,IN,69.56521739130434,90.79754601226993,False,False,1. spelling corruption
S1-112170911,S2-333654995,S2,Innovative Impex Private Limited,इनोवेटिव इम्पेक्स प्राइवेट लिमिटेड,"G. No. 914/1, Mal Wadi, Ambegaon, Ranjani, Junnar, Pune, Maharashtra","G. NO. ##914/1, MAL WADI, AMBEGAON, RANJANI, PUNE, NARAYANGAON, Maharashtra",IN,IN,9.090909090909093,88.0,False,False,10. cross-script
S1-112170911,S3-963435744,S3,Innovative Impex Private Limited,इनोवेटिव इम्पेक्स प्राइवेट लिमिटेड,"G. No. 914/1, Mal Wadi, Ambegaon, Ranjani, Junnar, Pune, Maharashtra","G. No. 914/1, Mal Wadi, Ambegaon, Ranjani, Junnar, Pune, महाराष्ट्र",IN,IN,9.090909090909093,82.35294117647058,False,False,10. cross-script
S1-758405819,S3-435384083,S3,Shakti Foundation,Mr Shakti Foundation LLP,"11, Heritage Homes Thaltej, Ahmedabad, Gujarat","11, Ahmedabad, GJ",IN,IN,82.92682926829268,51.72413793103448,False,True,1. spelling corruption
S1-758405819,S3-469620494,S3,Shakti Foundation,શક્તિ ફાઉન્ડેશન,"11, Heritage Homes Thaltej, Ahmedabad, Gujarat","11, Ahmedabad, GJ, Ahmedabad, Heritage Homes Thaltej",IN,IN,6.25,54.94505494505495,False,True,10. cross-script
S1-927210220,S2-826257265,S2,Fletcher Summit Fashion LLC,Fletcher Summit Fasghn LLC,"111 58th Street, Unit 4, Ocean City, MD","OCEAN CITY, MD, 11 58TH ST",US,US,94.33962264150944,43.333333333333336,False,False,11. other
S1-927210220,S2-712146232,S2,Fletcher Summit Fashion LLC,FLETCHER FASHION LLC  SERVICE,"111 58th Street, Unit 4, Ocean City, MD","58TH ST, OCEAN CITY, MD",US,US,72.72727272727273,73.6842105263158,False,False,1. spelling corruption
S1-690101290,S3-235564706,S3,Beth Chapel,Beth Chapel LP,"1300 19th Street, Sacramento, CA","California, Sacramento, 19th St",US,US,88.0,44.067796610169495,False,False,1. spelling corruption
S1-586863972,S3-519692441,S3,United Program-Poolesville,Unitedprogrampoolesvillecom,"18311 Darnestown Road, Poolesville, MD","NULL, Maryland, Darnestown Rd, Poolesville",US,US,90.56603773584906,69.33333333333334,False,False,9. address variation
S1-459974907,S3-847277767,S3,Family Care Associates LLC,familycareassociates.com,"9706 Messina Crest Court, Richmond, TX","Messina Crest Ct, Richmond, Texas",US,US,88.0,83.5820895522388,False,False,1. spelling corruption
S1-871340025,S2-760902777,S2,Curry Arrived,#CÚRRYARRIVED,"12832 Pima Parkway, AZ, Topock","AZ, TOPPOCK, 12832 PIMA PKWY",US,US,88.0,55.55555555555556,True,False,10. cross-script
S1-310869379,S2-145018981,S2,Prime Investment Private Limited,प्राइम इन्वेस्टमेंट प्राइवेट लिमिटेड,"543-544, Sector 2 Shastri Nagar, Meerut, Uttar Pradesh","543-544, MEERUT, KAITHAL, Uttar Pradesh",IN,IN,8.823529411764708,64.36781609195403,False,True,10. cross-script
S1-310869379,S3-667454786,S3,Prime Investment Private Limited,प्राइम इन्वेस्टमेंट प्राइवेट लिमिटेड,"543-544, Sector 2 Shastri Nagar, Meerut, Uttar Pradesh","Sector 2 Shastri Nagar, उत्तर प्रदेश, 543-544, Meerut",IN,IN,8.823529411764708,57.425742574257434,False,False,10. cross-script
S1-163713466,S3-758987995,S3,Arts Institute Inc,Arts Inc-Service,"4517 Whetstone Court, Hampstead, MD","Maryland, 4517 Whetstone Court, Hampstead",US,US,64.70588235294117,83.33333333333334,False,False,1. spelling corruption
S1-163713466,S2-231414804,S2,Arts Institute Inc,Arts Institute Institute Inc0rporated,"4517 Whetstone Court, Hampstead, MD","WHETSTONE CT, HAMMPSTEAD CDP, MD",US,US,65.45454545454545,79.36507936507937,False,False,1. spelling corruption
S1-370525537,S2-138096359,S2,Trainer's Rapid Pizza LLC,Novitavo,"MN, Roseville, 2825 Pascal Street, Unit Apartment 8","ST PAUL, 2825 PASCAL SAINT, MN",US,US,18.181818181818176,55.263157894736835,False,False,9. address variation
S1-518993445,S3-963130374,S3,Ramirez Smart Travel LLC,Ramirez Smart LLC Center,"1017 Lubbock Lane, Durham, NC","Lubbock Ln, N/A, Durham, North Carolina",US,US,70.83333333333333,63.49206349206349,False,False,1. spelling corruption
S1-982636761,S3-466711563,S3,Ring & Norman LLC,Ring & Nomrn  LLC,"44 Lake Town Lane, Woodfin, NC","Lake Town Lane, Woodfin, North Carolina",US,US,91.89189189189189,76.92307692307692,False,False,9. address variation
S1-74846896,S3-810565834,S3,Global Agro Limited,ग्लोबल Agro Limited,"C-4, Opposite Bank Of Baroda, 22 Godam Industrial Area, Jaipur, Rajasthan","Plot 825 C-4, Opposite Bank Of Baroda, 22 Godam Industrial Area, Jaipur, RJ",IN,IN,68.42105263157895,88.57142857142857,False,False,10. cross-script
S1-976086362,S2-350891054,S2,Phillips Prudential LLC,Phillips LLC Services,"15 Union River Road, Mariaville, ME","UNION RIVER ROAD, ELLSWORTTH, ME",US,US,54.54545454545454,69.84126984126983,False,False,9. address variation
S1-635169629,S3-253497216,S3,Tri-State Health Center,Tri-State Health [Centre],"3206 Harding Village Drive, Marion, OH","Harding Village Dr, Marion, Ohio",US,US,95.65217391304348,84.84848484848484,False,False,9. address variation
S1-345851915,S2-34466855,S2,Wilson Dogecoin PLLC,PLLC Wilson Dógecoin,"1701 Roanoke Avenue, Chattanooga, TN","#1701 ROANOKE AVE, CHATTANOOGA, TN",US,US,70.0,95.38461538461537,False,False,10. cross-script
S1-682879814,S2-310110763,S2,Blue Bharat Food Limited,ಬ್ಲೂ ಭಾರತ್ ಫುಡ್ ಲಿಮಿಟೆಡ್,"G04, Quartz Ii, Krystal Campus 10 Sarjapur Main Road, Yemare Village, Bangalore, Karnataka","G04, BANGALORE URBAN, BANGALORE, ಕರ್ನಾಟಕ",IN,IN,12.5,37.704918032786885,False,False,10. cross-script
S1-682879814,S3-871682699,S3,Blue Bharat Food Limited,ಬ್ಲೂ ಭಾರತ್ ಫುಡ್ ಲಿಮಿಟೆಡ್,"G04, Quartz Ii, Krystal Campus 10 Sarjapur Main Road, Yemare Village, Bangalore, Karnataka","Door No 21 G04, Bangalore, KA",IN,IN,12.5,35.71428571428571,False,False,10. cross-script
S1-258134678,S3-778145523,S3,Baxter and Lambertson Inc,blambertson.com,"IN, 2918 Caroline Street, South Bend","Caroline St, South Bend, Indiana",US,US,65.0,68.75,False,False,1. spelling corruption
S1-258134678,S2-467973112,S2,Baxter and Lambertson Inc,Baxter and Lamnfetnsn Inc,"IN, 2918 Caroline Street, South Bend","2918 CAROLINE ST, S  BEND, IN",US,US,88.0,76.66666666666666,False,False,1. spelling corruption
S1-844197916,S3-208813387,S3,Certified Energy Group PLLC,Certified Group PLLC Center,"1204 Delphos Street, Kokomo, IN","204 Delphos Street, Kokomo, Indiana",US,US,74.07407407407408,90.32258064516128,False,False,1. spelling corruption
S1-844197916,S2-513793795,S2,Certified Energy Group PLLC,CERTIFIED ENERGY,"1204 Delphos Street, Kokomo, IN","KOKOMO, 1204 DELPHOS ST, IN",US,US,74.4186046511628,66.66666666666667,False,False,1. spelling corruption
S1-590796646,S3-291729350,S3,Bright Finance Private Limited,Bright Finance ಪ್ರೈವೇಟ್ ಲಿಮಿಟೆಡ್,"H No 405, 1St Floor, 2Nd Cross J.R Layout, Chelekere, Kalyannagar Post, Bangalore, Karnataka","Door No 405, 1St Floor, 2Nd Cross J.r Layout, Chelekere, Kalyannagar Post, Bangalore, KA",IN,IN,51.61290322580645,92.85714285714286,False,False,10. cross-script
S1-590796646,S3-859010191,S3,Bright Finance Private Limited,8right Finance Private Limited,"H No 405, 1St Floor, 2Nd Cross J.R Layout, Chelekere, Kalyannagar Post, Bangalore, Karnataka","H No 405, Bangalore, KA",IN,IN,96.66666666666667,39.252336448598136,False,False,8. common name
S1-173212101,S3-888951526,S3,Indo India Private Limited,Indo India Limited Center,"O305 3Rdflr T12Olive Para, Mountfloraville Sec137, Noida, Gautam Buddha Nagar, Uttar Pradesh",,IN,IN,70.58823529411764,0.0,False,False,6. missing address
S1-173212101,S3-662123337,S3,Indo India Private Limited,Indo Private India Limited,"O305 3Rdflr T12Olive Para, Mountfloraville Sec137, Noida, Gautam Buddha Nagar, Uttar Pradesh","O30 3Rdflr T12olive Para, Mountfloraville Sec137, Gautam Buddha Nagar, Noida, UP",IN,IN,76.92307692307692,86.58536585365853,False,False,5. word reordering
S1-715574136,S3-727192504,S3,Shyam Investment Private Limited,Smt Shyam Investment Prviilte Limited,"62, Perumal Kovil Street, Chengalpattu, Kanchipuram, Tamil Nadu","62, Chengalpattu, Kanchipuram, TN",IN,IN,86.95652173913044,67.41573033707866,False,True,1. spelling corruption
S1-752624286,S3-62377775,S3,Hunger League,Hunger Léague,"3823 Arp Central Road, Ripley, TN","#3823 Arp Central Rd, Ripley, Tennessee",US,US,92.3076923076923,86.56716417910448,False,False,10. cross-script
S1-156480533,S3-163881975,S3,Mumbai Integration Limited,Mumbai Limited Center,"Ground Floor, Master Mind Ii Royal Palms Estate, Aarey Colony, Gorega, On E, Mumbai, Mumbai City, Maharashtra","Ground Floor, Mumbai, Mumbai City, MH",IN,IN,59.57446808510638,50.0,False,False,9. address variation
S1-675826471,S3-869780028,S3,Indian Eastern Producer Limited,इंडियन ईस्टर्न प्रोड्यूसर लिमिटेड,"13 Arvindo Bulding, Sector 9 Charkop, Kandivli West, Mumbai, Mumbai City, Maharashtra","H.no ##13 Arvindo Bulding, Mumbai, Mumbai City, MH",IN,IN,9.375,64.0,False,False,10. cross-script
S1-675826471,S2-740357470,S2,Indian Eastern Producer Limited,इंडियन ईस्टर्न प्रोड्यूसर लिमिटेड,"13 Arvindo Bulding, Sector 9 Charkop, Kandivli West, Mumbai, Mumbai City, Maharashtra","#13 ARVINDO BULDING, MUMBAI, MUMBAI CITY, Maharashtra",IN,IN,9.375,75.96899224806202,False,False,10. cross-script
S1-675826471,S3-777087749,S3,Indian Eastern Producer Limited,इंडियन ईस्टर्न प्रोड्यूसर लिमिटेड,"13 Arvindo Bulding, Sector 9 Charkop, Kandivli West, Mumbai, Mumbai City, Maharashtra","##13 Arvindo Bulding, Mumbai, Mumbai City, MH",IN,IN,9.375,66.66666666666667,False,False,10. cross-script
S1-639734621,S2-388868538,S2,Anand Engineering,आनंद इंजीनियरिंग,"House No. 103, Shop No.5, Ground Floor Blk-F, Avantika, Sec-3, Rohini, North West, Delhi","NO A-345 HOUSE NO. 103, SHOP NO.5, GROUND FLOOR BLK-F, AVANTIKA, SEC-3, ROHINI, NORTH WEST, Delhi",IN,IN,6.060606060606055,94.67455621301775,False,False,10. cross-script
S1-639734621,S2-514143121,S2,Anand Engineering,Anand Engineering Córporation,"House No. 103, Shop No.5, Ground Floor Blk-F, Avantika, Sec-3, Rohini, North West, Delhi","H.NO A-345 HOUSE NO. 103, SHOP NO.5, GROUND FLOOR BLK-F, AVSNTIKA, SEC-3, ROHINI, Delhi",IN,IN,73.91304347826086,85.0,False,False,10. cross-script
S1-639734621,S3-45066152,S3,Anand Engineering,आनंद इंजीनियरिंग,"House No. 103, Shop No.5, Ground Floor Blk-F, Avantika, Sec-3, Rohini, North West, Delhi","House No. 103, Rohini, North West, DL",IN,IN,6.060606060606055,58.4070796460177,False,False,10. cross-script
S1-536088082,S3-235094770,S3,Rudra Advisors,Rudra Center,"Haryana, Plot No. 372 Udyog Vihar Phase 2, Gurgaon","Plot No. 372 Udyog Vihar Phase 2, Gurgaon, Gurugram, HR",IN,IN,53.84615384615385,79.59183673469387,False,False,9. address variation
S1-536088082,S3-7034637,S3,Rudra Advisors,Shri Rudra Admbitmsros,"Haryana, Plot No. 372 Udyog Vihar Phase 2, Gurgaon","Plot No. 372 Udyog Vihar Phase 2, Gurgaon, Gurugram, HR",IN,IN,66.66666666666667,79.59183673469387,False,False,1. spelling corruption
S1-638645934,S2-859205384,S2,First Emanuel,First Emanuel Córp,"10350 Claiborne Road, Claiborne, MD","CLAIBORNE ROAD, CLAIBORNE, MD",US,US,83.87096774193549,90.0,False,False,10. cross-script
S1-180628268,S3-223588591,S3,Morris Neuberger P.C.,Morris P.C. Service,"5544 Reighmoor Road, Town Of Omro, WI","Reighmoor Rd, Omro Township, Wisconsin",US,US,52.63157894736843,56.33802816901409,False,False,9. address variation
S1-180628268,S3-309990778,S3,Morris Neuberger P.C.,Morris Neuberger,"5544 Reighmoor Road, Town Of Omro, WI","005544 Reighmoor Rd, Omro Township, Wisconsin",US,US,88.88888888888889,64.1025641025641,False,False,1. spelling corruption
S1-392671167,S2-629851315,S2,Tech Technologies Pvt Ltd,ಟೆಕ್ ಟೆಕ್ನಾಲಜೀಸ್ ಪ್ರೈವೇಟ್ ಲಿಮಿಟೆಡ್,"K No 72, Bellahalli Village, Bangalore, Karnataka, No 22, Bangalore","NO 22, BANGALORE, ಕರ್ನಾಟಕ",IN,IN,10.169491525423723,35.29411764705882,False,False,10. cross-script
S1-392671167,S3-755125492,S3,Tech Technologies Pvt Ltd,Pvt Tech Technologies Limited,"K No 72, Bellahalli Village, Bangalore, Karnataka, No 22, Bangalore","Bangalore, ಕರ್ನಾಟಕ, ##22",IN,IN,77.77777777777779,31.707317073170728,False,False,1. spelling corruption
S1-836684364,S2-823602653,S2,Pune Auto Pvt Ltd,Pune Áuto Pvt Ltd,"Flat No. 502, Sr. No. 5A/3A/1, Mayfair Eleganza Phase Ii, Building, Kondhwa Kd, Pune, Maharashtra","502 , SR. NO. 5A/3A/1, MAYAFIR ELEGANZA PHASE II, BUILDING, KONDHWA KD, PUNE, Maharashtra",IN,IN,94.11764705882352,94.04761904761905,False,False,10. cross-script
S1-288357596,S3-446679450,S3,Foot & Ankle Physicians LLC,Foot & Ankle LLC Center,"4008 Smallboat Ct, Louisville, KY","004008 Smallboat Ct, Louisville, Kentucky",US,US,66.66666666666667,88.57142857142857,False,False,1. spelling corruption
S1-73612767,S2-545740180,S2,Murphy Science Group,murphysciencegroup.com,"400 David Street, Fall River, MA","00 DAVID ST, FALL RIVER, MA",US,US,85.71428571428572,90.9090909090909,False,False,1. spelling corruption
S1-809472312,S2-424180676,S2,Shree Engineering Private Limited,श्री इंजीनियरिंग प्राइवेट लिमिटेड,"1/56 D, First Floor, Office No. 102, 103, 104 Lalita Park, Laxmi Nagar, Delhi, East Delhi, Delhi","D, DELHI, EAST DELHI, Delhi",IN,IN,9.090909090909093,43.24324324324324,False,False,10. cross-script
S1-126023211,S3-702137553,S3,Visakhapatnam Homeopathy LLP,Visakhapatnam LLP Cénter Cénter,"31-50-10, Plot No. 45Gc, Green City Rw-58, Visakhapatnam, Andhra Pradesh, Vishakhapatnam, Visakhapatnam",,IN,IN,57.6271186440678,0.0,False,False,6. missing address
S1-299978139,S2-679406584,S2,Beacon Ace Figx,Beacon Figx Center,"TX, Greenville, 2010 Morse Street","2010-2012 MORSE ST, GREENVILLE, TX",US,US,66.66666666666667,53.968253968253975,False,False,1. spelling corruption
S1-299978139,S3-993112376,S3,Beacon Ace Figx,áce Beacon Figx,"TX, Greenville, 2010 Morse Street","2010 Morse Street, Greenville, Texas",US,US,73.33333333333334,52.3076923076923,False,False,10. cross-script
S1-739298769,S2-816819411,S2,JG Zhejiang PLLC,JG PLLC PARTNERS,"34 Cedar Road, Brookhaven, NY","BROOKHAVEN, NY, 0034 CEDAR ROAD",US,US,43.75,46.42857142857143,False,False,3. transliteration
S1-808521491,S3-361165095,S3,Bell Diamond Consumer,Bell Díamond Consumer,"100 Sauer Alley, La Grange, KY","0100 Sauer Alley, La Grange, Kentucky, NULL",US,US,95.23809523809523,82.35294117647058,False,False,10. cross-script
S1-808521491,S3-733129594,S3,Bell Diamond Consumer,-- Bell Dinabmond  Consumer,"100 Sauer Alley, La Grange, KY","La Grange, NULL, Kentucky, 0100 Sauer Alley",US,US,95.45454545454545,44.11764705882353,False,False,11. other
S1-512241895,S3-137141994,S3,Tri-State First Duration LLC,Tri-State Fírst Duration LLC,"12000 Indiana Street, College Corner, OH","College Corner, 12002 Indiana St, Ohio",US,US,96.42857142857143,48.64864864864865,False,False,10. cross-script
S1-512241895,S3-797606579,S3,Tri-State First Duration LLC,Tri-State First-LLC Services,"12000 Indiana Street, College Corner, OH","12002 Indiana St, College Corner, Ohio",US,US,67.85714285714286,89.1891891891892,False,False,1. spelling corruption
S1-637752249,S2-789102627,S2,Precision Robotics Consultants,Precision Róbotics Consultants,"119 Hillock Court, City Of Appleton, WI","WI, APPLETON, 119 HILLOCK COURT",US,US,96.66666666666667,51.515151515151516,False,False,10. cross-script
S1-637752249,S2-547507593,S2,Precision Robotics Consultants,Precision Consultants Center,"119 Hillock Court, City Of Appleton, WI",,US,US,72.41379310344827,0.0,False,False,6. missing address
S1-637752249,S2-552573802,S2,Precision Robotics Consultants,Precision Robotics Robotics,"119 Hillock Court, City Of Appleton, WI",,US,US,77.19298245614034,0.0,False,False,6. missing address
S1-132341524,S3-35824502,S3,Regional Certified Immunopharma Inc,Regionalcertifiedimmunopharma.Com,"TX, 1502 Spring Street, Amarillo","1501 Spring St, Amarillo, Texas",US,US,91.17647058823529,74.57627118644068,False,False,9. address variation
S1-132341524,S3-276502860,S3,Regional Certified Immunopharma Inc,Regional Certified Immunopharma,"TX, 1502 Spring Street, Amarillo","1501 Spring St, Amarillo, Texas",US,US,93.93939393939394,74.57627118644068,False,False,9. address variation
S1-811728610,S2-671612333,S2,Shyam Construction Private Limited,শ্যাম কনস্ট্রাকশন প্রাইভেট লিমিটেড,"55 Bplabi Rash Ebhari Basurd, Kolkata, Calcutta, West Bengal","DOOR NO 55 BPLABI RASH EBHARI BASURD, KOLKATA, CALCUTTA, West Bengal",IN,IN,8.823529411764708,93.44262295081968,False,False,10. cross-script
S1-811728610,S2-926105250,S2,Shyam Construction Private Limited,শ্যাম কনস্ট্রাকশন প্রাইভেট লিমিটেড,"55 Bplabi Rash Ebhari Basurd, Kolkata, Calcutta, West Bengal","NO 55 BPLABI RAHS EBHARI BASURD, KOLKATA, CALCUTTA, West Bengal",IN,IN,8.823529411764708,95.72649572649573,False,False,10. cross-script
S1-811728610,S2-245828320,S2,Shyam Construction Private Limited,শ্যাম কনস্ট্রাকশন প্রাইভেট লিমিটেড,"55 Bplabi Rash Ebhari Basurd, Kolkata, Calcutta, West Bengal","H.NO 55 BPLABI RASH EBHARI BASURD, KOLKATA, CALCUTTA, West Bengal",IN,IN,8.823529411764708,95.7983193277311,False,False,10. cross-script
S1-75097048,S2-521196797,S2,International Projects Private Limited,ఇంటర్నేషనల్ ప్రాజెక్ట్స్ ప్రైవేట్ లిమిటెడ్,"Plot No.111, Road No.10, Shaikpet, Hyderabad, Telangana","Telangana, SHAIKPET, PLOT NO.111, HYDERABAD",IN,IN,7.499999999999996,50.54945054945055,False,False,10. cross-script
S1-75097048,S3-91346041,S3,International Projects Private Limited,ఇంటర్నేషనల్ ప్రాజెక్ట్స్ ప్రైవేట్ లిమిటెడ్,"Plot No.111, Road No.10, Shaikpet, Hyderabad, Telangana","Plot No.109, Road No.10, Shaikpet, Hyderabad, తెలంగాణ",IN,IN,7.499999999999996,80.0,False,False,10. cross-script
S1-421352431,S3-202079969,S3,Shree Impex Private Limited,Sri Shree Impex Private Ltd,"Plot No- 38/1232, Kamala Nivas, Rice Mill Compound, Kalyani Nagar, Cuttack, Orissa","Plot No- 3-8/1232, Cuttack, OD",IN,IN,85.18518518518519,48.54368932038835,False,False,1. spelling corruption
S1-317542302,S2-323776162,S2,Agro Aman Producer Private Limited,Agro An Producer Private-Limited,"Matoshree Nivas, G N 185, Otur Ozar Road Dholawada Fata, A/P Dholawada, Tq Junnar, Pune, Maharashtra","MATOSHREE NIVAS, G N 0185, OTUR OZAR ROAD DHOLAWADA FATA, A/P DHOLAWADA, TQ JUNNAR, PUNE, Maharashtra",IN,IN,96.96969696969697,99.47089947089947,False,False,9. address variation
S1-688755509,S3-316216784,S3,Abhinav Services Private Limited,Private Abhinav Servncgs Limited,"Secunderabad, Kurnool, 209 2Nd Floor, Tara Tycoon Tarnaka, 12-13-97, Andhra Pradesh","Secunderabad, ఆంధ్రప్రదేశ్, 209 2Nd Floor, Tara Tycoon Tarnaka, 12-13-97, Kurnool",IN,IN,68.75,75.32467532467533,False,False,1. spelling corruption
S1-222510689,S3-845116235,S3,Services Micro Infotech Limited,Services-Micro Limited Service,"Tamil Nadu, Austin Nagar, Cenatoph 1St Lane, Tenampet, Chennai, No. 3","H.no 3, Chennai, TN",IN,IN,72.1311475409836,35.0,False,False,1. spelling corruption
S1-234746848,S2-783261167,S2,Family Society LLC,@familysociety,"1603 Airy Hill Court, Unit 11D, Crofton, MD","CROFTON, MD, 1603C AIRY HILL CT",US,US,83.87096774193549,49.27536231884058,False,False,1. spelling corruption
S1-714842447,S3-515085771,S3,Kolkata Services Private Limited,kolkataservices.com,"166 A Sarat Ghosh Garden Road Kolkata, Kolkata, Howrah, West Bengal","66 A Sarat Ghosh Garden Road Kolkata, Kolkata Region, Howrah, পশ্চিমবঙ্গ",IN,IN,66.66666666666667,78.19548872180451,False,False,1. spelling corruption
S1-937200748,S3-960063875,S3,Good Logistics Private Limited,गुड लॉजिस्टिक्स प्राइवेट लिमिटेड,"H.No. C/301 Nr. Rbt School Khambalpada, Kalyan, Thane, Maharashtra","H.no. C/301 Nr. Rbt School Khambalpada, Kalyan, Thane, MH",IN,IN,9.677419354838712,92.03539823008849,False,False,10. cross-script
S1-937200748,S2-362977356,S2,Good Logistics Private Limited,गुड लॉजिस्टिक्स प्राइवेट लिमिटेड,"H.No. C/301 Nr. Rbt School Khambalpada, Kalyan, Thane, Maharashtra","H.NO. C/30 NR. RBT SCHOOL KHAMBALPADA, KALYAN, THANE, Maharashtra",IN,IN,9.677419354838712,99.17355371900827,False,False,10. cross-script
S1-595151576,S3-301007895,S3,Dais Inc,Dis (Inc),"Lindenhurst, 170 Newark Street, NY","Newark St, Lindenhurst, New York",US,US,93.33333333333333,54.83870967741935,False,False,9. address variation
S1-215321490,S3-618809687,S3,Maid Nails LLC,Maid Nails (ID: 61238),"WI, 9759 84th Place, Village Of Pleasant Prairie","9759 84st Place, Pleasant Prairie, Wisconsin",US,US,66.66666666666667,70.45454545454545,False,False,1. spelling corruption
S1-215321490,S3-923693520,S3,Maid Nails LLC,Maid Náils Náils LLC,"WI, 9759 84th Place, Village Of Pleasant Prairie","Wisconsin, Village Of Pleasant Prairie, 9759 84st Pl",US,US,76.47058823529412,64.58333333333333,False,False,10. cross-script
S1-170162420,S3-625872774,S3,Mountain Legacy House,Mountain Legacy Hóuse,"1800 Albany Drive, Unit APARTMENT 1422, Broken Arrow, OK","01788 Albany Drive, Brokn Arrow CITY, Oklahoma",US,US,95.23809523809523,61.855670103092784,False,False,10. cross-script
S1-170162420,S2-989163383,S2,Mountain Legacy House,Mountain Legacy Legacy,"1800 Albany Drive, Unit APARTMENT 1422, Broken Arrow, OK","1788 ALBNY DRIVE, BROKEN ARROW, OK",US,US,79.06976744186046,70.58823529411764,False,False,1. spelling corruption
S1-375389999,S2-6441109,S2,Three & Brothers Pvt. Ltd.,Three & 8rothers Pvt. Ltd,"Vill-Chandaprasadpur, Po-Purendrapur, Ps Kandi, Mouza Chator, Touzi -15, J.L-46, Khatian -14, Lr-, 226, R.S- 5, Murshidabad, West Bengal","NO 805 VILL-CHANDAPRASADPUR, PO-PURENDRAPUR, PS KANDI, MOUZA CHATOR, TOUZI -15, J.L-46, KHATIAN -14, LR-, 226, R.S- 5, MURSHIDABAD, N/A, West Bengal",IN,IN,96.15384615384616,95.65217391304348,False,False,9. address variation
S1-375389999,S2-428555308,S2,Three & Brothers Pvt. Ltd.,THREEBROTHERS.COM,"Vill-Chandaprasadpur, Po-Purendrapur, Ps Kandi, Mouza Chator, Touzi -15, J.L-46, Khatian -14, Lr-, 226, R.S- 5, Murshidabad, West Bengal","NO 805 VILL-CHANDAPRASADPUR, PO-PURENDRAPUR, PS KANDI, MOUZA CAHTOR, TOUZI -15, J.L-46, KHATIAN -14, LR-, 226, R.S- 5, MURSHIDABAD, N/A, West Bengal",IN,IN,65.11627906976744,94.86166007905138,False,False,1. spelling corruption
S1-375389999,S2-994467506,S2,Three & Brothers Pvt. Ltd.,THREE & BRÓTHERS PVT. LTD.,"Vill-Chandaprasadpur, Po-Purendrapur, Ps Kandi, Mouza Chator, Touzi -15, J.L-46, Khatian -14, Lr-, 226, R.S- 5, Murshidabad, West Bengal","805 VILL-CHANDAPRASADPUR, PO-PURENDRAPUR, PS KANDI, MOUZA CHATOR, TOUZI -15, J.L-46, KHATIAN -14, LR-, 226, R.S- 5, MURSHIDABAD, N/A, West Bengal",IN,IN,96.15384615384616,96.8,False,False,10. cross-script
S1-375389999,S3-550931146,S3,Three & Brothers Pvt. Ltd.,Ltd. Three Brothers Pvt. Service,"Vill-Chandaprasadpur, Po-Purendrapur, Ps Kandi, Mouza Chator, Touzi -15, J.L-46, Khatian -14, Lr-, 226, R.S- 5, Murshidabad, West Bengal","Vill-chandaprasadbur, Po-purendrapur, Ps Kandi, Mouza Chator, Touzi -15, J.l-46, Khatian -14, Lr-, 226, R.s- 5, Murshidabad, WB",IN,IN,67.85714285714286,95.27896995708154,False,False,1. spelling corruption
S1-375389999,S2-532603540,S2,Three & Brothers Pvt. Ltd.,Three &  Birothers Pvt. Ltd.,"Vill-Chandaprasadpur, Po-Purendrapur, Ps Kandi, Mouza Chator, Touzi -15, J.L-46, Khatian -14, Lr-, 226, R.S- 5, Murshidabad, West Bengal","H.NO 805 VILL-CHANDAPRASADPUR, PO-PURENDRAPUR, PS KANDI, MOUZA CHATOR, TOUZI -15, J.L-46, KHATIAN -14, LR-, 226, R.S- 5, MURSHIDABAD, N/A, West Bengal",IN,IN,98.11320754716981,94.90196078431372,False,False,9. address variation
S1-820563747,S3-441242031,S3,Shivtara Consultancy Private Limited,scprivate.com,"Delhi, Gf Vishnu Garden, Khyala, Na-235-A, West Delhi, Delhi","Na-235-a, Gf Vishnu Garden, Khyala, Delhi, West Delhi, DL",IN,IN,44.89795918367348,72.89719626168225,False,False,9. address variation
S1-984630584,S3-839022324,S3,Delta United Security LLC,Delta United LLC [Center],"Vancouver, 7525 99th Avenue, WA","752 99st Ave, Vancouver, Washington",US,US,66.66666666666667,54.83870967741935,False,False,1. spelling corruption
S1-64324170,S2-398844374,S2,Ventures Goel Publications Partners,@venturesg0el,"Flat No 208, Block-I, Smr, Vinay Fountainhead, Hyder, Tirumalagiri, Hyderabad, Telangana","FLAT NO 208- , BLOCK-I, SMR, VINAY FOUNTAINHEAD, HYDER, TIRUMALAGIRI, Telangana",IN,IN,46.808510638297875,93.42105263157895,False,False,9. address variation
S1-64324170,S2-838594885,S2,Ventures Goel Publications Partners,goelventurespublications.com,"Flat No 208, Block-I, Smr, Vinay Fountainhead, Hyder, Tirumalagiri, Hyderabad, Telangana","FLAT NO 208, TIRUMALAGIRI, Telangana",IN,IN,66.66666666666667,59.13043478260869,False,False,1. spelling corruption
S1-866965899,S2-829426445,S2,Accent Ventures Pvt Ltd,LYRADREXVANTAGE,"Plot No.66 B Kh.No.153 Khargapur Chinhat Near Aryavart Gramin Bank, Lucknow, Uttar Pradesh","NO #66 B KH.NO.153 KHARGAPUR CHINHAT NEAR ARYAVART GRAMIN BANK, LUCKNOW, उत्तर प्रदेश",IN,IN,31.57894736842105,83.52941176470588,False,False,9. address variation
S1-776657386,S2-801426156,S2,Ferris Innovative,Ferris Ínnovative,"1320 Hembree Avenue, AR, Springdale","001320 HEMBREE AVENUE, SPRINGDALE, AR",US,US,94.11764705882352,88.23529411764706,False,False,10. cross-script
S1-614343291,S2-996550340,S2,Scholarship Alliance,Scho1arship Alliance,"124 Veterans Boulevard, Owensboro, KY","VETERANS BLVD, OEWNSBORO, KY",US,US,95.0,81.9672131147541,False,False,9. address variation
S1-557352315,S2-158385022,S2,Pediatric Partners LLC,PEDIATRIC [PARTNERS],"25806 St James Avenue, Buckeye, AZ","0025806 ST JAMES AVENUE, BUCKEYE, AZ",US,US,90.0,96.96969696969697,False,False,9. address variation
S1-557352315,S2-59504453,S2,Pediatric Partners LLC,PEDIATRIC  PARTNERS #92308,"25806 St James Avenue, Buckeye, AZ","0025806 ST JAMES AVE, BUCKEYE, AZ",US,US,82.6086956521739,92.06349206349206,False,False,1. spelling corruption
S1-780751170,S2-366633402,S2,Bangalore North Logistics LLP,LLP BANGALORE NORH LOGISTICS,"No-6, 3Rd Cross, 3Rd Main, 2Nd Block, Hrbr Layout, Bangalore North, Bangalore, Karnataka","BANGALORE, NO-6, BANGALORE NORTH, Karnataka",IN,IN,84.21052631578947,54.54545454545454,False,False,1. spelling corruption
S1-780751170,S3-771110824,S3,Bangalore North Logistics LLP,8angalore North Logistics L.L.P.,"No-6, 3Rd Cross, 3Rd Main, 2Nd Block, Hrbr Layout, Bangalore North, Bangalore, Karnataka","#688 No-6, Bangalore, ಕರ್ನಾಟಕ, 3Rd Cross, 3Rd Main, 2Nd Block, Hrbr Layout, Bangalore North",IN,IN,93.33333333333333,74.39024390243902,False,False,9. address variation
S1-851206697,S3-534481172,S3,Aditya Foundation Private Limited,Mr Aditya Foundation [Private],"No 10-10-26, Pr South Street, Chinnalaptty Village, Dinidigul District, Dindigul, Tamil Nadu","#10-10-26/7, Pr South Street, Chinnalaptty Village, Dindigul, TN",IN,IN,81.9672131147541,78.08219178082192,False,False,1. spelling corruption
S1-851206697,S3-362072531,S3,Aditya Foundation Private Limited,ஆதித்யா ஃபவுண்டேஷன் பிரைவேட் லிமிடெட்,"No 10-10-26, Pr South Street, Chinnalaptty Village, Dinidigul District, Dindigul, Tamil Nadu","H.no 10-10-26/7, Dindigul, Dinidigul District, TN",IN,IN,8.571428571428575,58.64661654135339,False,False,10. cross-script
S1-851206697,S2-827096480,S2,Aditya Foundation Private Limited,ஆதித்யா ஃபவுண்டேஷன் பிரைவேட் லிமிடெட்,"No 10-10-26, Pr South Street, Chinnalaptty Village, Dinidigul District, Dindigul, Tamil Nadu","A-10-10-26, DINIDIGUL DISTRICT, DINDIGUL, தமிழ்நாடு",IN,IN,8.571428571428575,56.29629629629629,False,False,10. cross-script
S1-733078674,S3-317780765,S3,Hagan Crystal Lane Ltd,Ltd Hagan Cgysal Lane,"3285 Apache Street, Kingman, AZ","03285 Apache Street, Kingman, Arizona",US,US,74.4186046511628,90.625,False,False,1. spelling corruption
S1-394745789,S3-555396173,S3,"Womens Health Care, LLC","Womens Hea1th Care,","16413 Roundtop Road, Sulphur Springs, AR","6413 Roundtop Road, Sulphur Springs, Arkansas",US,US,85.0,91.35802469135803,False,False,1. spelling corruption
S1-394745789,S2-414847560,S2,"Womens Health Care, LLC","Womens Health Care,","16413 Roundtop Road, Sulphur Springs, AR","ROUNDTOP RD, SULPHUR SPRINGS, AR",US,US,90.0,88.23529411764706,False,False,9. address variation
S1-394745789,S3-85078639,S3,"Womens Health Care, LLC","Women Health  Care, LLC","16413 Roundtop Road, Sulphur Springs, AR","Arkansas, Sulphur Springs, 6413 Roundtop Road",US,US,97.67441860465115,51.85185185185186,False,False,9. address variation
S1-769336991,S3-826507676,S3,Hayes Frontier Diagnostics LLC,Hayes Fronctier  Diagnostics LLC,"6039 Webster Road, NY, Orchard Park","6041 Webster Road, Orchard Park Township, New York",US,US,98.36065573770492,69.1358024691358,False,False,9. address variation
S1-769336991,S3-707307851,S3,Hayes Frontier Diagnostics LLC,hfdiagnostics.com,"6039 Webster Road, NY, Orchard Park","6041 Webster Rd, Orchard Park Township, New York",US,US,63.829787234042556,65.82278481012658,False,False,1. spelling corruption
S1-544953141,S2-74653028,S2,Enterprises (India) Tour Pvt Ltd,Pvt Enterprises (nIdia) Tour (Ltd),"1St Floor, Plot No D2C & D2D, The Red Carpet Sowmya Nagar 2Nd Main Road, Perumbakkam, Chennai, Tamil Nadu","CHENNAI, KANCHEEPURAM, 1ST- FLOR, Tamil Nadu",IN,IN,83.33333333333334,35.2112676056338,False,False,1. spelling corruption
S1-984270394,S3-908144426,S3,Shiva Software Private Limited,शिवा सॉफ्टवेयर प्राइवेट लिमिटेड,"Flat 200 Janta Flat T/F, Cat-E Gr-2 Pkt-B Sec 16-B, New Delhi, South West Delhi, Delhi","No. 388 Flat 200 Janta Flat T/f, Cat-e Gr-2 Pkt-b Sec 16-B, South West Delhi, DL",IN,IN,9.836065573770492,87.34177215189874,False,False,10. cross-script
S1-984270394,S2-291919878,S2,Shiva Software Private Limited,Smt shivasoftware.com,"Flat 200 Janta Flat T/F, Cat-E Gr-2 Pkt-B Sec 16-B, New Delhi, South West Delhi, Delhi","FLAT #200 JANTA FLAT T/F, CAT-E GR-2 PKT-B SEC 16-B, NEW DELHI, दिल्ली",IN,IN,58.82352941176471,81.08108108108108,False,False,9. address variation
S1-984270394,S3-481022923,S3,Shiva Software Private Limited,shivasoftware.com,"Flat 200 Janta Flat T/F, Cat-E Gr-2 Pkt-B Sec 16-B, New Delhi, South West Delhi, Delhi","No. 388 Flat 200 Janta Flat T/f, South West Delhi, DL",IN,IN,63.829787234042556,65.15151515151516,False,False,1. spelling corruption
S1-516986650,S2-747461417,S2,Crystal Services,Sri Crystal Services,"21/2-Ga Pn - 32, Shop - 03, Sadashiv Nagar, Jalgoan, Jalgaon, Maharashtra","Maharashtra, 21/2-GA PN - 32, SHOP - 03, SADASHIV NAGAR, JALGOAN",IN,IN,88.88888888888889,73.33333333333334,False,False,1. spelling corruption
S1-273487303,S2-705959956,S2,Reliable Enterprises,reliableenterprises.com,"Mumbai, Maharashtra, Mumbai, 49/1604 Sector 2B Evershinemillenium Paradise Thakur I Road Mumbai","महाराष्ट्र, H.NO A-49/1604 SECTOR 2B EVERSHINEMILLENIUM PARADISE THAKUR I ROAD MUMBAI, MUMBAI",IN,IN,88.37209302325581,77.59562841530054,False,False,1. spelling corruption
S1-273487303,S3-607613120,S3,Reliable Enterprises,Dr Reliable Enterprises,"Mumbai, Maharashtra, Mumbai, 49/1604 Sector 2B Evershinemillenium Paradise Thakur I Road Mumbai","49/1604 Sector 2B Evershinemillenium Paradise Tcakur I Road Mumbai, Mumbai, MH",IN,IN,93.02325581395348,77.38095238095238,False,False,9. address variation
S1-454456606,S2-731664773,S2,Rabi Tech Private Limited,Shri techprivate.com,"Delhi, New Delhi, H.No. 1331/19, Central Delhi, Hari Singh Nalwa Street, Karol Bagh","#1331/19, HARI SINGH NALWA STREET, KAROL BAGH, NEW DELHI, DELHI",IN,IN,71.11111111111111,62.22222222222222,False,False,1. spelling corruption
S1-208182916,S3-881455628,S3,Supreme Surya Power Private Limited,సుప్రీమ్ సూర్య పవర్ ప్రైవేట్ లిమిటెడ్,"G-1 Seshadri Towers G-16/A Madhuranagar, Hyderabad, Telangana","G-1 Seshadri Towers G-16/a Madhuranagar, Hyderabad, తెలంగాణ",IN,IN,11.111111111111116,86.20689655172413,False,False,10. cross-script
S1-490776699,S2-892993256,S2,Turner Platinum Transport LLC,Turner Platinum Transport,"Cleburne, TX, 1605 Spring Branc Drive","TX, CLEBURNE, 1605 SPRING BRANC DR",US,US,92.5925925925926,86.56716417910448,False,False,9. address variation
S1-490776699,S2-419899895,S2,Turner Platinum Transport LLC,JAXZEPHNYLA,"Cleburne, TX, 1605 Spring Branc Drive","1605 Spring Branc Dr, CLEBURNE, TX",US,US,19.999999999999996,62.68656716417911,False,False,9. address variation
S1-444783381,S2-488290672,S2,Wildlife League LLC,Wildlife Ltaaeue LLC,"22888 244, Overton, TX","244, PO BOX 6258, OVERTON, TX",US,US,87.17948717948718,60.86956521739131,False,False,1. spelling corruption
S1-444783381,S3-744542140,S3,Wildlife League LLC,Wildlife LLC Center,"22888 244, Overton, TX","244, Overton, Texas",US,US,63.1578947368421,75.67567567567568,False,False,1. spelling corruption
S1-653859081,S3-301317840,S3,Eastern Logistics Inc.,Eastern  Inc. Services,"760 Falls Road, Aurora, NY","New York, 760 Falls Rd, W. Falls",US,US,63.41463414634146,52.83018867924528,False,False,1. spelling corruption
S1-518504981,S3-832953533,S3,United Business Limited,Solcirairi,"C402Ajmera Infinity Neeladri Doddathogur, Electronic City Phase I, Bangalore, Karnataka","C402ajmera Infinity Neeladri Doddathogur, Electronic City Phase I, Bangalore, ಕರ್ನಾಟಕ",IN,IN,24.242424242424242,90.36144578313254,False,False,9. address variation
S1-730485969,S2-404837599,S2,Hotel Star Energy Private Limited,होटल स्टार एनर्जी प्राइवेट लिमिटेड,"Office No 127, Amrit Diamond Trade Centre Pvt Ltd. Cooper Building Swadeshi Mill Compound, Girgaon, Mumbai, Mumbai City, Maharashtra","OFFICE NO 27, MUMBAI CITY, Maharashtra",IN,IN,11.940298507462687,44.44444444444444,False,False,10. cross-script
S1-730485969,S2-705242200,S2,Hotel Star Energy Private Limited,होटल स्टार एनर्जी प्राइवेट लिमिटेड,"Office No 127, Amrit Diamond Trade Centre Pvt Ltd. Cooper Building Swadeshi Mill Compound, Girgaon, Mumbai, Mumbai City, Maharashtra","OFFICE NO 27, MUMBAI, Maharashtra",IN,IN,11.940298507462687,39.490445859872615,False,False,10. cross-script
S1-730485969,S3-654946940,S3,Hotel Star Energy Private Limited,#hotelstar,"Office No 127, Amrit Diamond Trade Centre Pvt Ltd. Cooper Building Swadeshi Mill Compound, Girgaon, Mumbai, Mumbai City, Maharashtra","MH, Mumbai City, H.no 140 Office No 127, Mumbai",IN,IN,42.85714285714286,28.235294117647058,False,False,3. transliteration
S1-442887528,S3-135487555,S3,All Constructions LLP,ऑल कंस्ट्रक्शंस एलएलपी,"19/493 Narayanpur, Auraiya, Etwah, Uttar Pradesh","Auraiya, Etwah, UP, 19/493/2 Narayanpur",IN,IN,9.302325581395355,46.913580246913575,False,False,10. cross-script
S1-267912859,S2-382771566,S2,Brand Analytics Inc,Brand Anaflygmtics Inc,"1363 Ferguson Avenue, Unit APT F, Saint Louis, MO","MO, FERGUSON AVENUE, SAINT LOUIS",US,US,92.6829268292683,73.6842105263158,False,False,9. address variation
S1-202519196,S3-669667528,S3,Balaji Properties Private Limited,बालाजी प्रॉपर्टीज प्राइवेट लिमिटेड,"24/22 Street No.4, Master Mohalla, Libaspur, Delhi","H.no 24/22 Street No.4, Libaspur, Master Mohalla, DL",IN,IN,8.955223880597018,72.91666666666667,False,False,10. cross-script
S1-202519196,S2-502437,S2,Balaji Properties Private Limited,Balaji Properties,"24/22 Street No.4, Master Mohalla, Libaspur, Delhi","NO 24/22 STREET NO.4, MASTER MOHALLA, Delhi",IN,IN,68.0,86.36363636363636,False,False,1. spelling corruption
S1-202519196,S2-487648763,S2,Balaji Properties Private Limited,बालाजी प्रॉपर्टीज प्राइवेट लिमिटेड,"24/22 Street No.4, Master Mohalla, Libaspur, Delhi","#24/22 STREET NO.4, MASTER MOHALLA, LIBASPUR, दिल्ली",IN,IN,8.955223880597018,88.42105263157895,False,False,10. cross-script
S1-627939097,S2-11767392,S2,Technologies Morgan India Private Limited,TECHNOLOGIESMORGANINDIA.COM,"A-10, Ashok Puri Colony, Road No. - 1, Khajpura, Bailey Road, Phulwari, Patna, Bihar","A-#10, ASHOK PURI COLONY, ROAD NO. - 1, KHAJPURA, BAILEY ROAD, PHULWARI, Bihar",IN,IN,73.52941176470588,95.77464788732395,False,False,1. spelling corruption
S1-627939097,S3-316516704,S3,Technologies Morgan India Private Limited,Technologies Mergmna India Private Limited,"A-10, Ashok Puri Colony, Road No. - 1, Khajpura, Bailey Road, Phulwari, Patna, Bihar","Door No 737 A-10, Ashok Puri Colony, Road No. - 1, Khajpura, Bailey Road, Phulwari, Patna, बिहार",IN,IN,93.97590361445783,86.25,False,False,9. address variation
S1-672089307,S3-527696265,S3,Metro Iron Works,metroironworks.com,"132 Granite Path, Liberty Hill, TX","284 Granite Path, Liberty Hill, Texas",US,US,82.35294117647058,89.55223880597015,False,False,1. spelling corruption
S1-672089307,S3-157316206,S3,Metro Iron Works,Metro Works Center,"132 Granite Path, Liberty Hill, TX","284 Granite Path, Liberty Hill, Texas",US,US,64.70588235294117,89.55223880597015,False,False,1. spelling corruption
S1-505052722,S3-347376258,S3,Overson Star Jaws Corp,oversonstarjaws.com,"NC, 2004 Grenville Court, New Bern","2004 Grenville Ct, New Bern, North Carolina",US,US,87.8048780487805,71.23287671232876,False,False,1. spelling corruption
S1-793549627,S3-241828042,S3,Global Logistics Private Limited,Global Logistics Limited  Center (ID: 76650),"X - 30, Okhla Industrial Area Phase - Ii, New Delhi, South Delhi, Delhi","X - 30, South Delhi, New Delhi, DL",IN,IN,66.66666666666667,54.347826086956516,False,False,1. spelling corruption
S1-142410064,S3-764665911,S3,Karavali Ramesh Private Limited,karava1iramesh.com,"C/O Signature Resort, Tdi City, Fatehabad Road, Agra, Uttar Pradesh","C/o Signature Resort, Fatehabad, UP",IN,IN,61.224489795918366,68.75,False,False,1. spelling corruption
S1-734787289,S2-702858994,S2,Gulf State LLC,Gulf LLC Service,"209 Timber Ridge Drive, NC, Cajah's Mountain","TIMBER RIDGE DR, LENOIR, NC",US,US,53.333333333333336,59.70149253731343,False,False,9. address variation
S1-734787289,S3-258396031,S3,Gulf State LLC,Gulf Státe LLC,"209 Timber Ridge Drive, NC, Cajah's Mountain","North Carolina, Cajah'S Mountain, 209 Timber Ridge Dr",US,US,92.85714285714286,47.31182795698925,False,False,10. cross-script
S1-734787289,S3-214828499,S3,Gulf State LLC,Gulf State,"209 Timber Ridge Drive, NC, Cajah's Mountain","North Carolina, 209 Timber Ridge Dr, Cajah'S Mountain",US,US,83.33333333333334,77.41935483870968,False,False,1. spelling corruption
S1-515209931,S2-20789845,S2,North Estate Private Limited,நார்த் எஸ்டேட் பிரைவேட் லிமிடெட்,"Plot No.47 &48, Sf No.31/2, 3Rd Street, Maduram Nagar, Sriperumbudur, Kanchipuram, Tamil Nadu","PLOT NO.0047 &48, SF NO.31/2, 3RD STREET, MADURAM NAGAR, SRIPERUMBUDUR, KANCHIPURAM, Tamil Nadu",IN,IN,9.999999999999998,98.9010989010989,False,False,10. cross-script
S1-515209931,S2-701473958,S2,North Estate Private Limited,நார்த் எஸ்டேட் பிரைவேட் லிமிடெட்,"Plot No.47 &48, Sf No.31/2, 3Rd Street, Maduram Nagar, Sriperumbudur, Kanchipuram, Tamil Nadu","PLOT NO.0047 &48, KANCHIPURAM, SRIPERUMBUDUR, Tamil Nadu",IN,IN,9.999999999999998,65.75342465753424,False,False,10. cross-script
S1-515209931,S3-968529203,S3,North Estate Private Limited,நார்த் எஸ்டேட் பிரைவேட் லிமிடெட்,"Plot No.47 &48, Sf No.31/2, 3Rd Street, Maduram Nagar, Sriperumbudur, Kanchipuram, Tamil Nadu","Plot No.47 &48, Sf No.31/2, 3Rd Street, Maduram Nagar, Sriperumbudur, Kanchipuram, TN",IN,IN,9.999999999999998,95.34883720930233,False,False,10. cross-script
S1-842386026,S2-384683335,S2,Big Laxmi Developers Private Limited,बिग लक्ष्मी डेवलपर्स प्राइवेट लिमिटेड,"S.No. 44/A, Fortune Plaza, Shop No. 35 Nr. Railway Gate, Sasane Nagar, Hadapsar, Pune, Maharashtra","PUNE, S.NO. 44/A., Maharashtra, POONA, FORTUNE PLAZA, SHOP NO. 35 NR. RAILWAY GATE, SASANE NAGAR, HADAPSAR",IN,IN,10.95890410958904,78.26086956521739,False,False,10. cross-script
S1-842386026,S2-442177659,S2,Big Laxmi Developers Private Limited,बिग लक्ष्मी डेवलपर्स प्राइवेट लिमिटेड,"S.No. 44/A, Fortune Plaza, Shop No. 35 Nr. Railway Gate, Sasane Nagar, Hadapsar, Pune, Maharashtra","S.NO. 44/A., PUNE, POONA, Maharashtra",IN,IN,10.95890410958904,51.23966942148761,False,False,10. cross-script
S1-842386026,S3-325950347,S3,Big Laxmi Developers Private Limited,biglaxmidevelopers.com,"S.No. 44/A, Fortune Plaza, Shop No. 35 Nr. Railway Gate, Sasane Nagar, Hadapsar, Pune, Maharashtra","S.no. 44, Pune, MH",IN,IN,68.96551724137932,28.846153846153843,False,False,1. spelling corruption
S1-781425436,S3-211656294,S3,Sterling Academy Private Limited,Ster1ing  Academy Private Limited,"No B 4 Ishan Complex, Nelliktta, Kasaragod, Kasargod, Kerala","No B #4 Ishan Complex, Nelliktta, Kasaragod, Kasargod, KL",IN,IN,96.875,96.2962962962963,False,False,9. address variation
S1-707452432,S2-342925855,S2,Atlantic Initiative III,Atlantic Initiative Center,"Arlington, 20 Wilbur Avenue, MA","ARLINGTON, MA, #20 WILBUR AVE",US,US,81.63265306122449,83.63636363636364,False,False,1. spelling corruption
S1-707452432,S2-701293034,S2,Atlantic Initiative III,Atlantic Initiative,"Arlington, 20 Wilbur Avenue, MA","#20 WILBUR AVE, ARLINGTON, MA",US,US,90.47619047619048,61.81818181818181,False,False,9. address variation
S1-609216632,S3-539629852,S3,Housing Project PLLC,... Housing Project PLLC Board,"15243 Hastings Drive, Dolton, IL","015243 Hastings Drive, Dolton, Illinois",US,US,86.95652173913044,89.55223880597015,False,False,1. spelling corruption
S1-290188406,S3-913429870,S3,Technologies Lotus Plastics Ltd,[Plastics] Technologies Lotus [Plastics],"8-9/187 Sai Nilayam, Bangalore, Beml Layout Iii Stage, Bangalore South, Karnataka","Door No 8-9/187- Sai Nliayam, Bengaluru, Bangalore, ಕರ್ನಾಟಕ",IN,IN,80.59701492537313,56.060606060606055,False,False,1. spelling corruption
S1-290188406,S2-904536859,S2,Technologies Lotus Plastics Ltd,Technologies Lsu Plastics Ltd,"8-9/187 Sai Nilayam, Bangalore, Beml Layout Iii Stage, Bangalore South, Karnataka","NO #8-9/187 SAI NILAYAM, BEML LAYOUT III STAGE, BANGALORE SOUTH, Karnataka",IN,IN,93.33333333333333,91.15646258503402,False,False,9. address variation
S1-667360827,S3-653685908,S3,Great Network,6reat-Network,"805 Jefferson Street, Brownsville, TN","Tennessee, Brownsville, Jefferson St",US,US,92.3076923076923,57.971014492753625,False,False,9. address variation
S1-228184372,S3-901679659,S3,New Delhi Medical Limited,New Drrshi Drrshi Medical Limited,"1014, Delhi, New Delhi, Ambadeep, 14 K.G.Marg New Delhi, New Delhi","101, Ambadeep, 14 K.g.marg New Delhi, Ghaziabad, New Delhi, DL",IN,IN,79.3103448275862,74.57627118644068,False,False,1. spelling corruption
S1-386419577,S3-974265672,S3,Harbor Signature Education Inc,Harbor  Signature Education lnc,"PA, 224 Bethlehem Pike, Ambler Borough","224 Bethlehem Pike, Ambbler, Pennsylvania",US,US,96.66666666666667,69.33333333333334,False,False,9. address variation
S1-185013522,S2-550488826,S2,Smart Midwest Championsgate L.L.C.,L.L.C. SMART MIRST CHAMPIONSGATE,"15704 Bill Campbell, Prairie Grove, AR","15704A BILL CAMPBELL, PRAIRIE GROVE, AR",US,US,75.0,98.63013698630137,False,False,1. spelling corruption
S1-185013522,S2-564754848,S2,Smart Midwest Championsgate L.L.C.,5MART L.L.C.-CHAMPIONSGATE L.L.C.-CHAMPIONSGATE MIDWEST,"15704 Bill Campbell, Prairie Grove, AR","15704A BILL CAMPBELL, PRAIRIE GROVE, AR",US,US,58.13953488372092,98.63013698630137,False,False,9. address variation
S1-420067670,S2-762105610,S2,Cornerstone Vista Inc,Inc Cornerstone Vísta,"35 West Drive, Oswego, IL","37 WEST DR, null, OSWEOG CDP, IL",US,US,76.19047619047619,69.23076923076923,False,False,10. cross-script
S1-453262463,S2-468969936,S2,East Systems Private Limited,East Systéms Limited Services,"Opp. Coca-Cola Plant, Bol G.I.D.C., Sanand-2, Gujarat, Wp-39, Ahmedabad, Sanand","WP-39-, OPP. COCA-COLA PLANT, BOL G.I.D.C., SANAND-2, SANAND, Gujarat",IN,IN,66.66666666666667,72.72727272727273,False,False,10. cross-script
S1-945314948,S3-588536849,S3,Maa Anand Systems Private Limited,મા આનંદ Systems Private Limited,"Survey No.142/1, Bavla-Sanand Road, At-Lodarial, Bavla, Ahmedabad, Gujarat","No 142/1, Ahmedabad, GJ",IN,IN,78.125,46.666666666666664,False,False,10. cross-script
S1-945314948,S2-523706900,S2,Maa Anand Systems Private Limited,મા આણંદ સિસ્ટમ્સ પ્રાઇવેટ લિમિટેડ,"Survey No.142/1, Bavla-Sanand Road, At-Lodarial, Bavla, Ahmedabad, Gujarat","NO 142/1, BAVLA-SANAND ROAD, AT-LODARIAL, BAVLA, AHMEDABAD, Gujarat",IN,IN,12.121212121212121,94.65648854961832,False,False,10. cross-script
S1-945314948,S3-194763202,S3,Maa Anand Systems Private Limited,મા આણંદ સિસ્ટમ્સ પ્રાઇવેટ લિમિટેડ,"Survey No.142/1, Bavla-Sanand Road, At-Lodarial, Bavla, Ahmedabad, Gujarat","142/1, Ahmedabad, GJ",IN,IN,12.121212121212121,41.379310344827594,False,False,10. cross-script
S1-103127640,S3-974736104,S3,Asia Santiago Platinum Muniyield Inc,Asia Santbgo Platinum Muniyield Inc,"302 Ashland Drive, Unit C, Greensboro, NC","Ashland Drive, # C, Greensboro, North Carolina",US,US,95.77464788732395,73.41772151898735,False,False,9. address variation
S1-72613148,S2-774868590,S2,Verrola Cola P.C.,verrolacola.com,"40 Rossie Street, Stonington, CT","MSYTIC, 40 Rossie St, CT",US,US,83.87096774193549,57.692307692307686,False,False,1. spelling corruption
S1-583297413,S3-327776440,S3,Transcontinental Environmental Brands,Transcontinental Environmental,"2121 Dana Lane, Knoxville, TN","Knoxville CPD, 2121 Dana Ln, Tennessee",US,US,89.55223880597015,47.61904761904761,False,False,1. spelling corruption
S1-167607964,S2-482163022,S2,North Ridge Hamilton LLC,NORTHRIDGEHAMILTON.COM,"8510 Yorkview Drive, North Royalton, OH","N ROYALTON, ##8510 YORKVIEW DR, OH",US,US,86.95652173913044,56.71641791044777,False,False,1. spelling corruption
S1-167607964,S3-724184890,S3,North Ridge Hamilton LLC,North Ridnge Hamilton (LLC),"8510 Yorkview Drive, North Royalton, OH","Yorkview Drive, Ohio, North Royalton",US,US,97.95918367346938,81.69014084507043,False,False,9. address variation
S1-956614085,S2-679651973,S2,Rev It Up Tattoo Inc,Inc Rev It Up Táttoo,"3575 3200, Unit 9A, West Valley City, UT","WEST VALLEY CITY, NULL, UT, 03575 3200",US,US,75.0,52.77777777777778,False,False,10. cross-script
S1-5120282,S2-128680670,S2,Dermatology Group,Dermatology,"18030 Alyssum Drive, Sun City West, AZ","018030 ALYSSUM DRIVE, SUN CITY WEST, AZ",US,US,78.57142857142857,98.63013698630137,False,False,1. spelling corruption
S1-5120282,S2-164904998,S2,Dermatology Group,DEMATOLODY GROUP,"18030 Alyssum Drive, Sun City West, AZ","018030 ALYSSUM DRIVE, SUN CITY WEST, AZ",US,US,90.9090909090909,98.63013698630137,False,False,9. address variation
S1-5120282,S2-269300727,S2,Dermatology Group,DERMATOLOGY LLC,"18030 Alyssum Drive, Sun City West, AZ","018030 ALYSSUM DR, SUN CITY WEST, AZ",US,US,75.0,94.28571428571428,False,False,1. spelling corruption
S1-5120282,S2-124515275,S2,Dermatology Group,DERMATOLOGYGROUP.COM,"18030 Alyssum Drive, Sun City West, AZ","018030 ALYSSUM DRIVE, SUN CITY WEST, AZ",US,US,86.48648648648648,98.63013698630137,False,False,1. spelling corruption
S1-399383483,S3-218057559,S3,Services Ancient Management Private Limited,Services Áncient-Management Private Ltd,"Flat No. 101, Gali No. 8, G-1/330 & 331 Uttam Nagar West, New Delhi, South West Delhi, Delhi","No ##101, Gali No. 8, G-1/330 & 331 Uttam Nagar West, New Delhi, South West Delhi, DL",IN,IN,92.6829268292683,95.18072289156626,False,False,10. cross-script
S1-734359242,S2-76924116,S2,Otto Traders Private Limited,tradersprivate.com,"C/O David Niamat Masih, Defence Colony, Amritsar, Punjab","C/O DAVID NIAMAT MASIH, AMRITSAR, Punjab",IN,IN,69.56521739130434,83.51648351648352,False,False,1. spelling corruption
S1-791398800,S3-145971457,S3,Superior Environmental Group,Superior Énvironmental Group,"30 Waite Avenue, Waite Park, MN","Waite Avenue, Waite Park, Minnesota",US,US,96.42857142857143,83.87096774193549,False,False,10. cross-script
S1-460359726,S2-212680240,S2,North Open LLC,NOPEN.COM,"1429 Kelvin Court, Cincinnati, OH","KELVIN COURT, CINCINNATI, OH",US,US,60.86956521739131,91.22807017543859,False,False,1. spelling corruption
S1-764290659,S2-563783368,S2,Baba Consulting Limited,बाबा कंसल्टिंग लिमिटेड,"B-54, Sf-1, East Jyoti Nagar, Shadhara, Delhi, East Delhi, Delhi","दिल्ली, B-#54, EAST DELHI",IN,IN,8.888888888888891,37.5,False,False,10. cross-script
S1-764290659,S3-683206924,S3,Baba Consulting Limited,बाबा कंसल्टिंग Limited,"B-54, Sf-1, East Jyoti Nagar, Shadhara, Delhi, East Delhi, Delhi","B-54, Sf-1, East Jyoti Nagar, Shadhara, Delhi, East Delhi, दिल्ली",IN,IN,40.0,90.5982905982906,False,False,10. cross-script
S1-503296389,S3-851307958,S3,Global Cascade Canadian PLLC,Global Cascade Canadian,"543 Branch Road, Blaine, TN","Tennessee, 543 Branch Rd, Blaine",US,US,90.19607843137256,72.72727272727273,False,False,9. address variation
S1-960184199,S3-108015441,S3,South Crystal Omega,South Omega Services,"200 Tonto Street, Unit A, Payson, AZ",,US,US,56.41025641025641,0.0,False,False,6. missing address
S1-745262813,S3-832425591,S3,Fortune Projects Private Limited,फॉर्च्यून प्रोजेक्ट्स प्राइवेट लिमिटेड,"401. Makhija Royale, Plot No. 753, S. V. Road, Khar (West), Mumbai, Mumbai City, Maharashtra","4-01. Makhija Royale, Plot No. 753, S. V. Road, Khar (West), Mumbai, Mumbai City, MH",IN,IN,8.571428571428575,93.42105263157895,False,False,10. cross-script
S1-745262813,S3-881001626,S3,Fortune Projects Private Limited,Fortune Projects प्राइवेट लिमिटेड,"401. Makhija Royale, Plot No. 753, S. V. Road, Khar (West), Mumbai, Mumbai City, Maharashtra","4-01. Makhija Royale, Plot No. 753, S. V. Road, Khar (West), Mumbai, Mumbai City, MH",IN,IN,55.38461538461539,93.42105263157895,False,False,10. cross-script
S1-556973526,S3-788824762,S3,Technology Onkar Design Pvt Ltd,otdesign.com,"M-068, Delta-3, Noida, Gautam Buddha Nagar, Uttar Pradesh","M-068, Delta-3, Gautam Buddha Nagar, Noida, UP",IN,IN,37.2093023255814,77.89473684210526,False,False,9. address variation
S1-476510408,S2-637652895,S2,Ace Shiva Care Private Limited,এইস শিব কেয়ার প্রাইভেট লিমিটেড,"26/1A Sree Mohan Lane Kolkata, Kolkata, Howrah, West Bengal","SREE MOHAN LANE KOLKATA, KOLKATA, West Bengal",IN,IN,13.11475409836066,86.86868686868688,False,False,10. cross-script
S1-575798123,S2-214208909,S2,Southern Consulting Private Limited,सदर्न कंसल्टिंग प्राइवेट लिमिटेड,"G-47, Balaji Tower-Ii, Jaipur, Rajasthan","G-47, JAIPUR, राजस्थान",IN,IN,8.955223880597018,42.10526315789473,False,False,10. cross-script
S1-575798123,S3-190034960,S3,Southern Consulting Private Limited,Southern Consulting Private Ltd (ID: 5498),"G-47, Balaji Tower-Ii, Jaipur, Rajasthan","G-47, Balaji Tower-ii, Jaipur, RJ",IN,IN,83.78378378378379,89.55223880597015,False,False,1. spelling corruption
S1-575798123,S3-186225109,S3,Southern Consulting Private Limited,Southern Cónsulting Private Limited,"G-47, Balaji Tower-Ii, Jaipur, Rajasthan","Jaipur, Balaji Tower-ii, RJ, Jaipur, G-47",IN,IN,97.14285714285714,64.86486486486487,False,False,10. cross-script
S1-568806245,S3-119671533,S3,Smart Good Food Private Limited,Smart Good Private Limited Service,"C/O Devndra W Patne & M D, Al-3/18/3: 16Sector 19 Ai, Thane, Maharashtra","Plot 928 C/o Devndra W Patne & M D, Thane, Airoli, MH",IN,IN,80.0,60.65573770491803,False,False,1. spelling corruption
S1-568806245,S2-262101835,S2,Smart Good Food Private Limited,स्मार्ट गुड फूड प्राइवेट लिमिटेड,"C/O Devndra W Patne & M D, Al-3/18/3: 16Sector 19 Ai, Thane, Maharashtra","#139 C/O DEVNDRA W PATNE & M D, AL-3/18/3: 16SECTOR 19 AI, THANE, Maharashtra",IN,IN,12.698412698412698,97.22222222222221,False,False,10. cross-script
S1-874269327,S2-801359397,S2,Bay Fellowship Inc,Bay Fellowship,"227 High Street, Troy, IL","TRYO, N/A, 00227 HIGH STREET, IL",US,US,87.5,69.23076923076923,False,False,1. spelling corruption
S1-874269327,S2-864954336,S2,Bay Fellowship Inc,BAY INC  SERVICES,"227 High Street, Troy, IL","00227 High St, N/A, TRYO, IL",US,US,47.05882352941176,75.0,False,False,9. address variation
S1-874269327,S3-656751217,S3,Bay Fellowship Inc,Bay Fellowship,"227 High Street, Troy, IL","TROY CP, 327 High St, Illinois",US,US,87.5,50.98039215686274,False,False,1. spelling corruption
S1-22639015,S2-166071065,S2,Capital Charities,Capital Charities District,"2300 Hamlin Avenue, Chicago, IL","IL, 2300 HAMLIN AVE, CHICAGO, PMB 8380",US,US,79.06976744186046,75.0,False,False,1. spelling corruption
S1-22639015,S3-172701845,S3,Capital Charities,Mirasol,"2300 Hamlin Avenue, Chicago, IL","02300 Hamlin Avenue, Chicaog Township, Illinois",US,US,25.0,78.37837837837837,False,False,9. address variation
S1-42423943,S3-590430490,S3,Preferred Chile LLC,Preferred Chile,"8508 Honeysuckle Dr SW, Cedar Rapids, IA","Cedar Rapids, Iowa, Honeysuckle Dr SW",US,US,88.23529411764706,49.31506849315068,False,False,1. spelling corruption
S1-829890874,S2-611633857,S2,Jeanie Hardin Special LLC,jeaniehardinspecial.com,"1604 Centenary Drive, Richardson, TX","1604A CENTENARY DRIVE, RICHARDSON, TX",US,US,87.5,98.55072463768117,False,False,1. spelling corruption
S1-252595452,S2-546947338,S2,Sagar Hospital Limited,Sagar Hospital Límited,"Delhi, 172, West Delhi, 2Nd Floor, Block - C, New Delhi","172, 2ND FLOOR, BLOCK - C, NEW DELHI, दिल्ली",IN,IN,95.45454545454545,72.09302325581395,False,False,10. cross-script
S1-226834257,S2-657911237,S2,ML Homes Inc,ML  Inc Services,"2419 M, Town Of Fulton, WI","419 M, TOWN OF FULTON, WI",US,US,44.44444444444444,97.87234042553192,False,False,9. address variation
S1-655588599,S3-562581361,S3,Shyam Properties Private Limited,ಶ್ಯಾಮ್ ಪ್ರಾಪರ್ಟೀಸ್ ಪ್ರೈವೇಟ್ ಲಿಮಿಟೆಡ್,"C/O. Sachin Siddappa Balagond Ap Dudihal, Tq Bableshwar, Vijaypur, Bijapur, Karnataka","C/o. Sachin Siddappa Balagond Ap Dudihal, Vijayapura, KA",IN,IN,8.823529411764708,78.19548872180451,False,False,10. cross-script
S1-655588599,S3-292896797,S3,Shyam Properties Private Limited,Shyam ಪ್ರಾಪರ್ಟೀಸ್ Private Limited,"C/O. Sachin Siddappa Balagond Ap Dudihal, Tq Bableshwar, Vijaypur, Bijapur, Karnataka","C/o. Sachin Siddappa Balagond Ap Dudihal, Vijayapura, KA",IN,IN,67.6923076923077,78.19548872180451,False,False,10. cross-script
S1-574748545,S2-155513548,S2,Primary Care Ridge Specialists,PRIMARY-CARE RIDGE SPÉCIALISTS,"12519 Birch Avenue, Jenks, OK","2519 BIRCH AVE, JENKS, OK",US,US,96.66666666666667,92.0,False,False,10. cross-script
S1-774712803,S3-398462854,S3,Tough Agri Private Limited,#Tóughagri,"Memari Chawkdighi Road Dvc Para P.O. - Memari, P.S. - Memari, Burdwan, West Bengal","Door No 94 Memari Chawkdighi Road Dvc Para P.o. - Memari, Brdwan, Burdwan, WB",IN,IN,45.714285714285715,76.38888888888889,False,False,10. cross-script
S1-299773094,S3-41982032,S3,Precision Wealth Company,Precision Wealth,"152 Greystone Drive, Hillsboro, OH","Ohio, 152 Greystone Drive, Hillsboro",US,US,80.0,87.87878787878788,False,False,1. spelling corruption
S1-484532535,S2-142723914,S2,Sky Estate Private Limited,ಸ್ಕೈ ಎಸ್ಟೇಟ್ ಪ್ರೈವೇಟ್ ಲಿಮಿಟೆಡ್,"No.12, Narayan Reddy Colony Annaswamy Mudaliar Road, Near Ulsoor La, Ke, Bengaluru, Bangalore, Karnataka","DOOR NO 12, BANGALORE, Karnataka",IN,IN,10.71428571428571,43.75,False,False,10. cross-script
S1-484532535,S3-142630755,S3,Sky Estate Private Limited,Mr Sky Esantte Private Limited,"No.12, Narayan Reddy Colony Annaswamy Mudaliar Road, Near Ulsoor La, Ke, Bengaluru, Bangalore, Karnataka","No.12, Bengaluru, Bangalore, KA",IN,IN,89.28571428571429,44.44444444444444,False,False,1. spelling corruption
S1-993434346,S2-334307437,S2,Bharti Trading Private Limited,Bharti Trancg Private Limited #12016,"Maharashtra, 2501, Mumbai, Mumbai City, Glen Hights, Hiranandani Gardens, Powai","#2501, GLEN HIGHTS, HIRANANDANI GARDENS, POWAI, MUMBAI, Maharashtra",IN,IN,86.15384615384616,62.68656716417911,False,False,1. spelling corruption
S1-993434346,S3-205972651,S3,Bharti Trading Private Limited,Bharti Trading Limited 5ervices,"Maharashtra, 2501, Mumbai, Mumbai City, Glen Hights, Hiranandani Gardens, Powai","Block B-380 2501, Glen Hights, Hiranandani Gardens, Powai, Greater Bombay, MH",IN,IN,72.1311475409836,59.31034482758621,False,False,1. spelling corruption
S1-843544999,S2-835028045,S2,Ironclad Inc,Ironclad Inc Center,"971 Notre Dame Court, Hempstead, NY","HEMPSTEAD, NOTRE DAME COURT, NY",US,US,77.41935483870968,64.51612903225806,False,False,1. spelling corruption
S1-199902482,S2-769085105,S2,Sai Seven Solutions,साईं सेवन सॉल्यूशंस,"F-22, 2Nd Floor Bhud Vihar Phase-3 Delhi, Delhi, West Delhi, Delhi","HN 678 F-22, 2ND FLOOR BHUD VIHAR PHASE-3 DELHI, DELHI, WEST DELHI, Delhi",IN,IN,10.526315789473683,94.65648854961832,False,False,10. cross-script
S1-199902482,S3-487285438,S3,Sai Seven Solutions,Sai Sgn Solutions,"F-22, 2Nd Floor Bhud Vihar Phase-3 Delhi, Delhi, West Delhi, Delhi","Plot ##701 F-22, Delhi, West Delhi, दिल्ली",IN,IN,88.88888888888889,46.464646464646464,False,False,1. spelling corruption
S1-394123365,S2-303082185,S2,Grand Express Trailblazer,Grand Trailblazer (Partners),"3610 241st Street, Kent, WA","##3610 241TH STREET, WA, KENT",US,US,66.66666666666667,84.0,False,False,1. spelling corruption
S1-989285070,S3-84985821,S3,Optimal Supreme Verde,Optimal Supem Verde,"775 64th Street, Pleasant Hill, IA",,US,US,95.0,0.0,False,False,6. missing address
S1-325574514,S3-992595053,S3,Ang (India) Pharmaceuticals Private Limited,Angindiapharmaceuticals.C0m,"C 102/A First Floor Gali No. 9 Okhla Vihar Jamia Nagar Okhla, New Delhi, Delhi","#247 C 102/A First Floor Gali No. 9 Okhla Vihar Jamia Nagar Okhla, New Delhi, South, DL",IN,IN,73.52941176470588,91.71974522292994,False,False,1. spelling corruption
S1-175359913,S3-130564339,S3,Murphy Coastal Barclays LLC,Coastalmurphybarclays.Com,"480 Hidden Waters Lane, Murphy, NC","480 Hiddin Waters Ln, Murphy, North Carolina",US,US,65.38461538461539,78.37837837837837,False,True,1. spelling corruption
S1-744668672,S2-832227553,S2,Mountain Gesher LLC,MOUNTAIN GÉSHÉR LLC,"123 Kalispell Avenue, Whitefish, MT","##123 KALISPELL AVE, WHITEFISH, MT",US,US,89.47368421052632,95.23809523809523,False,False,10. cross-script
S1-744668672,S2-168876986,S2,Mountain Gesher LLC,Mountain Mountain Gesher,"123 Kalispell Avenue, Whitefish, MT","##123 KALISPELL AVE, MT, WHITEFISH",US,US,69.76744186046511,85.71428571428572,False,False,1. spelling corruption
S1-243861421,S3-101085903,S3,Sellers Apex Science,Sellers Apex Center,"1948 Woodland Hills Drive, Missouri City, TX",,US,US,87.17948717948718,0.0,False,False,6. missing address
S1-469351279,S2-387211052,S2,Community Church,Community Service,"33 Lang Avenue, Buffalo, NY","#33 LANG AVE, BUFFALO, NY",US,US,72.72727272727273,93.61702127659575,False,False,1. spelling corruption
S1-434061651,S3-118693925,S3,Sai Trading Limited,Sai Trading,"Cb-11, Ground Floor, E-1 Block, Beech Building Manyata Embassy Business Park, Outer Rin, G Raod, Bangalore, Karnataka","Cb-11, Ground Floor, E-1 Block, Beech Building Manyata Embassy Business Park, Outer Rin, G Raod, Bangalore, ಕರ್ನಾಟಕ",IN,IN,73.33333333333334,92.66055045871559,False,False,1. spelling corruption
S1-866732645,S2-997946899,S2,Dynamic Sai It Private Limited,डायनामिक साईं आईटी प्राइवेट लिमिटेड,"112, Indore Trade Centre 3/2, South Tukogang, Chhoti Gwaltoli, Indore, Madhya Pradesh","B3/112, INDORE, Madhya Pradesh",IN,IN,12.307692307692308,46.29629629629629,False,False,10. cross-script
S1-866732645,S3-423678997,S3,Dynamic Sai It Private Limited,Dynamic Sai It Prevgaote [Limited],"112, Indore Trade Centre 3/2, South Tukogang, Chhoti Gwaltoli, Indore, Madhya Pradesh","00112, Indore, Indore Trade Centre 3/2, South Tukogang, Chhoti Gwaltoli, MP",IN,IN,93.5483870967742,81.33333333333333,False,False,9. address variation
S1-866732645,S3-145185767,S3,Dynamic Sai It Private Limited,डायनामिक साईं आईटी प्राइवेट लिमिटेड,"112, Indore Trade Centre 3/2, South Tukogang, Chhoti Gwaltoli, Indore, Madhya Pradesh","00112, Indore Trade Centre 3/2, South Tukogang, Chhoti Gwaltoli, Indore, मध्य प्रदेश",IN,IN,12.307692307692308,84.27672955974843,False,False,10. cross-script
S1-866732645,S3-86885776,S3,Dynamic Sai It Private Limited,डायनामिक साई आईटी प्राइवेट लिमिटेड,"112, Indore Trade Centre 3/2, South Tukogang, Chhoti Gwaltoli, Indore, Madhya Pradesh","00112, Indore, MP",IN,IN,12.5,27.368421052631575,False,False,10. cross-script
S1-256559159,S3-390998484,S3,Enterprises Champaran Fabrics Private Limited,Enterprises Champarn Fabrics Private [Limited],"Tirupati Udyog Gala No 5 Ib Patel Rd Nr Express Highway Goregaon East, Mumbai, Maharashtra, Mumbai","Tirupati Udyog Gala No 5. Ib Patel Rd Nr Express Highway Goregaon East, Mumbai, MH",IN,IN,98.87640449438202,90.80459770114942,False,False,9. address variation
S1-20637221,S2-930635028,S2,Vijay Producer Private Limited,विजय प्रोड्यूसर प्राइवेट लिमिटेड,"2002, Opp Ajay Tent House Ratan Nagar, Jabalpur, Madhya Pradesh","B3/2002, JABALPUR, Madhya Pradesh",IN,IN,9.677419354838712,61.53846153846154,False,False,10. cross-script
S1-20637221,S2-594261495,S2,Vijay Producer Private Limited,विजय प्रोड्यूसर प्राइवेट लिमिटेड,"2002, Opp Ajay Tent House Ratan Nagar, Jabalpur, Madhya Pradesh","B3/2002, OPP AJAY TENT HOUSE RATAN NAGAR, JABALPUR, Madhya Pradesh",IN,IN,9.677419354838712,97.5609756097561,False,False,10. cross-script
S1-917392660,S3-975350521,S3,Axis Foundation Ltd,Axis Ltd Center,"1505, Agra Road, Malegaon, Nashik, Maharashtra","Door No 271 1505, Nashik, MH",IN,IN,47.05882352941176,41.17647058823529,False,False,3. transliteration
S1-917392660,S3-207600898,S3,Axis Foundation Ltd,Axis Ltd Center,"1505, Agra Road, Malegaon, Nashik, Maharashtra","No. 271 1505, Agra Road, Malegaon, Nashik, MH",IN,IN,47.05882352941176,80.48780487804879,False,False,9. address variation
S1-798064112,S2-432464963,S2,Metro Couture Inc,Metro Cóuture Inc,"1208 Pepper Tree Drive, IL, Palatine","PALATINE, IL, NULL, 1208 PEPPER TREE DR",US,US,94.11764705882352,54.28571428571429,False,False,10. cross-script
S1-896085592,S3-515999479,S3,Eye Group,#eye,"3604 Tulipan Street, Mission, TX","Tulipan Street, Mission, Texas",US,US,50.0,86.20689655172413,False,False,9. address variation
S1-214356110,S2-521737037,S2,Internal Medicine Health Inc,Internal Medicine Héalth Inc,"182 Tony Drive, Campbell County, VA","TONY DR, CAMPBELL COUNTY, VA",US,US,96.42857142857143,88.13559322033898,False,False,10. cross-script
S1-214356110,S2-541934649,S2,Internal Medicine Health Inc,Internal Medicine Health,"182 Tony Drive, Campbell County, VA","00182 TONY DRIVE, CAMPBELL COUNTY, VA",US,US,92.3076923076923,97.05882352941177,False,False,9. address variation
S1-233756051,S3-858749848,S3,Dermatology Clinic LLC,Dermatology  Clinic,"3312 S Street, Sacramento, CA","Sacramento, S St, California",US,US,90.0,49.056603773584904,False,False,11. other
S1-233756051,S3-584072793,S3,Dermatology Clinic LLC,Dermatology-Coc LLC,"3312 S Street, Sacramento, CA","California, Sacramento, 3310 S St",US,US,87.8048780487805,44.827586206896555,False,False,1. spelling corruption
S1-233756051,S2-344647333,S2,Dermatology Clinic LLC,Dermatology LLC Services,"3312 S Street, Sacramento, CA","CA, 3312 S ST, SACRAMENTO, <NULL>",US,US,69.56521739130434,76.36363636363637,False,False,1. spelling corruption
S1-233756051,S2-836543656,S2,Dermatology Clinic LLC,Dermatology Clnic LLC,"3312 S Street, Sacramento, CA","<NULL>, SACRAMENTO, CA, 3312 S STRETE",US,US,97.67441860465115,47.45762711864406,False,False,11. other
S1-233756051,S3-34094450,S3,Dermatology Clinic LLC,LLC Dermatology Cnrc,"3312 S Street, Sacramento, CA","3310 S Street, Sacramento, California",US,US,71.42857142857143,83.87096774193549,False,False,1. spelling corruption
S1-233756051,S3-846611853,S3,Dermatology Clinic LLC,Dermatology Clioic LLC,"3312 S Street, Sacramento, CA","3310 S St, Sacramento, California",US,US,95.45454545454545,75.86206896551724,False,False,9. address variation
S1-561292340,S2-640888684,S2,Gallegos Vehicle Care,Gallegos Care Service,"194 Old Drag Strip Road, NC, Clinton","NC, 194 OLD DRAG STRIP RD, CLINTON",US,US,66.66666666666667,87.87878787878788,False,False,1. spelling corruption
S1-561069471,S2-62964980,S2,Sun Properties Private Limited,Sri Sun Properties Private,"C.20/1-73, Ramakant Nagar, Varanasi, Uttar Pradesh","उत्तर प्रदेश, PLOT 100 C.20/1-73, RAMAKANT NAGAR, VARANASI",IN,IN,78.57142857142857,64.70588235294117,False,False,1. spelling corruption
S1-561069471,S3-194310184,S3,Sun Properties Private Limited,Sun Properties प्राइवेट लिमिटेड,"C.20/1-73, Ramakant Nagar, Varanasi, Uttar Pradesh","Varanasi, Ramakant Nagar, C.20/1-73, Varanasi, उत्तर प्रदेश",IN,IN,52.459016393442624,50.98039215686274,False,False,10. cross-script
S1-798089154,S2-153227937,S2,Gusta Kent Select Cloud,gustakent.com,"4158 Woodridge Drive, Hannibal, MO","HANNIBAL, 177 WOODRIDGE DR, MO",US,US,66.66666666666667,56.666666666666664,False,False,1. spelling corruption
S1-169161043,S3-230294449,S3,Pune Global LLP,Pune Global,"Lane No.5, Madhuban Society, Above Canara Bank, Koregaon Park, Pune, Maharashtra","Lane No.5, Madhuban Society, Above Canara Bank, Koregaon Park, Pune, MH",IN,IN,84.61538461538461,93.61702127659575,False,False,1. spelling corruption
S1-675390372,S2-520435838,S2,ZQ Universal PLLC,ZQ PLLC Úniversal,"140 Fantages Way, Folsom, CA","40 FANTAGES WAY, FOLSOM, CA",US,US,64.70588235294117,98.0392156862745,False,False,10. cross-script
S1-963439821,S3-276662988,S3,Amber,Amber Corporation,"6220 Paseo Del Norte Eb, Albuquerque, NM","Paseo Del Norte Eb, Albuquerque, New Mexico",US,US,45.45454545454546,83.54430379746836,False,False,9. address variation
S1-973390739,S2-229527183,S2,Perfect Consultancy Private Limited,परफेक्ट कंसल्टेंसी प्राइवेट लिमिटेड,"305, Sukh Sagar Building, 3Rd Floor, N.S.Patkar Marg, Mumbai, Mumbai City, Maharashtra","305, MUMBAI, MUMBAI CITY, Maharashtra",IN,IN,8.571428571428575,59.64912280701755,False,True,10. cross-script
S1-973390739,S3-889695835,S3,Perfect Consultancy Private Limited,Perfect Consultancy Pirvate Limited,"305, Sukh Sagar Building, 3Rd Floor, N.S.Patkar Marg, Mumbai, Mumbai City, Maharashtra","Plot 301 305, Sukh Sagar Building, 3Rd Floor, N.s.patkar Marg, Mumbai City, MH",IN,IN,97.14285714285714,83.66013071895425,False,False,9. address variation
S1-958976477,S3-464807798,S3,Behavioral Health Care Associates,BEHAVIORAL HEALTH CARE ASSOCIATES Enterprises,"1318 Lynn Drive, OH, Lancaster",,US,US,84.61538461538461,0.0,False,False,6. missing address
S1-958976477,S3-984735351,S3,Behavioral Health Care Associates,Behavioral Health Cre [Associates],"1318 Lynn Drive, OH, Lancaster",,US,US,98.46153846153847,0.0,False,False,6. missing address
S1-958976477,S2-373473052,S2,Behavioral Health Care Associates,Behavioral Health Cáre Associates,"1318 Lynn Drive, OH, Lancaster","1318 LNN DRIVE, LANCASTER, OH",US,US,96.96969696969697,87.27272727272728,False,True,10. cross-script
S1-929217133,S2-596017561,S2,Michael Inpoint,Michael Ínpoint,"181 Littleton Road, Unit 343, Chelmsford, MA","#181 LITTLETON ROAD, CHELMSFORD, MA",US,US,93.33333333333333,87.67123287671232,False,False,10. cross-script
S1-907763131,S3-498619158,S3,Fresh Massage,>> Fresh Mnassbtthcre,"1816 Giben Road, Atlanta, GA","181 Giben Road, Atlanta, Georgia",US,US,70.96774193548387,89.28571428571429,False,False,1. spelling corruption
S1-44882844,S3-395793768,S3,Hitech Producer Private Limited,privateproducer.com,"826, Vikasdeep Building, Laxmi Nagar District Center, New Delhi, Delhi","##826, New Delhi, दिल्ली",IN,IN,52.0,32.55813953488372,False,False,3. transliteration
S1-44882844,S3-924436343,S3,Hitech Producer Private Limited,हाईटेक Producer Private Limited,"826, Vikasdeep Building, Laxmi Nagar District Center, New Delhi, Delhi","##826, Vikasdeep Building, Laxmi Nagar District Center, New Delhi, DL",IN,IN,80.64516129032258,97.67441860465115,False,False,10. cross-script
S1-44882844,S3-863542132,S3,Hitech Producer Private Limited,हाईटेक प्रोड्यूसर प्राइवेट लिमिटेड,"826, Vikasdeep Building, Laxmi Nagar District Center, New Delhi, Delhi","##826, New Delhi, DL",IN,IN,9.230769230769232,39.02439024390244,False,False,10. cross-script
S1-365442,S2-70532832,S2,Herman Renatus Inc.,Vioquo,"100 Cypress Court, Unit Unit 217, Limerick Township, PA","98 CYPRESS CT, N/A, ROYERSFOORD CDP, PA",US,US,8.333333333333337,50.0,False,False,9. address variation
S1-585408982,S3-609616099,S3,Products Group,Products Gróup,"110 Ka/10 Shivkuti, Allahabad, Uttar Pradesh","H.no D/110 Ka/10 Shivkuti, Prayagraj, Allahabad, UP",IN,IN,92.85714285714286,68.88888888888889,False,False,10. cross-script
S1-585408982,S2-534487393,S2,Products Group,Products,"110 Ka/10 Shivkuti, Allahabad, Uttar Pradesh","Uttar Pradesh, H.NO 110 KA/10 SHIVKUTI, ALLAHABAD",IN,IN,72.72727272727273,62.92134831460674,False,False,1. spelling corruption
S1-208893237,S2-580520428,S2,East Properties Pvt Ltd,ఈస్ట్ ప్రాపర్టీస్ ప్రైవేట్ లిమిటెడ్,"H. No. 12-7-134/Rbv/E-1805 Anjaneya Nagar, Musapet, Balanagar, Hyderabad, Rangareddy, Telangana","H. NO. 12-7-134/RBV/E-1805 ANJANEYA NAGAR, RANGAREDDY, HYDERABAD, Telangana",IN,IN,10.344827586206895,82.27848101265822,False,False,10. cross-script
S1-208893237,S3-33080672,S3,East Properties Pvt Ltd,ఈస్ట్ ప్రాపర్టీస్ ప్రైవేట్ లిమిటెడ్,"H. No. 12-7-134/Rbv/E-1805 Anjaneya Nagar, Musapet, Balanagar, Hyderabad, Rangareddy, Telangana","H. No. 12-7-134/Rbv/E-180 Anjaneya Nagar, Musapet, Balanagar, Rangareddy, Hyderabad, TG",IN,IN,10.344827586206895,84.52380952380952,False,False,10. cross-script
S1-808428881,S3-518854955,S3,Trinity Emanuel,Trinity Emanuel-Trust,"Leeds, 7525 New York Avenue, AL","New York Ave, Leeds, Alabama",US,US,83.33333333333334,58.18181818181818,False,False,1. spelling corruption
S1-808428881,S2-112235710,S2,Trinity Emanuel,Trinity Emanue1,"Leeds, 7525 New York Avenue, AL","7525 NEW YORK AVENUE, <NULL>, LEEDS TOWNSHIP, AL",US,US,93.33333333333333,63.888888888888886,False,False,9. address variation
S1-808428881,S3-201436817,S3,Trinity Emanuel,Trinity Center & Co,"Leeds, 7525 New York Avenue, AL",,US,US,61.111111111111114,0.0,False,False,6. missing address
S1-808428881,S2-331061765,S2,Trinity Emanuel,Trinity Émanuel,"Leeds, 7525 New York Avenue, AL","7525 NEW YORK AVE, <NULL>, LEEDS TOWNSHIP, AL",US,US,93.33333333333333,66.66666666666667,False,False,10. cross-script
S1-684215029,S3-563822805,S3,Heritage Prairie Copley Partners,Heritage Prairie Copley (Petcrners),"12115 Detroit Avenue, Lakewood, OH","1211 Detroit Avenue, Lakewood, Ohio",US,US,92.3076923076923,95.38461538461537,False,False,9. address variation
S1-684215029,S3-500942571,S3,Heritage Prairie Copley Partners,Heritage Prairie  Cop1ey Partners,"12115 Detroit Avenue, Lakewood, OH","1211 Detroit Ave, Lakewood, Ohio",US,US,96.875,90.32258064516128,False,False,9. address variation
S1-964391778,S3-304834879,S3,Golden Coffee,Golden Coffee Center,"14801 Ronald W Reagan Boulevard, Unit 9114, Leander, TX","4801 Ronald W Reagan Boulevard, # 9114, Leander, Texas",US,US,78.78787878787878,91.0891089108911,False,False,1. spelling corruption
S1-994173880,S3-286343353,S3,Barker Pacific Holdco LLC,Barker Pacific,"73 Dake Circle, Hammond, NY","#73 Dake Cir, Hammond, New York",US,US,71.7948717948718,83.01886792452831,False,False,1. spelling corruption
S1-699537406,S2-247634353,S2,Dyanne Brown Complete Boa Partners,dyannebrowncomplete.com,"201 Desmonde Lane, Williamsburg City, VA","DESMONDE LANE, WILLIAMSBURG CITY, VA",US,US,73.6842105263158,94.44444444444444,False,False,1. spelling corruption
S1-189580486,S2-248064155,S2,Balaji Business Private Limited,பாலாஜி பிசினஸ் பிரைவேட் லிமிடெட்,"Hosur, Tamil Nadu, Dharmapuri, No 16Sidco Industrial Estate Phase 3","H.NO 16SIDCO INDUSTRIAL ESTATE PHASE 3, N/A, HOSUR, DHARMAPURI, Tamil Nadu",IN,IN,9.523809523809524,56.71641791044777,False,False,10. cross-script
S1-189580486,S3-972913584,S3,Balaji Business Private Limited,பாலாஜி பிசினஸ் பிரைவேட் லிமிடெட்,"Hosur, Tamil Nadu, Dharmapuri, No 16Sidco Industrial Estate Phase 3","TN, Hosur, Dharmapuri, No 16Sidco Industrial Estate Phase 3",IN,IN,9.523809523809524,88.33333333333333,False,False,10. cross-script
S1-189580486,S2-579868895,S2,Balaji Business Private Limited,பாலாஜி பிசினஸ் பிரைவேட் லிமிடெட்,"Hosur, Tamil Nadu, Dharmapuri, No 16Sidco Industrial Estate Phase 3","#16SIDCO INDUSTRIAL ESTATE PHASE 3, N/A, HOSUR, DHARMAPURI, Tamil Nadu",IN,IN,9.523809523809524,51.162790697674424,False,False,10. cross-script
S1-422323397,S3-187742462,S3,Anchor Printing LLC,Anchor Plarntifg LLC,"620 Main Street, Unit 8B, Blackstone Town, VA","Unit 8B, 620 Main St, Virginia, Blacksotne",US,US,87.17948717948718,59.25925925925925,False,False,1. spelling corruption
S1-422323397,S2-924114138,S2,Anchor Printing LLC,Anchor Printing,"620 Main Street, Unit 8B, Blackstone Town, VA","BLACKSTONE TOWN, VA, 620 MAIN STREET",US,US,88.23529411764706,47.36842105263158,False,False,1. spelling corruption
S1-450569511,S3-745115540,S3,D 9 N Berto LLC,D 9 N,"425 Iowa Drive, Harker Heights, TX","Texas, Harker Heights, Iowa Drive",US,US,50.0,53.968253968253975,False,False,9. address variation
S1-642109795,S3-237409873,S3,Lu & Ashton Pebblebrook Inc,lúashtonpebblebrook.com,"1416 Chapin Avenue, Hempstead, NY","Chapin Avenue, Hempstead, New York",US,US,76.92307692307692,82.53968253968253,False,False,10. cross-script
S1-721587866,S3-28741408,S3,Oncology Care of Lawrence LLC,LLC Oncology Care of Lesrnoce,"MA, Lawrence, 60 Sullivan Avenue","60 1/2 Sullivan Avenue, Lawrence, Massachusetts",US,US,75.86206896551724,48.0,False,False,1. spelling corruption
S1-303563666,S2-242881920,S2,Metropolitan Chase PC,Metropolitan  Chase,"1215 Briarcliff Road, Greensboro, NC","BRIARCLIFF ROAD, GREENSBORO, NC",US,US,92.3076923076923,92.06349206349206,False,False,9. address variation
S1-301835194,S3-335948067,S3,Select Soren Inc,Select Soren,"18218 Yaupon Bough Lane, Tomball, TX",,US,US,85.71428571428572,0.0,False,False,6. missing address
S1-226926431,S3-475351300,S3,Lucky Hair Studio,Lucky Har Studio,"719 Upper Ranchitos Road, Taos, NM","Taos, 719 Upper Ranchitos Rd, New Mexico",US,US,96.96969696969697,71.42857142857143,False,False,9. address variation
S1-41402565,S3-338042581,S3,Premier Premier Starling Inc.,Premier Prhemer Starling Inc. | www.premierpr.com,"70 Lawrence Road, Lisbon, NY","Lawrence Rd, Lisbon, New York",US,US,72.97297297297297,79.24528301886792,False,False,1. spelling corruption
S1-203920321,S2-354107286,S2,Moran Tri-State Premier LLC,Moran Tri-State Prmceier LLC,"OH, 309 Orville Street, Fairborn",,US,US,94.54545454545455,0.0,False,False,6. missing address
S1-203920321,S3-408651990,S3,Moran Tri-State Premier LLC,Morantristatepremier.Com,"OH, 309 Orville Street, Fairborn","309 Orville Street, Fairborn, Ohio",US,US,86.27450980392157,87.09677419354838,False,False,1. spelling corruption
S1-790691279,S2-788378435,S2,Beth Synagogue,Orbivantage,"12 Little Tree Lane, Waynesville, NC","WAYNESVILLE, N/A, 32 LITTLE TREE LN, NC",US,US,40.0,54.28571428571429,False,False,9. address variation
S1-743329719,S2-394659906,S2,Arihant Care Private Limited,Sri Arihant Care Private,"Malad East, Bldg.F, Raheja Heights, 239, Gokuldham, Film City Road, Maharashtra, Mumbai, 1101","1101, BLDG.F, RAHEJA HEIGHTS, 239, GOKULDHAM, FILM CITY ROAD, MALAD EAST, Maharashtra",IN,IN,76.92307692307692,77.30061349693251,False,False,1. spelling corruption
S1-743329719,S2-146891316,S2,Arihant Care Private Limited,अरिहंत केयर प्राइवेट लिमिटेड,"Malad East, Bldg.F, Raheja Heights, 239, Gokuldham, Film City Road, Maharashtra, Mumbai, 1101","1101, BLDG.F, RAHEJA HEIGHTS, 239, GOKULDHAM, FILM CITY ROAD, MUMBAI, MALAD EAST, महाराष्ट्र",IN,IN,10.71428571428571,69.8224852071006,False,False,10. cross-script
S1-743329719,S3-215838563,S3,Arihant Care Private Limited,Arihant Care Privadte Limited,"Malad East, Bldg.F, Raheja Heights, 239, Gokuldham, Film City Road, Maharashtra, Mumbai, 1101","3-1101, Mumbai, Malad East, MH",IN,IN,98.24561403508771,28.57142857142857,False,False,8. common name
S1-550001084,S3-11836295,S3,Super Hospitality Limited,Shri Super Hospitality Límited,"501, Floor-5Th, Plot-75, Fida Husain Manzil, Janmabhoomi Marg, Hutatma Chowk, Fort, M, Umbai., Mumbai, Mumbai City, Maharashtra","Hn 13 501, Mumbai (SUBURBAN), महाराष्ट्र",IN,IN,87.27272727272728,23.841059602649008,False,False,10. cross-script
S1-550001084,S2-464206317,S2,Super Hospitality Limited,सुपर हॉस्पिटैलिटी लिमिटेड,"501, Floor-5Th, Plot-75, Fida Husain Manzil, Janmabhoomi Marg, Hutatma Chowk, Fort, M, Umbai., Mumbai, Mumbai City, Maharashtra","501, महाराष्ट्र, MUMBAI",IN,IN,7.9999999999999964,16.176470588235293,False,True,10. cross-script
S1-550001084,S2-309087543,S2,Super Hospitality Limited,सुपर हॉस्पिटैलिटी लिमिटेड,"501, Floor-5Th, Plot-75, Fida Husain Manzil, Janmabhoomi Marg, Hutatma Chowk, Fort, M, Umbai., Mumbai, Mumbai City, Maharashtra","501, MUMBAI CITY, MUMBAI, Maharashtra",IN,IN,7.9999999999999964,41.61073825503355,False,True,10. cross-script
S1-550001084,S3-72659240,S3,Super Hospitality Limited,सुपर हॉस्पिटैलिटी लिमिटेड,"501, Floor-5Th, Plot-75, Fida Husain Manzil, Janmabhoomi Marg, Hutatma Chowk, Fort, M, Umbai., Mumbai, Mumbai City, Maharashtra","Hn 13 501, Mumbai (SUBURBAN), MH",IN,IN,7.9999999999999964,27.97202797202797,False,False,10. cross-script
S1-310172702,S2-752917236,S2,"Safe Hospitality Innovations, LLC","SAFE HOSPITALITY  INNOVATIONS,","520 Stanley Avenue, Brooklyn, NY","STANLEY AVENUE, NY, BROOKLYN TOWNHIP",US,US,93.33333333333333,78.125,False,False,9. address variation
S1-104994376,S3-227749385,S3,Denton Deep Corp,Denton  Corp Services,"1040 Oakland Church Road, Princeton, NC","Oakland Church Road, Princeton, North Carolina",US,US,61.111111111111114,79.01234567901234,False,False,1. spelling corruption
S1-631025832,S2-510850025,S2,Apex Media Private Limited,அபெக்ஸ் மீடியா பிரைவேட் லிமிடெட்,"P. No: 143, Classic Retreat, Model School Road Sholinganallur, Chennai, Tamil Nadu","P. NO: 2-143, CHENNAI, Tamil Nadu",IN,IN,10.344827586206895,51.42857142857142,False,False,10. cross-script
S1-631025832,S3-656683113,S3,Apex Media Private Limited,Smt Apex Media  Private Limited,"P. No: 143, Classic Retreat, Model School Road Sholinganallur, Chennai, Tamil Nadu","Block F-960 P. No: 143, Classic Retreat, Model School Road Sholinganallur, Chennai, TN",IN,IN,92.85714285714286,87.17948717948718,False,False,9. address variation
S1-631025832,S2-187597192,S2,Apex Media Private Limited,Apex  Media Limited Center,"P. No: 143, Classic Retreat, Model School Road Sholinganallur, Chennai, Tamil Nadu","P. NO: 2-143, CLASSIC RETREAT, MODEL SCHOOL ROAD SHOLINGANALLUR, CHENNAI, Tamil Nadu",IN,IN,70.58823529411764,98.7012987012987,False,False,1. spelling corruption
S1-631025832,S3-468991511,S3,Apex Media Private Limited,Apex Media Prívate Limited,"P. No: 143, Classic Retreat, Model School Road Sholinganallur, Chennai, Tamil Nadu","Block F-960 P. No: 143, Kanchipuram, Chennai, TN",IN,IN,96.15384615384616,43.69747899159664,False,False,10. cross-script
S1-631025832,S3-505798859,S3,Apex Media Private Limited,அபெக்ஸ் Media பிரைவேட் லிமிடெட்,"P. No: 143, Classic Retreat, Model School Road Sholinganallur, Chennai, Tamil Nadu","Chennai, Bock F-960 P. No: 143, Classic Retreat, Model School Road Sholinganallur, TN",IN,IN,28.07017543859649,77.41935483870968,False,False,10. cross-script
S1-661279109,S3-263662465,S3,Nec Tools-Suratgarh,nectoolssuratgarh.com,"C/O Balkaran Singh, Plot No-28 M.O.D Goluwala, Suratgarh, Sriganga Nagar, Rajasthan","C/o Balkaran Singh, Suratgarh, Sriganga Nagar, राजस्थान",IN,IN,85.0,67.17557251908397,False,False,1. spelling corruption
S1-760269185,S3-65525747,S3,Sterling Liberty Avalanche Care,Sterling Liberty Avalanche Cce,"8954 Candlewood Lane, Clarence, NY","Candlewood Lane, Clarence, New York",US,US,95.08196721311475,83.07692307692307,False,False,9. address variation
S1-760269185,S3-189745850,S3,Sterling Liberty Avalanche Care,Sterling Liberty Avalanche,"8954 Candlewood Lane, Clarence, NY","Candlewood Ln, Clarence Center, New York",US,US,91.22807017543859,71.42857142857143,False,False,9. address variation
S1-285543101,S3-671827232,S3,Southern Impex Private Limited,सदर्न इम्पेक्स प्राइवेट लिमिटेड,"Dsm 449, Fourth Floor, Dlf Tower, Shivaji Marg, Moti Nagar, New Delhi, West Delhi, Delhi","Dsm D/449, Fourth Floor, Dlf Tower, Shivaji Marg, Moti Nagar, Gautam Budh Nagar, DL",IN,IN,9.836065573770492,78.48101265822784,False,False,10. cross-script
S1-285543101,S3-444918960,S3,Southern Impex Private Limited,सदर्न Impex प्राइवेट लिमिटेड,"Dsm 449, Fourth Floor, Dlf Tower, Shivaji Marg, Moti Nagar, New Delhi, West Delhi, Delhi","Dsm D/449, Fourth Floor, Dlf Tower, Shivaji Marg, Moti Nagar, DL, New Delhi",IN,IN,27.586206896551722,86.66666666666667,False,False,10. cross-script
S1-285543101,S3-388884577,S3,Southern Impex Private Limited,Southem  Impex Private,"Dsm 449, Fourth Floor, Dlf Tower, Shivaji Marg, Moti Nagar, New Delhi, West Delhi, Delhi","Dsm D/449, Fourth Floor, Dlf Tower, Shivaji Marg, Moti Nagar, Gautam Budh Nagar, DL",IN,IN,78.43137254901961,78.48101265822784,False,False,1. spelling corruption
S1-285543101,S3-593845197,S3,Southern Impex Private Limited,SOUTHERN IMPEX PRIVATE LÍMITED,"Dsm 449, Fourth Floor, Dlf Tower, Shivaji Marg, Moti Nagar, New Delhi, West Delhi, Delhi","Dsm D/449, Pataudi Hailey, DL",IN,IN,96.66666666666667,35.18518518518518,False,False,10. cross-script
S1-965543196,S2-414488111,S2,Star Builders,STAR-BTMRUIDS,"Flat No. 99, Floor Ground, Pkt 1, Sector 24, Landmark Near Vikas Su, Rya Mall, Rohini, North East, Delhi","FLAT NO. 99, FLOOR GROUND, PKT 1, SECTOR 24, LANDMARK NEAR VIKAS SU, RYA MALL, ROHINI, Delhi",IN,IN,76.92307692307692,93.85474860335195,False,False,1. spelling corruption
S1-965543196,S3-324966785,S3,Star Builders,Starbuilders.Com,"Flat No. 99, Floor Ground, Pkt 1, Sector 24, Landmark Near Vikas Su, Rya Mall, Rohini, North East, Delhi","Flat No. 99, Floor Ground, Pkt 1, Sector 24, Landmark Near Vikas Su, Rya Mall, Rohini, North East, दिल्ली",IN,IN,82.75862068965517,94.24083769633508,False,False,1. spelling corruption
S1-83974499,S2-112557345,S2,Dynamic Bharat Producer Private Limited,डायनामिक भारत प्रोड्यूसर प्राइवेट लिमिटेड,"South Wing Flr 4 Off No, 413 City Point Dp Road, Pune City, Pune, Maharashtra","SOUTH WING FLR 5-4 OFF NO, PUNE CITY, PUNE, Maharashtra",IN,IN,9.999999999999998,80.0,False,False,10. cross-script
S1-83974499,S3-266738108,S3,Dynamic Bharat Producer Private Limited,Dynamic Bharat Private Limited Center,"South Wing Flr 4 Off No, 413 City Point Dp Road, Pune City, Pune, Maharashtra","South Wing Flr G-4 Off No, 413 City Point Dp Road, Pune City, Pune, MH",IN,IN,78.94736842105263,92.08633093525181,False,False,1. spelling corruption
S1-83974499,S2-4830406,S2,Dynamic Bharat Producer Private Limited,डायनामिक भारत प्रोड्यूसर प्राइवेट लिमिटेड,"South Wing Flr 4 Off No, 413 City Point Dp Road, Pune City, Pune, Maharashtra","SOUTH WING FLR 5-4 OFF NO, 413 CITY POINT DP ROAD, PUNE CITY, PUNE, Maharashtra",IN,IN,9.999999999999998,98.64864864864865,False,False,10. cross-script
S1-932841104,S3-849398935,S3,Golden Nails Inc,Golden Nails Inc Service,"14 Vista Boulevard, Bethlehem, NY","New York, Slingerlands, 14 Vista Blvd",US,US,80.0,39.39393939393939,False,False,1. spelling corruption
S1-932841104,S2-30433050,S2,Golden Nails Inc,6OLDEN INC NAILS,"14 Vista Boulevard, Bethlehem, NY","0014 VISTA BLVD, PO BOX 8930, BETHLEHEM, NY",US,US,68.75,73.23943661971832,False,False,1. spelling corruption
S1-711056215,S3-711917695,S3,HA Technologies Pvt Ltd,Ltd HA Pvt Service,"80 Rajasv Colony, Neemuch, Madhya Pradesh","Door No 80 Rajasv Colony, Neemuch, मध्य प्रदेश",IN,IN,34.14634146341463,62.65060240963856,False,False,9. address variation
S1-295876245,S3-845284647,S3,Classic Properties,ಕ್ಲಾಸಿಕ್ ಪ್ರಾಪರ್ಟೀಸ್,"#105, Blk-A Kpr Elite Apart Kasavanahalli Road, Amrutha Gra Off Sarjapur Road, Bangalore, Karnataka","H.no 105, Bengaluru Hq Region, Bangalore, KA",IN,IN,5.263157894736848,41.48148148148149,False,False,10. cross-script
S1-295876245,S2-259031715,S2,Classic Properties,ಕ್ಲಾಸಿಕ್ ಪ್ರಾಪರ್ಟೀಸ್,"#105, Blk-A Kpr Elite Apart Kasavanahalli Road, Amrutha Gra Off Sarjapur Road, Bangalore, Karnataka","05, BLK-A KPR ELITE APART KASAVANAHALLI ROAD, AMRUTHA GRA OFF SARJAPUR ROAD, BANGALORE, Karnataka",IN,IN,5.263157894736848,99.46524064171123,False,False,10. cross-script
S1-295876245,S2-490367574,S2,Classic Properties,ಕ್ಲಾಸಿಕ್ ಪ್ರಾಪರ್ಟೀಸ್,"#105, Blk-A Kpr Elite Apart Kasavanahalli Road, Amrutha Gra Off Sarjapur Road, Bangalore, Karnataka","BANGALORE, Karnataka, BANGALORE, DOOR NO 05",IN,IN,5.263157894736848,37.31343283582089,False,False,10. cross-script
S1-130095575,S3-379708742,S3,Northern Flex Inc,Northern Flex,"9401 22nd Court, Vancouver, WA","22nd Court, Vancouver, Washington",US,US,86.66666666666667,77.96610169491525,False,False,1. spelling corruption
S1-857279853,S3-735963056,S3,Galaxy Agro Private Limited,Galaxy Ágro Private Limited,"1502 B2, Cts 4/A/8-12, Universal Majestics, Borla Village, P. L. Lokhande Marg, Chembur, Mumbai, Maharashtra","H.no 1502 B2, Mumbai, MH",IN,IN,96.2962962962963,28.099173553719005,False,False,10. cross-script
S1-809324267,S3-555188422,S3,"White, Adams and Farmer LLC","White, Adams & Farmer LLC Service","2401 12th Avenue, Pine Bluff, AR","#2401 12th Avenue, Pine Bluff, Arkansas",US,US,86.66666666666667,90.9090909090909,False,False,1. spelling corruption
S1-508931769,S2-189170109,S2,Cole Stifel Inc,colestifel.com,"1413 21st Street, Bismarck, ND","1413 21RD STREET, BISMARCK, ND",US,US,82.75862068965517,92.85714285714286,False,True,1. spelling corruption
S1-73337921,S3-198827471,S3,Automated Construction Studios,Automated Construction  Studliios,"Zimmerman, MN, 13420 Oakwood Road","Zimmerman, Minnesota, 13398 Oakwood Rad",US,US,96.7741935483871,79.41176470588236,False,False,9. address variation
S1-73337921,S2-418515563,S2,Automated Construction Studios,Automated Construction Stúdios,"Zimmerman, MN, 13420 Oakwood Road","13398 OAIWOOD RD, ZIMMERMAN, MN",US,US,96.66666666666667,40.0,False,False,10. cross-script
S1-726976199,S3-789010295,S3,Desert Alliance LLC,desertalliance.com,"Mount Ida, AR, 139 Travis Lane","#139 Travis Lane, Mount Ida, Arkansas",US,US,86.48648648648648,48.38709677419355,False,False,1. spelling corruption
S1-726976199,S2-458319387,S2,Desert Alliance LLC,Desert Ainnace LLC,"Mount Ida, AR, 139 Travis Lane","139-141 TRAVIS LN, MT. IDA, AR",US,US,86.48648648648648,47.27272727272728,False,False,1. spelling corruption
S1-188806193,S2-919463940,S2,Delta Municipal L.L.C.,Delta Mnuciipal L.L.C.,"AZ, 9438 Pineveta Drive, Arizona City",,US,US,90.47619047619048,0.0,False,False,6. missing address
S1-772671367,S2-882110851,S2,Black Tech Private Limited,ब्लैक टेक प्राइवेट लिमिटेड,"Lig 3/20/524 Nehru Nagar, Rewa, Madhya Pradesh","LIG 3/20/524. NEHRU NGAAR, REWA, Madhya Pradesh",IN,IN,11.538461538461542,97.72727272727273,False,False,10. cross-script
S1-772671367,S3-516913573,S3,Black Tech Private Limited,ब्लैक टेक प्राइवेट लिमिटेड,"Lig 3/20/524 Nehru Nagar, Rewa, Madhya Pradesh","Lig 3/20/524 Nehru Nagar, Rewa, मध्य प्रदेश",IN,IN,11.538461538461542,72.94117647058825,False,False,10. cross-script
S1-772671367,S3-567898728,S3,Black Tech Private Limited,ब्लैक टेक प्राइवेट लिमिटेड,"Lig 3/20/524 Nehru Nagar, Rewa, Madhya Pradesh","Lig 3/20/524 Nehru Nagar, Rewa, MP",IN,IN,11.538461538461542,84.21052631578947,False,False,10. cross-script
S1-93059119,S3-518882685,S3,Pacific Grayscale L.L.C.,L.L.C. Pacific Gráyscale,"1221 Plain Street, Peru, IL","Plain St, Peru, Illinois",US,US,69.56521739130434,68.08510638297872,False,False,10. cross-script
S1-856574478,S3-34721925,S3,Bureau of Sanitation,Bureau Óf,"3105 French Street, VA, Richmond City","3107 French Street, Richmond, Virginia",US,US,55.172413793103445,78.87323943661973,False,False,10. cross-script
S1-856574478,S3-425176842,S3,Bureau of Sanitation,Bureau of Sanitaatoin,"3105 French Street, VA, Richmond City","3107 French Street, Richmond, Virginia",US,US,92.6829268292683,78.87323943661973,False,False,9. address variation
S1-479362008,S3-162041893,S3,LT Innovations Private Limited,LT Innovations Prfavte [Limited],"Shop No.1, Matru Ashish, 39, Nepean Sea Road, Mumbai, Mumbai City, Maharashtra","Shop No.1, Mumbai, Mumbai City, MH",IN,IN,93.33333333333333,60.19417475728155,False,False,9. address variation
S1-300864883,S3-333562394,S3,Sunrise Developers Pvt Ltd,સનરાઇઝ ડેવલપર્સ પ્રા. લિ.,"Ahmedabad, Daskroi, Satyamev Elite, Nr. Satyamev Shivalik, Shop1010, Gujarat","Daskroi, H.no 00769 Shop1010, GJ, Ahmedabad",IN,IN,12.244897959183676,45.45454545454546,False,False,10. cross-script
S1-592018417,S3-88263638,S3,Grand Cornerstone Nexera L.L.C.,Grand Cornerstone Nexera,"208 Brook Road, Newbury Park, CA","08 Brook Rd, Newbury Park, California",US,US,88.88888888888889,83.07692307692307,False,False,1. spelling corruption
S1-592018417,S3-535611237,S3,Grand Cornerstone Nexera L.L.C.,Grand Cornerstone Nexera,"208 Brook Road, Newbury Park, CA",,US,US,88.88888888888889,0.0,False,False,6. missing address
S1-477130762,S3-924792337,S3,"Wynnie R. Jones, D.O. Clinic",wynnierjones.com,"1305 Park Place, Brooklyn, NY","Park Place, Brooklyn, New York",US,US,68.29268292682926,80.0,False,False,1. spelling corruption
S1-752138990,S3-328383866,S3,Davis Montessori School,Davis School Services,"1200 Cornerstone Court, Nashville, TN","Tennessee, 1200 Cornerstone Ct, Nashville, PO Box 9520",US,US,54.54545454545454,69.76744186046511,False,False,9. address variation
S1-833230838,S3-835151036,S3,Satyam Charitable Trust,Shri Satyam Trust Services,"Plot No 360, Ward 1, Niharwani Tah Mauda, Bugarwani Bugarwani, Mauda, Nagpur, Maharashtra","362, Ward 1, Niharwani Tah Mauda, Bugarwani Bugarwani, Mauda, Nagpur, महाराष्ट्र",IN,IN,48.97959183673469,80.2547770700637,False,False,9. address variation
S1-166862979,S3-502309372,S3,Modern Software Private Limited,Mr Modern Scfoeatet  Private Limited,"Plot. No- 458, Gpr Layout Pragathi Nagar, Bachupally, Hyderabad, Rangareddy, Telangana","Gpr Layout Pragathi Nagar, Bachupally, TG, Rangareddy, Plot. No- 458, Hyderabad",IN,IN,81.81818181818181,70.19867549668875,False,False,1. spelling corruption
S1-166862979,S3-660795097,S3,Modern Software Private Limited,modernsoftware.com,"Plot. No- 458, Gpr Layout Pragathi Nagar, Bachupally, Hyderabad, Rangareddy, Telangana","Plot. No- 458, Gpr Layout Pragathi Nagar, Bachupally, Hyderabad, Rangareddy, TG",IN,IN,65.3061224489796,95.36423841059603,False,False,1. spelling corruption
S1-960675129,S3-966496098,S3,Rocky Committee,Rocky Committee LP,"5439 Bressler Drive, Park City, KS","Kansas, 05439 Bressler Dr, Park City",US,US,90.9090909090909,78.78787878787878,False,False,9. address variation
S1-946942442,S2-426187285,S2,Bright Brighthouse LLC,brightbrighthouse.com,"321 3rd Street, Bardstown, KY","BARDSTOWN, KY, 321 THIRD ST",US,US,88.37209302325581,46.15384615384615,False,False,1. spelling corruption
S1-31411962,S2-444357224,S2,Metropolitan Karbon,Metropolitan Kasfon,"Yawkey, WV, 25 Chapel Drive","25 1/2 CHAPEL DRIVE, YAWKEY, WV",US,US,89.47368421052632,59.25925925925925,False,False,1. spelling corruption
S1-31411962,S3-158984928,S3,Metropolitan Karbon,Metropolitan Kaoabn,"Yawkey, WV, 25 Chapel Drive","Yawkey, Chapel Dr, West Virginia",US,US,89.47368421052632,61.81818181818181,False,False,1. spelling corruption
S1-31411962,S3-138108951,S3,Metropolitan Karbon,METROPOLITAN KÁRBON,"Yawkey, WV, 25 Chapel Drive",,US,US,94.73684210526316,0.0,False,False,6. missing address
S1-420550042,S3-775897859,S3,Paix,Pehx,"2703 Whisper Trail, Sioux Falls, SD","2703 Whisber Trl, Sioux Falls, South Dakota",US,US,50.0,81.08108108108108,False,True,9. address variation
S1-749298006,S2-943919199,S2,Prairie Ribbon LLC,PRAIRIE LLC CENTER,"AR, 2124 Izard Street, Little Rock","LITTLE RCK, AR, 2124- IZARD ST",US,US,61.111111111111114,54.23728813559322,False,False,1. spelling corruption
S1-749298006,S3-547837367,S3,Prairie Ribbon LLC,Prairie Ríbbon LLC,"AR, 2124 Izard Street, Little Rock","2124 Izard Street, Little Rrock, Arkansas",US,US,94.44444444444444,81.69014084507043,False,False,10. cross-script
S1-749298006,S2-512285739,S2,Prairie Ribbon LLC,@PRAIRIERIBBON,"AR, 2124 Izard Street, Little Rock","2124- IZARD STREET, LITTLE RCK, AR",US,US,83.87096774193549,88.88888888888889,False,False,1. spelling corruption
S1-123294921,S3-859575371,S3,Womens Health Direct Specialists,Womens Health,"7801 Elkton Lane, Powell, TN","##7801 Elkton Ln, Powell, Tennessee",US,US,57.77777777777777,84.21052631578947,False,False,9. address variation
S1-961028652,S2-67651418,S2,Central Hospitality Collective,Central Hospitality,"Indianapolis, IN, 538 Vermont Street","538 VERMONT ST, INDIANAPOLIS, IN",US,US,77.55102040816327,46.875,False,False,1. spelling corruption
S1-961028652,S3-155897127,S3,Central Hospitality Collective,Central Hospitality,"Indianapolis, IN, 538 Vermont Street","Indiana, Indianapolis CDP, 537 Vermont Street",US,US,77.55102040816327,80.51948051948052,False,False,1. spelling corruption
S1-203303176,S3-132998751,S3,Tri-State Project,tristateproject.com,"Albemarle County, 971 Black Cat Road, VA","971 Black Cat Rd, Keswick, Virginia",US,US,83.33333333333334,53.52112676056338,False,False,1. spelling corruption
S1-761723896,S3-861851859,S3,Starr Thompson Pharmaceutical,Starr Trméhompason Pharmaceutical,"35 Loring Road, Barre, MA",,US,US,93.5483870967742,0.0,False,False,6. missing address
S1-589507818,S3-129899965,S3,Vision Raj Projects Private Limited,विजन राज प्रोजेक्ट्स प्राइवेट लिमिटेड,"B-1, Central Market Madangir, New Delhi, Delhi","#998 B-1, New Delhi, Central Market Madangir, DL",IN,IN,11.111111111111116,68.96551724137932,False,False,10. cross-script
S1-744508615,S2-956496708,S2,Pune Management Private Limited,Dr Pune Management Limited Private,"C/O Shri Vinod M. Thakare, Hno.468 Kosdhani Arni, Arni, Yavatmal, Maharashtra","C/O SHRI VINOD M. THAKARE, HNO.C-468 KOSDHANI ARNI, ARNI, Maharashtra",IN,IN,70.76923076923076,91.97080291970804,False,False,1. spelling corruption
S1-744508615,S3-41459135,S3,Pune Management Private Limited,*** Pune Mánagement Private Limited,"C/O Shri Vinod M. Thakare, Hno.468 Kosdhani Arni, Arni, Yavatmal, Maharashtra","C/o Shri Vinod M. Thakare, MH, Hno.468 Kosdhani Arni, Yavatmal, Arni",IN,IN,96.7741935483871,85.92592592592592,False,False,10. cross-script
S1-730628922,S3-918385179,S3,Enrichetta Waldron Anchor Flaherty,enrichettawaldronanchor.com,"502 Bard Drive, Shippensburg Township, PA","504 Bard Drive, Shippensburg Township, Pennsylvania",US,US,78.68852459016394,86.36363636363636,False,False,1. spelling corruption
S1-976140819,S2-945513281,S2,Sun Estate Private Limited,ସନ୍ ଏଷ୍ଟେଟ୍ ପ୍ରାଇଭେଟ୍ ଲିମିଟେଡ୍,"Plot No - 235/4729 Lane-4, Jayadev Vihar Nayapalli, Bhubaneswar, Khordha, Orissa","PLOT NO - 235/4729 LANE-4, JAYADEV VIHAR NAYAPALLI, BHUBANESWAR, KHORDA, ଓଡ଼ିଶା",IN,IN,10.71428571428571,91.15646258503402,False,False,10. cross-script
S1-976140819,S3-409750433,S3,Sun Estate Private Limited,ସନ୍ ଏଷ୍ଟେଟ୍ Private Limited,"Plot No - 235/4729 Lane-4, Jayadev Vihar Nayapalli, Bhubaneswar, Khordha, Orissa","Plot No - 235/4729 Lane-4, <NULL>, Bhubaneswar, Khordha, OD",IN,IN,64.15094339622642,78.4,False,False,10. cross-script
S1-373784487,S3-970876108,S3,Piedmont Cardiology Corp,Piedmont Cacrdiooosy Corp,"Gloucester County, 8952 Farys Mill Road, VA","8952 Farys Mill Rd, Gloucester, Virginia",US,US,89.79591836734694,53.16455696202531,False,False,1. spelling corruption
S1-373784487,S3-819475168,S3,Piedmont Cardiology Corp,Corp Piedmont Crdodely,"Gloucester County, 8952 Farys Mill Road, VA","Farys Mill Road, Gloucester County, Virginia",US,US,65.21739130434783,50.60240963855422,False,False,1. spelling corruption
S1-951901257,S3-959496599,S3,"Davis, Lear & Delbridge LLC",davisleardelbridge.com,"TX, 1316 Harvey Avenue, Fort Worth","#1316 Harvey Avenue, Fort Worth, Texas",US,US,80.0,86.56716417910448,False,False,1. spelling corruption
S1-832281612,S3-597794869,S3,All Developers Private Limited,All Developers പ്രൈവറ്റ് ലിമിറ്റഡ്,"27/2160 Cherupunathil, Kadavanthra Ernakulam, Ernakulam, Kerala","Door No 7/2160 Cherupunathil, Kadavanthra Ernakulam, Ernakulam, Keralam",IN,IN,50.0,92.1875,False,False,10. cross-script
S1-832281612,S3-39019138,S3,All Developers Private Limited,ഓൾ ഡെവലപ്പേഴ്സ് പ്രൈവറ്റ് ലിമിറ്റഡ്,"27/2160 Cherupunathil, Kadavanthra Ernakulam, Ernakulam, Kerala","#7/2160 Cherupunathil, Ernakulam, Keralam",IN,IN,9.230769230769232,75.51020408163265,False,False,10. cross-script
S1-832281612,S2-453301120,S2,All Developers Private Limited,ഓൾ ഡെവലപ്പേഴ്സ് പ്രൈവറ്റ് ലിമിറ്റഡ്,"27/2160 Cherupunathil, Kadavanthra Ernakulam, Ernakulam, Kerala","H.NO 27/2160 CHERUPUNATHIL, KADAVANTHRA ERNAKULAM, ERNAKULAM, Keralam",IN,IN,9.230769230769232,95.23809523809523,False,False,10. cross-script
S1-300378925,S3-914813474,S3,Quality Technical Labs,Quality Labs Partners,"Auburn, IN, 1402 Baron Court","01402 Baron Ct, Auburn, Indiana",US,US,55.81395348837209,50.90909090909091,False,False,9. address variation
S1-300378925,S3-675915459,S3,Quality Technical Labs,Qua1ity Technical Lábs,"Auburn, IN, 1402 Baron Court","01402 Baron Court, Auburn, Indiana",US,US,90.9090909090909,55.172413793103445,False,False,10. cross-script
S1-970054080,S2-35844123,S2,Star Diagnostic International Center,Star Diagnostic International Crtner,"333 Acadian Thruway, Baton Rouge City, LA","ACADIAN THRUWAY, BTAON ROUGE, LA",US,US,94.44444444444444,84.05797101449275,False,False,9. address variation
S1-970054080,S3-327170847,S3,Star Diagnostic International Center,The Star Star Díagnostic International Center,"333 Acadian Thruway, Baton Rouge City, LA","Baton Rouge CITY, Louisiana, 333 Acadian Thruway",US,US,86.41975308641976,44.705882352941174,False,False,10. cross-script
S1-662746348,S3-727971951,S3,Pbs Trading Private Limited,Dr tradingprivatepbs.com,"D-1/338 D-1 Block 4 Floor, New Kondli Mayur Vihar 3, East Delhi, Delhi","H.no 927 D-1/338 D-1 Block 4 Floor, East Delhi, DL",IN,IN,66.66666666666667,67.82608695652175,False,False,1. spelling corruption
S1-318746857,S3-961005737,S3,Mount Catholic Church,Mount Catholic,"223 Grant Street, Village Of Amherst, WI",,US,US,80.0,0.0,False,False,6. missing address
S1-869561014,S2-373353011,S2,Vanguard Unified Fidelity LLC,Vanguard Unified Fidelity LLC | www.vanguardu.com,"284 Alcatraz Loop, TX, Jarrell","284A ALCATRAZ LOOP, JARRELL, TX",US,US,76.31578947368422,87.71929824561404,False,False,1. spelling corruption
S1-48628225,S2-278782580,S2,Select Grand Regency,Select Grand,"12712 Royal Carriage Drive, Germantown, MD","1271 ROYAL CARRIAGE DR, GERMANTOWN, MD",US,US,75.0,94.73684210526316,False,False,1. spelling corruption
S1-48628225,S2-539749557,S2,Select Grand Regency,SELECT GRAND RÉGENCY,"12712 Royal Carriage Drive, Germantown, MD","ROYAL CARRIAGE DRIVE, GERMANTOWN, MD",US,US,95.0,91.89189189189189,False,False,10. cross-script
S1-792746004,S2-535625947,S2,Black Commercial Pvt. Ltd.,Dr Black Comercnial Pvt. Ltd.,"Flat No 104, First Floor Mch No 9-4-77/3/27/A, Yousuf Tekidi, Hyderabad, Telangana","NO 104  , FIRST FLOOR MCH NO 9-4-77/3/27/A, YOUSUF TEKIDI, HYDERABAD, Telangana",IN,IN,90.19607843137256,96.68874172185431,False,False,9. address variation
S1-792746004,S2-371102563,S2,Black Commercial Pvt. Ltd.,Black Commercial Pvt. Limited #25091,"Flat No 104, First Floor Mch No 9-4-77/3/27/A, Yousuf Tekidi, Hyderabad, Telangana","104  , FIRST FLOOR MCH NO 9-4-77/3/27/A, YOUSUF TEKIDI, HYDERABAD, Telangana",IN,IN,82.75862068965517,94.5945945945946,False,False,1. spelling corruption
S1-718360849,S3-575006731,S3,Oncology Care Associates,Oncology Cáre Associates,"453 1744 Road, Rosston, OK","453 1744 Rd, Rosston, Oklahoma",US,US,95.83333333333334,84.61538461538461,False,True,10. cross-script
S1-718360849,S3-88768455,S3,Oncology Care Associates,Onco1ogy Care Service,"453 1744 Road, Rosston, OK",,US,US,71.11111111111111,0.0,False,False,6. missing address
S1-718360849,S2-345260280,S2,Oncology Care Associates,Oncology Care Associates [LP],"453 1744 Road, Rosston, OK","453 1744 RD, ROSSTON, OK",US,US,94.11764705882352,95.65217391304348,False,True,9. address variation
S1-718360849,S2-426773121,S2,Oncology Care Associates,Oncology Cáre-Associates,"453 1744 Road, Rosston, OK","453 1744 Rd, ROSSTON, OK",US,US,95.83333333333334,95.65217391304348,False,True,10. cross-script
S1-171595969,S3-774736361,S3,Balaji Management Private Limited,બાલાજી મેનેજમેન્ટ પ્રાઇવેટ લિમિટેડ,"5Th Floor Office-507, Stalwart Insignia, Surat, Gujarat","5Th Floor Office-507, <NULL>, Surat, ગુજરાત",IN,IN,8.955223880597018,64.44444444444444,False,False,10. cross-script
S1-171595969,S2-14568717,S2,Balaji Management Private Limited,બાલાજી મેનેજમેન્ટ પ્રાઇવેટ લિમિટેડ,"5Th Floor Office-507, Stalwart Insignia, Surat, Gujarat","5TH FLOOR OFFICE-507, STALWART INSIGNIA, SURAT, ગુજરાત",IN,IN,8.955223880597018,87.37864077669903,False,False,10. cross-script
S1-649128039,S2-442833334,S2,True Consultancy,True Consultancy  Corporation | www.trueconsu.com,"22 108 13 2 Flat No G7, Bomma Nilayam, Sri Sai Ram Residency, Kanukunta, Ramachandrapuram, Medak, Telangana","#7-22 108 13 2 FLAT NO G7, BOMMA NILAYAM, SRI SAI RAM RESIDENCY, KANUKUNTA, RAMACHANDRAPURAM, Telangana",IN,IN,51.61290322580645,95.95959595959596,False,False,9. address variation
S1-649128039,S2-402370363,S2,True Consultancy,True Cónsultancy,"22 108 13 2 Flat No G7, Bomma Nilayam, Sri Sai Ram Residency, Kanukunta, Ramachandrapuram, Medak, Telangana","7-22 108 13 2 FLAT NO G7, BOMMA NILAYAM, SRI SAI RAM RESIDENCY, KANUKUNTA, RAMACHANDRAPURAM, తెలంగాణ",IN,IN,93.75,87.75510204081633,False,False,10. cross-script
S1-534358791,S3-764613931,S3,Murphy Prime Rocket LLC,murphyprimerocket.com,"MN, 13318 Martin Street, Andover","13318 Martin Street, Andover, Minnesota",US,US,86.36363636363636,80.59701492537313,True,False,1. spelling corruption
S1-510999164,S3-834214943,S3,Lucknow Agro Pvt. Ltd.,Luckn0w Agro Pvt.,"Lucknow, Plot No 12 New Vikas Colony Vikas Nagar, Lucknow, Uttar Pradesh","Plot No 6-12 New Vikas Colony Vikas Nagar, Lucknow Hq Region, Lucknow, UP",IN,IN,83.33333333333334,73.38129496402878,False,False,1. spelling corruption
S1-131093693,S3-268031682,S3,Modern Investments Private Limited,मॉडर्न इन्वेस्टमेंट्स प्राइवेट लिमिटेड,"139, Kuber Kartik Complex, New Link Road, Andheri West, Mumbai, Maharashtra","139, Bombay, Mumbai, MH",IN,IN,8.333333333333337,40.0,False,True,10. cross-script
S1-131093693,S3-130612201,S3,Modern Investments Private Limited,Modern Investments Prívate Limited,"139, Kuber Kartik Complex, New Link Road, Andheri West, Mumbai, Maharashtra","Bombay, 139, MH, Mumbai",IN,IN,97.05882352941177,28.888888888888886,False,False,10. cross-script
S1-12554179,S2-398016982,S2,Poppy Public School,KORCIRAVIO,"Cmc-4-1804, Gh-01/A, Supertech Capetown, Sec-74, Noida, Gautam Buddha Nagar, Uttar Pradesh","H.NO 188 CMC-4-1804, GAUTAM BUDDHA NAGAR, GHAZIABD, उत्तर प्रदेश",IN,IN,20.68965517241379,46.896551724137936,False,False,11. other
S1-771815218,S2-965763786,S2,Future Ventures Pvt Ltd,फ्यूचर Ventures Pvt Ltd,"C/O Vidyadhar Shivpoojan Dubey Indira Nagar, Rd No 33R, Wagle Estate, Thane, Maharashtra","C/O VIDYADHAR SHIVPOOJAN DUBEY INDIRA NAGAR, RD NO 33R, WAGLE ESTATE, THANE, महाराष्ट्र",IN,IN,73.91304347826086,87.42514970059881,False,False,10. cross-script
S1-771815218,S3-857496188,S3,Future Ventures Pvt Ltd,फ्यूचर Ventures प्रा. लि.,"C/O Vidyadhar Shivpoojan Dubey Indira Nagar, Rd No 33R, Wagle Estate, Thane, Maharashtra","C/o Vidyadhar Shivpoojan Dubey Indira Nagar, Rd No 33R, Wagle Estate, Thane, MH",IN,IN,47.82608695652174,94.33962264150944,False,False,10. cross-script
S1-134670013,S3-498702029,S3,Sharp & Co,5harp &,"C-31, Sector-F, Lucknow, Uttar Pradesh","C-31, Lucknow, UP",IN,IN,76.19047619047619,60.0,False,False,1. spelling corruption
S1-134670013,S2-911830071,S2,Sharp & Co,Mr SHARP  & CO,"C-31, Sector-F, Lucknow, Uttar Pradesh","H.NO 793 C-31, SECTOR-F, LUCKNOW, Uttar Pradesh",IN,IN,88.88888888888889,88.60759493670886,False,False,1. spelling corruption
S1-15282056,S3-426427760,S3,Gujarat Investment Private Limited,गुजरात इन्वेस्टमेंट प्राइवेट लिमिटेड,"Shantai Aveneu Apartment, Parnaik Lane, Shop No. 1, Ahmednagar, Ahmed Nagar, Maharashtra","Shantai Aveneu Apartment, Parnaik Lane, Shop No. 1, Ahmednagar, Ahmed Nagar, MH",IN,IN,8.571428571428575,94.19354838709677,False,False,10. cross-script
S1-15282056,S3-548281572,S3,Gujarat Investment Private Limited,Gujarat Private Limited Center,"Shantai Aveneu Apartment, Parnaik Lane, Shop No. 1, Ahmednagar, Ahmed Nagar, Maharashtra","MH, Parnaik Lane, Shop No. 1, Shantai Aveneu Apartment, Ahmed Nagar, Ahmednagar",IN,IN,71.875,63.22580645161291,False,False,1. spelling corruption
S1-413604293,S3-533834716,S3,Services Prime For Private Limited,Services Prime For Private Ltd,"Plot No.74, Vasant Nagar, Miraj, Sangli, Maharashtra","77, Vasant Nagar, Miraj, Sangli, महाराष्ट्र",IN,IN,93.75,64.36781609195403,False,False,9. address variation
S1-38871916,S2-675355782,S2,First Management (India) Private Limited,Mr firstmanagementindia.com,"Plot No. 170 A, Kn.No. 64/16 Block C-2 Nangli Vihar Extn., Baprola, Nangloi, Delhi, New Delhi, Delhi","170 A, KN.NO. 64/16 BLOCK C-2 NANGLI VIHAR EXTN., BAPROLA, NANGLOI, DELHI, Delhi",IN,IN,67.6923076923077,89.02439024390245,False,False,1. spelling corruption
S1-915972251,S2-672359249,S2,Heartland Network,HEARTLANDNETWORK.COM,"325 Gilders Creek Road, Burnsville, NC","BURNSVILLE, GILDERS CREEK ROAD, NC",US,US,86.48648648648648,64.70588235294117,False,False,1. spelling corruption
S1-761640219,S2-493600400,S2,Wildlife Heritage Project,Wildlife Heritage Prhatect,"45 Meadowview Road, Boston, MA",,US,US,90.19607843137256,0.0,False,False,6. missing address
S1-876850373,S2-985477839,S2,Global Properties Private Limited,ग्लोबल प्रॉपर्टीज प्राइवेट लिमिटेड,"Office No 98B, 9Th Floor, Aggarwal Trade Centre, Plot No 62, Sector 11 Cbd Belapur, Navi Mumbai, Thane, Maharashtra","OFFICE NO 98B, THANE, महाराष्ट्र",IN,IN,8.955223880597018,28.985507246376805,False,False,10. cross-script
S1-876850373,S3-868716280,S3,Global Properties Private Limited,ग्लोबल प्रॉपर्टीज प्राइवेट लिमिटेड,"Office No 98B, 9Th Floor, Aggarwal Trade Centre, Plot No 62, Sector 11 Cbd Belapur, Navi Mumbai, Thane, Maharashtra","Hn D/67 Ocfice No 98B, 9Th Floor, Aggarwal Trade Centre, Plot No 62, Sector 11 Cbd Belapur, Navi Mumbai, Thane, MH",IN,IN,8.955223880597018,91.16279069767442,False,False,10. cross-script
S1-348060681,S3-418308037,S3,Womens Health Pacific Care Care,Womens Hdongealth Pacific Care Care,"18820 Abernethy Lane, Milwaukie, OR",,US,US,93.93939393939394,0.0,False,False,6. missing address
S1-846496145,S2-310767723,S2,Laxmi Foods Pvt Ltd,लक्ष्मी फूड्स प्रा. लि.,"Khewatno405 Killano 12 15, Vill Dhankot, Shyam Chowk, Sadar Bazar, Gurgaon, Haryana","GURGAON, SADAR BAZAR, Haryana, KHEWATNO405 KILLANO 12 15",IN,IN,15.000000000000002,38.167938931297705,False,False,10. cross-script
S1-846496145,S3-383990757,S3,Laxmi Foods Pvt Ltd,लक्ष्मी फूड्स प्रा. लि.,"Khewatno405 Killano 12 15, Vill Dhankot, Shyam Chowk, Sadar Bazar, Gurgaon, Haryana","Khewatno405 Killano 12 15, Vill Dhankot, Shyam Chowk, Gurgaon, Sadar Bazar, हरियाणा",IN,IN,15.000000000000002,80.76923076923077,False,False,10. cross-script
S1-240715435,S3-302395722,S3,Thomas Regional Culture PC,Thomas-Regional Culture,"8326 Gilbert Lake Road, Kimmell, IN","Gilbert Lake Rd, Kimmell, Indiana",US,US,93.87755102040816,81.25,False,False,9. address variation
S1-128617727,S3-443337963,S3,Prime Certified Osisko LLC,Prime Certified Osko LLC,"25 Satinwood Street, Islip, NY","#25 Satinwood St, Central Islip, New York",US,US,96.0,78.78787878787878,False,False,9. address variation
S1-128617727,S2-215463267,S2,Prime Certified Osisko LLC,Prime  Certified Osisk0 LLC,"25 Satinwood Street, Islip, NY","NY, CENTRAL ISLIP, 25 SATINWOOD ST",US,US,96.15384615384616,50.0,False,False,2. OCR corruption
S1-128617727,S3-447036154,S3,Prime Certified Osisko LLC,Prime-Certified Ósisko LLC,"25 Satinwood Street, Islip, NY","#25 Satinwood Street, Islip, New York",US,US,96.15384615384616,90.32258064516128,False,False,10. cross-script
S1-750824591,S3-526901796,S3,Goldberg Money LLC,Goldberg Money,"IN, Princeton, 4754 64","4754 64, Princeton, Indiana",US,US,87.5,48.88888888888889,False,False,1. spelling corruption
S1-957335135,S3-961027848,S3,Mac Metals LLP,Mac LLP Center,"337, Twain Apts, Ii, Floor, Arcot Road, Kodambakkam, Chennai-24, Tamil Nadu","Chennai-24, TN, Chennai-24, 337, Twain Apts, Ii, Floor, Arcot Road, Kodambakkam",IN,IN,50.0,66.18705035971223,False,False,9. address variation
S1-895791697,S3-238377601,S3,Lopez Iron LLC,LLC Lopez Ihn,"11115 39th Street, Tulsa, OK","39rd Street, Tulsa, Oklahoma",US,US,59.25925925925925,69.23076923076923,False,False,9. address variation
S1-743731370,S3-682231247,S3,Vishwakarma Group of Companies,Vishwakarma Group,"Plot No-9, Commercial, Kaushambi, Ghaziabad, Ghaziabad, Uttar Pradesh","Commercial, Kaushambi, Ghaziabad, Ghaziabad, UP, Ghaziabad, Plto No-9",IN,IN,72.34042553191489,70.86614173228347,False,False,1. spelling corruption
S1-529305116,S3-759480335,S3,Daynight Vardhman Pvt. Ltd.,Daynightvardhman.Com,"# 289 Sector 4, Mansa Devi Complex, Panchkula, Haryana","# 289 Sector 4, Mansa Devi Complex, Panchkula, HR",IN,IN,75.55555555555556,94.6236559139785,False,False,1. spelling corruption
S1-858008109,S2-696773258,S2,Scholarship Coalition Inc,Scholarship Cóalition Inc (ID: 88009),"4165 Plateau Drive, Forney, TX","PLATEAU DR, FORNEY, TX",US,US,81.35593220338984,83.33333333333334,False,False,10. cross-script
S1-876753650,S3-225667360,S3,United Services Private Limited,United Services Private Ltd,"Sunil Shopping Centre, Opp. Navrang Cinema, J P Road, Andheri (, Maharashtra, Mumbai, 26-27, West)","26-27, West), महाराष्ट्र",IN,IN,93.10344827586206,18.518518518518523,False,False,8. common name
S1-876753650,S2-292596460,S2,United Services Private Limited,यूनाइटेड सर्विसेज प्राइवेट लिमिटेड,"Sunil Shopping Centre, Opp. Navrang Cinema, J P Road, Andheri (, Maharashtra, Mumbai, 26-27, West)","26-27, WEST), MUMBAI, Maharashtra",IN,IN,9.230769230769232,34.48275862068966,False,False,10. cross-script
S1-876753650,S2-774694305,S2,United Services Private Limited,यूनाइटेड Services Private Limited,"Sunil Shopping Centre, Opp. Navrang Cinema, J P Road, Andheri (, Maharashtra, Mumbai, 26-27, West)","26-27, SUNIL SHOPPING CENTRE, OPP. NAVRANG CINEMA, J P ROAD, ANDHERI (, WEST), MUMBAI, Maharashtra",IN,IN,78.125,80.45977011494253,False,False,10. cross-script
S1-876753650,S3-421694720,S3,United Services Private Limited,United,"Sunil Shopping Centre, Opp. Navrang Cinema, J P Road, Andheri (, Maharashtra, Mumbai, 26-27, West)","26-27, Sunil Shopping Centre, Opp. Navrang Cinema, J P Road, Andheri (, West), Mumbai, Maharashtra",IN,IN,32.432432432432435,80.45977011494253,False,False,9. address variation
S1-658794136,S2-695034414,S2,Industrial Software Private Limited,Dr Industrial Sobtmae  Private Limited,"No.15/1, Gandiban Street, Chengalpattu, Kanchipuram, Tamil Nadu","NO 0015/1 , GANDIBAN STREET, CHENGALPATTU, தமிழ்நாடு",IN,IN,88.88888888888889,69.1588785046729,False,False,1. spelling corruption
S1-23116213,S2-707919551,S2,East Compass LLC,East  Compass,"IL, 4205 Hazelcrest Road, Springfield","4205 HAZELCREST RD, SPRINGFIELD, IL",US,US,85.71428571428572,88.23529411764706,False,False,1. spelling corruption
S1-473704332,S3-744805670,S3,Tech Consultants Pvt Ltd,Tech  Consultants,"Malini, K6/1, Erandawana Co-Op Housing Society, Nr. Mangeshkar Hospital, Erandawana, Pune, Maharashtra","Pune, MH, K6/1, Erandawana Co-op Housing Society, Nr. Mangeshkar Hospital, Malini, Erandawana",IN,IN,80.0,80.66298342541435,False,False,1. spelling corruption
S1-349932197,S2-464710872,S2,"Hayes, Rice and Smith Inc","Inc Hayes, Rtec and Smith","646 3500, City Of North Salt Lake, UT","505 3500, BOUNTIFUL, UT",US,US,75.0,46.42857142857143,False,False,1. spelling corruption
S1-975198531,S2-885532910,S2,Dermatology Group,DERMATOLOGY,"1901 NW Radial Highway, Omaha, NE","1901 NW RADIAL HWY, OMAAHA, NE",US,US,78.57142857142857,91.52542372881356,False,True,1. spelling corruption
S1-975198531,S3-552127281,S3,Dermatology Group,dermatologygroup.com,"1901 NW Radial Highway, Omaha, NE","1901 Northwest Radial Hwy, Omaha, Nebraska",US,US,86.48648648648648,76.05633802816901,False,True,1. spelling corruption
S1-305817692,S2-84460871,S2,Royal Investments,ರಾಯಲ್ ಇನ್ವೆಸ್ಟ್‌ಮೆಂಟ್ಸ್,"No 118, Aakrathi, 4Th Street, Prithvi Layout, Ecc Road, Whitefield, Bangalore, Karnataka","NO 1-18, BANGALORE, Karnataka",IN,IN,5.000000000000004,48.14814814814815,False,False,10. cross-script
S1-305817692,S3-344683745,S3,Royal Investments,ರಾಯಲ್ ಇನ್ವೆಸ್ಟ್‌ಮೆಂಟ್ಸ್,"No 118, Aakrathi, 4Th Street, Prithvi Layout, Ecc Road, Whitefield, Bangalore, Karnataka","Door No C-118, ಕರ್ನಾಟಕ, Bangalore",IN,IN,5.000000000000004,32.14285714285714,False,False,10. cross-script
S1-308478087,S2-221476493,S2,Bright Bike Shop Inc,Bright Bhkte Shop Inc,"19303 Diamond Lake Drive, Loudoun County, VA","DIAMOND LAKE DR, LEEBSURG, VA",US,US,92.6829268292683,60.86956521739131,False,False,9. address variation
S1-462776141,S3-733448014,S3,High Software Private Limited,హై సాఫ్ట్‌వేర్ ప్రైవేట్ లిమిటెడ్,"Plot No. 147, K.V.Rangareddy, Telangana, Survey .No. 13, Rajendranagar","K.v.rangareddy, Door No 147., Rajendranagar, Survey .No. 13, TG",IN,IN,9.836065573770492,58.82352941176471,False,False,10. cross-script
S1-462776141,S3-228305101,S3,High Software Private Limited,Nexecto,"Plot No. 147, K.V.Rangareddy, Telangana, Survey .No. 13, Rajendranagar","Plot No. 147., Survey .No. 13, Rajendranagar, K.v.rangareddy, TG",IN,IN,16.666666666666664,63.86554621848739,False,False,9. address variation
S1-462776141,S2-308982887,S2,High Software Private Limited,హై సాఫ్ట్‌వేర్ ప్రైవేట్ లిమిటెడ్,"Plot No. 147, K.V.Rangareddy, Telangana, Survey .No. 13, Rajendranagar","NO 47, SURVEY .NO. 13, RAJENDRANAGAR, K.V.RANGAREDDY, Andhra Pradesh",IN,IN,9.836065573770492,51.2,False,False,10. cross-script
S1-313989730,S2-675254850,S2,Royal Heritage Machines Inc,ROYAL MACHINES  INC CENTER,"Unit 53E, 213 Countryside Circle, TN, Knoxville","213. COUNTRYSIDE CIRCLE, KNOXVILLE, TN",US,US,69.23076923076923,81.0126582278481,False,False,1. spelling corruption
S1-313989730,S3-600303725,S3,Royal Heritage Machines Inc,Royal Heritage Maifs Inc,"Unit 53E, 213 Countryside Circle, TN, Knoxville","213 Countryside Circle, # 53E, Knoxville, Tennessee",US,US,90.19607843137256,73.33333333333334,False,False,9. address variation
S1-313989730,S3-328680285,S3,Royal Heritage Machines Inc,Royal Heritage Machines,"Unit 53E, 213 Countryside Circle, TN, Knoxville","213 Countryside Cir, Knoxville, Tennessee",US,US,92.0,69.87951807228916,False,False,9. address variation
S1-111019299,S2-132525940,S2,Lakshmi Holdings,LSHMI LSHMI HOLDINGS,"Shyam Apt, Flat 201 A, Bhk 417/834, Ulhasnagar, Ulhasnagar, Thane, Maharashtra","SHAM APT, FLAT 201 A, BHK 417/834, ULHASNAGAR, ULHASNAGAR, THANE, महाराष्ट्र",IN,IN,77.77777777777779,84.50704225352112,False,False,1. spelling corruption
S1-111019299,S2-553980825,S2,Lakshmi Holdings,LAHSMI HOLDINGS HOLDINGS,"Shyam Apt, Flat 201 A, Bhk 417/834, Ulhasnagar, Ulhasnagar, Thane, Maharashtra","SHYAM APT, ULHASNAGAR, THANE, Maharashtra",IN,IN,70.0,69.0909090909091,False,False,1. spelling corruption
S1-111019299,S3-515833437,S3,Lakshmi Holdings,Lakshmi Limited,"Shyam Apt, Flat 201 A, Bhk 417/834, Ulhasnagar, Ulhasnagar, Thane, Maharashtra","Shyam Apt, Ulhasnagar, Thane, MH",IN,IN,64.51612903225806,57.425742574257434,False,False,1. spelling corruption
S1-311876965,S2-788860587,S2,Valdez American Flexible,Valdez Flexible Service,"ID, Lewiston, 1320 16th Street","132 16th St, LEWISTON, ID",US,US,63.829787234042556,50.98039215686274,False,False,1. spelling corruption
S1-328651102,S3-802017318,S3,Vision Specialists,Vision 5ervices,"MD, 533 Francis Nicholson Way, Fl 0, Annapolis","533 Francis Nicholson Way, Fl. 0, Annapolis, Maryland",US,US,60.60606060606061,86.95652173913044,False,False,1. spelling corruption
S1-328651102,S3-895956299,S3,Vision Specialists,Vision Specialists Corporation,"MD, 533 Francis Nicholson Way, Fl 0, Annapolis","Francis Nicholson Way, Fl 0, Annapolis, Maryland",US,US,75.0,81.81818181818181,False,False,1. spelling corruption
S1-967624051,S3-611362505,S3,Bharti Medical Centre LLP,Bharti Centre LLP Services,"Lok Everest Bldg No. 2, Shop No. 4 Jata Shankar Rd, Mulund (West), Mumbai, Mumbai City, Maharashtra","Shop No. 4 Jata Shankar Rd, Mulund (West), 432 Lok Everest Bldg No. 2, Mumbai, MH, Mumbai City",IN,IN,66.66666666666667,64.0,False,False,1. spelling corruption
S1-470401771,S3-553486627,S3,"Rickey Intelligence, LLC",Rickeyintelligence.Com,"307 Norway Avenue, Huntington, WV","Norway Avenue, Huntington, West Virginia",US,US,88.88888888888889,78.26086956521739,False,False,1. spelling corruption
S1-495412821,S3-578954401,S3,Kolkata Motors Limited,Ko1kata Motors Limited,"20, Curry Road, Flat K 102 Dwarika Complex, Kolkata, Howrah, West Bengal","#20, Curry Road, Flat K 102 Dwarika Complex, Howrah, N/A, WB",IN,IN,95.45454545454545,82.64462809917356,False,False,9. address variation
S1-402936647,S2-611929634,S2,Indo South Exports Private Limited,இண்டோ சவுத் எக்ஸ்போர்ட்ஸ் பிரைவேட் லிமிடெட்,"No.8, 2Nd Floor, Kalaignar High Road, Srinivasa Nagar, Peerkankaranai, Chennai, Tamil Nadu","NO.C-8, 2ND FLOOR, KALAIGNAR HIGH ROAD, SRINIVASA NAGAR, PEERKANKARANAI, CHENNAI, தமிழ்நாடு",IN,IN,10.389610389610393,87.57396449704143,False,False,10. cross-script
S1-402936647,S2-427329934,S2,Indo South Exports Private Limited,இண்டோ சவுத் எக்ஸ்போர்ட்ஸ் பிரைவேட் லிமிடெட்,"No.8, 2Nd Floor, Kalaignar High Road, Srinivasa Nagar, Peerkankaranai, Chennai, Tamil Nadu","NO.C-8, 2ND FLOOR, KALAIGNAR HIGH ROAD, SRINIVASA NAGAR, PEERKANKARANAI, CHENNAI, தமிழ்நாடு",IN,IN,10.389610389610393,87.57396449704143,False,False,10. cross-script
S1-402936647,S3-890138491,S3,Indo South Exports Private Limited,இண்டோ சவுத் எக்ஸ்போர்ட்ஸ் பிரைவேட் லிமிடெட்,"No.8, 2Nd Floor, Kalaignar High Road, Srinivasa Nagar, Peerkankaranai, Chennai, Tamil Nadu","TN, Chennai, Door No 08, 2Nd Floor, Kalaignar High Road, Srinivasa Nagar, Peerkankaranai, Chennai",IN,IN,10.389610389610393,83.9080459770115,False,False,10. cross-script
S1-402936647,S2-781205927,S2,Indo South Exports Private Limited,Indo South Private Limited Service,"No.8, 2Nd Floor, Kalaignar High Road, Srinivasa Nagar, Peerkankaranai, Chennai, Tamil Nadu","Tamil Nadu, NO.C-8 , 2ND FLOOR, KALAIGNAR HIGH ROAD, SRINIVASA NAGAR, PEERKANKARANAI, CHENNAI",IN,IN,76.47058823529412,85.88235294117648,False,False,1. spelling corruption
S1-182501032,S3-259783797,S3,Big Tattoo Partners,Big Tatboo Partners,"9951 Sunny Drive, Moses Lake, WA","Washington, Moses Lake, 9951c Sunny Dr",US,US,94.73684210526316,45.45454545454546,False,False,11. other
S1-182501032,S3-549658500,S3,Big Tattoo Partners,Big Táttoo,"9951 Sunny Drive, Moses Lake, WA","9951c Sunny Drive, Moses Lake, Washington",US,US,62.06896551724138,86.95652173913044,False,False,10. cross-script
S1-61502254,S3-237692220,S3,Devesh Tech Pvt Ltd,deveshtech.com,"C/O Kanchan Srivastava, 128/16 B Block, Kidwai Nagar, Kanpur Nagar, Uttar Pradesh","C/o Kanchan Srivastava, 128/16 B Block, Kidwai Nagar, Kanpur Nagar, उत्तर प्रदेश",IN,IN,66.66666666666667,84.9673202614379,False,False,1. spelling corruption
S1-15342054,S2-11289615,S2,Best Management Pvt Ltd,બેસ્ટ મેનેજમેન્ટ પ્રા. લિ.,"C-22, Arvind Megapark, Parikh Packaging Road Vasna Chacharwadi, Changodar, Ahmedabad, Gujarat","C-D/22, AHMEDABAD, Gujarat",IN,IN,12.765957446808507,39.28571428571429,False,False,10. cross-script
S1-15342054,S3-327774108,S3,Best Management Pvt Ltd,બેસ્ટ Management Pvt Ltd,"C-22, Arvind Megapark, Parikh Packaging Road Vasna Chacharwadi, Changodar, Ahmedabad, Gujarat","C-22, Arvind Megapark, Parikh Packaging Road Vasna Chacharwadi, Changodar, Ahmedabad, GJ",IN,IN,80.85106382978724,97.07602339181287,False,False,10. cross-script
S1-15342054,S2-876606029,S2,Best Management Pvt Ltd,બેસ્ટ મેનેજમેન્ટ પ્રા. લિ.,"C-22, Arvind Megapark, Parikh Packaging Road Vasna Chacharwadi, Changodar, Ahmedabad, Gujarat","AHMEDABAD, Gujarat, AHMEDABAD, C-D/22, ARVIND MEGAPARK, PARIKH PACKAGING ROAD VASNA CHACHARWADI, CHANGODAR",IN,IN,12.765957446808507,74.46808510638299,False,False,10. cross-script
S1-785630155,S2-110305946,S2,Diamond Telecom Concepts,Diamond Telecom,"17 Bay Point Path, Marshfield, MA","MA, MARHFIELD CDP, 17 BAY POINT PATH",US,US,76.92307692307692,52.3076923076923,False,False,1. spelling corruption
S1-658156825,S2-6875962,S2,Hari Hospitality Private Limited,હરિ હોસ્પિટાલિટી પ્રાઇવેટ લિમિટેડ,"A-1105, Sun West Bank, Ashram Road, City Ahmedabad, Ahmedabad, Gujarat","A-B3/1105, SUN WEST BANK, ASHRAM ROAD, CITY AHMEDABAD, AHMEDABAD, Gujarat",IN,IN,9.230769230769232,97.74436090225565,False,False,10. cross-script
S1-658156825,S2-284296910,S2,Hari Hospitality Private Limited,Hari Hospita1ity Private Limited,"A-1105, Sun West Bank, Ashram Road, City Ahmedabad, Ahmedabad, Gujarat","A-B3/1105, SUN WEST BANK, ASHRAM ROAD, CITY AHMEDABAD, ગુજરાત",IN,IN,96.875,78.68852459016394,False,False,9. address variation
S1-658156825,S3-43637833,S3,Hari Hospitality Private Limited,Mr Hari Hospitality Private Ltd,"A-1105, Sun West Bank, Ashram Road, City Ahmedabad, Ahmedabad, Gujarat","A-1105, Sun West Bank, Ashram Road, Ahmedabad, City Ahmedabad, GJ",IN,IN,88.88888888888889,88.0,False,False,1. spelling corruption
S1-198036587,S3-574315326,S3,Super Classic Finance Private Limited,సూపర్ క్లాసిక్ ఫైనాన్స్ ప్రైవేట్ లిమిటెడ్,"H No: 5-402, S.R. Naik Nagar, Ida Jeedimetla, Hyderabad, Rangareddy, Telangana","H No: 5-402., S.r. Naik Nagar, Ida Jeedimetla, Hyderabad, Rangareddy, తెలంగాణ",IN,IN,10.256410256410254,88.57142857142857,False,False,10. cross-script
S1-198036587,S2-779519783,S2,Super Classic Finance Private Limited,సూపర్ క్లాసిక్ ఫైనాన్స్ ప్రైవేట్ లిమిటెడ్,"H No: 5-402, S.R. Naik Nagar, Ida Jeedimetla, Hyderabad, Rangareddy, Telangana","H NO: 5-402, RANGAREDDY, HYDERABAD, Telangana",IN,IN,10.256410256410254,69.64285714285714,False,False,10. cross-script
S1-159969916,S3-64511371,S3,Bright Grill,Bright Ghigl | www.brightghi.com,"8016 Woodside Trail, North Richland Hills, TX",,US,US,47.61904761904761,0.0,False,False,6. missing address
S1-851966421,S3-714809829,S3,Family Blue Clinic P.C.,Family  Blue,"319 Ballaine Boulevard, Kenai Peninsula Borough, AK","<NULL>, Alaska, 319 Ballaine Blvd, Kenai Peninsula Borough",US,US,66.66666666666667,80.3921568627451,False,False,1. spelling corruption
S1-851966421,S3-314383987,S3,Family Blue Clinic P.C.,Family Blue Clinic,"319 Ballaine Boulevard, Kenai Peninsula Borough, AK","Alaska, <NULL>, 319 Ballaine Boulevard, Kenai Peninsula Borough",US,US,90.0,85.98130841121495,False,False,9. address variation
S1-426418790,S3-406073122,S3,Chiropractic Medicine,Chiropractic Médicine,"Vestavia Hills, 3995 Natchez Drive, AL","Natchez Drive, Vestavia Hills, Alabama",US,US,95.23809523809523,47.22222222222222,False,False,10. cross-script
S1-426418790,S2-518885112,S2,Chiropractic Medicine,Chiropractic-Center,"Vestavia Hills, 3995 Natchez Drive, AL","3995- NATCHEZ DRIVE, VESTAVIA HILLS, AL",US,US,80.0,58.33333333333333,False,False,1. spelling corruption
S1-426418790,S3-201845580,S3,Chiropractic Medicine,Chiropractic Médicine,"Vestavia Hills, 3995 Natchez Drive, AL","3995 Natchez Dr, Vestavia Hills, Alabama",US,US,95.23809523809523,54.054054054054056,False,False,10. cross-script
S1-426418790,S2-533668067,S2,Chiropractic Medicine,CHIROPRACTIC MEDICINE [CORP],"Vestavia Hills, 3995 Natchez Drive, AL","3995- NATCHEZ DR, VESTAVIA HILLS, AL",US,US,89.36170212765957,57.971014492753625,False,False,1. spelling corruption
S1-426418790,S2-329712742,S2,Chiropractic Medicine,Chir0practic Medicine,"Vestavia Hills, 3995 Natchez Drive, AL","VESTAVIA HILLS, AL, 3995- NATCHEZ DR",US,US,95.23809523809523,86.95652173913044,False,False,2. OCR corruption
S1-18363255,S2-956105724,S2,Olson Silver Utility LLC,Olson Silver Útility LLC,"47 Via Entrada, La Madera, NM","##47 VIA ENTRADA, PO BOX 2663, LA MADERA, NM",US,US,95.83333333333334,81.81818181818181,False,False,10. cross-script
S1-711288364,S2-231292412,S2,Patna Maritime Clinic,CLINIC PATNA CENTER,"C/O-Sh. Abijay Kumar, Mangalchouk, Adm Road, Sampat Chouk, Rk Nagar, Patna, Bihar","C/O-SH. ABIJAY KUMAR, MANGALCHOUK, ADM ROAD, SAMPAT CHOUK, RK NAGAR, PATNA, बिहार",IN,IN,40.0,93.24324324324324,False,False,9. address variation
S1-388666487,S3-915736145,S3,Sun Labs Private Limited,5un  Labs Private Limited,"No.537/36, Karnataka, Bangalore, Ground Floor, Rakshita, 9Th Main, 2Nd Block, Rajajinagar","No.537/36, Ground Floor, Rakshita, 9Th Main, 2Nd Block, Rajajinagar, Bangalore, KA",IN,IN,95.83333333333334,78.98089171974523,False,False,2. OCR corruption
S1-388666487,S3-857664388,S3,Sun Labs Private Limited,Sun Labs Prlvbe Limited,"No.537/36, Karnataka, Bangalore, Ground Floor, Rakshita, 9Th Main, 2Nd Block, Rajajinagar","No.537/36, Ground Floor, Rakshita, 9Th Main, 2Nd Block, Rajajinagar, Bangalore, KA",IN,IN,89.36170212765957,78.98089171974523,False,False,1. spelling corruption
S1-295814106,S3-844156553,S3,Upper Thayer LLC,Upper Thayer,"546 Amber Drive, Mt Juliet, TN","0546 Amber Dr, Mt Juliet, Tennessee",US,US,85.71428571428572,81.9672131147541,False,False,1. spelling corruption
S1-888118518,S2-656687490,S2,Surya Hari Builders Private Limited,सूर्या हरि बिल्डर्स प्राइवेट लिमिटेड,"S-5, Shivam Building Sansar Chandra Road, Jaipur, Rajasthan","S-5, SHIVAM BUILDING SANSAR CHANDRA ROAD, JAIPUR, राजस्थान",IN,IN,11.267605633802813,84.68468468468468,False,False,10. cross-script
S1-888118518,S3-506408696,S3,Surya Hari Builders Private Limited,सूर्य हरि बिल्डर्स प्राइवेट लिमिटेड,"S-5, Shivam Building Sansar Chandra Road, Jaipur, Rajasthan","S-5, Jaipur, Sawai Madhopur, RJ",IN,IN,11.428571428571432,47.61904761904761,False,False,10. cross-script
S1-456605823,S3-96996023,S3,A Cure 9 IT,A Cure,"1621 12th Street, Silvis, IL","Twelfth St, Silvis, Illinois",US,US,70.58823529411764,57.692307692307686,False,False,1. spelling corruption
S1-456605823,S3-920172559,S3,A Cure 9 IT,A 9 IT Services,"1621 12th Street, Silvis, IL","1621 Tweltfh St, Silvis, Illinois",US,US,46.15384615384615,70.17543859649122,False,True,9. address variation
S1-590339273,S3-332922426,S3,Y T & L Grade,Y & L Grade Service,"3429 Boulder Point Lane, Powell, TN","03429 Boulder Point Lane, Powell, Tennessee",US,US,72.22222222222221,89.1891891891892,False,False,1. spelling corruption
S1-590339273,S3-493683358,S3,Y T & L Grade,Y T  &,"3429 Boulder Point Lane, Powell, TN","03429 Boulder Point Ln, Powell, Tennessee",US,US,63.63636363636363,86.11111111111111,False,False,1. spelling corruption
S1-742224405,S3-390415132,S3,Auto Clinic,Auto Clínic Ltd,"Tamil Nadu, Antony St, First Floor, No.17, Chennai, Tambaram","Madhavaram, Antony St, First Floor, TN, H.no 17, Tambaram",IN,IN,76.92307692307692,74.76635514018693,False,False,10. cross-script
S1-11923971,S2-174094317,S2,Dynamic Harbor Blackrock LLC,Dynamic Harbor Blackrock,"335 Harry Howes Road, Sanford, ME",,US,US,92.3076923076923,0.0,False,False,6. missing address
S1-11923971,S3-110658728,S3,Dynamic Harbor Blackrock LLC,Dynamic Harbor Blackrock,"335 Harry Howes Road, Sanford, ME","Harry Howes Rd, Sanford, Maine",US,US,92.3076923076923,84.7457627118644,False,False,9. address variation
S1-505109198,S2-255498006,S2,Taor L.L.C.,(L.L.C.) Tcrfg,"48 Smiley Avenue, Mansfield, MA","0048 SMILEY AVENUE, MANSFEILD CDP, MA",US,US,47.61904761904761,87.5,False,False,9. address variation
S1-664874539,S2-771407215,S2,Family Care LLC,Family Cáre LLC | www.familycr.com,"1746 Kalorama Road, Washington, DC","DC, 1746 KALORAMA ROAD, WASHINGTON",US,US,59.57446808510638,90.625,False,False,10. cross-script
S1-711520863,S2-871234060,S2,C 2 L Opportunities Inc,C 2 L INC PARTNERS,"6818 Delaware Street, Chevy Chase, MD",,US,US,58.53658536585367,0.0,False,False,6. missing address
S1-15123072,S2-747100755,S2,Baba Food Private Limited,बाबा फूड प्राइवेट लिमिटेड,"Rz-D-1/94, G/Floor, Kh No-692/94 Gali No-5, Mahavir Enclave, Palam, New Delhi, South West Delhi, Delhi","RZ-D-1/94, NEW DELHI, SOUTH WEST DELHI, Delhi",IN,IN,12.0,61.31386861313868,False,False,10. cross-script
S1-15123072,S3-578012262,S3,Baba Food Private Limited,बाबा Food Private Limited,"Rz-D-1/94, G/Floor, Kh No-692/94 Gali No-5, Mahavir Enclave, Palam, New Delhi, South West Delhi, Delhi","G/floor, Kh No-692/94 Gali No-5, Mahavir Enclave, Palam, DL, Rz-d-##1/94, South West, New Delhi",IN,IN,84.0,81.76795580110497,False,False,10. cross-script
S1-728797008,S3-879492813,S3,Pediatric Dentistry Specialists LLC,Pediatric Déntistry Specialists LLC,"3001 Chain Drive, Unit Apartment 3, City Of Appleton, WI","Chain Dr, Menasha, Wisconsin",US,US,97.14285714285714,43.0379746835443,False,False,10. cross-script
S1-403434518,S2-314888507,S2,Metropolitan Sound LP,Metropolitan Sound,"1247 Steed Bluff Drive, Alvin, TX","247 STEED BLUFF DR, ALVIN, TX",US,US,92.3076923076923,93.10344827586206,False,False,9. address variation
S1-160124441,S3-510341177,S3,Lujan Navios of Bedford,Lujan Of Bedford Service,"39 Dunster Road, Bedford, MA","Massachusetts, 39 Dunster Road, Bedford",US,US,68.08510638297872,73.01587301587303,False,False,1. spelling corruption
S1-274848108,S2-956293401,S2,Black Hotel Marketing Limited,ब्लैक होटल मार्केटिंग लिमिटेड,"Surya Niwas H. No. 60 Akbarpur Majra, Post Office Palla, New Delhi, North West, Delhi","POST OFFICE PALLA, NORTH WEST, NEW DELHI, SURYA NIWAS H. NO. 60 AKBARPUR MAJRA, दिल्ली",IN,IN,10.344827586206895,44.0251572327044,False,False,10. cross-script
S1-274848108,S2-525799901,S2,Black Hotel Marketing Limited,blackmarketinghotel.com,"Surya Niwas H. No. 60 Akbarpur Majra, Post Office Palla, New Delhi, North West, Delhi","SURYA NIWAS H. NO. 60 AKBARPUR MAJRA, POST OFFICE PALLA, NORTH WEST, Delhi",IN,IN,61.53846153846154,93.24324324324324,False,False,1. spelling corruption
S1-676284204,S2-597139409,S2,Harrington and Thornton Restaurants Inc,Drexnyla,"238 Alfred Drive, Tooele, UT","0238 ALFRED DRIVE, TOOELE, UT",US,US,17.021276595744684,98.11320754716981,False,False,9. address variation
S1-821127993,S3-337770278,S3,DE Platinum Telephone Inc,DE Placnlum Telephone  Inc,"1847 War Admiral Drive, Albuquerque, NM","New Mexico, War Admiral Dr, Albuquerque",US,US,92.0,72.97297297297297,False,False,9. address variation
S1-844806560,S3-82121021,S3,Ek Vidyalaya Ltd,Sri Korsyn,"476, Aggarwal Millennium Tower-2, Netaji Subhash Place, Pitampura, Delhi, North West Delhi, Delhi","476, North-west Delhi, Delhi, DL",IN,IN,15.384615384615385,44.99999999999999,False,True,11. other
S1-571140572,S2-529124540,S2,Oakes Investment L.L.C.,0AKES INVESTMENT LLC,"312 1st Avenue, Columbia Falls, MT","312 FIRST AVE, COLUMBIA FALLS, MT",US,US,90.47619047619048,88.88888888888889,False,True,9. address variation
S1-839860379,S3-125924275,S3,Cascade Rockwool LP,Cascade LP [Center],"Flemington, WV, 1210 Low Level Bridge Road","1210 Low Level Bridge Road, Flemington, West Virginia",US,US,55.55555555555556,57.14285714285714,False,False,9. address variation
S1-803914234,S2-541175533,S2,Divyasree Polytechnic,divyasreepolytechnic.com,"C/O Usha Mishra, Ward No. 30, Aghoriya Bazar, Aamgola Road, Mushahari, Muzaffarpur, Bihar","C/O USHA MISHRA, WARD NO. 30, AGHORIYA BAZAR, AAMGOLA ROAD, MUSHAHARI, Bihar",IN,IN,88.88888888888889,92.10526315789474,False,False,1. spelling corruption
S1-311315145,S3-649670201,S3,Tirupati Traders Private Limited,Private Tirupati Tders Límited,"No.30 (Old No. 36), Rajaram Mohan Roy Road, Bangalore South, Bangalore, Karnataka","#30 (Old No. 36), Bangalore, Bangalore South, KA",IN,IN,67.74193548387098,62.60869565217391,False,False,10. cross-script
S1-834226369,S3-809804007,S3,All Enterprises LLP,All Enterprises एलएलपी,"Sec 24, Plot 239, Pradhikaran, Nigdi, Pune, Maharashtra","Pune, MH, Sec 24, Plot 239, Pradhikaran, Nigdi",IN,IN,78.04878048780488,72.52747252747253,False,False,10. cross-script
S1-834226369,S2-848619896,S2,All Enterprises LLP,ऑल एंटरप्राइजेज एलएलपी,"Sec 24, Plot 239, Pradhikaran, Nigdi, Pune, Maharashtra","SEC 24/4, PLOT 239, PRADHIKARAN, NIGDI, PUNE, Maharashtra",IN,IN,9.756097560975608,98.0392156862745,False,False,10. cross-script
S1-834226369,S3-347244424,S3,All Enterprises LLP,LLP All Énterprises,"Sec 24, Plot 239, Pradhikaran, Nigdi, Pune, Maharashtra","Sec 24, Plot 239, Pradhikaran, Nigdi, Pune, MH",IN,IN,73.6842105263158,90.10989010989012,False,False,10. cross-script
S1-468437638,S3-739120298,S3,Sun Hari Developers Private Limited,ସନ୍ ହରି ଡେଭଲପର୍ସ୍ ପ୍ରାଇଭେଟ୍ ଲିମିଟେଡ୍,"585/A, Mahatabroad, Dolamundai, Cuttack Sadar, Cuttack, Orissa","4-585/A, Mahatabroad, Dolamundai, Cuttack, Bhubaneshwar, OD",IN,IN,11.267605633802813,75.67567567567568,False,False,10. cross-script
S1-468437638,S2-160027074,S2,Sun Hari Developers Private Limited,ସନ୍ ହରି ଡେଭଲପର୍ସ୍ ପ୍ରାଇଭେଟ୍ ଲିମିଟେଡ୍,"585/A, Mahatabroad, Dolamundai, Cuttack Sadar, Cuttack, Orissa","585/A, CUTTACK SADAR, CUTTACK, Orissa",IN,IN,11.267605633802813,74.72527472527473,False,True,10. cross-script
S1-468437638,S3-341703393,S3,Sun Hari Developers Private Limited,>> Sun Hireiia Developers Private Limited,"585/A, Mahatabroad, Dolamundai, Cuttack Sadar, Cuttack, Orissa","4-585/A, Mahatabroad, Dolamundai, Bhubaneshwar, Cuttack, OD",IN,IN,93.15068493150685,79.27927927927928,False,False,9. address variation
S1-520894696,S3-812850702,S3,P/R Healthcare Inc,P/R Inc Center,"VA, 1110 Villa Circle, Norfolk City","1110c Villa Cir, Norfolk, Virginia",US,US,43.75,73.84615384615385,False,False,9. address variation
S1-925530059,S2-445708469,S2,"Dynamic Fresh Entergy, LLC","Dynamic Fnrreh-Entergy, LLC","1211 Sixth Street, City Of De Pere, WI","CITY OF DE PERE, 1211-1215 Sixth Street, WI",US,US,94.11764705882352,51.94805194805194,False,False,9. address variation
S1-925530059,S3-230494100,S3,"Dynamic Fresh Entergy, LLC",dynamicfreshentergy.com,"1211 Sixth Street, City Of De Pere, WI","Wisconsin, City Of De Pere, 01211 Sixth St",US,US,87.5,52.63157894736843,False,False,1. spelling corruption
S1-925530059,S3-983425453,S3,"Dynamic Fresh Entergy, LLC",Dynamic Fresh,"1211 Sixth Street, City Of De Pere, WI","01211 6th St, City Of De Pere, Wisconsin",US,US,68.42105263157895,78.37837837837837,False,False,1. spelling corruption
S1-176473611,S2-214346169,S2,Temple Zion,Temple Center,"11886 Cedarcreek Drive, Cincinnati, OH",,US,US,66.66666666666667,0.0,False,False,6. missing address
S1-880527168,S2-274430092,S2,Krishi Agencies Private Limited,Mr Krishi Agencies Prsie Limited,"Kolkata, West Bengal, Maharshi Devendra Road, 201, Howrah","201, MAHARSHI DEVENDRA ROAD, KOLKATA, West Bengal",IN,IN,88.88888888888889,54.54545454545454,False,False,1. spelling corruption
S1-880527168,S3-148199935,S3,Krishi Agencies Private Limited,Krishi Agencies Prviate Limited,"Kolkata, West Bengal, Maharshi Devendra Road, 201, Howrah","201, Calcutta, Howrah, WB",IN,IN,96.7741935483871,29.333333333333332,False,False,8. common name
S1-773462401,S3-93664788,S3,Emogene Walton Allied Spruce LLC,emogenewaltonallied.com,"Fort Washington, MD, 13406 Piscataway Drive","Piscataway Dr, Fort Washington, Maryland",US,US,76.36363636363637,50.63291139240506,False,False,1. spelling corruption
S1-407195046,S3-938555771,S3,IG Ligand LLC,Igligand.Com,"WA, 18 Pike Street, Auburn","18 Pike St, Auburn, Washington",US,US,80.0,65.38461538461539,False,False,1. spelling corruption
S1-379120298,S2-325981932,S2,Elite Electronics Products,Elite  Electronics,"717 Northwood Terrace, Silver Spring, MD","0717 NORTHWOOD TER, SILVER SPRING, MD",US,US,79.06976744186046,93.15068493150685,False,False,1. spelling corruption
S1-56509744,S2-673404996,S2,Sommerville Dbdr,5ommerville Dbdr,"19557 Hummingbird Loop, Oregon City, OR","HUMMINGBIRD LOOP, OREGON CITY, OR",US,US,93.75,91.17647058823529,False,False,2. OCR corruption
S1-264649979,S3-919267134,S3,Northern Classic Innovation LLC,@northernclassic,"7802 Cadenza Court, Houston, TX","Texas, 7802 Cadenza Ct, Houston",US,US,65.21739130434783,79.3103448275862,False,False,1. spelling corruption
S1-546134788,S3-347526056,S3,Lucky Deli Inc.,Lucky Déli Inc.,"1632 54th Avenue, Nashville, TN",,US,US,92.85714285714286,0.0,False,False,6. missing address
S1-803429407,S3-684733790,S3,Orion Inc,Orsron Inc,"807 Chicon Street, Austin, TX","00807 Chicon Street, Austin, Texas",US,US,84.21052631578947,91.52542372881356,False,False,1. spelling corruption
S1-803429407,S2-334823606,S2,Orion Inc,ORION.COM,"807 Chicon Street, Austin, TX","07 CHICON STREET, AUSTIN, TX",US,US,77.77777777777779,98.11320754716981,False,False,1. spelling corruption
S1-510186082,S3-998303605,S3,Burton Holdings,Burton,"606 Dearborn Avenue, Keizer, OR","Dearborn Avenue, Keizer, Oregon",US,US,57.14285714285714,86.20689655172413,False,False,9. address variation
S1-28042966,S3-887040908,S3,Jackson College,Jackson College-Foundation,"104 Baynes Court, Chapel Hill, NC","Baynes Ct, Chapel Hill, North Carolina",US,US,73.17073170731707,71.64179104477613,False,False,1. spelling corruption
S1-507832861,S3-404249834,S3,Bright Foundation,Bright Service,"Plot-23, Sangam Vihar, Enclave, Tusyana, Dadri, Gautam Buddha Nagar, Uttar Pradesh","Plot-23, Gautam Buddha Nagar, UP",IN,IN,51.61290322580645,56.60377358490566,False,False,9. address variation
S1-507832861,S2-448397886,S2,Bright Foundation,ब्राइट फाउंडेशन,"Plot-23, Sangam Vihar, Enclave, Tusyana, Dadri, Gautam Buddha Nagar, Uttar Pradesh","PLOT-23, SANGAM VIHAR, ENCLAVE, TUSYANA, GAUTAM BUDDHA NAGAR, उत्तर प्रदेश",IN,IN,6.25,80.0,False,False,10. cross-script
S1-781528803,S2-16977683,S2,Meridian,Meriidian,"18300 Shelbyville Rd, Louisville, KY","KY, 18300 SHELBYVILLE RD, LOUISVILLE",US,US,94.11764705882352,91.17647058823529,True,False,9. address variation
S1-781528803,S2-226264604,S2,Meridian,Merodina,"18300 Shelbyville Rd, Louisville, KY","LOUISVILLE, KY, 18300 SHELBYVILLE RD",US,US,75.0,58.82352941176471,True,False,1. spelling corruption
S1-781528803,S3-810881395,S3,Meridian,Meridian,"18300 Shelbyville Rd, Louisville, KY","018300 Shelbyville Rd, Louisville, Kentucky",US,US,100.0,90.66666666666666,False,False,5. word reordering
S1-781528803,S3-924105336,S3,Meridian,Metidnitgn,"18300 Shelbyville Rd, Louisville, KY","018300 Shelbyville Rd, Louisville, Kentucky",US,US,66.66666666666667,90.66666666666666,False,False,1. spelling corruption
S1-512047911,S3-259740251,S3,"Vasquez Regional Ribbon, L.L.C.",regionalribbon.com,"TX, Houston, 1305 31st Street","1305-D 31rd St, NULL, Houston, Texas",US,US,68.08510638297872,43.333333333333336,False,False,1. spelling corruption
S1-598593200,S2-569015501,S2,Indian Trading (India) Private Limited,indiantradingindia.com,"B-35, Nizamuddin West, New Delhi, South Delhi, Delhi","B-35, NIZAMUDDIN WEST, NEW DELHI, दिल्ली",IN,IN,68.96551724137932,72.94117647058825,False,False,1. spelling corruption
S1-770794354,S3-93667480,S3,HB Services Private Limited,HB Services Prilat Limited,"Office No 704, Cts No 2561, Sr No 2/3A, West Avenue, Haveli, Pune, Maharashtra","Office No 704, Haveli, Pune, MH",IN,IN,94.33962264150944,56.00000000000001,False,False,9. address variation
S1-770794354,S3-819022477,S3,HB Services Private Limited,hpservices.com,"Office No 704, Cts No 2561, Sr No 2/3A, West Avenue, Haveli, Pune, Maharashtra","Cts No 2561, Sr No 2/3A, West Avenue, Pune, MH, Office No 704",IN,IN,53.65853658536586,65.625,False,False,9. address variation
S1-880298341,S2-321877323,S2,Motors,Mstoos,"1127 County Street 2920, Tuttle, OK","TUTLE, OK, COUNTY STREET 2920",US,US,66.66666666666667,63.33333333333333,False,False,1. spelling corruption
S1-705383197,S3-551538844,S3,Delhi Hotel Pvt Ltd,Delhi Hoetl Pvt Ltd,"234 Ug Floor, Sharda Niketan Pitampura, Delhi, North West Delhi, Delhi","Door No 234 Ug Floor, DL",IN,IN,94.73684210526316,33.70786516853933,False,False,8. common name
S1-705383197,S3-79054539,S3,Delhi Hotel Pvt Ltd,delhihotel.com,"234 Ug Floor, Sharda Niketan Pitampura, Delhi, North West Delhi, Delhi","234 Ug Fleor, Delhi, DL",IN,IN,66.66666666666667,48.275862068965516,False,True,1. spelling corruption
S1-705383197,S3-186068915,S3,Delhi Hotel Pvt Ltd,Delhihotel.Com,"234 Ug Floor, Sharda Niketan Pitampura, Delhi, North West Delhi, Delhi","#234 Ug Flor, Delhi, North West Delhi, DL",IN,IN,66.66666666666667,71.84466019417476,False,False,1. spelling corruption
S1-881373252,S2-58308165,S2,Om Best Business Private Limited,ॐ बेस्ट बिजनेस प्राइवेट लिमिटेड,"Madhya Pradesh, M.P, 314-Bhagirathpuraindore M.P","#314-BHAGIRATHPURAINDORE M.P, M.P, मध्य प्रदेश",IN,IN,12.698412698412698,60.67415730337078,False,False,10. cross-script
S1-881373252,S2-352600091,S2,Om Best Business Private Limited,ॐ बेस्ट बिजनेस प्राइवेट लिमिटेड,"Madhya Pradesh, M.P, 314-Bhagirathpuraindore M.P","314-BHAGIRATHPURAINDORE M.P, M.P, मध्य प्रदेश",IN,IN,12.698412698412698,60.67415730337078,False,False,10. cross-script
S1-869392091,S2-775768577,S2,Shiva Healthcare,शिवा हेल्थकेयर,"Ground Floor Saini Enclave, Delhi, East Delhi, 40, Delhi","40/8, DELHI, EAST DELHI, Delhi",IN,IN,6.666666666666665,60.75949367088608,False,False,10. cross-script
S1-172800180,S2-54781589,S2,Family Church Inc,Family Inc Services,"1205 Mount Carmel Circle, Fl 0, Wichita, KS","WICHITA, KS, 1205 MOUNT CARMEL CIR",US,US,61.111111111111114,58.33333333333333,False,False,1. spelling corruption
S1-512393062,S3-701719523,S3,Pacific Council LLC,Zephquo,"3123 S Point Road, Belmont, NC","Belmont, 3123 S Point Road, North Carolina",US,US,15.384615384615385,64.70588235294117,False,False,9. address variation
S1-913008351,S2-447225258,S2,Reliable Colonial Avalanche,reliablecolonialavalanche.com,"2219 Flower Street, Phoenix, AZ","2219A Flower Street, PHOENIX CITY, AZ",US,US,89.28571428571429,90.625,False,False,1. spelling corruption
S1-972665098,S3-823916204,S3,Hind Paws LLP,Hind Psn LLP,"Sheet No.50, Near Dhokariya Lodge, Kalavad, Jamnagar, Gujarat","Sheet No.50/7, Near Dhokariya Lodge, Kalavad, Jamnagar, GJ",IN,IN,88.0,93.69369369369369,False,False,1. spelling corruption
S1-972665098,S2-504554365,S2,Hind Paws LLP,Hind Pwilsa LLP,"Sheet No.50, Near Dhokariya Lodge, Kalavad, Jamnagar, Gujarat","SHEET NO.50, NEAR DHOKARIYA LODGE, KALAVAD, Gujarat, null",IN,IN,85.71428571428572,87.27272727272728,False,False,1. spelling corruption
S1-972665098,S3-910324806,S3,Hind Paws LLP,Hind Pwhha LLP,"Sheet No.50, Near Dhokariya Lodge, Kalavad, Jamnagar, Gujarat","Sheet No.50/7, Near Dhokariya Lodge, Kalavad, Jamnagar, GJ",IN,IN,81.4814814814815,93.69369369369369,False,False,1. spelling corruption
S1-193420105,S3-24338146,S3,Behavioral Health Specialists,Behavioral Specialists Health,"1325 Lowenstein Street, Wake Forest, NC","PO Box 2755, Wake Forest, 1325 Lowenstein Street, North Carolina",US,US,75.86206896551724,57.14285714285714,False,False,5. word reordering
S1-193420105,S3-820254550,S3,Behavioral Health Specialists,Behavioral Health Specialists Corporation Enterprises,"1325 Lowenstein Street, Wake Forest, NC",,US,US,70.73170731707317,0.0,False,False,6. missing address
S1-714522719,S3-66269933,S3,Raj Properties LLP,રાજ પ્રોપર્ટીઝ એલએલપી,"Office No. 436-437, 3Rd Floor, Marvella Corridor, Vesu, Surat, Gujarat","Office No. 436-437, Surat, GJ",IN,IN,10.256410256410254,57.77777777777777,False,False,10. cross-script
S1-714522719,S2-969081255,S2,Raj Properties LLP,રાજ પ્રોપર્ટીઝ એલએલપી,"Office No. 436-437, 3Rd Floor, Marvella Corridor, Vesu, Surat, Gujarat","OFFICE NO. 4-36-437, 3RD FLOOR, MARVELLA CORRIDOR, VESU, SURAT, Gujarat",IN,IN,10.256410256410254,99.2248062015504,False,False,10. cross-script
S1-714522719,S3-719818517,S3,Raj Properties LLP,રાજ પ્રોપર્ટીઝ એલએલપી,"Office No. 436-437, 3Rd Floor, Marvella Corridor, Vesu, Surat, Gujarat","Office No. 436-437, 3Rd Floor, Marvella Corridor, Vesu, Surat, GJ",IN,IN,10.256410256410254,95.9349593495935,False,False,10. cross-script
S1-714522719,S3-205457418,S3,Raj Properties LLP,રાજ પ્રોપર્ટીઝ એલએલપી,"Office No. 436-437, 3Rd Floor, Marvella Corridor, Vesu, Surat, Gujarat","Office No. 436-437, 3Rd Floor, Marvella Corridor, Vesu, Surat, GJ",IN,IN,10.256410256410254,95.9349593495935,False,False,10. cross-script
S1-714522719,S2-49564505,S2,Raj Properties LLP,રાજ પ્રોપર્ટીઝ એલએલપી,"Office No. 436-437, 3Rd Floor, Marvella Corridor, Vesu, Surat, Gujarat","OFFICE NO. 4-36-437, 3RD FLOOR, MARVELLA CORRIDOR, VESU, SURAT, Gujarat",IN,IN,10.256410256410254,99.2248062015504,False,False,10. cross-script
S1-375080951,S2-293846275,S2,Safe Secure Alpha,Safe Srebcuor Alpha,"250 Summersill School Road, Jacksonville, NC","JACKSONVILLE, PO BOX 4793, 250 SUMMERSILL SCHOOL RAOD, NC",US,US,88.88888888888889,58.33333333333333,False,False,1. spelling corruption
S1-441351595,S2-587460089,S2,National Charities,National Chárities Association,"3395 Boggs Road, Zanesville, OH","OH, ZANEESVILLE, 3395B BOGGS RD",US,US,70.83333333333333,48.275862068965516,False,False,10. cross-script
S1-844182465,S3-303411676,S3,Dynamic Apparel Union Group,Dynamic Apparel Umnidn Group,"281 Red Bird Lane, Walland, TN","0281 Red Bird Lane, Walland, Tennessee",US,US,94.54545454545455,87.5,False,False,9. address variation
S1-844182465,S3-879290764,S3,Dynamic Apparel Union Group,Dynamic Apparel Union,"281 Red Bird Lane, Walland, TN","Red Bird Lane, Walland, Tennessee",US,US,87.5,81.35593220338984,False,False,1. spelling corruption
S1-844182465,S3-394637813,S3,Dynamic Apparel Union Group,daunion.com,"281 Red Bird Lane, Walland, TN","0281 Red Bird Ln, Walland, Tennessee",US,US,47.36842105263158,83.87096774193549,False,False,9. address variation
S1-353288099,S2-383126142,S2,Smart Exports,séxports.com,"Uttar Pradesh, Shahjahanpur, House No. 162, Dhaka Ghanshyam, Banda, C/O Shyam Mishra, Shahjahanpur","C/O SHYAM MISHRA, PIPLOD, SHAHJAHANPUR, Uttar Pradesh",IN,IN,56.00000000000001,41.13475177304965,False,False,10. cross-script
S1-353288099,S2-628606551,S2,Smart Exports,स्मार्ट एक्सपोर्ट्स,"Uttar Pradesh, Shahjahanpur, House No. 162, Dhaka Ghanshyam, Banda, C/O Shyam Mishra, Shahjahanpur","PIPLOD, उत्तर प्रदेश, HOUSE NO. 162, DHAKA GHANSHYAM, BANDA, C/O SHYAM MISHRA, SHAHJAHANPUR",IN,IN,6.25,77.71428571428571,False,False,10. cross-script
S1-372668046,S3-494309772,S3,United Projects Private Limited,யுனைடெட் புராஜெக்ட்ஸ் பிரைவேட் லிமிடெட்,"No.90A, Kalainar Nagar Cowl Bazaar, Pozhichalur, Chennai, Tamil Nadu","No.90a, Kalainar Nagar Cowl Bazaar, Pozhichalur, Kanchipuram, தமிழ்நாடு",IN,IN,8.571428571428575,79.38931297709924,False,False,10. cross-script
S1-372668046,S2-335210061,S2,United Projects Private Limited,யுனைடெட் புராஜெக்ட்ஸ் பிரைவேட் லிமிடெட்,"No.90A, Kalainar Nagar Cowl Bazaar, Pozhichalur, Chennai, Tamil Nadu","NO.90A, MADRAS, CHENNAI, Tamil Nadu",IN,IN,8.571428571428575,60.41666666666667,False,False,10. cross-script
S1-439526009,S3-350762752,S3,Sagar Ecom (India) Private Limited,Mr sagar ecom (india) private limited,"G-123, 1A Riico, Sitapura, Sanganer, Jaipur, Rajasthan","G-123, Jaipur, RJ",IN,IN,95.52238805970148,46.875,False,False,11. other
S1-439526009,S3-200164054,S3,Sagar Ecom (India) Private Limited,sagarecomindia.com #89109,"G-123, 1A Riico, Sitapura, Sanganer, Jaipur, Rajasthan","G-123, Jaipur, RJ",IN,IN,57.14285714285714,46.875,False,False,3. transliteration
S1-439526009,S2-150631471,S2,Sagar Ecom (India) Private Limited,Sri Vantagexylo,"G-123, 1A Riico, Sitapura, Sanganer, Jaipur, Rajasthan","JAIPUR, Rajasthan, NO. 666/6 G-123, JAIPUR",IN,IN,38.297872340425535,39.08045977011494,False,False,11. other
S1-455861970,S3-337205160,S3,Silver Storage LLC,Silver LLC Center,"2304 Riddle Avenue, Unit UNIT C305, Wilmington, DE","Riddle Ave, Unit UNIT C305, Wilmington, Delaware",US,US,57.14285714285714,84.78260869565217,False,False,9. address variation
S1-455861970,S2-609323858,S2,Silver Storage LLC,Si1ver St0rage LLC,"2304 Riddle Avenue, Unit UNIT C305, Wilmington, DE","RIDDLE AVE, WILMINGTON, DE",US,US,88.88888888888889,67.6056338028169,False,False,1. spelling corruption
S1-592934504,S3-603006407,S3,Faridabad Realty LLP,Faridabad Réa1ty LLP,"Faridabad, H.No-74, Haryana, Faridabad, 1St Floor, Ashoka, Enclave, Part-1, Sector-34","H.no-074, 1St Floor, Ashoka, Enclave, Part-1, Sector-34, Faridabad, HR",IN,IN,90.0,70.0,False,False,10. cross-script
S1-592934504,S3-800646378,S3,Faridabad Realty LLP,Faridabad Reaty-LLP,"Faridabad, H.No-74, Haryana, Faridabad, 1St Floor, Ashoka, Enclave, Part-1, Sector-34","H.no-074, 1St Floor, Ashoka, Enclave, Part-1, Sector-34, Faridabad, HR",IN,IN,97.43589743589743,70.0,False,False,9. address variation
S1-592934504,S2-383946813,S2,Faridabad Realty LLP,FARIDABADREALTYCOM,"Faridabad, H.No-74, Haryana, Faridabad, 1St Floor, Ashoka, Enclave, Part-1, Sector-34","H.NO-#74, 1ST FLOOR, ASHRKA, ENCLAVE, PART-1, SECTOR-34, FARIDABAD, हरियाणा",IN,IN,78.94736842105263,66.66666666666667,False,False,1. spelling corruption
S1-230391123,S3-307170174,S3,Grand Edison Co,Grand Co  Services,"3113 Baldwin Brook Drive, Montgomery, AL",,US,US,56.25,0.0,False,False,6. missing address
S1-403985104,S2-105054454,S2,Atlantic Desert Electricity LLC,ATLANTIC ELECTRICITY LLC CENTER,"32122 Tamina, Magnolia, TX","3212 TAMINA, MAGNOLIA, TX",US,US,77.41935483870968,97.87234042553192,False,False,1. spelling corruption
S1-403985104,S2-316901957,S2,Atlantic Desert Electricity LLC,ATLANTICDESERTELECTRICITY.COM,"32122 Tamina, Magnolia, TX","3212 TAMINA, MAGNOLIA, TX",US,US,90.0,97.87234042553192,False,False,9. address variation
S1-887124285,S3-165451863,S3,All Estate Private Limited,All Private Limited Services,"Flat No.602, Manya Arcade, Alekya Homes, Plot No.50 Gauthami Enclave, Near Chirec School, Ko, Ndapur, Hyderabad, Rangareddy, Telangana","Flat No.02, Hyderabad, Rangareddy, తెలంగాణ",IN,IN,70.37037037037037,39.02439024390244,False,False,1. spelling corruption
S1-887124285,S2-226576365,S2,All Estate Private Limited,ఆల్ ఎస్టేట్ ప్రైవేట్ లిమిటెడ్,"Flat No.602, Manya Arcade, Alekya Homes, Plot No.50 Gauthami Enclave, Near Chirec School, Ko, Ndapur, Hyderabad, Rangareddy, Telangana","H.NO 602, MANYA ARCADE, ALEKYA HOMES, PLOT NO.50 GAUTHAMI ENCLAVE, NEAR CHIREC SCHOOL, KO, NDAPUR, RANGAREDDY, Andhra Pradesh",IN,IN,10.909090909090914,87.60330578512396,False,False,10. cross-script
S1-887124285,S2-670610955,S2,All Estate Private Limited,All Estate Limited Center,"Flat No.602, Manya Arcade, Alekya Homes, Plot No.50 Gauthami Enclave, Near Chirec School, Ko, Ndapur, Hyderabad, Rangareddy, Telangana","FLAT NO.602, MANYA ARCADE, ALEKYA HOMES, PLOT NO.50 GAUTHAMI ENCLAVE, NEAR CHIREC SCHOOL, KO, NDAPUR, HYDERABAD, Andhra Pradesh",IN,IN,70.58823529411764,90.98360655737704,False,False,1. spelling corruption
S1-887124285,S2-389021827,S2,All Estate Private Limited,ఆల్ ఎస్టేట్ ప్రైవేట్ లిమిటెడ్,"Flat No.602, Manya Arcade, Alekya Homes, Plot No.50 Gauthami Enclave, Near Chirec School, Ko, Ndapur, Hyderabad, Rangareddy, Telangana","NO 602, MANYA ARCADE, ALEKYA HOMES, PLOT NO.50 GAUTHAMI ENCLAVE, NEAR CHIREC SCHOOL, KO, NDAPUR, RANGAREDDY, Andhra Pradesh",IN,IN,10.909090909090914,87.5,False,False,10. cross-script
S1-998129692,S3-144098054,S3,Metro Ministries,Metro Mínistries,"5201 89a, Sedona, AZ","005201 89a, PO Box 1815, Sedona, Arizona",US,US,93.75,65.45454545454545,False,False,10. cross-script
S1-998129692,S3-221080969,S3,Metro Ministries,Metro  Ministries Foundation,"5201 89a, Sedona, AZ","005201 89a, PO Box 1815, Oak Creek Canyon, Arizona",US,US,74.4186046511628,46.15384615384615,False,False,1. spelling corruption
S1-996752531,S2-246414810,S2,Jain Investments Pvt Ltd,જૈન ઇન્વેસ્ટમેન્ટ્સ પ્રા. લિ.,"Block B 504, Omkar -2, B/H. Anusthan Bunglows, Narol, Ahmadabad City, Ahmedabad, Gujarat","BLOCK B 0504, OMKAR -2, B/H. ANUSTHAN BUNGLOWS, NAROL, AHMADABAD CITY, AHMEDABAD, Gujarat",IN,IN,11.764705882352944,99.37888198757764,False,False,10. cross-script
S1-499388158,S3-522443499,S3,Cardiology Harbor Partners Inc,Cardiology Harbor Partners,"610 Washington, Delphi, IN",,US,US,92.85714285714286,0.0,False,False,6. missing address
S1-96120629,S2-695260661,S2,Tax & Sons,TAX SONS-CENTER,"K502, Yuthika, Baner, Veerbhadra Nagar, Pune, Maharashtra","K502, YUTHIKA, BANER, VEERBHADRA NAGAR, PUNE, महाराष्ट्र",IN,IN,59.25925925925925,79.6116504854369,False,False,9. address variation
S1-96120629,S3-151899106,S3,Tax & Sons,taxsons.com,"K502, Yuthika, Baner, Veerbhadra Nagar, Pune, Maharashtra","Kg-502, Yuthika, Baner, Veerbhadra Nagar, Pune, Nande, MH",IN,IN,60.86956521739131,83.49514563106796,False,False,1. spelling corruption
S1-96120629,S3-899842994,S3,Tax & Sons,Shri Tax & Sons Ltd,"K502, Yuthika, Baner, Veerbhadra Nagar, Pune, Maharashtra",,IN,IN,72.72727272727273,0.0,False,False,6. missing address
S1-530426004,S3-665611384,S3,Reid Agriculture LLC,Reid Ágriculture LLC,"VA, 18116 Perthshire Court, Loudoun County","8116 Perthshire Ct, Leeburg, Virginia",US,US,95.0,61.33333333333333,False,False,10. cross-script
S1-548731252,S2-384757638,S2,Premier Continental Pharmaceuticals,Premier Continenta1 Pharmaceuticals [Corporation],"493 Cabbage Patch Road, Clinton, NC","493C CABBAGE PATCH ROAD, CLINTON, NC",US,US,82.92682926829268,98.50746268656717,False,False,1. spelling corruption
S1-483970922,S2-864454170,S2,Super Best Services Private Limited,ਸੁਪਰ ਬੈਸਟ ਸਰਵਿਸਿਜ਼ ਪ੍ਰਾਈਵੇਟ ਲਿਮਟਿਡ,"Wr431, Mohalla Banian, Basti Sheikh, Jalandhar -Ii, Jalandhar, Punjab","WR431/2, MOHALLA BANIAN, BASTI SHEIKH, JALANDHAR -II, JALANDHAR, Punjab",IN,IN,11.594202898550721,98.4375,False,False,10. cross-script
S1-483970922,S2-639878866,S2,Super Best Services Private Limited,ਸੁਪਰ ਬੈਸਟ ਸਰਵਿਸਿਜ਼ ਪ੍ਰਾਈਵੇਟ ਲਿਮਟਿਡ,"Wr431, Mohalla Banian, Basti Sheikh, Jalandhar -Ii, Jalandhar, Punjab","WR431/2, MOHALLA BANIAN, BASTI SHEIKH, JALANDHAR -II, JALANDHAR, Punjab",IN,IN,11.594202898550721,98.4375,False,False,10. cross-script
S1-483970922,S3-145039840,S3,Super Best Services Private Limited,ਸੁਪਰ ਬੈਸਟ ਸਰਵਿਸਿਜ਼ ਪ੍ਰਾਈਵੇਟ ਲਿਮਟਿਡ,"Wr431, Mohalla Banian, Basti Sheikh, Jalandhar -Ii, Jalandhar, Punjab","Wr#431, Mohalla Banian, Basti Sheikh, Jalandhar, Jalandhar -Ii, PB",IN,IN,11.594202898550721,91.05691056910568,False,False,10. cross-script
S1-289734114,S3-391982603,S3,Womens Health Care of Fulton,Womens Health Care,"907 Vine Street, Fulton, KY","907C Vine Street, Fulton, Kentucky",US,US,78.26086956521739,87.71929824561404,False,False,1. spelling corruption
S1-466442793,S3-182428784,S3,American Innovative Ampercap,American Ampercap-Center,"2215 Wildwood Avenue, Sherwood, AR",,US,US,65.38461538461539,0.0,False,False,6. missing address
S1-257661485,S2-477538225,S2,Pediatric Care Associates Inc,Pediatric Cáre,"5620 Latting Street, Pine Bluff, AR","AR, 5620-5622 LATTING STREET, PINE BLUFF",US,US,60.46511627906976,84.50704225352112,False,False,10. cross-script
S1-898135465,S2-20450725,S2,Chaney Centurion Partners,chaneycenturionpartners.com,"2324 Mcnair Avenue, Minneapolis, MN","232 MCNAIR AVE, MINNEAPOLIS CITY, MN",US,US,88.46153846153845,86.56716417910448,False,False,1. spelling corruption
S1-12657023,S3-20424752,S3,"Pinnacle Biomedical Studios, LLC","Pinnacle Studi0s, LLC Center","4600 -241 Bonney Road, Virginia Beach City, VA","Bonney Road, Virginia Beach City, Virginia",US,US,65.51724137931035,81.92771084337349,False,False,1. spelling corruption
S1-725637754,S3-184506335,S3,Boon Facility Private Limited,Smt Boon Fácility Private Limited,"Sreelekshmi Varaham, Tc - 40/975(1), Thiruvananthapuram, Thiruvananthapuram, Trivandrum, Kerala",,IN,IN,90.32258064516128,0.0,False,False,6. missing address
S1-261701256,S3-751053053,S3,White Logistics LLP,Services White LLP,"Eb-97 Sfs Flats, Maya Enclave, Delhi, West Delhi, New Delhi","Eb-97 Sfs Flats, Maya Enclave, New Delhi, West Delhi, DL",IN,IN,48.64864864864865,89.7196261682243,False,False,9. address variation
S1-261701256,S3-683814867,S3,White Logistics LLP,व्हाइट लॉजिस्टिक्स एलएलपी,"Eb-97 Sfs Flats, Maya Enclave, Delhi, West Delhi, New Delhi","Eb-97 Sfs Flats, Maya Enclave, New Delhi, West Delhi, DL",IN,IN,9.090909090909093,89.7196261682243,False,False,10. cross-script
S1-261701256,S2-171163593,S2,White Logistics LLP,व्हाइट लॉजिस्टिक्स एलएलपी,"Eb-97 Sfs Flats, Maya Enclave, Delhi, West Delhi, New Delhi","MAYA ENCLAVE, Delhi, WEST DELHI, EB-B3/97 SFS FLATS, NEW DELHI",IN,IN,9.090909090909093,69.02654867256636,False,False,10. cross-script
S1-261701256,S3-596640675,S3,White Logistics LLP,व्हाइट लॉजिस्टिक्स एलएलपी,"Eb-97 Sfs Flats, Maya Enclave, Delhi, West Delhi, New Delhi","Eb-97 Sfs Flats, Maya Enclave, West Delhi, New Delhi, DL",IN,IN,9.090909090909093,91.58878504672897,False,False,10. cross-script
S1-261701256,S2-259303977,S2,White Logistics LLP,व्हाइट लॉजिस्टिक्स एलएलपी,"Eb-97 Sfs Flats, Maya Enclave, Delhi, West Delhi, New Delhi","EB-B3/97 SFS FLATS, MAYA ENCLAVE, NEW DELHI, WEST DELHI, Delhi",IN,IN,9.090909090909093,90.2654867256637,False,False,10. cross-script
S1-962804432,S3-815576810,S3,Clear Engineering Partners Inc,Clear Partners Inc Services,"1310 Pinecone Terrace, Prescott, AZ","01310 Pinecone Ter, Prescott, Arizona",US,US,63.1578947368421,85.29411764705883,False,False,1. spelling corruption
S1-392998889,S3-362989237,S3,Lantern Inc,Lantern Ínc,"1363 6, Hammond, NY","6, Hammond, New York",US,US,90.9090909090909,68.57142857142857,False,False,10. cross-script
S1-849198083,S2-594537404,S2,International Industries Private Limited,इंटरनेशनल इंडस्ट्रीज प्राइवेट लिमिटेड,"Shop No. 1, Ground Floor, Prestige Point, Near Chinchechi Talim, Shukrawar Peth, Pune, Maharashtra","PUNE, GROUND FLOOR, PRESTIGE POINT, NEAR CHINCHECHI TALIM, SHUKRAWAR PETH, ###1, Maharashtra, PUNE",IN,IN,7.792207792207795,89.3854748603352,False,False,10. cross-script
S1-849198083,S2-188995202,S2,International Industries Private Limited,इंटरनेशनल इंडस्ट्रीज प्राइवेट लिमिटेड,"Shop No. 1, Ground Floor, Prestige Point, Near Chinchechi Talim, Shukrawar Peth, Pune, Maharashtra","DOR NO ##1, GROUND FLOOR, PRESTIGE POINT, NEAR CHINCHECHI TALIM, SHUKRAWAR PETH, PUNE, Maharashtra",IN,IN,7.792207792207795,97.23756906077348,False,False,10. cross-script
S1-849198083,S2-617540115,S2,International Industries Private Limited,इंटरनेशनल इंडस्ट्रीज प्राइवेट लिमिटेड,"Shop No. 1, Ground Floor, Prestige Point, Near Chinchechi Talim, Shukrawar Peth, Pune, Maharashtra","SHOP NO. ##1, PUNE, महाराष्ट्र",IN,IN,7.792207792207795,25.86206896551724,False,False,10. cross-script
S1-849198083,S3-584823936,S3,International Industries Private Limited,इंटरनेशनल इंडस्ट्रीज प्राइवेट लिमिटेड,"Shop No. 1, Ground Floor, Prestige Point, Near Chinchechi Talim, Shukrawar Peth, Pune, Maharashtra","No 1, Pune, MH",IN,IN,7.792207792207795,23.300970873786408,False,False,10. cross-script
S1-755323321,S2-600714402,S2,Modern Impex Private Limited,मॉडर्न इम्पेक्स प्राइवेट लिमिटेड,"Shop No. 5, Govind Heights, Nr. Akansha Galaxy, Vasai, Thane, Maharashtra","G-5, VASAI, THANE, महाराष्ट्र",IN,IN,9.999999999999998,32.608695652173914,False,False,10. cross-script
S1-449394241,S2-771412839,S2,Lakshmi Services Private Limited,लक्ष्मी सर्विसेज प्राइवेट लिमिटेड,"C/O Sri Bhola Nath Pandey At House No 71, Anaith Kurmi Tola, Ara Urban 2, Arrah, Bhojpur, Bihar","Bihar, C/O SRI BHOLA NATH PANDEY AT HOUSE NO 71, ARRAH",IN,IN,9.230769230769232,64.7887323943662,False,False,10. cross-script
S1-405067085,S2-92877732,S2,Dream Power LLP,Dream Power,"3Floor 2Plot 235 Husseini, Building Pdmello Road, Mumbai, Maharashtra","H.NO 3FLOOR 2PLOT 235 HUSSEINI, BUILDING PDMELLO ROAD, MUMBAI, Maharashtra",IN,IN,84.61538461538461,96.35036496350365,False,False,1. spelling corruption
S1-405067085,S2-434359592,S2,Dream Power LLP,ड्रीम पावर एलएलपी,"3Floor 2Plot 235 Husseini, Building Pdmello Road, Mumbai, Maharashtra","3FLOOR 2PLOT 235 HUSSEINI, BUILDING PDMELLO ROAD, MUMBAI, महाराष्ट्र, MUMBAI",IN,IN,12.5,82.6086956521739,False,False,10. cross-script
S1-405067085,S3-251085673,S3,Dream Power LLP,Dream Power,"3Floor 2Plot 235 Husseini, Building Pdmello Road, Mumbai, Maharashtra","MH, #3Floor 2Plot 235 Husseini, Mumbai, Bombay",IN,IN,84.61538461538461,64.81481481481481,False,False,1. spelling corruption
S1-405067085,S3-226943392,S3,Dream Power LLP,ड्रीम पावर एलएलपी,"3Floor 2Plot 235 Husseini, Building Pdmello Road, Mumbai, Maharashtra","3Floor 2Plto 235 Husseini, Building Pdmello Road, Mumbai, Bombay, MH",IN,IN,12.5,87.6923076923077,False,False,10. cross-script
S1-927219208,S3-381860091,S3,Dental Clean Care Associates,Dental Clean Cmase Associates,"3030 Guadalupe Way, Eugene, OR","Eugene, 3030 Guadalupe Way, Oregon",US,US,94.73684210526316,73.33333333333334,False,False,9. address variation
S1-53061907,S2-310419908,S2,Bright Developers Limited,Mr Bright  Limited Services,"F No 702, Riviera Tower, S. No. 91, H No 3/8, Bassein, Thane, Maharashtra","F NO 70, RIVIERA TOWER, S. NO. 91, H NO 3/8, BASSEIN, Maharashtra",IN,IN,54.90196078431373,94.3089430894309,False,False,9. address variation
S1-53061907,S2-702674089,S2,Bright Developers Limited,ब्राइट डेवलपर्स लिमिटेड,"F No 702, Riviera Tower, S. No. 91, H No 3/8, Bassein, Thane, Maharashtra","F NO 70, THANE, Maharashtra",IN,IN,8.333333333333337,55.55555555555556,False,False,10. cross-script
S1-53061907,S3-113679689,S3,Bright Developers Limited,ब्राइट डेवलपर्स लिमिटेड,"F No 702, Riviera Tower, S. No. 91, H No 3/8, Bassein, Thane, Maharashtra","F No A-702, Riviera Tower, S. No. 91, H No 3/8, Bassein, Thane, MH",IN,IN,8.333333333333337,91.05691056910568,False,False,10. cross-script
S1-53061907,S2-103384040,S2,Bright Developers Limited,ब्राइट डेवलपर्स लिमिटेड,"F No 702, Riviera Tower, S. No. 91, H No 3/8, Bassein, Thane, Maharashtra","F NO 70, THANE, Maharashtra",IN,IN,8.333333333333337,55.55555555555556,False,False,10. cross-script
S1-53061907,S3-705776195,S3,Bright Developers Limited,ब्राइट डेवलपर्स लिमिटेड,"F No 702, Riviera Tower, S. No. 91, H No 3/8, Bassein, Thane, Maharashtra","F No A-702, Bassein, Thane, MH",IN,IN,8.333333333333337,54.347826086956516,False,False,10. cross-script
S1-79077089,S2-170172044,S2,Green Ncr PLLC,Drexecto,"1304 Delaware Street, Unit APT 311, Indianapolis, IN","DELAWARE ST, INDIANAPOLIS, IN",US,US,36.36363636363637,71.05263157894737,False,False,9. address variation
S1-739871731,S2-680955811,S2,Surya Ventures Private Limited,सूर्य Ventures प्राइवेट लिमिटेड,"207, Plot No-13, Vardhman Times Plaza, Road No-44 Rani Bagh Pitampura, New Delhi, Delhi","NEW DELHI, Delhi, 207, NEW DELHI",IN,IN,36.065573770491795,34.23423423423423,False,False,10. cross-script
S1-739871731,S2-436940407,S2,Surya Ventures Private Limited,सूर्या वेंचर्स प्राइवेट लिमिटेड,"207, Plot No-13, Vardhman Times Plaza, Road No-44 Rani Bagh Pitampura, New Delhi, Delhi","207, NEW DELHI, Delhi",IN,IN,9.836065573770492,37.62376237623762,False,True,10. cross-script
S1-739871731,S2-506295355,S2,Surya Ventures Private Limited,सूर्या वेंचर्स प्राइवेट लिमिटेड,"207, Plot No-13, Vardhman Times Plaza, Road No-44 Rani Bagh Pitampura, New Delhi, Delhi","207, NEW DELHI, दिल्ली",IN,IN,9.836065573770492,27.450980392156865,False,True,10. cross-script
S1-248366899,S3-25078873,S3,Southern Investments Pvt Ltd,सदर्न इन्वेस्टमेंट्स प्रा. लि.,"701/2 Vastu Anand Old Mumbaipune Road Opp Parsik Nagar Kalwa (West), Thane, Maharashtra","Thane, 701/2 Vastu Anand Old Mumbaipune Road Opp Parsik Nagar Kalwa (West), Thane, MH",IN,IN,10.71428571428571,90.79754601226993,False,False,10. cross-script
S1-248366899,S2-704792772,S2,Southern Investments Pvt Ltd,सदर्न इन्वेस्टमेंट्स प्रा. लि.,"701/2 Vastu Anand Old Mumbaipune Road Opp Parsik Nagar Kalwa (West), Thane, Maharashtra","DOOR NO 701/2 VASTU ANAND OLD MUMBAIPUNE ROAD OPP PARSIK NAGAR KALWA (WEST), THANE, Maharashtra",IN,IN,10.71428571428571,95.40229885057472,False,False,10. cross-script
S1-221857508,S3-49395243,S3,Space Estate Private Limited,#spaceestate,"Manisha Building, G/69 A, L Jagmohandas Marg, Mumbai, Maharashtra","Manisha Building, G/69 A, L Jagmohandas Marg, Mumbai, MH",IN,IN,56.41025641025641,92.03539823008849,False,False,9. address variation
S1-412519625,S3-250430395,S3,Trusted Cargo Associates LLC,Trusted  Cargo Associates,"10142 Daybreak Place, Gold Canyon, AZ","0142 Daybreak Pl, Gold Canyon, Arizona",US,US,92.3076923076923,87.32394366197182,False,False,9. address variation
S1-457474752,S3-39883226,S3,Blue It Pvt Ltd,blue ít pvt ltd,"C-29 Gali No 12 Shashi Garden Mayur Vihar Phase-1, New Delhi, East Delhi, Delhi","C-29 Gali No 12 Shashi Garden Mayur Vihar Phase-1, New Delhi, East Delhi, DL",IN,IN,93.33333333333333,97.98657718120806,False,False,10. cross-script
S1-658668375,S2-556311512,S2,"Family Clinic, LLC",fclínic.com,"7335 Linette Way, Fl 1, Beaverton, OR","OR, BEAVERTON, 7335 LINETTE WAY",US,US,57.14285714285714,50.79365079365079,False,False,10. cross-script
S1-658668375,S2-945482052,S2,"Family Clinic, LLC","family clínic, llc","7335 Linette Way, Fl 1, Beaverton, OR","LINETTE WAY, BEAVERTON, OR",US,US,94.11764705882352,82.75862068965517,False,False,10. cross-script
S1-191354001,S3-590073185,S3,Balaji Infrastructure Private Limited,बालाजी इंफ्रास्ट्रक्चर प्राइवेट लिमिटेड,"Flat No.101, 'A' Wing, Green Woods Chsl, Plotno.518 Chikoowadi, Shimpoli Link Road, Borivali, (W), Mumbai, Mumbai City, Maharashtra","Flat No.101, Mumbai, MH",IN,IN,7.8947368421052655,30.215827338129497,False,False,10. cross-script
S1-191354001,S2-732310986,S2,Balaji Infrastructure Private Limited,बालाजी इंफ्रास्ट्रक्चर प्राइवेट लिमिटेड,"Flat No.101, 'A' Wing, Green Woods Chsl, Plotno.518 Chikoowadi, Shimpoli Link Road, Borivali, (W), Mumbai, Mumbai City, Maharashtra","#101, 'A' WING, GREEN WOODS CHSL, PLOTNO.518 CHIKOOWADI, SHIMPOLI LINK ROAD, BORIVALI, (W), MUMBAI, MUMBAI CITY, Maharashtra",IN,IN,7.8947368421052655,96.49122807017544,False,False,10. cross-script
S1-69378424,S3-364126487,S3,West Doubleline LLC,WestdoublelineCom,"922 Country Club Drive, Maquoketa, IA","Maquoketa, 922 Country Club Drive, Iowa",US,US,83.33333333333334,69.44444444444444,False,False,1. spelling corruption
S1-885680747,S2-243654052,S2,Urology Summit Center Clinic,Urology Summit Cénter Clinic,"3475 Aviary Way, Prince William County, VA","AVIARY WAY, WOODBRIDGE, VA",US,US,96.42857142857143,53.125,False,False,10. cross-script
S1-885680747,S3-126080994,S3,Urology Summit Center Clinic,Urology Summit,"3475 Aviary Way, Prince William County, VA",,US,US,66.66666666666667,0.0,False,False,6. missing address
S1-644292688,S3-729308973,S3,Jai Tech LLP,Jai Tech,"Gut No-156, Main Road Antarwala, Jalna, Maharashtra","Plot A-28 Gut No-156, Main Road Antarwala, Jalna, MH",IN,IN,80.0,80.41237113402062,False,False,1. spelling corruption
S1-644292688,S2-868100051,S2,Jai Tech LLP,जय टेक एलएलपी,"Gut No-156, Main Road Antarwala, Jalna, Maharashtra","GUT NO-156, JALNA, महाराष्ट्र",IN,IN,16.000000000000004,45.333333333333336,False,False,10. cross-script
S1-644292688,S3-638994680,S3,Jai Tech LLP,जय टेक एलएलपी,"Gut No-156, Main Road Antarwala, Jalna, Maharashtra","Plot A-28 Gut No-156, Main Road Antarwala, Jalna, MH",IN,IN,16.000000000000004,80.41237113402062,False,False,10. cross-script
