s1_id,candidate_id,predicted_probability,true_label,name_similarity,address_similarity,country,category,blocking_routes
S1-506586052,S2-49015067,0.9998,0,1.0,0.0,INDIA,same_name_diff_address,1
S1-270207537,S2-821378679,0.9998,0,0.95,0.0,US,same_name_diff_address,1
S1-453469555,S2-360172746,0.9998,0,0.95,0.0,INDIA,same_name_diff_address,1
S1-223058167,S2-466982496,0.9998,0,0.95,0.0,US,same_name_diff_address,1
S1-582094001,S2-859128761,0.9998,0,0.9444,0.0,US,same_name_diff_address,1
S1-166253399,S2-216631287,0.9998,0,0.9091,0.0,US,same_name_diff_address,1
S1-911925588,S2-941306924,0.9998,0,0.9552,0.0,INDIA,same_name_diff_address,1
S1-539775909,S2-297108589,0.9998,0,0.9592,0.0,INDIA,same_name_diff_address,1
S1-881107349,S2-801910622,0.9998,0,0.95,0.0,US,same_name_diff_address,1
S1-361604093,S2-995443829,0.9998,0,0.9655,0.0,US,same_name_diff_address,1
S1-30733926,S2-256653307,0.9998,0,0.9565,0.0,INDIA,same_name_diff_address,1
S1-573355607,S3-354255731,0.9998,0,0.9773,0.0,US,same_name_diff_address,1
S1-155387732,S2-651729006,0.9998,0,0.9615,0.0,US,same_name_diff_address,1
S1-510855574,S2-252316043,0.9998,0,0.95,0.0,US,same_name_diff_address,1
S1-847764834,S2-186601680,0.9998,0,0.9268,0.0,US,same_name_diff_address,1
S1-794484965,S3-261118600,0.9998,0,0.9818,0.0,US,same_name_diff_address,1
S1-865379900,S2-973620058,0.9998,0,0.9087,0.0,INDIA,same_name_diff_address,1
S1-37823226,S2-312612739,0.9998,0,0.9778,0.0,US,same_name_diff_address,1
S1-582013723,S2-107939389,0.9997,0,0.9647,0.0,US,same_name_diff_address,1
S1-468260711,S2-778509306,0.9997,0,1.0,0.0,US,same_name_diff_address,1
S1-209627684,S2-643139114,0.9997,0,0.95,0.0,US,same_name_diff_address,1
S1-560756161,S3-334829863,0.9997,0,0.8475,0.0,INDIA,missing_address_collision,1
S1-286734300,S2-295164096,0.9997,0,0.95,0.0,US,same_name_diff_address,1
S1-468260711,S3-484981231,0.9997,0,1.0,0.0,US,same_name_diff_address,1
S1-553790232,S3-718710829,0.9997,0,1.0,0.0,US,same_name_diff_address,1
S1-546808066,S3-629621118,0.9997,0,1.0,0.0,US,same_name_diff_address,1
S1-795249284,S2-551106010,0.9997,0,0.95,0.0,US,same_name_diff_address,1
S1-709525535,S2-857019862,0.9997,0,0.95,0.0,US,same_name_diff_address,1
S1-423729253,S2-981537858,0.9997,0,0.95,0.0,INDIA,same_name_diff_address,1
S1-704867501,S2-107846168,0.9997,0,0.95,0.0,US,same_name_diff_address,1
S1-852642164,S2-310792018,0.9997,0,0.8485,0.0,INDIA,missing_address_collision,1
S1-897717138,S2-651951547,0.9997,0,1.0,0.0,US,same_name_diff_address,1
S1-33756531,S2-791915742,0.9997,0,1.0,0.0,INDIA,same_name_diff_address,1
S1-90333280,S2-98308995,0.9997,0,0.8313,0.0,INDIA,missing_address_collision,1
S1-586783409,S3-638156834,0.9997,0,0.9425,0.0,INDIA,same_name_diff_address,1
S1-799572195,S2-923066667,0.9997,0,0.95,0.0,US,same_name_diff_address,1
S1-850063162,S2-864095113,0.9997,0,0.95,0.0,INDIA,same_name_diff_address,1
S1-853994746,S3-347918719,0.9997,0,1.0,0.0,US,same_name_diff_address,1
S1-143728430,S2-780444499,0.9997,0,0.8333,0.0,INDIA,missing_address_collision,1
S1-82768349,S2-203604499,0.9997,0,0.8444,0.0,INDIA,missing_address_collision,1
S1-40579677,S2-62390353,0.9997,0,0.95,0.0,US,same_name_diff_address,1
S1-823430869,S2-431589427,0.9997,0,0.95,0.0,US,same_name_diff_address,1
S1-647719363,S2-273059264,0.9997,0,0.95,0.0,US,same_name_diff_address,1
S1-959917151,S2-272493982,0.9997,0,0.95,0.0,US,same_name_diff_address,1
S1-224890644,S2-751554305,0.9997,0,0.95,0.0,INDIA,same_name_diff_address,1
S1-911925588,S3-668282786,0.9997,0,0.9706,0.0,INDIA,same_name_diff_address,1
S1-322016579,S3-246482659,0.9997,0,0.8585,0.0,US,same_name_diff_address,1
S1-902931578,S2-187037341,0.9997,0,0.95,0.0,US,same_name_diff_address,1
S1-805800456,S3-531125402,0.9997,0,0.9333,0.0,INDIA,same_name_diff_address,1
S1-35344192,S3-263577206,0.9997,0,1.0,0.0,INDIA,same_name_diff_address,1
S1-954126640,S3-73297263,0.9997,0,1.0,0.0,INDIA,same_name_diff_address,1
S1-702336772,S2-239599284,0.9997,0,0.95,0.0,US,same_name_diff_address,1
S1-138253843,S2-549079306,0.9997,0,0.8254,0.0,INDIA,missing_address_collision,1
S1-702336772,S2-43334881,0.9997,0,0.95,0.0,US,same_name_diff_address,1
S1-691100964,S2-152011056,0.9997,0,0.8772,0.0,INDIA,same_name_diff_address,1
S1-451425985,S2-646951812,0.9997,0,0.95,0.0,US,same_name_diff_address,1
S1-554900284,S2-720537028,0.9997,0,0.95,0.0,INDIA,same_name_diff_address,1
S1-740641617,S2-962504777,0.9997,0,1.0,0.0,US,same_name_diff_address,1
S1-397360733,S3-974861605,0.9997,0,1.0,0.0,US,same_name_diff_address,1
S1-968847178,S2-394404601,0.9997,0,0.9194,0.0,INDIA,same_name_diff_address,1
S1-539866365,S2-154655476,0.9997,0,0.95,0.0,US,same_name_diff_address,1
S1-228518040,S3-308348559,0.9997,0,0.8686,0.0,US,same_name_diff_address,1
S1-3725397,S2-585761624,0.9997,0,0.95,0.0,US,same_name_diff_address,1
S1-910640198,S2-489178414,0.9997,0,0.95,0.0,INDIA,same_name_diff_address,1
S1-14840381,S2-4489653,0.9997,0,0.9487,0.0,US,same_name_diff_address,1
S1-587691853,S2-191464309,0.9997,0,0.95,0.0,US,same_name_diff_address,1
S1-921569596,S2-325587686,0.9997,0,1.0,0.0,US,same_name_diff_address,1
S1-341555496,S2-327682273,0.9997,0,1.0,0.0,US,same_name_diff_address,1
S1-858502598,S2-102530953,0.9997,0,1.0,0.0,US,same_name_diff_address,1
S1-117340129,S2-231902725,0.9997,0,0.95,0.0,US,same_name_diff_address,1
S1-713144918,S2-782943338,0.9997,0,0.8889,0.0,US,same_name_diff_address,1
S1-227588866,S2-801031413,0.9997,0,0.9211,0.0,US,same_name_diff_address,1
S1-414291018,S2-741478378,0.9997,0,0.95,0.0,US,same_name_diff_address,1
S1-547190702,S2-46776425,0.9997,0,1.0,0.0,US,same_name_diff_address,1
S1-126706063,S3-373891668,0.9997,0,1.0,0.0,US,same_name_diff_address,1
S1-721829184,S2-803663437,0.9997,0,1.0,0.0,US,same_name_diff_address,1
S1-308402636,S2-364315677,0.9997,0,0.95,0.0,US,same_name_diff_address,1
S1-860208855,S3-748315541,0.9997,0,1.0,0.0,US,same_name_diff_address,1
S1-872089580,S3-968628597,0.9997,0,1.0,0.0,INDIA,same_name_diff_address,1
S1-652430927,S2-27730231,0.9997,0,0.95,0.0,US,same_name_diff_address,1
S1-135412130,S2-199793533,0.9997,0,1.0,0.0,US,same_name_diff_address,1
S1-482013392,S2-101281643,0.9997,0,0.9153,0.0,INDIA,same_name_diff_address,1
S1-329357409,S2-197600969,0.9997,0,0.8038,0.0,US,missing_address_collision,1
S1-448030348,S3-358886610,0.9997,0,1.0,0.0,US,same_name_diff_address,1
S1-146177727,S2-466581694,0.9997,0,1.0,0.0,US,same_name_diff_address,1
S1-273494161,S2-705577820,0.9997,0,1.0,0.0,INDIA,same_name_diff_address,1
S1-455896977,S2-998242815,0.9997,0,0.8224,0.0,INDIA,missing_address_collision,1
S1-160278281,S2-237997210,0.9997,0,0.8982,0.0,INDIA,same_name_diff_address,1
S1-803283450,S2-889172079,0.9997,0,0.95,0.0,US,same_name_diff_address,1
S1-883916751,S2-420565066,0.9997,0,0.95,0.0,US,same_name_diff_address,1
S1-976528003,S2-275526361,0.9997,0,0.95,0.0,US,same_name_diff_address,1
S1-92843582,S2-978842512,0.9997,0,0.9062,0.0,US,same_name_diff_address,1
S1-629217537,S2-806455003,0.9997,0,1.0,0.0,US,same_name_diff_address,1
S1-156468838,S2-752362965,0.9997,0,0.9062,0.0,US,same_name_diff_address,1
S1-216149343,S2-183242828,0.9997,0,0.95,0.0,US,same_name_diff_address,1
S1-295753063,S3-217771722,0.9997,0,0.9123,0.0,INDIA,same_name_diff_address,1
S1-102206703,S2-549747950,0.9997,0,0.95,0.0,US,same_name_diff_address,1
S1-9149958,S2-782018008,0.9997,0,0.95,0.0,US,same_name_diff_address,1
S1-894006169,S2-679468044,0.9997,0,0.8364,0.0,INDIA,missing_address_collision,1
S1-361966263,S2-758964049,0.9997,0,0.8708,0.0,INDIA,same_name_diff_address,1
S1-486931261,S2-925831011,0.9997,0,0.95,0.0,US,same_name_diff_address,1
S1-913322712,S2-690370694,0.9997,0,0.95,0.0,US,same_name_diff_address,1
S1-408275761,S3-30317094,0.9997,0,1.0,0.0,US,same_name_diff_address,1
S1-919970316,S2-293416751,0.9997,0,0.8143,0.0,INDIA,missing_address_collision,1
S1-306388159,S2-670422263,0.9997,0,1.0,0.0,US,same_name_diff_address,1
S1-19431567,S2-554665092,0.9997,0,0.8785,0.0,US,same_name_diff_address,1
S1-873357231,S3-81233457,0.9997,0,1.0,0.0,US,same_name_diff_address,1
S1-602439703,S2-561568486,0.9997,0,0.8918,0.0,US,same_name_diff_address,1
S1-537964357,S2-239599284,0.9997,0,0.95,0.0,US,same_name_diff_address,1
S1-537964357,S2-43334881,0.9997,0,0.95,0.0,US,same_name_diff_address,1
S1-926395711,S2-220695480,0.9997,0,0.95,0.0,US,same_name_diff_address,1
S1-338626257,S3-689028198,0.9997,0,1.0,0.0,US,same_name_diff_address,1
S1-474615139,S2-915183720,0.9997,0,1.0,0.0,INDIA,same_name_diff_address,1
S1-687096271,S2-374698465,0.9997,0,0.8143,0.0,INDIA,missing_address_collision,1
S1-687348478,S2-202163973,0.9997,0,0.95,0.0,US,same_name_diff_address,1
S1-195025161,S2-220695480,0.9997,0,0.95,0.0,US,same_name_diff_address,1
S1-674132530,S3-831418474,0.9997,0,1.0,0.0,US,same_name_diff_address,1
S1-274701997,S2-220553170,0.9997,0,1.0,0.0,INDIA,same_name_diff_address,1
S1-140923841,S3-189976954,0.9997,0,1.0,0.0,US,same_name_diff_address,1
S1-165946086,S3-576068364,0.9997,0,1.0,0.0,US,same_name_diff_address,1
S1-549396,S2-753354669,0.9997,0,0.95,0.0,US,same_name_diff_address,1
S1-318878149,S2-392683315,0.9997,0,1.0,0.0,US,same_name_diff_address,1
S1-559390642,S2-31552072,0.9996,0,0.8313,0.0,INDIA,missing_address_collision,1
S1-792427105,S2-605178463,0.9996,0,1.0,0.0,US,same_name_diff_address,1
S1-116444121,S2-398396486,0.9996,0,1.0,0.0,US,same_name_diff_address,1
S1-368241495,S2-846072691,0.9996,0,0.8404,0.0,US,missing_address_collision,1
S1-201416002,S2-769043088,0.9996,0,0.8143,0.0,US,missing_address_collision,1
S1-25591429,S2-82717187,0.9996,0,0.9,0.0,US,same_name_diff_address,1
S1-874258881,S2-528318651,0.9996,0,0.9,0.0,INDIA,same_name_diff_address,1
S1-865379900,S2-861781166,0.9996,0,0.9,0.0,INDIA,same_name_diff_address,1
S1-351051936,S2-839358245,0.9996,0,1.0,0.0,INDIA,same_name_diff_address,1
S1-774900898,S2-540040075,0.9996,0,0.9,0.0,US,same_name_diff_address,1
S1-451425985,S2-62607187,0.9996,0,1.0,0.0,US,same_name_diff_address,1
S1-76747576,S2-864094600,0.9996,0,1.0,0.0,US,same_name_diff_address,1
S1-615475206,S2-976854340,0.9996,0,0.95,0.0,US,same_name_diff_address,1
S1-948533244,S2-696780096,0.9996,0,0.95,0.0,INDIA,same_name_diff_address,1
S1-28803385,S2-860970789,0.9996,0,1.0,0.0,US,same_name_diff_address,1
S1-687348478,S2-646230883,0.9996,0,1.0,0.0,US,same_name_diff_address,1
S1-922419763,S2-872928187,0.9996,0,1.0,0.0,US,same_name_diff_address,1
S1-922419763,S2-164977513,0.9996,0,0.95,0.0,US,same_name_diff_address,1
S1-478043616,S2-497819982,0.9996,0,0.95,0.0,US,same_name_diff_address,1
S1-886181797,S2-764994111,0.9996,0,1.0,0.0,US,same_name_diff_address,1
S1-321565578,S2-658965144,0.9996,0,1.0,0.0,US,same_name_diff_address,1
S1-809547376,S3-477851198,0.9996,0,0.95,0.0,US,same_name_diff_address,1
S1-562826039,S2-491030255,0.9996,0,0.95,0.0,US,same_name_diff_address,1
S1-397863323,S2-404901579,0.9996,0,0.95,0.0,US,same_name_diff_address,1
S1-241787832,S2-813024752,0.9996,0,0.84,0.0,US,missing_address_collision,1
S1-565220158,S2-126691303,0.9996,0,0.898,0.0,INDIA,same_name_diff_address,1
S1-178681697,S2-416763949,0.9996,0,0.9,0.0,US,same_name_diff_address,1
S1-464889389,S2-810656356,0.9996,0,0.8369,0.0,US,missing_address_collision,1
S1-886362025,S2-393854627,0.9996,0,0.95,0.0,US,same_name_diff_address,1
S1-103046984,S2-622476403,0.9996,0,1.0,0.0,US,same_name_diff_address,1
S1-710426359,S3-455843721,0.9996,0,0.95,0.0,US,same_name_diff_address,1
S1-614463340,S2-857927875,0.9996,0,1.0,0.0,US,same_name_diff_address,1
S1-731377912,S2-334688616,0.9996,0,1.0,0.0,US,same_name_diff_address,1
S1-965113111,S2-19591925,0.9996,0,1.0,0.0,INDIA,same_name_diff_address,1
S1-656658958,S2-543398589,0.9996,0,0.9,0.0,US,same_name_diff_address,1
S1-758086017,S3-880965680,0.9996,0,0.8136,0.0,US,missing_address_collision,1
S1-688238695,S2-337577113,0.9996,0,0.8196,0.0,INDIA,missing_address_collision,1
S1-650563617,S2-200531571,0.9996,0,1.0,0.0,US,same_name_diff_address,1
S1-782054636,S2-343265790,0.9996,0,1.0,0.0,US,same_name_diff_address,1
S1-166712688,S2-118775639,0.9996,0,0.9,0.0,US,same_name_diff_address,1
S1-230185713,S2-311613234,0.9996,0,0.9,0.0,US,same_name_diff_address,1
S1-167786139,S2-258483419,0.9996,0,0.8291,0.0,INDIA,missing_address_collision,1
S1-167786139,S2-760864478,0.9996,0,0.9254,0.0,INDIA,same_name_diff_address,1
S1-92349042,S2-182165589,0.9996,0,0.8414,0.0,US,missing_address_collision,1
S1-586253076,S2-195041438,0.9996,0,1.0,0.0,US,same_name_diff_address,1
S1-28292882,S2-991216882,0.9996,0,1.0,0.0,INDIA,same_name_diff_address,1
S1-323947931,S2-996075355,0.9996,0,0.95,0.0,US,same_name_diff_address,1
S1-667241278,S2-961078037,0.9996,0,0.95,0.0,US,same_name_diff_address,1
S1-813011233,S2-644661298,0.9996,0,0.9,0.0,US,same_name_diff_address,1
S1-371160791,S2-367397623,0.9996,0,1.0,0.0,US,same_name_diff_address,1
S1-674031036,S2-299942872,0.9996,0,0.95,0.0,INDIA,same_name_diff_address,1
S1-539438963,S2-468161645,0.9996,0,0.9,0.0,US,same_name_diff_address,1
S1-518367728,S2-910265425,0.9996,0,0.95,0.0,US,same_name_diff_address,1
S1-420828041,S2-15259535,0.9996,0,0.95,0.0,US,same_name_diff_address,1
S1-309297115,S2-642108874,0.9996,0,0.9,0.0,US,same_name_diff_address,1
S1-309297115,S2-535693060,0.9996,0,0.9,0.0,US,same_name_diff_address,1
S1-859249135,S2-306207029,0.9996,0,0.95,0.0,INDIA,same_name_diff_address,1
S1-738814146,S2-101026703,0.9996,0,0.9,0.0,US,same_name_diff_address,1
S1-623669159,S2-7691811,0.9996,0,0.807,0.0,INDIA,missing_address_collision,1
S1-894259274,S2-76535235,0.9996,0,0.8313,0.0,INDIA,missing_address_collision,1
S1-819512644,S2-571573721,0.9996,0,1.0,0.0,US,same_name_diff_address,1
S1-944589171,S2-761299548,0.9996,0,1.0,0.0,US,same_name_diff_address,1
S1-777875904,S2-517844622,0.9996,0,0.95,0.0,INDIA,same_name_diff_address,1
S1-670610502,S2-252155686,0.9996,0,0.95,0.0,INDIA,same_name_diff_address,1
S1-268687477,S2-665087131,0.9996,0,0.95,0.0,INDIA,same_name_diff_address,1
S1-73929270,S2-229418172,0.9996,0,1.0,0.0,INDIA,same_name_diff_address,1
S1-411796249,S3-187037004,0.9996,0,0.8846,0.0,US,same_name_diff_address,1
S1-579884124,S2-640407843,0.9996,0,0.95,0.0,US,same_name_diff_address,1
S1-3966242,S2-912698507,0.9996,0,1.0,0.0,US,same_name_diff_address,1
S1-639323039,S2-877344443,0.9996,0,0.8482,0.0,INDIA,missing_address_collision,1
S1-448748340,S2-308759469,0.9996,0,0.8028,0.0,US,missing_address_collision,1
S1-688171780,S2-332967891,0.9996,0,1.0,0.0,INDIA,same_name_diff_address,1
S1-675256079,S3-98650939,0.9996,0,0.8,0.0,INDIA,missing_address_collision,1
S1-732905154,S2-823797024,0.9996,0,0.8941,0.0,INDIA,same_name_diff_address,1
S1-307318718,S2-980054782,0.9996,0,0.95,0.0,US,same_name_diff_address,1
S1-273394985,S2-722403040,0.9996,0,0.9,0.0,US,same_name_diff_address,1
S1-18409645,S2-811417456,0.9996,0,0.95,0.0,US,same_name_diff_address,1
S1-622568145,S2-483758559,0.9996,0,1.0,0.0,US,same_name_diff_address,1
S1-53341677,S2-849013883,0.9996,0,0.95,0.0,US,same_name_diff_address,1
S1-53341677,S2-199365486,0.9996,0,1.0,0.0,US,same_name_diff_address,1
S1-107037372,S2-417335422,0.9996,0,1.0,0.0,INDIA,same_name_diff_address,1
S1-813067191,S3-186024049,0.9996,0,0.95,0.0,INDIA,same_name_diff_address,1
S1-956506245,S2-2068013,0.9996,0,0.9,0.0,US,same_name_diff_address,1
S1-204027047,S2-188746551,0.9996,0,0.95,0.0,US,same_name_diff_address,1
S1-204027047,S2-766493408,0.9996,0,1.0,0.0,US,same_name_diff_address,1
S1-482255305,S2-598412941,0.9996,0,0.95,0.0,INDIA,same_name_diff_address,1
S1-831956832,S2-170970963,0.9996,0,0.9,0.0,US,same_name_diff_address,1
S1-80455169,S2-940828684,0.9996,0,0.95,0.0,INDIA,same_name_diff_address,1
S1-941911558,S2-408095917,0.9996,0,0.95,0.0,US,same_name_diff_address,1
S1-452865613,S2-769216212,0.9996,0,0.8636,0.0,INDIA,same_name_diff_address,1
S1-399802782,S2-185678466,0.9996,0,1.0,0.0,US,same_name_diff_address,1
S1-893215245,S2-497446753,0.9996,0,0.95,0.0,INDIA,same_name_diff_address,1
S1-649255879,S2-747163887,0.9996,0,0.9,0.0,US,same_name_diff_address,1
S1-558344712,S2-5822891,0.9996,0,0.95,0.0,US,same_name_diff_address,1
S1-716929689,S2-567122651,0.9996,0,0.95,0.0,US,same_name_diff_address,1
S1-529797818,S2-24611379,0.9996,0,1.0,0.0,US,same_name_diff_address,1
S1-805475719,S2-595374428,0.9996,0,1.0,0.0,US,same_name_diff_address,1
S1-919970316,S3-594384677,0.9996,0,0.8571,0.0,INDIA,same_name_diff_address,1
S1-934794615,S2-4934119,0.9996,0,0.95,0.0,INDIA,same_name_diff_address,1
S1-932297664,S2-834980485,0.9996,0,0.9,0.0,US,same_name_diff_address,1
S1-288834496,S2-74579389,0.9996,0,0.9,0.0,INDIA,same_name_diff_address,1
S1-777875904,S2-208592601,0.9996,0,0.95,0.0,INDIA,same_name_diff_address,1
S1-464759739,S2-941401923,0.9996,0,0.9,0.0,US,same_name_diff_address,1
S1-80231987,S2-71740097,0.9996,0,0.8658,0.0,US,same_name_diff_address,1
S1-347077777,S2-392155772,0.9996,0,0.9,0.0,US,same_name_diff_address,1
S1-939750693,S2-596617686,0.9996,0,0.8341,0.0,US,missing_address_collision,1
S1-829293002,S2-835781344,0.9996,0,0.9,0.0,INDIA,same_name_diff_address,1
S1-508830996,S2-343265790,0.9996,0,1.0,0.0,US,same_name_diff_address,1
S1-529648550,S2-801561778,0.9996,0,1.0,0.0,INDIA,same_name_diff_address,1
S1-530456138,S2-114839245,0.9996,0,0.9,0.0,US,same_name_diff_address,1
S1-190747658,S2-847076562,0.9996,0,0.8929,0.0,INDIA,same_name_diff_address,1
S1-976528003,S2-262138672,0.9996,0,1.0,0.0,US,same_name_diff_address,1
S1-922138518,S2-346518052,0.9996,0,0.8769,0.0,INDIA,same_name_diff_address,1
S1-622106204,S2-990833100,0.9996,0,1.0,0.0,US,same_name_diff_address,1
S1-565900586,S2-154849507,0.9996,0,0.855,0.0,US,same_name_diff_address,1
S1-701175227,S2-133240301,0.9996,0,1.0,0.0,US,same_name_diff_address,1
S1-13122728,S2-890363458,0.9996,0,1.0,0.0,US,same_name_diff_address,1
S1-214097234,S2-186974319,0.9996,0,0.9,0.0,US,same_name_diff_address,1
S1-23594541,S2-449621898,0.9996,0,1.0,0.0,US,same_name_diff_address,1
S1-769396937,S2-247235316,0.9996,0,0.95,0.0,INDIA,same_name_diff_address,1
S1-768316181,S3-673992612,0.9996,0,0.95,0.0,INDIA,same_name_diff_address,1
S1-797969991,S2-927721689,0.9996,0,0.95,0.0,INDIA,same_name_diff_address,1
S1-558211929,S2-727956283,0.9996,0,1.0,0.0,US,same_name_diff_address,1
S1-432677456,S2-571573721,0.9996,0,1.0,0.0,US,same_name_diff_address,1
S1-525037820,S2-500903803,0.9996,0,0.95,0.0,US,same_name_diff_address,1
S1-263043134,S3-324212948,0.9996,0,0.95,0.0,US,same_name_diff_address,1
S1-263043134,S2-235394476,0.9996,0,1.0,0.0,US,same_name_diff_address,1
S1-379016878,S2-465334083,0.9996,0,0.8444,0.0,INDIA,missing_address_collision,1
S1-602600951,S2-507459868,0.9996,0,0.7703,0.0,INDIA,missing_address_collision,1
S1-205663680,S2-45452657,0.9996,0,0.95,0.0,US,same_name_diff_address,1
S1-300623089,S2-907463456,0.9996,0,0.9,0.0,INDIA,same_name_diff_address,1
S1-300623089,S2-359221951,0.9996,0,0.9,0.0,INDIA,same_name_diff_address,1
S1-478833954,S2-95786170,0.9996,0,1.0,0.0,INDIA,same_name_diff_address,1
S1-498532652,S2-763743011,0.9996,0,0.95,0.0,INDIA,same_name_diff_address,1
S1-150338751,S2-74485226,0.9996,0,0.95,0.0,US,same_name_diff_address,1
S1-469116665,S2-947743505,0.9996,0,0.8473,0.0,US,missing_address_collision,1
S1-306686590,S2-433633503,0.9996,0,0.9,0.0,US,same_name_diff_address,1
S1-748169501,S2-317377850,0.9996,0,0.95,0.0,US,same_name_diff_address,1
S1-108067613,S2-453639585,0.9996,0,0.9,0.0,US,same_name_diff_address,1
S1-638426870,S2-733443460,0.9996,0,0.8679,0.0,US,same_name_diff_address,1
S1-214097234,S2-516046517,0.9996,0,0.95,0.0,US,same_name_diff_address,1
S1-963198640,S2-11398027,0.9996,0,0.95,0.0,US,same_name_diff_address,1
S1-605098521,S2-781323168,0.9996,0,0.855,0.0,US,same_name_diff_address,1
S1-605098521,S3-49012399,0.9996,0,0.8148,0.0,US,missing_address_collision,1
S1-186758937,S2-100256180,0.9996,0,0.95,0.0,US,same_name_diff_address,1
S1-997233539,S2-282915636,0.9996,0,0.8595,0.0,INDIA,same_name_diff_address,1
S1-757513706,S2-96084546,0.9996,0,0.9,0.0,INDIA,same_name_diff_address,1
S1-942141092,S2-273417836,0.9996,0,1.0,0.0,US,same_name_diff_address,1
S1-258630816,S2-512385496,0.9996,0,1.0,0.0,US,same_name_diff_address,1
S1-119310049,S2-192391786,0.9996,0,0.8727,0.0,US,same_name_diff_address,1
S1-156122380,S2-826874807,0.9996,0,0.8621,0.0,INDIA,same_name_diff_address,1
S1-6079841,S2-531844990,0.9996,0,1.0,0.0,US,same_name_diff_address,1
S1-596982812,S2-656706558,0.9996,0,0.7887,0.0,INDIA,missing_address_collision,1
S1-19319068,S2-843937862,0.9996,0,1.0,0.0,US,same_name_diff_address,1
S1-151856077,S2-104103013,0.9996,0,1.0,0.0,US,same_name_diff_address,1
S1-241377719,S3-869712123,0.9996,0,0.95,0.0,INDIA,same_name_diff_address,1
S1-916635847,S2-736324524,0.9996,0,1.0,0.0,US,same_name_diff_address,1
S1-457464664,S2-738300231,0.9996,0,1.0,0.0,US,same_name_diff_address,1
S1-169938787,S2-998345619,0.9996,0,1.0,0.0,INDIA,same_name_diff_address,1
S1-289914698,S2-101129784,0.9996,0,1.0,0.0,US,same_name_diff_address,1
S1-769322601,S2-941700801,0.9996,0,0.95,0.0,INDIA,same_name_diff_address,1
S1-693190821,S2-800891168,0.9996,0,0.95,0.0,INDIA,same_name_diff_address,1
S1-535074067,S2-988341873,0.9996,0,1.0,0.0,US,same_name_diff_address,1
S1-825653960,S2-683812718,0.9996,0,0.95,0.0,US,same_name_diff_address,1
S1-115315777,S2-51780103,0.9996,0,1.0,0.0,INDIA,same_name_diff_address,1
S1-58989552,S2-42113303,0.9996,0,1.0,0.0,INDIA,same_name_diff_address,1
S1-719020702,S2-176669528,0.9996,0,0.8038,0.0,INDIA,missing_address_collision,1
S1-64834875,S2-300872634,0.9996,0,0.95,0.0,INDIA,same_name_diff_address,1
S1-881943475,S2-341386831,0.9996,0,1.0,0.0,US,same_name_diff_address,1
S1-738898751,S2-961930118,0.9996,0,1.0,0.0,US,same_name_diff_address,1
S1-494655810,S2-175755412,0.9996,0,0.95,0.0,INDIA,same_name_diff_address,1
S1-819686009,S2-275672301,0.9996,0,1.0,0.0,US,same_name_diff_address,1
S1-813609042,S2-70613206,0.9996,0,1.0,0.0,US,same_name_diff_address,1
S1-736541715,S2-301786103,0.9996,0,0.95,0.0,INDIA,same_name_diff_address,1
S1-723274681,S3-639138648,0.9996,0,0.855,0.0,US,same_name_diff_address,1
S1-840103602,S2-677300713,0.9996,0,0.76,0.0,INDIA,missing_address_collision,1
S1-661815311,S2-854535654,0.9996,0,0.7824,0.0,INDIA,missing_address_collision,1
S1-992584058,S2-600089318,0.9996,0,0.9,0.0,US,same_name_diff_address,1
S1-330942698,S2-564440274,0.9996,0,0.8438,0.0,INDIA,missing_address_collision,1
S1-46514320,S2-823451768,0.9996,0,1.0,0.0,US,same_name_diff_address,1
S1-314981017,S2-684461383,0.9996,0,0.95,0.0,INDIA,same_name_diff_address,1
S1-170075510,S2-725430989,0.9996,0,0.95,0.0,US,same_name_diff_address,1
S1-219637256,S2-70672902,0.9996,0,1.0,0.0,US,same_name_diff_address,1
S1-461271739,S2-60107075,0.9996,0,0.8636,0.0,INDIA,same_name_diff_address,1
S1-892886810,S2-442776785,0.9996,0,1.0,0.0,US,same_name_diff_address,1
S1-688154637,S2-97711897,0.9996,0,0.875,0.0,INDIA,same_name_diff_address,1
S1-777122257,S2-691562487,0.9996,0,1.0,0.0,US,same_name_diff_address,1
S1-84900502,S2-665087131,0.9996,0,0.95,0.0,INDIA,same_name_diff_address,1
S1-574806212,S2-88832181,0.9996,0,0.8022,0.0,INDIA,missing_address_collision,1
S1-602630259,S2-35469966,0.9996,0,0.9,0.0,US,same_name_diff_address,1
S1-823489939,S2-955908227,0.9996,0,1.0,0.0,US,same_name_diff_address,1
S1-460442832,S2-248602428,0.9996,0,0.9,0.0,US,same_name_diff_address,1
S1-621449308,S2-102462284,0.9996,0,1.0,0.0,US,same_name_diff_address,1
S1-677508517,S2-460560020,0.9996,0,0.8444,0.0,US,missing_address_collision,1
S1-780502827,S2-868936690,0.9996,0,0.95,0.0,US,same_name_diff_address,1
S1-655762845,S2-91472984,0.9996,0,0.8364,0.0,INDIA,missing_address_collision,1
S1-127216505,S2-179197260,0.9996,0,0.963,0.0,US,same_name_diff_address,1
S1-871837514,S2-130257392,0.9996,0,0.9,0.0,US,same_name_diff_address,1
S1-999536733,S2-971724454,0.9996,0,0.7945,0.0,INDIA,missing_address_collision,1
S1-949199510,S2-133405172,0.9996,0,0.95,0.0,INDIA,same_name_diff_address,1
S1-219637256,S2-620136096,0.9996,0,0.9,0.0,US,same_name_diff_address,1
S1-127615097,S2-924764358,0.9996,0,1.0,0.0,US,same_name_diff_address,1
S1-829799068,S2-405033668,0.9996,0,0.9,0.0,US,same_name_diff_address,1
S1-512370908,S2-446382180,0.9996,0,1.0,0.0,US,same_name_diff_address,1
S1-27526059,S2-118460436,0.9996,0,0.95,0.0,INDIA,same_name_diff_address,1
S1-160278281,S2-479928939,0.9996,0,0.9,0.0,INDIA,same_name_diff_address,1
S1-659854073,S2-408649857,0.9996,0,1.0,0.0,US,same_name_diff_address,1
S1-390671904,S2-243821679,0.9996,0,0.95,0.0,INDIA,same_name_diff_address,1
S1-260478870,S2-631868462,0.9996,0,0.8185,0.0,INDIA,missing_address_collision,1
S1-360431824,S2-153062111,0.9996,0,1.0,0.0,INDIA,same_name_diff_address,1
S1-104538360,S2-346218095,0.9996,0,0.84,0.0,INDIA,missing_address_collision,1
S1-916309495,S2-756574784,0.9996,0,0.9,0.0,US,same_name_diff_address,1
S1-330650808,S2-458024531,0.9996,0,0.9,0.0,INDIA,same_name_diff_address,1
S1-117340129,S2-58826112,0.9996,0,1.0,0.0,US,same_name_diff_address,1
S1-872289699,S2-192333429,0.9996,0,1.0,0.0,US,same_name_diff_address,1
S1-208395731,S2-650674734,0.9996,0,0.836,0.0,INDIA,missing_address_collision,1
S1-872931331,S2-440592127,0.9996,0,0.9,0.0,INDIA,same_name_diff_address,1
S1-820040022,S2-859531722,0.9996,0,0.9,0.0,US,same_name_diff_address,1
S1-3725397,S2-19069121,0.9996,0,1.0,0.0,US,same_name_diff_address,1
S1-796081325,S2-583979619,0.9996,0,0.9,0.0,US,same_name_diff_address,1
S1-116991736,S2-684527293,0.9996,0,1.0,0.0,US,same_name_diff_address,1
S1-392136938,S2-469186411,0.9996,0,0.95,0.0,US,same_name_diff_address,1
S1-306031474,S2-164977513,0.9996,0,0.95,0.0,US,same_name_diff_address,1
S1-306031474,S2-872928187,0.9996,0,1.0,0.0,US,same_name_diff_address,1
S1-470902837,S2-385619378,0.9996,0,0.8894,0.0,INDIA,same_name_diff_address,1
S1-671482588,S2-688323290,0.9996,0,1.0,0.0,US,same_name_diff_address,1
S1-289273968,S2-906589068,0.9996,0,0.95,0.0,INDIA,same_name_diff_address,1
S1-612367821,S2-143377070,0.9996,0,0.9,0.0,US,same_name_diff_address,1
S1-65474448,S2-786118693,0.9996,0,1.0,0.0,INDIA,same_name_diff_address,1
S1-850954537,S2-552208723,0.9996,0,1.0,0.0,US,same_name_diff_address,1
S1-1750761,S2-229561633,0.9996,0,0.95,0.0,US,same_name_diff_address,1
S1-527730102,S2-12990003,0.9996,0,0.95,0.0,US,same_name_diff_address,1
S1-700330267,S3-380806287,0.9996,0,0.95,0.0,INDIA,same_name_diff_address,1
S1-282701763,S2-34146719,0.9996,0,1.0,0.0,INDIA,same_name_diff_address,1
S1-261001073,S2-819618114,0.9996,0,1.0,0.0,US,same_name_diff_address,1
S1-900401764,S3-368550266,0.9996,0,0.95,0.0,US,same_name_diff_address,1
S1-737099938,S2-15498957,0.9996,0,1.0,0.0,INDIA,same_name_diff_address,1
S1-533385936,S2-399898027,0.9996,0,0.95,0.0,INDIA,same_name_diff_address,1
S1-374514968,S2-185678466,0.9996,0,1.0,0.0,US,same_name_diff_address,1
S1-719590053,S2-648788958,0.9996,0,0.8093,0.0,INDIA,missing_address_collision,1
S1-402418842,S2-772541286,0.9996,0,0.9,0.0,US,same_name_diff_address,1
S1-183374512,S2-919505605,0.9996,0,1.0,0.0,US,same_name_diff_address,1
S1-15577900,S2-90428668,0.9996,0,0.8674,0.0,INDIA,same_name_diff_address,1
S1-629356355,S2-323265114,0.9996,0,1.0,0.0,US,same_name_diff_address,1
S1-833786852,S2-493142296,0.9996,0,0.95,0.0,US,same_name_diff_address,1
S1-797625284,S2-646230883,0.9996,0,1.0,0.0,US,same_name_diff_address,1
S1-137502450,S2-144476054,0.9996,0,1.0,0.0,US,same_name_diff_address,1
S1-368634685,S2-392127225,0.9996,0,0.95,0.0,US,same_name_diff_address,1
S1-182827827,S2-410164682,0.9996,0,0.874,0.0,INDIA,same_name_diff_address,1
S1-594234132,S2-175422550,0.9996,0,0.95,0.0,INDIA,same_name_diff_address,1
S1-623494727,S2-665433292,0.9996,0,1.0,0.0,US,same_name_diff_address,1
S1-394779705,S2-880646762,0.9996,0,0.8056,0.0,INDIA,missing_address_collision,1
S1-965643522,S2-43389378,0.9996,0,0.8245,0.0,INDIA,missing_address_collision,1
S1-5371565,S2-973678538,0.9996,0,0.9,0.0,US,same_name_diff_address,1
S1-960385949,S2-131895074,0.9996,0,0.8581,0.0,INDIA,same_name_diff_address,1
S1-231870688,S2-651479752,0.9996,0,1.0,0.0,US,same_name_diff_address,1
S1-231870688,S2-37058225,0.9996,0,0.95,0.0,US,same_name_diff_address,1
S1-588288665,S2-393854627,0.9996,0,0.95,0.0,US,same_name_diff_address,1
S1-593265830,S2-691418180,0.9996,0,0.9574,0.0,US,same_name_diff_address,1
S1-572519209,S2-902807827,0.9996,0,0.9,0.0,US,same_name_diff_address,1
S1-375537445,S2-785246908,0.9996,0,1.0,0.0,US,same_name_diff_address,1
S1-998204924,S2-862434309,0.9996,0,0.95,0.0,US,same_name_diff_address,1
S1-590637510,S2-55994928,0.9996,0,1.0,0.0,US,same_name_diff_address,1
S1-299824729,S2-231603361,0.9996,0,0.95,0.0,INDIA,same_name_diff_address,1
S1-149698435,S2-491498465,0.9996,0,1.0,0.0,US,same_name_diff_address,1
S1-901777635,S2-106211451,0.9996,0,1.0,0.0,US,same_name_diff_address,1
S1-682816206,S2-861121432,0.9996,0,0.95,0.0,US,same_name_diff_address,1
S1-364400051,S2-940912900,0.9996,0,1.0,0.0,US,same_name_diff_address,1
S1-226158603,S3-136149777,0.9996,0,0.9,0.0,US,same_name_diff_address,1
S1-107063710,S2-940912900,0.9996,0,1.0,0.0,US,same_name_diff_address,1
S1-123264843,S2-177828759,0.9996,0,1.0,0.0,US,same_name_diff_address,1
S1-185463686,S2-569703968,0.9996,0,0.8125,0.0,INDIA,missing_address_collision,1
S1-137045802,S2-597552026,0.9996,0,0.9,0.0,US,same_name_diff_address,1
S1-623494727,S2-463723344,0.9996,0,0.95,0.0,US,same_name_diff_address,1
S1-483471491,S2-249318283,0.9996,0,0.95,0.0,INDIA,same_name_diff_address,1
S1-751962123,S2-643801131,0.9996,0,0.95,0.0,INDIA,same_name_diff_address,1
S1-824570513,S3-846898299,0.9996,0,0.8382,0.0,INDIA,missing_address_collision,1
S1-644493578,S2-911141124,0.9996,0,1.0,0.0,INDIA,same_name_diff_address,1
S1-788195811,S2-633727089,0.9996,0,1.0,0.0,US,same_name_diff_address,1
S1-947235878,S2-909625871,0.9996,0,0.95,0.0,US,same_name_diff_address,1
S1-193646146,S2-9967484,0.9996,0,0.95,0.0,US,same_name_diff_address,1
S1-597988890,S3-307020378,0.9996,0,0.855,0.0,US,same_name_diff_address,1
S1-723312783,S2-531371354,0.9996,0,0.8065,0.0,INDIA,missing_address_collision,1
S1-365952867,S2-865455691,0.9996,0,1.0,0.0,US,same_name_diff_address,1
S1-996425642,S2-877765187,0.9996,0,1.0,0.0,US,same_name_diff_address,1
S1-787402085,S2-922584669,0.9996,0,0.9032,0.0,US,same_name_diff_address,1
S1-760069665,S2-809777325,0.9996,0,0.8769,0.0,US,same_name_diff_address,1
S1-720288200,S3-197184725,0.9996,0,0.95,0.0,INDIA,same_name_diff_address,1
S1-877521041,S2-912257752,0.9996,0,1.0,0.0,US,same_name_diff_address,1
S1-437928704,S2-1118369,0.9996,0,1.0,0.0,US,same_name_diff_address,1
S1-89037158,S2-115832382,0.9996,0,1.0,0.0,US,same_name_diff_address,1
S1-171435605,S2-428665385,0.9996,0,0.8254,0.0,US,missing_address_collision,1
S1-38906659,S2-294394276,0.9996,0,1.0,0.0,US,same_name_diff_address,1
S1-954187098,S2-543398589,0.9996,0,0.9,0.0,US,same_name_diff_address,1
S1-805728753,S2-742330468,0.9996,0,1.0,0.0,US,same_name_diff_address,1
S1-868397503,S2-790835173,0.9996,0,0.9,0.0,INDIA,same_name_diff_address,1
S1-496807889,S2-270789204,0.9996,0,0.95,0.0,US,same_name_diff_address,1
S1-234727445,S2-717341961,0.9996,0,0.95,0.0,US,same_name_diff_address,1
S1-814401698,S3-886295787,0.9996,0,0.8489,0.0,INDIA,missing_address_collision,1
S1-382229436,S2-320452294,0.9996,0,1.0,0.0,INDIA,same_name_diff_address,1
S1-297937334,S2-630112039,0.9996,0,0.855,0.0,US,same_name_diff_address,1
S1-103635117,S2-446625587,0.9996,0,1.0,0.0,US,same_name_diff_address,1
S1-40387662,S2-829953673,0.9996,0,0.836,0.0,INDIA,missing_address_collision,1
S1-276328700,S2-75889703,0.9996,0,0.95,0.0,US,same_name_diff_address,1
S1-519718935,S2-535401275,0.9996,0,1.0,0.0,US,same_name_diff_address,1
S1-221884233,S2-960501036,0.9996,0,0.7917,0.0,US,missing_address_collision,1
S1-911925588,S3-886367611,0.9996,0,1.0,0.0,INDIA,same_name_diff_address,1
S1-737100510,S2-833094725,0.9996,0,0.95,0.0,INDIA,same_name_diff_address,1
S1-538102499,S2-742009805,0.9996,0,1.0,0.0,INDIA,same_name_diff_address,1
S1-974920232,S2-284008062,0.9996,0,0.8421,0.0,US,missing_address_collision,1
S1-839288941,S2-133287463,0.9996,0,1.0,0.0,US,same_name_diff_address,1
S1-875868977,S2-788908028,0.9996,0,1.0,0.0,US,same_name_diff_address,1
S1-346470177,S2-528118945,0.9996,0,1.0,0.0,INDIA,same_name_diff_address,1
S1-359184234,S2-153034987,0.9996,0,0.8291,0.0,INDIA,missing_address_collision,1
S1-5046485,S2-790688762,0.9996,0,0.8276,0.0,US,missing_address_collision,1
S1-181416647,S2-76565181,0.9996,0,0.95,0.0,US,same_name_diff_address,1
S1-806397273,S2-900036026,0.9996,0,0.95,0.0,INDIA,same_name_diff_address,1
S1-362687203,S2-146330516,0.9996,0,0.8291,0.0,INDIA,missing_address_collision,1
S1-830888821,S2-431555287,0.9996,0,1.0,0.0,US,same_name_diff_address,1
S1-577401231,S2-314185763,0.9996,0,1.0,0.0,US,same_name_diff_address,1
S1-242900582,S2-186914000,0.9996,0,1.0,0.0,US,same_name_diff_address,1
S1-850063162,S3-325288839,0.9996,0,0.95,0.0,INDIA,same_name_diff_address,1
S1-166253399,S2-573959135,0.9996,0,0.95,0.0,US,same_name_diff_address,1
S1-793479575,S2-736324524,0.9996,0,1.0,0.0,US,same_name_diff_address,1
S1-986270660,S2-192067728,0.9996,0,1.0,0.0,US,same_name_diff_address,1
S1-907166856,S2-787571395,0.9996,0,1.0,0.0,INDIA,same_name_diff_address,1
S1-450444042,S2-302732961,0.9996,0,1.0,0.0,US,same_name_diff_address,1
S1-336240039,S2-343189551,0.9996,0,0.95,0.0,US,same_name_diff_address,1
S1-833356906,S2-983509338,0.9996,0,1.0,0.0,US,same_name_diff_address,1
S1-212454626,S2-314339657,0.9996,0,0.95,0.0,US,same_name_diff_address,1
S1-845652721,S2-48389888,0.9996,0,1.0,0.0,US,same_name_diff_address,1
S1-103912908,S2-96789822,0.9996,0,0.9,0.0,US,same_name_diff_address,1
S1-101439296,S2-646353252,0.9996,0,1.0,0.0,US,same_name_diff_address,1
S1-315194959,S2-964551584,0.9996,0,0.9,0.0,US,same_name_diff_address,1
S1-979357624,S2-258354694,0.9996,0,0.9,0.0,US,same_name_diff_address,1
S1-959917151,S2-463360864,0.9996,0,1.0,0.0,US,same_name_diff_address,1
S1-197934161,S2-454287012,0.9996,0,0.8708,0.0,US,same_name_diff_address,1
S1-634679217,S2-721667915,0.9996,0,0.95,0.0,INDIA,same_name_diff_address,1
S1-634679217,S2-236407859,0.9996,0,0.95,0.0,INDIA,same_name_diff_address,1
S1-581863471,S2-521062141,0.9996,0,0.95,0.0,US,same_name_diff_address,1
S1-871979458,S2-894210479,0.9996,0,0.95,0.0,US,same_name_diff_address,1
S1-575656258,S2-124567732,0.9996,0,0.8404,0.0,INDIA,missing_address_collision,1
S1-324067438,S2-281024796,0.9996,0,1.0,0.0,US,same_name_diff_address,1
S1-262284778,S2-437237855,0.9996,0,1.0,0.0,US,same_name_diff_address,1
S1-762616506,S2-573673165,0.9996,0,0.9,0.0,US,same_name_diff_address,1
S1-38605967,S2-492789736,0.9996,0,0.9,0.0,US,same_name_diff_address,1
S1-296304920,S2-642356766,0.9996,0,0.8595,0.0,INDIA,same_name_diff_address,1
S1-234850920,S2-664478844,0.9996,0,1.0,0.0,US,same_name_diff_address,1
S1-812566562,S2-153062111,0.9996,0,1.0,0.0,INDIA,same_name_diff_address,1
S1-474851626,S2-716466303,0.9996,0,0.95,0.0,US,same_name_diff_address,1
S1-474851626,S2-890177740,0.9996,0,0.9,0.0,US,same_name_diff_address,1
S1-256011746,S2-368237307,0.9996,0,1.0,0.0,US,same_name_diff_address,1
S1-689236296,S2-352723257,0.9996,0,0.95,0.0,INDIA,same_name_diff_address,1
S1-501931445,S2-651984987,0.9996,0,1.0,0.0,US,same_name_diff_address,1
S1-919016142,S2-476531168,0.9996,0,1.0,0.0,US,same_name_diff_address,1
S1-314627220,S2-816804645,0.9996,0,1.0,0.0,INDIA,same_name_diff_address,1
S1-574783839,S2-469186411,0.9996,0,0.95,0.0,US,same_name_diff_address,1
S1-823430869,S2-143479486,0.9996,0,1.0,0.0,US,same_name_diff_address,1
S1-705251800,S2-181583137,0.9996,0,0.8769,0.0,INDIA,same_name_diff_address,1
S1-349126718,S2-782018008,0.9996,0,0.95,0.0,US,same_name_diff_address,1
S1-941258422,S2-384989948,0.9996,0,1.0,0.0,US,same_name_diff_address,1
S1-853359315,S2-653464358,0.9996,0,1.0,0.0,US,same_name_diff_address,1
S1-770140481,S2-924316732,0.9996,0,1.0,0.0,US,same_name_diff_address,1
S1-141068021,S2-880018988,0.9996,0,1.0,0.0,INDIA,same_name_diff_address,1
S1-594329087,S2-342089352,0.9996,0,0.8182,0.0,INDIA,missing_address_collision,1
S1-493444457,S2-484213974,0.9996,0,0.95,0.0,US,same_name_diff_address,1
S1-548201609,S2-797486736,0.9996,0,0.9,0.0,US,same_name_diff_address,1
S1-431421756,S2-673140263,0.9996,0,0.9577,0.0,US,same_name_diff_address,1
S1-478885041,S3-324651503,0.9996,0,0.95,0.0,INDIA,same_name_diff_address,1
S1-780423580,S2-149997231,0.9996,0,1.0,0.0,US,same_name_diff_address,1
S1-778383947,S2-410441254,0.9996,0,0.8364,0.0,INDIA,missing_address_collision,1
S1-778383947,S2-693540642,0.9996,0,0.8085,0.0,INDIA,missing_address_collision,1
S1-506586052,S2-371276857,0.9996,0,0.95,0.0,INDIA,same_name_diff_address,1
S1-475954873,S2-525636260,0.9996,0,0.95,0.0,US,same_name_diff_address,1
S1-475954873,S2-947260775,0.9996,0,0.95,0.0,US,same_name_diff_address,1
S1-178394965,S3-121187304,0.9996,0,0.8821,0.0,US,same_name_diff_address,1
S1-222577363,S2-996075355,0.9996,0,0.95,0.0,US,same_name_diff_address,1
S1-764246295,S2-633601386,0.9996,0,0.8333,0.0,INDIA,missing_address_collision,1
S1-764246295,S2-912116631,0.9996,0,0.8196,0.0,INDIA,missing_address_collision,1
S1-215588466,S2-418059250,0.9996,0,1.0,0.0,INDIA,same_name_diff_address,1
S1-28267917,S2-623940737,0.9996,0,0.95,0.0,INDIA,same_name_diff_address,1
S1-432762326,S2-304689974,0.9996,0,0.95,0.0,US,same_name_diff_address,1
S1-758598746,S2-24621537,0.9996,0,0.9,0.0,US,same_name_diff_address,1
S1-47453459,S2-894638029,0.9996,0,0.95,0.0,US,same_name_diff_address,1
S1-949967720,S3-433590144,0.9996,0,0.8477,0.0,INDIA,missing_address_collision,1
S1-215588466,S2-530153583,0.9996,0,0.95,0.0,INDIA,same_name_diff_address,1
S1-178864151,S2-112225798,0.9996,0,1.0,0.0,US,same_name_diff_address,1
S1-799984000,S2-259655871,0.9996,0,1.0,0.0,US,same_name_diff_address,1
S1-136924732,S2-59855381,0.9996,0,0.9,0.0,US,same_name_diff_address,1
S1-857146735,S2-961673201,0.9996,0,0.855,0.0,INDIA,same_name_diff_address,1
S1-325301940,S2-754732661,0.9996,0,0.95,0.0,US,same_name_diff_address,1
S1-603854210,S2-425366657,0.9996,0,0.95,0.0,INDIA,same_name_diff_address,1
S1-564500135,S2-178873085,0.9996,0,1.0,0.0,US,same_name_diff_address,1
S1-668009124,S2-271738847,0.9996,0,0.9,0.0,US,same_name_diff_address,1
S1-668009124,S2-644179888,0.9996,0,1.0,0.0,US,same_name_diff_address,1
S1-157595586,S2-935496364,0.9996,0,1.0,0.0,US,same_name_diff_address,1
S1-595094208,S2-990833100,0.9996,0,1.0,0.0,US,same_name_diff_address,1
S1-584269513,S3-466752837,0.9996,0,0.95,0.0,US,same_name_diff_address,1
S1-810125033,S2-167828061,0.9996,0,0.95,0.0,US,same_name_diff_address,1
S1-476433173,S2-801640876,0.9996,0,0.836,0.0,INDIA,missing_address_collision,1
S1-909517313,S2-967103100,0.9996,0,0.9333,0.0,US,same_name_diff_address,1
S1-429171625,S2-809578257,0.9996,0,1.0,0.0,US,same_name_diff_address,1
S1-721585414,S3-578489825,0.9996,0,0.95,0.0,INDIA,same_name_diff_address,1
S1-397863323,S2-646453097,0.9996,0,1.0,0.0,US,same_name_diff_address,1
S1-969431040,S2-288744764,0.9996,0,0.9,0.0,US,same_name_diff_address,1
S1-804737152,S2-270789204,0.9996,0,0.95,0.0,US,same_name_diff_address,1
S1-548207413,S2-344474822,0.9996,0,1.0,0.0,INDIA,same_name_diff_address,1
S1-286734300,S2-394505963,0.9996,0,0.95,0.0,US,same_name_diff_address,1
S1-646984539,S2-166511892,0.9996,0,0.8143,0.0,US,missing_address_collision,1
S1-383861532,S2-638987304,0.9996,0,0.7804,0.0,US,missing_address_collision,1
S1-566756905,S2-594490803,0.9996,0,1.0,0.0,US,same_name_diff_address,1
S1-182485308,S2-174987222,0.9996,0,1.0,0.0,US,same_name_diff_address,1
S1-465397327,S2-404616497,0.9996,0,1.0,0.0,US,same_name_diff_address,1
S1-465397327,S2-363427648,0.9996,0,0.8245,0.0,US,missing_address_collision,1
S1-856558730,S2-543398589,0.9996,0,0.9,0.0,US,same_name_diff_address,1
S1-686474484,S2-982271932,0.9996,0,1.0,0.0,INDIA,same_name_diff_address,1
S1-429987533,S2-112192783,0.9996,0,1.0,0.0,US,same_name_diff_address,1
S1-298404437,S2-806948840,0.9996,0,0.8814,0.0,US,same_name_diff_address,1
S1-434414513,S3-280113881,0.9996,0,0.95,0.0,US,same_name_diff_address,1
S1-172269876,S2-709270962,0.9996,0,0.95,0.0,INDIA,same_name_diff_address,1
S1-415666036,S2-384218034,0.9996,0,0.95,0.0,US,same_name_diff_address,1
S1-505059161,S2-841012551,0.9996,0,0.95,0.0,US,same_name_diff_address,1
S1-719411018,S2-899050916,0.9996,0,0.95,0.0,US,same_name_diff_address,1
S1-50798702,S2-509213046,0.9996,0,0.95,0.0,US,same_name_diff_address,1
S1-757625310,S2-712838480,0.9996,0,0.9,0.0,US,same_name_diff_address,1
S1-73107642,S2-644661298,0.9996,0,0.9,0.0,US,same_name_diff_address,1
S1-231928819,S2-2870804,0.9996,0,1.0,0.0,US,same_name_diff_address,1
S1-864005475,S2-367017301,0.9996,0,1.0,0.0,INDIA,same_name_diff_address,1
S1-33575022,S2-206215051,0.9996,0,0.95,0.0,INDIA,same_name_diff_address,1
S1-201281490,S2-735051432,0.9996,0,0.8718,0.0,US,same_name_diff_address,1
S1-221968872,S2-398621933,0.9996,0,0.9,0.0,US,same_name_diff_address,1
S1-372762003,S2-101719189,0.9996,0,0.95,0.0,US,same_name_diff_address,1
S1-876497163,S2-916022416,0.9996,0,1.0,0.0,US,same_name_diff_address,1
S1-38084734,S2-278940385,0.9996,0,0.8196,0.0,US,missing_address_collision,1
S1-794484965,S2-349835226,0.9996,0,0.95,0.0,US,same_name_diff_address,1
S1-330640194,S2-573673165,0.9996,0,0.9,0.0,US,same_name_diff_address,1
S1-292308384,S2-252155686,0.9996,0,0.95,0.0,INDIA,same_name_diff_address,1
S1-209627684,S3-570238102,0.9996,0,0.95,0.0,US,same_name_diff_address,1
S1-756296072,S2-13386699,0.9996,0,1.0,0.0,US,same_name_diff_address,1
S1-760215345,S2-505590438,0.9996,0,0.95,0.0,US,same_name_diff_address,1
S1-959199744,S2-150221118,0.9996,0,1.0,0.0,US,same_name_diff_address,1
S1-822506748,S2-266521371,0.9995,0,1.0,0.0,US,same_name_diff_address,1
S1-785991729,S2-326735809,0.9995,0,1.0,0.0,US,same_name_diff_address,1
S1-785991729,S3-267021402,0.9995,0,0.9524,0.0,US,same_name_diff_address,1
S1-678670772,S2-713046983,0.9995,0,1.0,0.0,INDIA,same_name_diff_address,1
S1-845236726,S2-24963082,0.9995,0,1.0,0.0,US,same_name_diff_address,1
S1-467772440,S3-139141238,0.9995,0,0.95,0.0,INDIA,same_name_diff_address,1
S1-14636301,S3-925357699,0.9995,0,1.0,0.0,INDIA,same_name_diff_address,1
S1-952368455,S2-566513268,0.9995,0,1.0,0.0,US,same_name_diff_address,1
S1-884342027,S2-595832786,0.9995,0,1.0,0.0,INDIA,same_name_diff_address,1
S1-957522859,S2-50752025,0.9995,0,0.836,0.0,INDIA,missing_address_collision,1
S1-662280380,S3-405515292,0.9995,0,1.0,0.0,US,same_name_diff_address,1
S1-830616373,S3-569258031,0.9995,0,0.9,0.0,US,same_name_diff_address,1
S1-779860777,S3-925357699,0.9995,0,1.0,0.0,INDIA,same_name_diff_address,1
S1-915421122,S3-202940000,0.9995,0,0.7848,0.0,INDIA,missing_address_collision,1
S1-450078981,S3-891925189,0.9995,0,0.95,0.0,US,same_name_diff_address,1
S1-187930648,S3-780035475,0.9995,0,1.0,0.0,US,same_name_diff_address,1
S1-334813780,S2-470536948,0.9995,0,1.0,0.0,US,same_name_diff_address,1
S1-675945839,S2-408263608,0.9995,0,0.95,0.0,INDIA,same_name_diff_address,1
S1-193964443,S2-333726793,0.9995,0,1.0,0.0,US,same_name_diff_address,1
S1-367810683,S2-351064070,0.9995,0,1.0,0.0,US,same_name_diff_address,1
S1-624889674,S2-286960919,0.9995,0,1.0,0.0,US,same_name_diff_address,1
S1-26307968,S2-62221085,0.9995,0,0.85,0.0,US,same_name_diff_address,1
S1-396981129,S3-721547036,0.9995,0,1.0,0.0,INDIA,same_name_diff_address,1
S1-697874897,S3-416014252,0.9995,0,0.95,0.0,INDIA,same_name_diff_address,1
S1-822138269,S3-401289268,0.9995,0,0.95,0.0,INDIA,same_name_diff_address,1
S1-375231962,S2-384678012,0.9995,0,1.0,0.0,US,same_name_diff_address,1
S1-9974992,S2-194348624,0.9995,0,1.0,0.0,INDIA,same_name_diff_address,1
S1-32953501,S2-92773665,0.9995,0,1.0,0.0,US,same_name_diff_address,1
S1-271173814,S2-768080399,0.9995,0,1.0,0.0,US,same_name_diff_address,1
S1-549396,S2-261950998,0.9995,0,1.0,0.0,US,same_name_diff_address,1
S1-259414123,S2-929104066,0.9995,0,1.0,0.0,US,same_name_diff_address,1
S1-210992357,S2-397719223,0.9995,0,1.0,0.0,US,same_name_diff_address,1
S1-941079521,S3-816170656,0.9995,0,0.95,0.0,US,same_name_diff_address,1
S1-50798702,S2-629411312,0.9995,0,1.0,0.0,US,same_name_diff_address,1
S1-776410204,S3-684474117,0.9995,0,0.95,0.0,INDIA,same_name_diff_address,1
S1-41694112,S3-787955577,0.9995,0,0.95,0.0,INDIA,same_name_diff_address,1
S1-645339330,S3-808684011,0.9995,0,0.95,0.0,INDIA,same_name_diff_address,1
S1-776410204,S3-436216735,0.9995,0,1.0,0.0,INDIA,same_name_diff_address,1
S1-872936583,S2-800891168,0.9995,0,0.95,0.0,INDIA,same_name_diff_address,1
S1-150230053,S3-502984668,0.9995,0,0.9,0.0,US,same_name_diff_address,1
S1-542612783,S2-351064070,0.9995,0,1.0,0.0,US,same_name_diff_address,1
S1-574133502,S2-260553556,0.9995,0,0.9,0.0,US,same_name_diff_address,1
S1-574133502,S2-44121111,0.9995,0,0.9,0.0,US,same_name_diff_address,1
S1-99168887,S2-957698007,0.9995,0,0.9,0.0,US,same_name_diff_address,1
S1-947809505,S3-841112033,0.9995,0,0.95,0.0,INDIA,same_name_diff_address,1
S1-902951838,S3-495269073,0.9995,0,0.95,0.0,INDIA,same_name_diff_address,1
S1-46892664,S2-619352114,0.9995,0,0.7308,0.0,US,missing_address_collision,1
S1-831416710,S3-264703268,0.9995,0,1.0,0.0,INDIA,same_name_diff_address,1
S1-47453459,S2-222229281,0.9995,0,0.95,0.0,US,same_name_diff_address,1
S1-114346914,S2-611326759,0.9995,0,0.9,0.0,US,same_name_diff_address,1
S1-363684298,S3-457427506,0.9995,0,1.0,0.0,INDIA,same_name_diff_address,1
S1-134302191,S3-305654789,0.9995,0,0.95,0.0,INDIA,same_name_diff_address,1
S1-471155254,S2-184229262,0.9995,0,0.95,0.0,INDIA,same_name_diff_address,1
S1-639773601,S2-494118528,0.9995,0,1.0,0.0,INDIA,same_name_diff_address,1
S1-188493554,S2-722810108,0.9995,0,0.836,0.0,INDIA,missing_address_collision,1
S1-273287067,S2-848190643,0.9995,0,0.8604,0.0,INDIA,same_name_diff_address,1
S1-297419266,S3-107630551,0.9995,0,0.95,0.0,INDIA,same_name_diff_address,1
S1-23031285,S2-458219563,0.9995,0,1.0,0.0,US,same_name_diff_address,1
S1-382359873,S2-457817844,0.9995,0,0.8197,0.0,INDIA,missing_address_collision,1
S1-651188864,S3-621824716,0.9995,0,0.9,0.0,US,same_name_diff_address,1
S1-313043094,S3-431029930,0.9995,0,1.0,0.0,US,same_name_diff_address,1
S1-919550419,S3-421158413,0.9995,0,1.0,0.0,US,same_name_diff_address,1
S1-69567013,S2-925458272,0.9995,0,1.0,0.0,US,same_name_diff_address,1
S1-337222518,S3-227398647,0.9995,0,1.0,0.0,US,same_name_diff_address,1
S1-709447892,S3-150811796,0.9995,0,0.9,0.0,US,same_name_diff_address,1
S1-710877458,S2-144144284,0.9995,0,1.0,0.0,INDIA,same_name_diff_address,1
S1-772441109,S2-770994162,0.9995,0,1.0,0.0,US,same_name_diff_address,1
S1-772441109,S2-705746038,0.9995,0,1.0,0.0,US,same_name_diff_address,1
S1-787926273,S2-294442255,0.9995,0,1.0,0.0,US,same_name_diff_address,1
S1-787926273,S3-982741392,0.9995,0,0.9,0.0,US,same_name_diff_address,1
S1-749953993,S2-56201829,0.9995,0,0.8444,0.0,INDIA,missing_address_collision,1
S1-464748109,S2-252043167,0.9995,0,0.819,0.0,INDIA,missing_address_collision,1
S1-254103578,S2-108530459,0.9995,0,1.0,0.0,US,same_name_diff_address,1
S1-145952790,S2-712606308,0.9995,0,1.0,0.0,US,same_name_diff_address,1
S1-833568898,S2-889686265,0.9995,0,0.7681,0.0,INDIA,missing_address_collision,1
S1-134249804,S3-540146344,0.9995,0,0.95,0.0,US,same_name_diff_address,1
S1-231637572,S3-412925666,0.9995,0,0.8769,0.0,US,same_name_diff_address,1
S1-799472329,S2-732224496,0.9995,0,0.8143,0.0,US,missing_address_collision,1
S1-989210770,S3-944722652,0.9995,0,1.0,0.0,INDIA,same_name_diff_address,1
S1-82583035,S2-127797674,0.9995,0,0.8814,0.0,INDIA,same_name_diff_address,1
S1-127518188,S2-805638795,0.9995,0,1.0,0.0,US,same_name_diff_address,1
S1-758993296,S3-875214195,0.9995,0,0.95,0.0,INDIA,same_name_diff_address,1
S1-973327538,S2-118132178,0.9995,0,0.855,0.0,US,same_name_diff_address,1
S1-656227109,S3-745051721,0.9995,0,0.95,0.0,US,same_name_diff_address,1
S1-776565013,S2-398547359,0.9995,0,0.9,0.0,US,same_name_diff_address,1
S1-695903926,S2-675415348,0.9995,0,1.0,0.0,INDIA,same_name_diff_address,1
S1-259470673,S3-527462447,0.9995,0,1.0,0.0,INDIA,same_name_diff_address,1
S1-249539637,S2-221826246,0.9995,0,1.0,0.0,US,same_name_diff_address,1
S1-755865470,S2-358374133,0.9995,0,0.95,0.0,INDIA,same_name_diff_address,1
S1-38092686,S3-993324254,0.9995,0,1.0,0.0,US,same_name_diff_address,1
S1-329744654,S2-643915106,0.9995,0,0.8482,0.0,INDIA,missing_address_collision,1
S1-825783957,S3-429365260,0.9995,0,0.95,0.0,US,same_name_diff_address,1
S1-649480753,S2-798731629,0.9995,0,0.7887,0.0,INDIA,missing_address_collision,1
S1-82746519,S2-186313482,0.9995,0,1.0,0.0,INDIA,same_name_diff_address,1
S1-97737266,S2-560578371,0.9995,0,0.95,0.0,INDIA,same_name_diff_address,1
S1-574783839,S2-632253363,0.9995,0,1.0,0.0,US,same_name_diff_address,1
S1-318268756,S2-754997646,0.9995,0,1.0,0.0,INDIA,same_name_diff_address,1
S1-646836562,S2-101292436,0.9995,0,0.9,0.0,US,same_name_diff_address,1
S1-762616506,S2-747829575,0.9995,0,1.0,0.0,US,same_name_diff_address,1
S1-623122435,S3-805538075,0.9995,0,1.0,0.0,INDIA,same_name_diff_address,1
S1-656667001,S2-470536948,0.9995,0,1.0,0.0,US,same_name_diff_address,1
S1-229003060,S2-523991159,0.9995,0,1.0,0.0,INDIA,same_name_diff_address,1
S1-229003060,S2-991272038,0.9995,0,0.95,0.0,INDIA,same_name_diff_address,1
S1-273954845,S3-527462447,0.9995,0,1.0,0.0,INDIA,same_name_diff_address,1
S1-488570662,S3-255011837,0.9995,0,0.95,0.0,US,same_name_diff_address,1
S1-382229436,S3-273809265,0.9995,0,0.95,0.0,INDIA,same_name_diff_address,1
S1-849023934,S3-157265192,0.9995,0,0.7435,0.0,US,missing_address_collision,1
S1-916680064,S2-17273862,0.9995,0,0.8233,0.0,INDIA,missing_address_collision,1
S1-262165833,S2-803671994,0.9995,0,0.855,0.0,US,same_name_diff_address,1
S1-262165833,S2-721435422,0.9995,0,0.9,0.0,US,same_name_diff_address,1
S1-27786417,S2-137347843,0.9995,0,1.0,0.0,US,same_name_diff_address,1
S1-29051873,S2-732945702,0.9995,0,1.0,0.0,INDIA,same_name_diff_address,1
S1-89585719,S3-582239528,0.9995,0,0.7878,0.0,US,missing_address_collision,1
S1-138029772,S2-221826246,0.9995,0,1.0,0.0,US,same_name_diff_address,1
S1-929529943,S2-179885298,0.9995,0,1.0,0.0,INDIA,same_name_diff_address,1
S1-682816206,S3-467256179,0.9995,0,1.0,0.0,US,same_name_diff_address,1
S1-500578372,S2-946881740,0.9995,0,1.0,0.0,INDIA,same_name_diff_address,1
S1-226158603,S2-750102859,0.9995,0,0.9,0.0,US,same_name_diff_address,1
S1-293838050,S3-211083364,0.9995,0,0.95,0.0,INDIA,same_name_diff_address,1
S1-716361946,S2-717519769,0.9995,0,0.9,0.0,US,same_name_diff_address,1
S1-480629454,S2-173842146,0.9995,0,1.0,0.0,INDIA,same_name_diff_address,1
S1-437376255,S3-430403587,0.9995,0,0.8708,0.0,INDIA,same_name_diff_address,1
S1-432938357,S2-976889941,0.9995,0,0.9,0.0,US,same_name_diff_address,1
S1-310956934,S2-677522915,0.9995,0,0.95,0.0,US,same_name_diff_address,1
S1-342563552,S2-665590352,0.9995,0,1.0,0.0,US,same_name_diff_address,1
S1-67205139,S3-899734787,0.9995,0,1.0,0.0,INDIA,same_name_diff_address,1
S1-330088130,S2-274103185,0.9995,0,1.0,0.0,US,same_name_diff_address,1
S1-692164658,S2-533515317,0.9995,0,1.0,0.0,US,same_name_diff_address,1
S1-570950773,S2-530431428,0.9995,0,1.0,0.0,US,same_name_diff_address,1
S1-777914182,S2-905304822,0.9995,0,1.0,0.0,US,same_name_diff_address,1
S1-218472316,S3-359358023,0.9995,0,0.9,0.0,US,same_name_diff_address,1
S1-653829137,S2-470835093,0.9995,0,1.0,0.0,INDIA,same_name_diff_address,1
S1-979306108,S3-230521037,0.9995,0,1.0,0.0,INDIA,same_name_diff_address,1
S1-478911483,S3-73386086,0.9995,0,1.0,0.0,US,same_name_diff_address,1
S1-599700128,S2-837174986,0.9995,0,1.0,0.0,US,same_name_diff_address,1
S1-987774799,S3-148797270,0.9995,0,1.0,0.0,US,same_name_diff_address,1
S1-727910746,S2-800532184,0.9995,0,1.0,0.0,US,same_name_diff_address,1
S1-987774799,S3-435757055,0.9995,0,1.0,0.0,US,same_name_diff_address,1
S1-168001987,S3-46356245,0.9995,0,1.0,0.0,US,same_name_diff_address,1
S1-881478071,S2-587783834,0.9995,0,1.0,0.0,INDIA,same_name_diff_address,1
S1-437928704,S3-812272357,0.9995,0,1.0,0.0,US,same_name_diff_address,1
S1-855261985,S3-53746305,0.9995,0,0.9,0.0,US,same_name_diff_address,1
S1-625475669,S2-929843634,0.9995,0,1.0,0.0,INDIA,same_name_diff_address,1
S1-121730055,S3-778373896,0.9995,0,1.0,0.0,INDIA,same_name_diff_address,1
S1-629114297,S3-763534897,0.9995,0,0.95,0.0,US,same_name_diff_address,1
S1-737204534,S3-762435760,0.9995,0,1.0,0.0,US,same_name_diff_address,1
S1-882374456,S2-556659959,0.9995,0,1.0,0.0,INDIA,same_name_diff_address,1
S1-99170710,S2-325655634,0.9995,0,1.0,0.0,US,same_name_diff_address,1
S1-293651588,S2-382864898,0.9995,0,0.7917,0.0,INDIA,missing_address_collision,1
S1-403585529,S2-366768278,0.9995,0,0.9,0.0,INDIA,same_name_diff_address,1
S1-768469658,S2-727701442,0.9995,0,1.0,0.0,INDIA,same_name_diff_address,1
S1-371410636,S3-360570603,0.9995,0,0.9,0.0,US,same_name_diff_address,1
S1-732485959,S3-357209426,0.9995,0,1.0,0.0,US,same_name_diff_address,1
S1-927608427,S3-85731169,0.9995,0,0.95,0.0,INDIA,same_name_diff_address,1
S1-927608427,S2-80971442,0.9995,0,1.0,0.0,INDIA,same_name_diff_address,1
S1-903404714,S3-148797270,0.9995,0,1.0,0.0,US,same_name_diff_address,1
S1-903404714,S3-435757055,0.9995,0,1.0,0.0,US,same_name_diff_address,1
S1-756578027,S2-917288624,0.9995,0,1.0,0.0,US,same_name_diff_address,1
S1-232429196,S2-699039229,0.9995,0,0.7692,0.0,US,missing_address_collision,1
S1-511077583,S2-768080399,0.9995,0,1.0,0.0,US,same_name_diff_address,1
S1-668022238,S2-803471741,0.9995,0,0.9,0.0,US,same_name_diff_address,1
S1-343781152,S2-626449008,0.9995,0,0.95,0.0,US,same_name_diff_address,1
S1-88940343,S3-207107668,0.9995,0,1.0,0.0,INDIA,same_name_diff_address,1
S1-850826661,S2-132737058,0.9995,0,1.0,0.0,INDIA,same_name_diff_address,1
S1-593265830,S2-688771516,0.9995,0,1.0,0.0,US,same_name_diff_address,1
S1-587691853,S2-675349740,0.9995,0,1.0,0.0,US,same_name_diff_address,1
S1-977318905,S3-417238587,0.9995,0,1.0,0.0,INDIA,same_name_diff_address,1
S1-407419946,S2-635749268,0.9995,0,1.0,0.0,US,same_name_diff_address,1
S1-365958564,S2-639511408,0.9995,0,1.0,0.0,INDIA,same_name_diff_address,1
S1-675653854,S3-25813326,0.9995,0,1.0,0.0,US,same_name_diff_address,1
S1-726051293,S3-868109952,0.9995,0,1.0,0.0,INDIA,same_name_diff_address,1
S1-757400009,S2-820763824,0.9995,0,1.0,0.0,INDIA,same_name_diff_address,1
S1-93119380,S2-737093390,0.9995,0,1.0,0.0,INDIA,same_name_diff_address,1
S1-98042434,S2-598016156,0.9995,0,0.9,0.0,INDIA,same_name_diff_address,1
S1-860512968,S2-819618114,0.9995,0,1.0,0.0,US,same_name_diff_address,1
S1-109136558,S2-568289912,0.9995,0,1.0,0.0,US,same_name_diff_address,1
S1-238773686,S2-655667273,0.9995,0,1.0,0.0,US,same_name_diff_address,1
S1-374514968,S3-713759457,0.9995,0,0.9,0.0,US,same_name_diff_address,1
S1-172059488,S2-197284666,0.9995,0,0.8675,0.0,US,same_name_diff_address,1
S1-318182196,S3-186716385,0.9995,0,1.0,0.0,US,same_name_diff_address,1
S1-228159136,S2-835112665,0.9995,0,1.0,0.0,US,same_name_diff_address,1
S1-325844727,S2-662586483,0.9995,0,0.9,0.0,US,same_name_diff_address,1
S1-60759860,S2-488541138,0.9995,0,1.0,0.0,US,same_name_diff_address,1
S1-786502848,S2-921578452,0.9995,0,0.9,0.0,US,same_name_diff_address,1
S1-55942902,S2-180437642,0.9995,0,1.0,0.0,US,same_name_diff_address,1
S1-252990296,S2-572555429,0.9995,0,0.875,0.0,INDIA,same_name_diff_address,1
S1-126152835,S2-697111906,0.9995,0,1.0,0.0,INDIA,same_name_diff_address,1
S1-300001313,S2-134465588,0.9995,0,1.0,0.0,INDIA,same_name_diff_address,1
S1-348795327,S3-621744381,0.9995,0,1.0,0.0,US,same_name_diff_address,1
S1-966464249,S2-832939311,0.9995,0,1.0,0.0,INDIA,same_name_diff_address,1
S1-218340695,S3-273629299,0.9995,0,0.7917,0.0,INDIA,missing_address_collision,1
S1-115090261,S2-599328073,0.9995,0,1.0,0.0,US,same_name_diff_address,1
S1-117340129,S2-250472900,0.9995,0,0.95,0.0,US,same_name_diff_address,1
S1-242018636,S2-285258218,0.9995,0,1.0,0.0,INDIA,same_name_diff_address,1
S1-242018636,S3-292337801,0.9995,0,0.95,0.0,INDIA,same_name_diff_address,1
S1-368634685,S2-28261433,0.9995,0,1.0,0.0,US,same_name_diff_address,1
S1-784905662,S2-143573987,0.9995,0,0.8471,0.0,US,missing_address_collision,1
S1-589869250,S2-63849579,0.9995,0,0.8591,0.0,US,same_name_diff_address,1
S1-589869250,S3-90313540,0.9995,0,0.95,0.0,US,same_name_diff_address,1
S1-940610055,S3-421158413,0.9995,0,1.0,0.0,US,same_name_diff_address,1
S1-858944809,S2-421333300,0.9995,0,1.0,0.0,US,same_name_diff_address,1
S1-547193034,S2-520485049,0.9995,0,1.0,0.0,US,same_name_diff_address,1
S1-56573281,S2-523065382,0.9995,0,1.0,0.0,US,same_name_diff_address,1
S1-56573281,S3-415242412,0.9995,0,0.9,0.0,US,same_name_diff_address,1
S1-237399557,S2-190782168,0.9995,0,1.0,0.0,US,same_name_diff_address,1
S1-54539346,S3-853538240,0.9995,0,1.0,0.0,INDIA,same_name_diff_address,1
S1-867359322,S3-636913984,0.9995,0,0.95,0.0,INDIA,same_name_diff_address,1
S1-461160710,S2-183197101,0.9995,0,1.0,0.0,INDIA,same_name_diff_address,1
S1-856027182,S3-73084990,0.9995,0,1.0,0.0,US,same_name_diff_address,1
S1-761740529,S2-419652817,0.9995,0,0.95,0.0,US,same_name_diff_address,1
S1-455896977,S2-2368238,0.9995,0,1.0,0.0,INDIA,same_name_diff_address,1
S1-236660174,S3-546080596,0.9995,0,0.9,0.0,US,same_name_diff_address,1
S1-786431926,S2-618380072,0.9995,0,0.8373,0.0,INDIA,missing_address_collision,1
S1-27526059,S3-419610474,0.9995,0,1.0,0.0,INDIA,same_name_diff_address,1
S1-902026212,S3-589618128,0.9995,0,0.95,0.0,US,same_name_diff_address,1
S1-95178339,S3-370193476,0.9995,0,0.95,0.0,US,same_name_diff_address,1
S1-331504847,S2-689419562,0.9995,0,1.0,0.0,INDIA,same_name_diff_address,1
S1-108537691,S2-849675269,0.9995,0,1.0,0.0,US,same_name_diff_address,1
S1-628925717,S2-526883280,0.9995,0,0.7848,0.0,INDIA,missing_address_collision,1
S1-915744108,S2-107061510,0.9995,0,1.0,0.0,US,same_name_diff_address,1
S1-380829377,S3-855342518,0.9995,0,0.95,0.0,INDIA,same_name_diff_address,1
S1-933463652,S2-266521371,0.9995,0,1.0,0.0,US,same_name_diff_address,1
S1-747981323,S3-587651716,0.9995,0,1.0,0.0,INDIA,same_name_diff_address,1
S1-531886964,S2-110486687,0.9995,0,0.95,0.0,US,same_name_diff_address,1
S1-653322486,S2-113400252,0.9995,0,0.836,0.0,INDIA,missing_address_collision,1
S1-301919571,S3-674003165,0.9995,0,0.95,0.0,US,same_name_diff_address,1
S1-446064333,S2-783102622,0.9995,0,0.8235,0.0,INDIA,missing_address_collision,1
S1-977688036,S2-475333506,0.9995,0,1.0,0.0,US,same_name_diff_address,1
S1-857770415,S2-928993846,0.9995,0,0.8,0.0,US,missing_address_collision,1
S1-368756424,S2-481318610,0.9995,0,0.878,0.0,US,same_name_diff_address,1
S1-677224818,S2-954682123,0.9995,0,0.95,0.0,US,same_name_diff_address,1
S1-103688966,S3-706375331,0.9995,0,1.0,0.0,US,same_name_diff_address,1
S1-64418124,S3-665395685,0.9995,0,0.95,0.0,US,same_name_diff_address,1
S1-110931837,S3-963127047,0.9995,0,1.0,0.0,INDIA,same_name_diff_address,1
S1-956209842,S2-913777354,0.9995,0,0.8615,0.0,INDIA,same_name_diff_address,1
S1-850562477,S2-8646990,0.9995,0,1.0,0.0,INDIA,same_name_diff_address,1
S1-865895216,S3-213795529,0.9995,0,1.0,0.0,INDIA,same_name_diff_address,1
S1-105484602,S2-845885470,0.9995,0,1.0,0.0,INDIA,same_name_diff_address,1
S1-352943941,S3-454004239,0.9995,0,0.95,0.0,INDIA,same_name_diff_address,1
S1-405822256,S3-517044886,0.9995,0,0.95,0.0,INDIA,same_name_diff_address,1
S1-779873716,S2-398563513,0.9995,0,1.0,0.0,US,same_name_diff_address,1
S1-582604417,S2-781689702,0.9995,0,0.9,0.0,US,same_name_diff_address,1
S1-383559085,S2-96330776,0.9995,0,1.0,0.0,US,same_name_diff_address,1
S1-166082575,S2-557239631,0.9995,0,0.7986,0.0,US,missing_address_collision,1
S1-114791808,S2-189927715,0.9995,0,1.0,0.0,INDIA,same_name_diff_address,1
S1-124225800,S3-107630551,0.9995,0,0.95,0.0,INDIA,same_name_diff_address,1
S1-619513990,S3-79055071,0.9995,0,0.95,0.0,US,same_name_diff_address,1
S1-226779880,S2-718944965,0.9995,0,0.7945,0.0,US,missing_address_collision,1
S1-621770287,S2-915345864,0.9995,0,0.8812,0.0,US,same_name_diff_address,1
S1-308402636,S2-186035827,0.9995,0,1.0,0.0,US,same_name_diff_address,1
S1-800517437,S2-406393707,0.9995,0,1.0,0.0,INDIA,same_name_diff_address,1
S1-244219883,S2-688691628,0.9995,0,1.0,0.0,INDIA,same_name_diff_address,1
S1-151856077,S3-301129097,0.9995,0,0.95,0.0,US,same_name_diff_address,1
S1-719020702,S2-924128596,0.9995,0,0.8038,0.0,INDIA,missing_address_collision,1
S1-185154900,S2-743321274,0.9995,0,0.9211,0.0,US,same_name_diff_address,1
S1-20637221,S2-737093390,0.9995,0,1.0,0.0,INDIA,same_name_diff_address,1
S1-638483847,S2-359549629,0.9995,0,1.0,0.0,US,same_name_diff_address,1
S1-540086814,S2-566906386,0.9995,0,0.95,0.0,INDIA,same_name_diff_address,1
S1-699072489,S2-984353952,0.9995,0,1.0,0.0,INDIA,same_name_diff_address,1
S1-834329197,S2-333825820,0.9995,0,0.8966,0.0,US,same_name_diff_address,1
S1-703454193,S3-550451069,0.9995,0,0.95,0.0,INDIA,same_name_diff_address,1
S1-883762715,S2-645096706,0.9995,0,0.8867,0.0,INDIA,same_name_diff_address,1
S1-272269173,S3-112623186,0.9995,0,1.0,0.0,INDIA,same_name_diff_address,1
S1-388908263,S2-707061251,0.9995,0,1.0,0.0,INDIA,same_name_diff_address,1
S1-867729724,S2-268510778,0.9995,0,1.0,0.0,US,same_name_diff_address,1
S1-765037628,S2-610061003,0.9995,0,0.9,0.0,US,same_name_diff_address,1
S1-769322601,S2-961153802,0.9995,0,1.0,0.0,INDIA,same_name_diff_address,1
S1-985031507,S3-199744357,0.9995,0,0.95,0.0,US,same_name_diff_address,1
S1-39370695,S3-107630551,0.9995,0,0.95,0.0,INDIA,same_name_diff_address,1
S1-164931167,S2-837677802,0.9995,0,1.0,0.0,US,same_name_diff_address,1
S1-72957389,S2-313235874,0.9995,0,1.0,0.0,US,same_name_diff_address,1
S1-865855555,S2-173506049,0.9995,0,1.0,0.0,US,same_name_diff_address,1
S1-856366010,S2-557588190,0.9995,0,1.0,0.0,US,same_name_diff_address,1
S1-836229579,S3-292921714,0.9995,0,0.95,0.0,INDIA,same_name_diff_address,1
S1-22442770,S3-190625668,0.9995,0,1.0,0.0,INDIA,same_name_diff_address,1
S1-452865613,S2-607244623,0.9995,0,0.8395,0.0,INDIA,missing_address_collision,1
S1-399802782,S3-713759457,0.9995,0,0.9,0.0,US,same_name_diff_address,1
S1-221867613,S2-277177969,0.9995,0,0.76,0.0,INDIA,missing_address_collision,1
S1-385927046,S2-857229009,0.9995,0,1.0,0.0,US,same_name_diff_address,1
S1-791086966,S2-69515628,0.9995,0,1.0,0.0,INDIA,same_name_diff_address,1
S1-198568574,S3-725462303,0.9995,0,1.0,0.0,US,same_name_diff_address,1
S1-431753651,S2-980726752,0.9995,0,1.0,0.0,INDIA,same_name_diff_address,1
S1-815150622,S3-6264738,0.9995,0,0.95,0.0,US,same_name_diff_address,1
S1-247856461,S2-44569817,0.9995,0,1.0,0.0,INDIA,same_name_diff_address,1
S1-504532004,S3-676543936,0.9995,0,0.95,0.0,US,same_name_diff_address,1
S1-983482294,S2-695041914,0.9995,0,0.855,0.0,US,same_name_diff_address,1
S1-745309800,S2-83508305,0.9995,0,1.0,0.0,US,same_name_diff_address,1
S1-593504529,S3-292927399,0.9995,0,1.0,0.0,INDIA,same_name_diff_address,1
S1-661441389,S3-470669212,0.9995,0,1.0,0.0,US,same_name_diff_address,1
S1-521768330,S2-876738060,0.9995,0,0.8615,0.0,US,same_name_diff_address,1
S1-934794615,S2-142507910,0.9995,0,1.0,0.0,INDIA,same_name_diff_address,1
S1-615334357,S2-65718579,0.9995,0,1.0,0.0,INDIA,same_name_diff_address,1
S1-35605069,S2-121328464,0.9995,0,1.0,0.0,INDIA,same_name_diff_address,1
S1-881254594,S3-35326132,0.9995,0,0.95,0.0,INDIA,same_name_diff_address,1
S1-80231987,S2-443370613,0.9995,0,0.8675,0.0,US,same_name_diff_address,1
S1-305945711,S2-621362843,0.9995,0,1.0,0.0,INDIA,same_name_diff_address,1
S1-872915640,S3-943837734,0.9995,0,0.95,0.0,INDIA,same_name_diff_address,1
S1-744804988,S2-186453224,0.9995,0,1.0,0.0,INDIA,same_name_diff_address,1
S1-560152032,S2-314560428,0.9995,0,1.0,0.0,US,same_name_diff_address,1
S1-436075251,S2-509874455,0.9995,0,0.9,0.0,US,same_name_diff_address,1
S1-337094601,S2-957887044,0.9995,0,1.0,0.0,INDIA,same_name_diff_address,1
S1-337094601,S3-118163931,0.9995,0,0.95,0.0,INDIA,same_name_diff_address,1
S1-934769846,S3-388068553,0.9995,0,0.95,0.0,US,same_name_diff_address,1
S1-704508969,S3-955283111,0.9995,0,1.0,0.0,US,same_name_diff_address,1
S1-708827450,S2-201168935,0.9995,0,0.95,0.0,US,same_name_diff_address,1
S1-986868082,S2-308082868,0.9995,0,0.7917,0.0,US,missing_address_collision,1
S1-721180283,S3-182854950,0.9995,0,0.95,0.0,US,same_name_diff_address,1
S1-315756696,S3-117294297,0.9995,0,0.9,0.0,US,same_name_diff_address,1
S1-782671933,S2-954847311,0.9995,0,1.0,0.0,INDIA,same_name_diff_address,1
S1-12777282,S2-454667573,0.9995,0,0.75,0.0,US,missing_address_collision,1
S1-680484866,S3-619077278,0.9995,0,0.9,0.0,US,same_name_diff_address,1
S1-210610512,S3-793595866,0.9995,0,0.9,0.0,INDIA,same_name_diff_address,1
S1-723513510,S3-318274513,0.9995,0,1.0,0.0,INDIA,same_name_diff_address,1
S1-626328538,S3-312982606,0.9995,0,0.95,0.0,US,same_name_diff_address,1
S1-442769843,S3-435403766,0.9995,0,0.95,0.0,INDIA,same_name_diff_address,1
S1-873898578,S3-607132625,0.9995,0,0.95,0.0,US,same_name_diff_address,1
S1-930200938,S3-240303695,0.9995,0,1.0,0.0,US,same_name_diff_address,1
S1-640944522,S2-915773633,0.9995,0,1.0,0.0,US,same_name_diff_address,1
S1-774377635,S2-839951398,0.9995,0,1.0,0.0,INDIA,same_name_diff_address,1
S1-159252263,S3-761873090,0.9995,0,1.0,0.0,US,same_name_diff_address,1
S1-823739111,S2-611346583,0.9995,0,1.0,0.0,US,same_name_diff_address,1
S1-229071741,S2-158207997,0.9995,0,1.0,0.0,US,same_name_diff_address,1
S1-79226758,S3-110074611,0.9995,0,1.0,0.0,US,same_name_diff_address,1
S1-517891753,S2-135199452,0.9995,0,1.0,0.0,US,same_name_diff_address,1
S1-859415758,S3-901986200,0.9995,0,1.0,0.0,US,same_name_diff_address,1
S1-629358771,S3-502300224,0.9995,0,0.8143,0.0,INDIA,missing_address_collision,1
S1-579884124,S2-564987426,0.9995,0,1.0,0.0,US,same_name_diff_address,1
S1-297762291,S2-793760369,0.9995,0,1.0,0.0,US,same_name_diff_address,1
S1-798331219,S2-953876385,0.9995,0,1.0,0.0,US,same_name_diff_address,1
S1-851647356,S3-117294297,0.9995,0,0.9,0.0,US,same_name_diff_address,1
S1-38170833,S3-161435366,0.9995,0,0.9,0.0,US,same_name_diff_address,1
S1-236122815,S2-929104066,0.9995,0,1.0,0.0,US,same_name_diff_address,1
S1-840761100,S2-835041343,0.9995,0,1.0,0.0,US,same_name_diff_address,1
S1-633875447,S2-995174730,0.9995,0,1.0,0.0,US,same_name_diff_address,1
S1-615334357,S3-818816512,0.9995,0,0.95,0.0,INDIA,same_name_diff_address,1
S1-942340742,S2-15498957,0.9995,0,1.0,0.0,INDIA,same_name_diff_address,1
S1-336795003,S2-715772187,0.9995,0,0.8404,0.0,INDIA,missing_address_collision,1
S1-323947931,S3-707499666,0.9995,0,0.95,0.0,US,same_name_diff_address,1
S1-667241278,S2-20916797,0.9995,0,1.0,0.0,US,same_name_diff_address,1
S1-158777727,S2-884609094,0.9995,0,1.0,0.0,INDIA,same_name_diff_address,1
S1-855897913,S3-378720927,0.9995,0,0.95,0.0,US,same_name_diff_address,1
S1-494356962,S2-373697671,0.9995,0,1.0,0.0,US,same_name_diff_address,1
S1-494356962,S3-472572791,0.9995,0,0.95,0.0,US,same_name_diff_address,1
S1-997808288,S2-535968227,0.9995,0,0.8197,0.0,INDIA,missing_address_collision,1
S1-824253290,S3-18543597,0.9995,0,0.9,0.0,US,same_name_diff_address,1
S1-572372172,S2-403572422,0.9995,0,0.95,0.0,INDIA,same_name_diff_address,1
S1-84894566,S2-605178463,0.9995,0,1.0,0.0,US,same_name_diff_address,1
S1-344172058,S3-853538240,0.9995,0,1.0,0.0,INDIA,same_name_diff_address,1
S1-67543827,S3-382851665,0.9995,0,0.95,0.0,INDIA,same_name_diff_address,1
S1-751054664,S2-817213590,0.9995,0,1.0,0.0,INDIA,same_name_diff_address,1
S1-579546679,S2-753657306,0.9995,0,1.0,0.0,INDIA,same_name_diff_address,1
S1-115501667,S2-77395099,0.9995,0,1.0,0.0,INDIA,same_name_diff_address,1
S1-51401845,S3-931541089,0.9995,0,0.95,0.0,US,same_name_diff_address,1
S1-51401845,S2-565841530,0.9995,0,1.0,0.0,US,same_name_diff_address,1
S1-299167932,S2-142367589,0.9995,0,0.8313,0.0,US,missing_address_collision,1
S1-689416210,S3-805061082,0.9995,0,0.9,0.0,US,same_name_diff_address,1
S1-15940066,S3-129736610,0.9995,0,0.95,0.0,INDIA,same_name_diff_address,1
S1-157970052,S2-992098183,0.9995,0,0.8608,0.0,US,same_name_diff_address,1
S1-436873736,S3-293321154,0.9995,0,1.0,0.0,INDIA,same_name_diff_address,1
S1-796114555,S2-797674722,0.9995,0,0.95,0.0,INDIA,same_name_diff_address,1
S1-883284313,S3-325643025,0.9995,0,1.0,0.0,INDIA,same_name_diff_address,1
S1-460208960,S2-796732818,0.9995,0,0.819,0.0,INDIA,missing_address_collision,1
S1-397335569,S2-27229038,0.9995,0,1.0,0.0,US,same_name_diff_address,1
S1-955501521,S2-738219456,0.9995,0,0.95,0.0,INDIA,same_name_diff_address,1
S1-144856098,S2-768805626,0.9995,0,1.0,0.0,INDIA,same_name_diff_address,1
S1-165586909,S2-477441239,0.9995,0,0.8205,0.0,INDIA,missing_address_collision,1
S1-107436705,S2-691605991,0.9995,0,1.0,0.0,INDIA,same_name_diff_address,1
S1-567415745,S2-561637805,0.9995,0,0.9,0.0,US,same_name_diff_address,1
S1-71454287,S2-553085999,0.9995,0,1.0,0.0,US,same_name_diff_address,1
S1-691702248,S3-763720624,0.9995,0,0.95,0.0,INDIA,same_name_diff_address,1
S1-234755722,S2-121808384,0.9995,0,1.0,0.0,INDIA,same_name_diff_address,1
S1-347491973,S3-9581794,0.9995,0,1.0,0.0,INDIA,same_name_diff_address,1
S1-58465752,S3-482976087,0.9995,0,0.95,0.0,INDIA,same_name_diff_address,1
S1-680198560,S2-839951398,0.9995,0,1.0,0.0,INDIA,same_name_diff_address,1
S1-883623616,S3-711635021,0.9995,0,0.95,0.0,INDIA,same_name_diff_address,1
S1-716833305,S2-167455666,0.9995,0,1.0,0.0,INDIA,same_name_diff_address,1
S1-715059766,S2-573905558,0.9995,0,0.8604,0.0,INDIA,same_name_diff_address,1
S1-394089211,S2-962746630,0.9995,0,0.95,0.0,US,same_name_diff_address,1
S1-394089211,S2-11121164,0.9995,0,0.95,0.0,US,same_name_diff_address,1
S1-833978261,S2-994461604,0.9995,0,0.855,0.0,US,same_name_diff_address,1
S1-529452185,S2-657831045,0.9995,0,1.0,0.0,INDIA,same_name_diff_address,1
S1-410116655,S2-227962991,0.9995,0,1.0,0.0,US,same_name_diff_address,1
S1-894006169,S2-537171202,0.9995,0,0.7848,0.0,INDIA,missing_address_collision,1
S1-645248789,S2-927050294,0.9995,0,1.0,0.0,INDIA,same_name_diff_address,1
S1-266430418,S3-774088466,0.9995,0,1.0,0.0,US,same_name_diff_address,1
S1-574806212,S3-489299104,0.9995,0,0.8022,0.0,INDIA,missing_address_collision,1
S1-146177727,S3-835249533,0.9995,0,0.95,0.0,US,same_name_diff_address,1
S1-908590138,S2-34146719,0.9995,0,1.0,0.0,INDIA,same_name_diff_address,1
S1-803870632,S3-961603010,0.9995,0,0.95,0.0,INDIA,same_name_diff_address,1
S1-398527429,S2-124563399,0.9995,0,0.8404,0.0,INDIA,missing_address_collision,1
S1-209943246,S2-68524767,0.9995,0,1.0,0.0,US,same_name_diff_address,1
S1-721893878,S3-177596867,0.9995,0,0.95,0.0,INDIA,same_name_diff_address,1
S1-513984560,S3-210560090,0.9995,0,1.0,0.0,US,same_name_diff_address,1
S1-166361006,S2-889497845,0.9995,0,1.0,0.0,INDIA,same_name_diff_address,1
S1-166361006,S3-673798851,0.9995,0,0.95,0.0,INDIA,same_name_diff_address,1
S1-950380385,S2-975455922,0.9995,0,1.0,0.0,US,same_name_diff_address,1
S1-780502827,S3-696112461,0.9995,0,0.95,0.0,US,same_name_diff_address,1
S1-704057579,S2-523991159,0.9995,0,1.0,0.0,INDIA,same_name_diff_address,1
S1-704057579,S2-991272038,0.9995,0,0.95,0.0,INDIA,same_name_diff_address,1
S1-646503619,S2-711953199,0.9995,0,0.7848,0.0,INDIA,missing_address_collision,1
S1-273068403,S2-605791003,0.9995,0,1.0,0.0,US,same_name_diff_address,1
S1-392136938,S2-632253363,0.9995,0,1.0,0.0,US,same_name_diff_address,1
S1-407881190,S2-555745548,0.9995,0,1.0,0.0,INDIA,same_name_diff_address,1
S1-423315592,S2-712167902,0.9995,0,1.0,0.0,US,same_name_diff_address,1
S1-980047660,S2-963276854,0.9995,0,0.95,0.0,INDIA,same_name_diff_address,1
S1-927060608,S3-748315541,0.9995,0,0.95,0.0,US,same_name_diff_address,1
S1-489423921,S2-715587435,0.9995,0,1.0,0.0,INDIA,same_name_diff_address,1
S1-479716257,S2-232016623,0.9995,0,0.9,0.0,US,same_name_diff_address,1
S1-13457514,S2-120988738,0.9995,0,1.0,0.0,US,same_name_diff_address,1
S1-658821497,S3-79055071,0.9995,0,0.95,0.0,US,same_name_diff_address,1
S1-578850267,S3-817093711,0.9995,0,0.9,0.0,US,same_name_diff_address,1
S1-709134917,S2-91139730,0.9995,0,1.0,0.0,INDIA,same_name_diff_address,1
S1-463318351,S2-432136175,0.9995,0,0.8196,0.0,INDIA,missing_address_collision,1
S1-24066370,S2-656533864,0.9995,0,0.8621,0.0,INDIA,same_name_diff_address,1
S1-116667927,S2-48406167,0.9995,0,1.0,0.0,US,same_name_diff_address,1
S1-985031432,S2-304131282,0.9995,0,1.0,0.0,INDIA,same_name_diff_address,1
S1-495499229,S2-407846080,0.9995,0,1.0,0.0,US,same_name_diff_address,1
S1-275018769,S2-241401154,0.9995,0,1.0,0.0,US,same_name_diff_address,1
S1-557419968,S2-722077963,0.9995,0,0.9,0.0,US,same_name_diff_address,1
S1-687220112,S3-591648337,0.9995,0,0.95,0.0,INDIA,same_name_diff_address,1
S1-918357991,S2-862798317,0.9995,0,1.0,0.0,INDIA,same_name_diff_address,1
S1-557419968,S2-284141058,0.9995,0,0.9,0.0,US,same_name_diff_address,1
S1-586107772,S2-908123242,0.9995,0,1.0,0.0,US,same_name_diff_address,1
S1-512183503,S2-377177398,0.9995,0,1.0,0.0,INDIA,same_name_diff_address,1
S1-637227575,S3-778628846,0.9995,0,1.0,0.0,US,same_name_diff_address,1
S1-32186761,S2-912400170,0.9995,0,1.0,0.0,US,same_name_diff_address,1
S1-415103295,S2-413119128,0.9995,0,0.8615,0.0,INDIA,same_name_diff_address,1
S1-127216505,S2-315894789,0.9995,0,0.95,0.0,US,same_name_diff_address,1
S1-716799349,S2-915773633,0.9995,0,1.0,0.0,US,same_name_diff_address,1
S1-820040022,S2-974013516,0.9995,0,0.9,0.0,US,same_name_diff_address,1
S1-634913692,S2-15692061,0.9995,0,1.0,0.0,US,same_name_diff_address,1
S1-337822208,S2-587783834,0.9995,0,1.0,0.0,INDIA,same_name_diff_address,1
S1-198918102,S2-401480525,0.9995,0,0.9,0.0,INDIA,same_name_diff_address,1
S1-102124932,S2-417335422,0.9995,0,1.0,0.0,INDIA,same_name_diff_address,1
S1-914296351,S2-661822726,0.9995,0,1.0,0.0,INDIA,same_name_diff_address,1
S1-417950770,S2-105346355,0.9995,0,0.95,0.0,INDIA,same_name_diff_address,1
S1-166253399,S2-591519296,0.9995,0,0.95,0.0,US,same_name_diff_address,1
S1-812270280,S2-632606223,0.9995,0,0.8444,0.0,INDIA,missing_address_collision,1
S1-222577363,S3-707499666,0.9995,0,0.95,0.0,US,same_name_diff_address,1
S1-448781365,S2-746703845,0.9995,0,1.0,0.0,INDIA,same_name_diff_address,1
S1-507430121,S3-534783457,0.9995,0,0.95,0.0,US,same_name_diff_address,1
S1-549016735,S3-717611819,0.9995,0,0.9,0.0,US,same_name_diff_address,1
S1-523850949,S2-429873522,0.9995,0,1.0,0.0,US,same_name_diff_address,1
S1-487016152,S3-701371057,0.9995,0,1.0,0.0,US,same_name_diff_address,1
S1-500403524,S3-296461739,0.9995,0,0.95,0.0,US,same_name_diff_address,1
S1-56401509,S2-674966301,0.9995,0,1.0,0.0,US,same_name_diff_address,1
S1-776679908,S3-207960636,0.9995,0,1.0,0.0,INDIA,same_name_diff_address,1
S1-822644009,S2-472509960,0.9995,0,0.7805,0.0,INDIA,missing_address_collision,1
S1-60605455,S3-745051721,0.9995,0,0.95,0.0,US,same_name_diff_address,1
S1-258040373,S2-957698007,0.9995,0,0.9,0.0,US,same_name_diff_address,1
S1-598863546,S2-55421595,0.9995,0,1.0,0.0,INDIA,same_name_diff_address,1
S1-11950858,S2-121327089,0.9995,0,0.8163,0.0,INDIA,missing_address_collision,1
S1-640183884,S3-304756572,0.9995,0,0.9,0.0,US,same_name_diff_address,1
S1-895932281,S2-899133519,0.9995,0,1.0,0.0,INDIA,same_name_diff_address,1
S1-766657066,S2-9456600,0.9995,0,1.0,0.0,INDIA,same_name_diff_address,1
S1-582885791,S2-387194188,0.9995,0,1.0,0.0,INDIA,same_name_diff_address,1
S1-794484965,S2-121981235,0.9995,0,0.95,0.0,US,same_name_diff_address,1
S1-397502813,S3-905073454,0.9995,0,0.95,0.0,INDIA,same_name_diff_address,1
S1-661858870,S3-820017846,0.9995,0,0.9,0.0,US,same_name_diff_address,1
S1-330640194,S2-747829575,0.9995,0,1.0,0.0,US,same_name_diff_address,1
S1-805408672,S2-567080395,0.9995,0,1.0,0.0,US,same_name_diff_address,1
S1-393451122,S3-952636239,0.9995,0,0.95,0.0,INDIA,same_name_diff_address,1
S1-393451122,S2-535752316,0.9995,0,1.0,0.0,INDIA,same_name_diff_address,1
S1-493648275,S3-94953540,0.9995,0,0.95,0.0,US,same_name_diff_address,1
S1-140923841,S3-983552325,0.9995,0,0.9,0.0,US,same_name_diff_address,1
S1-658050081,S2-76840382,0.9995,0,0.7692,0.0,US,missing_address_collision,1
S1-363457934,S2-304456702,0.9995,0,1.0,0.0,US,same_name_diff_address,1
S1-356554202,S2-618884808,0.9995,0,1.0,0.0,US,same_name_diff_address,1
S1-482835032,S3-657507586,0.9995,0,0.95,0.0,US,same_name_diff_address,1
S1-317061627,S2-151211088,0.9995,0,1.0,0.0,US,same_name_diff_address,1
S1-492434677,S3-683034094,0.9995,0,0.95,0.0,INDIA,same_name_diff_address,1
S1-935547526,S3-660914173,0.9995,0,0.8824,0.0,INDIA,same_name_diff_address,1
S1-302767667,S3-639938511,0.9995,0,0.95,0.0,US,same_name_diff_address,1
S1-453358985,S2-571148350,0.9995,0,1.0,0.0,INDIA,same_name_diff_address,1
S1-273687295,S3-312308389,0.9995,0,0.95,0.0,US,same_name_diff_address,1
S1-762835637,S3-576056258,0.9995,0,0.95,0.0,US,same_name_diff_address,1
S1-262415768,S2-45269388,0.9995,0,0.8936,0.0,US,same_name_diff_address,1
S1-74121497,S2-785365449,0.9995,0,1.0,0.0,INDIA,same_name_diff_address,1
S1-412170601,S2-195425219,0.9995,0,0.95,0.0,INDIA,same_name_diff_address,1
S1-176538618,S3-913824854,0.9995,0,0.9,0.0,US,same_name_diff_address,1
S1-141769774,S3-612192382,0.9994,0,1.0,0.0,INDIA,same_name_diff_address,1
S1-440984092,S3-289098766,0.9994,0,1.0,0.0,INDIA,same_name_diff_address,1
S1-714345306,S3-487529488,0.9994,0,1.0,0.0,INDIA,same_name_diff_address,1
S1-201445003,S2-343725795,0.9994,0,0.806,0.0,INDIA,missing_address_collision,1
S1-412170601,S3-569383064,0.9994,0,0.95,0.0,INDIA,same_name_diff_address,1
S1-177388049,S2-612525143,0.9994,0,0.878,0.0,US,same_name_diff_address,1
S1-437971298,S3-516233557,0.9994,0,1.0,0.0,US,same_name_diff_address,1
S1-461786185,S3-400018732,0.9994,0,0.7869,0.0,INDIA,missing_address_collision,1
S1-949760194,S3-112397246,0.9994,0,0.95,0.0,INDIA,same_name_diff_address,1
S1-515356961,S3-969025547,0.9994,0,1.0,0.0,INDIA,same_name_diff_address,1
S1-669690733,S2-252990328,0.9994,0,0.855,0.0,US,same_name_diff_address,1
S1-289273968,S3-933311541,0.9994,0,1.0,0.0,INDIA,same_name_diff_address,1
S1-108349343,S3-780549332,0.9994,0,1.0,0.0,INDIA,same_name_diff_address,1
S1-221968872,S2-898267864,0.9994,0,0.9,0.0,US,same_name_diff_address,1
S1-910933659,S2-346815041,0.9994,0,0.8214,0.0,INDIA,missing_address_collision,1
S1-32547625,S2-755200266,0.9994,0,0.7464,0.0,US,missing_address_collision,1
S1-11559548,S3-622652294,0.9994,0,0.8609,0.0,US,same_name_diff_address,1
S1-223058167,S3-267939247,0.9994,0,0.95,0.0,US,same_name_diff_address,1
S1-833786852,S3-75170496,0.9994,0,1.0,0.0,US,same_name_diff_address,1
S1-12633695,S2-830741532,0.9994,0,0.8485,0.0,INDIA,missing_address_collision,1
S1-291195338,S3-44625633,0.9994,0,1.0,0.0,INDIA,same_name_diff_address,1
S1-236660174,S3-945330665,0.9994,0,1.0,0.0,US,same_name_diff_address,1
S1-818625177,S3-364243661,0.9994,0,1.0,0.0,INDIA,same_name_diff_address,1
S1-364410340,S3-888835634,0.9994,0,1.0,0.0,US,same_name_diff_address,1
S1-772462473,S3-158929472,0.9994,0,1.0,0.0,US,same_name_diff_address,1
S1-144596178,S3-621695067,0.9994,0,1.0,0.0,INDIA,same_name_diff_address,1
S1-687679911,S3-391752905,0.9994,0,1.0,0.0,INDIA,same_name_diff_address,1
S1-664217758,S3-266666416,0.9994,0,0.8444,0.0,INDIA,missing_address_collision,1
S1-664217758,S2-418613708,0.9994,0,0.855,0.0,INDIA,same_name_diff_address,1
S1-592864369,S3-65988743,0.9994,0,1.0,0.0,INDIA,same_name_diff_address,1
S1-36458732,S3-918798868,0.9994,0,1.0,0.0,INDIA,same_name_diff_address,1
S1-232341736,S3-365614565,0.9994,0,1.0,0.0,INDIA,same_name_diff_address,1
S1-669690733,S2-815050073,0.9994,0,0.7435,0.0,US,missing_address_collision,1
S1-835017880,S3-254100310,0.9994,0,1.0,0.0,INDIA,same_name_diff_address,1
S1-373846390,S3-275779277,0.9994,0,0.8674,0.0,US,same_name_diff_address,1
S1-948253875,S3-142132778,0.9994,0,1.0,0.0,INDIA,same_name_diff_address,1
S1-673642568,S2-179538134,0.9994,0,0.7703,0.0,US,missing_address_collision,1
S1-750749421,S3-778373896,0.9994,0,1.0,0.0,INDIA,same_name_diff_address,1
S1-262988969,S3-121902962,0.9994,0,0.9,0.0,US,same_name_diff_address,1
S1-666246241,S2-319137243,0.9994,0,0.8404,0.0,INDIA,missing_address_collision,1
S1-128825084,S3-115929348,0.9994,0,1.0,0.0,INDIA,same_name_diff_address,1
S1-528428475,S3-368452089,0.9994,0,1.0,0.0,INDIA,same_name_diff_address,1
S1-471526836,S3-228317929,0.9994,0,0.95,0.0,INDIA,same_name_diff_address,1
S1-632429209,S3-267423516,0.9994,0,1.0,0.0,INDIA,same_name_diff_address,1
S1-974712501,S2-379948209,0.9994,0,0.8185,0.0,INDIA,missing_address_collision,1
S1-481509020,S3-904041812,0.9994,0,1.0,0.0,INDIA,same_name_diff_address,1
S1-911925588,S3-123892975,0.9994,0,0.8404,0.0,INDIA,missing_address_collision,1
S1-532599279,S2-13464143,0.9994,0,0.76,0.0,US,missing_address_collision,1
S1-480629454,S3-55569532,0.9994,0,1.0,0.0,INDIA,same_name_diff_address,1
S1-79951309,S3-506077812,0.9994,0,1.0,0.0,US,same_name_diff_address,1
S1-581268515,S3-681910152,0.9994,0,1.0,0.0,INDIA,same_name_diff_address,1
S1-114791808,S3-635153530,0.9994,0,0.95,0.0,INDIA,same_name_diff_address,1
S1-673614501,S3-309125287,0.9994,0,0.8531,0.0,INDIA,same_name_diff_address,1
S1-586569598,S2-130648219,0.9994,0,0.95,0.0,INDIA,same_name_diff_address,1
S1-236913749,S2-664174848,0.9994,0,0.8143,0.0,US,missing_address_collision,1
S1-31852247,S3-438814812,0.9994,0,0.8621,0.0,INDIA,same_name_diff_address,1
S1-373682615,S2-68298928,0.9994,0,0.8406,0.0,INDIA,missing_address_collision,1
S1-29687526,S2-87130990,0.9994,0,0.8444,0.0,INDIA,missing_address_collision,1
S1-392136938,S3-575627380,0.9994,0,0.95,0.0,US,same_name_diff_address,1
S1-816434997,S3-496583639,0.9994,0,0.95,0.0,INDIA,same_name_diff_address,1
S1-816434997,S3-282301799,0.9994,0,0.95,0.0,INDIA,same_name_diff_address,1
S1-528662633,S3-442736634,0.9994,0,1.0,0.0,INDIA,same_name_diff_address,1
S1-113225648,S3-151662255,0.9994,0,0.8581,0.0,INDIA,same_name_diff_address,1
S1-658161203,S3-566872706,0.9994,0,0.95,0.0,US,same_name_diff_address,1
S1-521257626,S2-383290122,0.9994,0,0.8489,0.0,US,missing_address_collision,1
S1-410737595,S3-900368691,0.9994,0,0.9,0.0,US,same_name_diff_address,1
S1-274776280,S3-398894455,0.9994,0,1.0,0.0,INDIA,same_name_diff_address,1
S1-620024886,S3-756300486,0.9994,0,0.95,0.0,INDIA,same_name_diff_address,1
S1-863765723,S2-796428966,0.9994,0,0.855,0.0,INDIA,same_name_diff_address,1
S1-619861409,S2-196166157,0.9994,0,0.85,0.0,US,same_name_diff_address,1
S1-131219467,S3-187766861,0.9994,0,1.0,0.0,INDIA,same_name_diff_address,1
S1-629218699,S3-282683127,0.9994,0,1.0,0.0,INDIA,same_name_diff_address,1
S1-524695882,S2-19270908,0.9994,0,0.8482,0.0,INDIA,missing_address_collision,1
S1-524695882,S3-611144190,0.9994,0,0.8482,0.0,INDIA,missing_address_collision,1
S1-584269513,S3-811312140,0.9994,0,1.0,0.0,US,same_name_diff_address,1
S1-697438282,S3-394933736,0.9994,0,1.0,0.0,US,same_name_diff_address,1
S1-896167631,S3-316006292,0.9994,0,1.0,0.0,INDIA,same_name_diff_address,1
S1-978834712,S2-427210750,0.9994,0,0.7719,0.0,INDIA,missing_address_collision,1
S1-105317691,S3-412500062,0.9994,0,1.0,0.0,INDIA,same_name_diff_address,1
S1-92139302,S3-969578644,0.9994,0,1.0,0.0,US,same_name_diff_address,1
S1-503064282,S2-253427763,0.9994,0,0.9,0.0,US,same_name_diff_address,1
S1-659955591,S3-611062475,0.9994,0,1.0,0.0,INDIA,same_name_diff_address,1
S1-329813711,S3-13225953,0.9994,0,1.0,0.0,INDIA,same_name_diff_address,1
S1-656001809,S2-23332226,0.9994,0,0.8511,0.0,US,same_name_diff_address,1
S1-355886296,S3-330863654,0.9994,0,0.8205,0.0,INDIA,missing_address_collision,1
S1-603779462,S3-848270418,0.9994,0,1.0,0.0,INDIA,same_name_diff_address,1
S1-870648820,S2-582465990,0.9994,0,0.8608,0.0,US,same_name_diff_address,1
S1-547227888,S3-141536132,0.9994,0,1.0,0.0,US,same_name_diff_address,1
S1-494356962,S3-663378325,0.9994,0,1.0,0.0,US,same_name_diff_address,1
S1-396982218,S3-666328793,0.9994,0,1.0,0.0,US,same_name_diff_address,1
S1-129166503,S3-721522839,0.9994,0,0.95,0.0,INDIA,same_name_diff_address,1
S1-334733674,S3-355547293,0.9994,0,1.0,0.0,INDIA,same_name_diff_address,1
S1-312629465,S3-810605222,0.9994,0,1.0,0.0,INDIA,same_name_diff_address,1
S1-253296928,S2-753951720,0.9994,0,0.7761,0.0,INDIA,missing_address_collision,1
S1-939750693,S2-698980281,0.9994,0,0.8658,0.0,US,same_name_diff_address,1
S1-785712722,S2-735647137,0.9994,0,0.855,0.0,US,same_name_diff_address,1
S1-287263881,S3-963834212,0.9994,0,1.0,0.0,INDIA,same_name_diff_address,1
S1-661422687,S3-978564338,0.9994,0,1.0,0.0,US,same_name_diff_address,1
S1-355421656,S3-692361908,0.9994,0,1.0,0.0,US,same_name_diff_address,1
S1-674074155,S3-220221383,0.9994,0,1.0,0.0,INDIA,same_name_diff_address,1
S1-382627989,S3-53308258,0.9994,0,1.0,0.0,INDIA,same_name_diff_address,1
S1-609172470,S3-218705032,0.9994,0,1.0,0.0,INDIA,same_name_diff_address,1
S1-173806507,S3-820463701,0.9994,0,0.95,0.0,US,same_name_diff_address,1
S1-25591429,S2-604991549,0.9994,0,0.855,0.0,US,same_name_diff_address,1
S1-870648820,S2-417025249,0.9994,0,0.8861,0.0,US,same_name_diff_address,1
S1-914722612,S3-39365785,0.9994,0,1.0,0.0,US,same_name_diff_address,1
S1-194429824,S3-128573256,0.9994,0,1.0,0.0,INDIA,same_name_diff_address,1
S1-499349256,S3-319887549,0.9994,0,1.0,0.0,INDIA,same_name_diff_address,1
S1-499349256,S3-332261244,0.9994,0,1.0,0.0,INDIA,same_name_diff_address,1
S1-611094698,S3-17347779,0.9994,0,1.0,0.0,US,same_name_diff_address,1
S1-183590042,S3-144509963,0.9994,0,1.0,0.0,INDIA,same_name_diff_address,1
S1-894851849,S2-770966194,0.9994,0,0.8674,0.0,INDIA,same_name_diff_address,1
S1-269279888,S3-863320276,0.9994,0,1.0,0.0,US,same_name_diff_address,1
S1-847300502,S3-904041812,0.9994,0,1.0,0.0,INDIA,same_name_diff_address,1
S1-569516920,S3-538164323,0.9994,0,1.0,0.0,INDIA,same_name_diff_address,1
S1-595531878,S3-629153748,0.9994,0,1.0,0.0,INDIA,same_name_diff_address,1
S1-572611205,S3-522159628,0.9994,0,1.0,0.0,INDIA,same_name_diff_address,1
S1-742691081,S3-929497781,0.9994,0,0.855,0.0,US,same_name_diff_address,1
S1-936802274,S2-756965499,0.9994,0,0.9,0.0,US,same_name_diff_address,1
S1-666253789,S3-344888171,0.9994,0,0.95,0.0,INDIA,same_name_diff_address,1
S1-340399401,S3-497632613,0.9994,0,0.95,0.0,INDIA,same_name_diff_address,1
S1-501203872,S2-682643208,0.9994,0,0.855,0.0,INDIA,same_name_diff_address,1
S1-263768622,S2-457170943,0.9994,0,0.8444,0.0,INDIA,missing_address_collision,1
S1-626328538,S2-400638336,0.9994,0,0.7841,0.0,US,missing_address_collision,1
S1-882585962,S3-525217454,0.9994,0,0.95,0.0,INDIA,same_name_diff_address,1
S1-574783839,S3-575627380,0.9994,0,0.95,0.0,US,same_name_diff_address,1
S1-887287644,S3-621824716,0.9994,0,0.9,0.0,US,same_name_diff_address,1
S1-240483207,S3-590442237,0.9994,0,1.0,0.0,US,same_name_diff_address,1
S1-135063597,S3-320577293,0.9994,0,0.855,0.0,US,same_name_diff_address,1
S1-398078909,S3-21189879,0.9994,0,0.855,0.0,INDIA,same_name_diff_address,1
S1-22336955,S3-837275694,0.9994,0,0.8674,0.0,US,same_name_diff_address,1
S1-786815325,S3-172162417,0.9994,0,1.0,0.0,US,same_name_diff_address,1
S1-149673885,S2-745074599,0.9994,0,0.855,0.0,US,same_name_diff_address,1
S1-938027748,S2-620304529,0.9994,0,0.7179,0.0,US,missing_address_collision,1
S1-413873761,S3-356316413,0.9994,0,1.0,0.0,US,same_name_diff_address,1
S1-826450559,S3-580656958,0.9994,0,0.9,0.0,US,same_name_diff_address,1
S1-178578478,S2-528901535,0.9994,0,0.855,0.0,US,same_name_diff_address,1
S1-951531595,S3-881935975,0.9994,0,1.0,0.0,INDIA,same_name_diff_address,1
S1-286630477,S3-769311919,0.9994,0,1.0,0.0,US,same_name_diff_address,1
S1-711411596,S3-345063858,0.9994,0,1.0,0.0,INDIA,same_name_diff_address,1
S1-63312227,S2-466222941,0.9994,0,0.7741,0.0,INDIA,missing_address_collision,1
S1-955794323,S3-927451688,0.9994,0,1.0,0.0,INDIA,same_name_diff_address,1
S1-358805585,S3-253487213,0.9994,0,1.0,0.0,INDIA,same_name_diff_address,1
S1-236555582,S3-503663985,0.9994,0,1.0,0.0,INDIA,same_name_diff_address,1
S1-685314096,S3-891791780,0.9994,0,1.0,0.0,US,same_name_diff_address,1
S1-657502418,S2-309165256,0.9994,0,0.7755,0.0,US,missing_address_collision,1
S1-692901144,S2-67688224,0.9994,0,0.9,0.0,US,same_name_diff_address,1
S1-873462421,S2-945520560,0.9994,0,0.8261,0.0,INDIA,missing_address_collision,1
S1-640365537,S3-142532786,0.9994,0,1.0,0.0,INDIA,same_name_diff_address,1
S1-967210018,S3-336648760,0.9994,0,1.0,0.0,US,same_name_diff_address,1
S1-418213461,S3-455927238,0.9994,0,1.0,0.0,INDIA,same_name_diff_address,1
S1-584179389,S3-91937352,0.9994,0,1.0,0.0,US,same_name_diff_address,1
S1-234727445,S2-829181939,0.9994,0,0.9,0.0,US,same_name_diff_address,1
S1-784218266,S3-267423516,0.9994,0,1.0,0.0,INDIA,same_name_diff_address,1
S1-663966949,S3-637833633,0.9994,0,1.0,0.0,INDIA,same_name_diff_address,1
S1-194742555,S2-760816254,0.9994,0,0.76,0.0,INDIA,missing_address_collision,1
S1-346093844,S3-533131987,0.9994,0,1.0,0.0,INDIA,same_name_diff_address,1
S1-80617291,S3-53308258,0.9994,0,1.0,0.0,INDIA,same_name_diff_address,1
S1-512539726,S3-237067099,0.9994,0,0.9,0.0,US,same_name_diff_address,1
S1-170528844,S3-108349701,0.9994,0,0.855,0.0,US,same_name_diff_address,1
S1-734602029,S3-817236836,0.9994,0,1.0,0.0,INDIA,same_name_diff_address,1
S1-413363379,S3-588267132,0.9994,0,0.95,0.0,US,same_name_diff_address,1
S1-766597965,S3-768709280,0.9994,0,1.0,0.0,INDIA,same_name_diff_address,1
S1-628153730,S3-638320167,0.9994,0,1.0,0.0,INDIA,same_name_diff_address,1
S1-467953035,S3-422746023,0.9994,0,1.0,0.0,US,same_name_diff_address,1
S1-271934780,S2-536683593,0.9994,0,0.8,0.0,INDIA,missing_address_collision,1
S1-788102518,S3-518808841,0.9994,0,1.0,0.0,INDIA,same_name_diff_address,1
S1-25117519,S2-465293837,0.9994,0,0.8595,0.0,US,same_name_diff_address,1
S1-809094431,S2-107604458,0.9994,0,0.8605,0.0,US,same_name_diff_address,1
S1-171682575,S3-283407733,0.9994,0,1.0,0.0,US,same_name_diff_address,1
S1-424795406,S3-344813707,0.9994,0,1.0,0.0,INDIA,same_name_diff_address,1
S1-934769846,S3-731731223,0.9994,0,1.0,0.0,US,same_name_diff_address,1
S1-239384693,S2-110354360,0.9994,0,0.855,0.0,INDIA,same_name_diff_address,1
S1-504532004,S3-600998080,0.9994,0,0.8571,0.0,US,same_name_diff_address,1
S1-886952541,S3-889533381,0.9994,0,1.0,0.0,INDIA,same_name_diff_address,1
S1-561892056,S3-813061478,0.9994,0,1.0,0.0,INDIA,same_name_diff_address,1
S1-615998598,S3-682474933,0.9994,0,1.0,0.0,INDIA,same_name_diff_address,1
S1-565985772,S3-446606380,0.9994,0,1.0,0.0,US,same_name_diff_address,1
S1-521768330,S3-8155395,0.9994,0,0.8615,0.0,US,same_name_diff_address,1
S1-946943086,S3-887673358,0.9994,0,1.0,0.0,INDIA,same_name_diff_address,1
S1-471264456,S3-882310924,0.9994,0,1.0,0.0,US,same_name_diff_address,1
S1-269360189,S3-972161768,0.9994,0,1.0,0.0,INDIA,same_name_diff_address,1
S1-597793745,S3-473915554,0.9994,0,1.0,0.0,INDIA,same_name_diff_address,1
S1-737409779,S3-246190277,0.9994,0,1.0,0.0,INDIA,same_name_diff_address,1
S1-84572558,S3-119832672,0.9994,0,0.7464,0.0,INDIA,missing_address_collision,1
S1-222401954,S3-376826927,0.9994,0,0.95,0.0,INDIA,same_name_diff_address,1
S1-222401954,S3-582252489,0.9994,0,1.0,0.0,INDIA,same_name_diff_address,1
S1-588288665,S3-148419687,0.9994,0,1.0,0.0,US,same_name_diff_address,1
S1-397415404,S3-918309479,0.9994,0,1.0,0.0,US,same_name_diff_address,1
S1-217514113,S3-79524518,0.9994,0,0.8929,0.0,US,same_name_diff_address,1
S1-657167028,S2-948291197,0.9994,0,0.9,0.0,INDIA,same_name_diff_address,1
S1-786088137,S2-259411423,0.9994,0,0.8805,0.0,INDIA,same_name_diff_address,1
S1-800517437,S2-755412675,0.9994,0,0.95,0.0,INDIA,same_name_diff_address,1
S1-685473577,S3-499080039,0.9994,0,0.95,0.0,US,same_name_diff_address,1
S1-541606313,S3-690412321,0.9994,0,0.855,0.0,US,same_name_diff_address,1
S1-840275250,S3-376826927,0.9994,0,0.95,0.0,INDIA,same_name_diff_address,1
S1-840275250,S3-582252489,0.9994,0,1.0,0.0,INDIA,same_name_diff_address,1
S1-436075251,S2-704764406,0.9994,0,0.9,0.0,US,same_name_diff_address,1
S1-259682983,S3-978148067,0.9994,0,1.0,0.0,INDIA,same_name_diff_address,1
S1-221838151,S2-661170492,0.9994,0,0.88,0.0,US,same_name_diff_address,1
S1-796272209,S3-628433088,0.9994,0,1.0,0.0,US,same_name_diff_address,1
S1-237714987,S3-752939096,0.9994,0,1.0,0.0,US,same_name_diff_address,1
S1-860208855,S3-68638232,0.9994,0,0.9,0.0,US,same_name_diff_address,1
S1-773981872,S3-918498106,0.9994,0,0.855,0.0,US,same_name_diff_address,1
S1-886362025,S3-148419687,0.9994,0,1.0,0.0,US,same_name_diff_address,1
S1-592308503,S3-859491033,0.9994,0,1.0,0.0,INDIA,same_name_diff_address,1
S1-656350115,S3-229140729,0.9994,0,1.0,0.0,INDIA,same_name_diff_address,1
S1-998204924,S3-586042941,0.9994,0,1.0,0.0,US,same_name_diff_address,1
S1-786293227,S3-646752766,0.9994,0,1.0,0.0,INDIA,same_name_diff_address,1
S1-380829377,S3-667590083,0.9994,0,1.0,0.0,INDIA,same_name_diff_address,1
S1-72768046,S3-952038958,0.9994,0,1.0,0.0,INDIA,same_name_diff_address,1
S1-23650091,S2-796364177,0.9994,0,0.9,0.0,US,same_name_diff_address,1
S1-414291018,S2-921933857,0.9994,0,0.8812,0.0,US,same_name_diff_address,1
S1-836648298,S3-220221383,0.9994,0,1.0,0.0,INDIA,same_name_diff_address,1
S1-721540510,S2-709740064,0.9994,0,0.9,0.0,US,same_name_diff_address,1
S1-65612046,S2-965691909,0.9994,0,0.836,0.0,INDIA,missing_address_collision,1
S1-693533852,S2-604914020,0.9994,0,0.8589,0.0,US,same_name_diff_address,1
S1-52978639,S3-928405232,0.9994,0,1.0,0.0,INDIA,same_name_diff_address,1
S1-405822256,S3-80219443,0.9994,0,0.95,0.0,INDIA,same_name_diff_address,1
S1-585560181,S3-935599140,0.9994,0,1.0,0.0,US,same_name_diff_address,1
S1-386283059,S3-722371115,0.9994,0,1.0,0.0,INDIA,same_name_diff_address,1
S1-450317180,S3-683105512,0.9994,0,1.0,0.0,US,same_name_diff_address,1
S1-398291881,S2-1656350,0.9994,0,0.95,0.0,INDIA,same_name_diff_address,1
S1-163347534,S3-605801236,0.9994,0,0.9,0.0,US,same_name_diff_address,1
S1-571474326,S3-811047362,0.9994,0,1.0,0.0,INDIA,same_name_diff_address,1
S1-288235974,S3-902945265,0.9994,0,1.0,0.0,INDIA,same_name_diff_address,1
S1-33663197,S3-904428017,0.9994,0,1.0,0.0,INDIA,same_name_diff_address,1
S1-342141405,S3-981194094,0.9994,0,1.0,0.0,INDIA,same_name_diff_address,1
S1-437851581,S3-259806060,0.9994,0,1.0,0.0,INDIA,same_name_diff_address,1
S1-855019805,S3-585328874,0.9994,0,0.855,0.0,US,same_name_diff_address,1
S1-339438845,S3-605274164,0.9994,0,0.95,0.0,US,same_name_diff_address,1
S1-850954537,S3-706290255,0.9994,0,1.0,0.0,US,same_name_diff_address,1
S1-245519915,S2-940257626,0.9994,0,0.875,0.0,US,same_name_diff_address,1
S1-192981997,S3-305000307,0.9994,0,1.0,0.0,INDIA,same_name_diff_address,1
S1-979933656,S2-412666166,0.9994,0,0.9,0.0,US,same_name_diff_address,1
S1-812171413,S3-246056338,0.9994,0,0.95,0.0,INDIA,same_name_diff_address,1
S1-949761911,S2-787646094,0.9994,0,0.8679,0.0,US,same_name_diff_address,1
S1-592819156,S2-157865254,0.9993,0,1.0,0.0,US,same_name_diff_address,1
S1-598047335,S2-390328928,0.9993,0,0.8196,0.0,INDIA,missing_address_collision,1
S1-408846449,S2-890127442,0.9993,0,0.8098,0.0,INDIA,missing_address_collision,1
S1-921569596,S2-85158830,0.9993,0,1.0,0.0,US,same_name_diff_address,1
S1-921569596,S3-968310962,0.9993,0,0.9,0.0,US,same_name_diff_address,1
S1-669690733,S2-286636989,0.9993,0,0.855,0.0,US,same_name_diff_address,1
S1-705638322,S2-468732607,0.9993,0,0.836,0.0,INDIA,missing_address_collision,1
S1-546808066,S3-965409097,0.9993,0,0.95,0.0,US,same_name_diff_address,1
S1-955131345,S2-192419098,0.9993,0,0.855,0.0,INDIA,same_name_diff_address,1
S1-228159136,S3-308938356,0.9993,0,0.95,0.0,US,same_name_diff_address,1
S1-114152271,S3-135620158,0.9993,0,0.8571,0.0,INDIA,same_name_diff_address,1
S1-111119990,S3-201153351,0.9993,0,0.8621,0.0,INDIA,same_name_diff_address,1
S1-881941847,S2-726122026,0.9993,0,0.8569,0.0,INDIA,same_name_diff_address,1
S1-569093158,S2-740271232,0.9993,0,0.8462,0.0,US,missing_address_collision,1
S1-259274831,S2-533175141,0.9993,0,0.8636,0.0,US,same_name_diff_address,1
S1-15509991,S2-256870910,0.9993,0,0.8235,0.0,INDIA,missing_address_collision,1
S1-321574845,S2-264372609,0.9993,0,0.7848,0.0,INDIA,missing_address_collision,1
S1-585060036,S2-967103100,0.9993,0,0.8686,0.0,US,same_name_diff_address,1
S1-35135691,S2-716727023,0.9993,0,0.7729,0.0,INDIA,missing_address_collision,1
S1-153194994,S2-238292815,0.9993,0,0.7297,0.0,INDIA,missing_address_collision,1
S1-530456138,S3-49012399,0.9993,0,0.9,0.0,US,same_name_diff_address,1
S1-134896364,S3-992351347,0.9993,0,0.7879,0.0,INDIA,missing_address_collision,1
S1-705638322,S2-342679756,0.9993,0,0.836,0.0,INDIA,missing_address_collision,1
S1-563775151,S2-144738938,0.9993,0,1.0,0.0,INDIA,same_name_diff_address,1
S1-212454626,S2-519477509,0.9993,0,1.0,0.0,US,same_name_diff_address,1
S1-629218699,S2-866208484,0.9993,0,0.8093,0.0,INDIA,missing_address_collision,1
S1-625927274,S3-599073087,0.9993,0,0.9,0.0,US,same_name_diff_address,1
S1-561706235,S2-309035925,0.9993,0,0.819,0.0,US,missing_address_collision,1
S1-311621623,S2-619757644,0.9993,0,0.8962,0.0,INDIA,same_name_diff_address,1
S1-589550564,S3-999774797,0.9993,0,0.9,0.0,US,same_name_diff_address,1
S1-645248789,S2-419323408,0.9993,0,0.95,0.0,INDIA,same_name_diff_address,1
S1-46892664,S2-920259725,0.9993,0,1.0,0.0,US,same_name_diff_address,1
S1-51887957,S2-886659170,0.9993,0,1.0,0.0,INDIA,same_name_diff_address,1
S1-726462858,S2-30091746,0.9993,0,0.798,0.0,INDIA,missing_address_collision,1
S1-668447128,S2-89183076,0.9993,0,1.0,0.0,US,same_name_diff_address,1
S1-564168751,S3-236392865,0.9993,0,0.8274,0.0,INDIA,missing_address_collision,1
S1-839162726,S2-589931994,0.9993,0,0.8507,0.0,INDIA,same_name_diff_address,1
S1-436075251,S2-236040734,0.9993,0,1.0,0.0,US,same_name_diff_address,1
S1-858011921,S2-511051316,0.9993,0,0.8718,0.0,US,same_name_diff_address,1
S1-719867649,S2-720323189,0.9993,0,0.836,0.0,INDIA,missing_address_collision,1
S1-894259274,S2-84013174,0.9993,0,0.8613,0.0,INDIA,same_name_diff_address,1
S1-294525396,S2-260309525,0.9993,0,0.855,0.0,INDIA,same_name_diff_address,1
S1-465469515,S2-124361083,0.9993,0,1.0,0.0,US,same_name_diff_address,1
S1-134302191,S3-816127449,0.9993,0,0.95,0.0,INDIA,same_name_diff_address,1
S1-684800546,S2-205407723,0.9993,0,0.855,0.0,INDIA,same_name_diff_address,1
S1-897717138,S3-38532439,0.9993,0,0.75,0.0,US,missing_address_collision,1
S1-20722469,S2-320798701,0.9993,0,0.855,0.0,US,same_name_diff_address,1
S1-772337486,S2-790658107,0.9993,0,0.855,0.0,US,same_name_diff_address,1
S1-812185623,S2-576029386,0.9993,0,0.8,0.0,US,missing_address_collision,1
S1-809064657,S2-245695849,0.9993,0,1.0,0.0,US,same_name_diff_address,1
S1-928519168,S2-880855664,0.9993,0,0.855,0.0,US,same_name_diff_address,1
S1-836229579,S2-549117799,0.9993,0,0.8205,0.0,INDIA,missing_address_collision,1
S1-424795406,S3-879531915,0.9993,0,0.95,0.0,INDIA,same_name_diff_address,1
S1-679428524,S2-47038771,0.9993,0,0.8038,0.0,US,missing_address_collision,1
S1-296426737,S2-837944212,0.9993,0,0.8274,0.0,INDIA,missing_address_collision,1
S1-31566704,S2-821689338,0.9993,0,0.6667,0.0,US,missing_address_collision,1
S1-15509991,S2-129956091,0.9993,0,0.7824,0.0,INDIA,missing_address_collision,1
S1-111695614,S3-921026593,0.9993,0,0.95,0.0,INDIA,same_name_diff_address,1
S1-574372136,S2-327404443,0.9993,0,0.8805,0.0,INDIA,same_name_diff_address,1
S1-437906598,S2-340365507,0.9993,0,0.8291,0.0,INDIA,missing_address_collision,1
S1-625299314,S3-374443183,0.9993,0,0.855,0.0,INDIA,same_name_diff_address,1
S1-375143705,S2-662208120,0.9993,0,0.8373,0.0,INDIA,missing_address_collision,1
S1-958991609,S2-452302036,0.9992,0,0.8736,0.0,US,same_name_diff_address,1
S1-950106094,S3-600921941,0.9992,0,0.771,0.0,US,missing_address_collision,1
S1-229377145,S2-381684037,0.9992,0,1.0,0.0,INDIA,same_name_diff_address,1
S1-483506582,S2-261965150,0.9992,0,1.0,0.0,US,same_name_diff_address,1
S1-301137859,S2-51640639,0.9992,0,1.0,0.0,INDIA,same_name_diff_address,1
S1-570981724,S2-1488892,0.9992,0,1.0,0.0,US,same_name_diff_address,1
S1-504689815,S2-417385331,0.9992,0,1.0,0.0,US,same_name_diff_address,1
S1-604720925,S2-34481993,0.9992,0,1.0,0.0,US,same_name_diff_address,1
S1-550692281,S2-269551610,0.9992,0,1.0,0.0,US,same_name_diff_address,1
S1-960069970,S2-641723497,0.9992,0,1.0,0.0,US,same_name_diff_address,1
S1-721540510,S2-67971444,0.9992,0,0.6,0.0,US,missing_address_collision,1
S1-27039320,S2-902738920,0.9992,0,1.0,0.0,US,same_name_diff_address,1
S1-616294383,S2-73736503,0.9992,0,1.0,0.0,US,same_name_diff_address,1
S1-961976869,S2-604504199,0.9992,0,0.8274,0.0,INDIA,missing_address_collision,1
S1-510745714,S2-436222464,0.9992,0,1.0,0.0,US,same_name_diff_address,1
S1-883623616,S2-843924941,0.9992,0,1.0,0.0,INDIA,same_name_diff_address,1
S1-598626647,S2-675169571,0.9992,0,1.0,0.0,US,same_name_diff_address,1
S1-539520538,S2-202623302,0.9992,0,1.0,0.0,US,same_name_diff_address,1
S1-413363379,S2-223502979,0.9992,0,1.0,0.0,US,same_name_diff_address,1
S1-51966585,S2-972274933,0.9992,0,1.0,0.0,US,same_name_diff_address,1
S1-824610185,S2-757565582,0.9992,0,1.0,0.0,US,same_name_diff_address,1
S1-428431119,S2-658449395,0.9992,0,1.0,0.0,US,same_name_diff_address,1
S1-421404084,S2-933306084,0.9992,0,1.0,0.0,INDIA,same_name_diff_address,1
S1-846575590,S2-966125182,0.9992,0,1.0,0.0,US,same_name_diff_address,1
S1-757400009,S3-59269233,0.9992,0,0.95,0.0,INDIA,same_name_diff_address,1
S1-168258572,S2-420097163,0.9992,0,0.9206,0.0,INDIA,same_name_diff_address,1
S1-375054219,S2-30382203,0.9992,0,1.0,0.0,US,same_name_diff_address,1
S1-371367373,S2-479829868,0.9992,0,1.0,0.0,US,same_name_diff_address,1
S1-501401967,S2-861521464,0.9992,0,0.8444,0.0,INDIA,missing_address_collision,1
S1-640183884,S2-454063047,0.9992,0,1.0,0.0,US,same_name_diff_address,1
S1-330026929,S2-803171860,0.9992,0,1.0,0.0,US,same_name_diff_address,1
S1-264575261,S2-825782189,0.9992,0,1.0,0.0,US,same_name_diff_address,1
S1-990396012,S3-999392691,0.9992,0,0.6667,0.0,US,missing_address_collision,1
S1-68966424,S2-239373917,0.9992,0,1.0,0.0,US,same_name_diff_address,1
S1-771899285,S2-790939224,0.9992,0,1.0,0.0,US,same_name_diff_address,1
S1-610812181,S2-364586926,0.9992,0,1.0,0.0,US,same_name_diff_address,1
S1-925850753,S2-115729973,0.9992,0,0.855,0.0,US,same_name_diff_address,1
S1-10968549,S3-246943100,0.9992,0,0.8233,0.0,INDIA,missing_address_collision,1
S1-938489734,S2-863033495,0.9992,0,1.0,0.0,US,same_name_diff_address,1
S1-923220498,S2-716573183,0.9992,0,1.0,0.0,US,same_name_diff_address,1
S1-275564641,S2-699426667,0.9992,0,1.0,0.0,US,same_name_diff_address,1
S1-650683259,S2-733870619,0.9992,0,1.0,0.0,US,same_name_diff_address,1
S1-309609054,S2-579054207,0.9992,0,1.0,0.0,US,same_name_diff_address,1
S1-539515301,S2-31503210,0.9992,0,1.0,0.0,US,same_name_diff_address,1
S1-863652948,S2-121954505,0.9992,0,1.0,0.0,US,same_name_diff_address,1
S1-243776671,S2-328622228,0.9992,0,1.0,0.0,US,same_name_diff_address,1
S1-886842636,S2-631511798,0.9992,0,1.0,0.0,US,same_name_diff_address,1
S1-926395711,S2-204621362,0.9992,0,1.0,0.0,US,same_name_diff_address,1
S1-685351824,S2-22697206,0.9992,0,1.0,0.0,US,same_name_diff_address,1
S1-841545241,S2-267566811,0.9992,0,1.0,0.0,US,same_name_diff_address,1
S1-850738445,S2-5771660,0.9992,0,1.0,0.0,US,same_name_diff_address,1
S1-180147121,S2-165675359,0.9992,0,1.0,0.0,US,same_name_diff_address,1
S1-352307527,S2-59226703,0.9992,0,1.0,0.0,US,same_name_diff_address,1
S1-763349994,S2-342129654,0.9992,0,1.0,0.0,US,same_name_diff_address,1
S1-977623343,S2-923991774,0.9992,0,1.0,0.0,US,same_name_diff_address,1
S1-496807889,S2-288232239,0.9992,0,1.0,0.0,US,same_name_diff_address,1
S1-460442832,S2-715473784,0.9992,0,1.0,0.0,US,same_name_diff_address,1
S1-578850267,S2-1753584,0.9992,0,1.0,0.0,US,same_name_diff_address,1
S1-216542577,S2-238661101,0.9992,0,1.0,0.0,US,same_name_diff_address,1
S1-549322222,S2-337597738,0.9992,0,1.0,0.0,US,same_name_diff_address,1
S1-365975585,S2-966795289,0.9992,0,0.6667,0.0,US,missing_address_collision,1
S1-685393371,S2-45051317,0.9992,0,1.0,0.0,US,same_name_diff_address,1
S1-877780826,S2-534652346,0.9992,0,1.0,0.0,US,same_name_diff_address,1
S1-537964357,S2-31624539,0.9992,0,1.0,0.0,US,same_name_diff_address,1
S1-866177141,S2-858809126,0.9992,0,1.0,0.0,US,same_name_diff_address,1
S1-355707795,S2-754105256,0.9992,0,1.0,0.0,US,same_name_diff_address,1
S1-305851704,S2-644679773,0.9992,0,0.7164,0.0,INDIA,missing_address_collision,1
S1-975971276,S3-491874625,0.9992,0,1.0,0.0,INDIA,same_name_diff_address,1
S1-116824739,S2-440370012,0.9992,0,1.0,0.0,US,same_name_diff_address,1
S1-307155620,S2-312965064,0.9992,0,1.0,0.0,US,same_name_diff_address,1
S1-392201190,S2-327169494,0.9992,0,1.0,0.0,US,same_name_diff_address,1
S1-908773467,S2-715053077,0.9992,0,1.0,0.0,US,same_name_diff_address,1
S1-409881732,S2-366607174,0.9992,0,1.0,0.0,US,same_name_diff_address,1
S1-75042523,S2-345910344,0.9992,0,1.0,0.0,US,same_name_diff_address,1
S1-106063328,S2-754256795,0.9992,0,1.0,0.0,US,same_name_diff_address,1
S1-67142982,S2-667673010,0.9992,0,1.0,0.0,INDIA,same_name_diff_address,1
S1-269108284,S2-244788154,0.9992,0,1.0,0.0,US,same_name_diff_address,1
S1-417664446,S2-364586926,0.9992,0,1.0,0.0,US,same_name_diff_address,1
S1-459099878,S2-155633699,0.9992,0,1.0,0.0,US,same_name_diff_address,1
S1-885691243,S2-330055869,0.9992,0,1.0,0.0,US,same_name_diff_address,1
S1-825434688,S2-423636746,0.9992,0,0.7848,0.0,INDIA,missing_address_collision,1
S1-320605078,S2-913398786,0.9992,0,1.0,0.0,US,same_name_diff_address,1
S1-956937143,S2-84666592,0.9992,0,1.0,0.0,US,same_name_diff_address,1
S1-184961901,S2-892691857,0.9992,0,1.0,0.0,US,same_name_diff_address,1
S1-702336772,S2-31624539,0.9992,0,1.0,0.0,US,same_name_diff_address,1
S1-127882544,S2-39678308,0.9992,0,1.0,0.0,US,same_name_diff_address,1
S1-604881173,S2-513150916,0.9992,0,1.0,0.0,INDIA,same_name_diff_address,1
S1-834508241,S3-507047524,0.9992,0,1.0,0.0,US,same_name_diff_address,1
S1-827448897,S2-68798836,0.9992,0,1.0,0.0,US,same_name_diff_address,1
S1-898725627,S2-729989826,0.9992,0,1.0,0.0,US,same_name_diff_address,1
S1-979357624,S2-340043340,0.9992,0,1.0,0.0,US,same_name_diff_address,1
S1-31033931,S2-17096505,0.9992,0,1.0,0.0,US,same_name_diff_address,1
S1-56447233,S2-392561673,0.9992,0,1.0,0.0,US,same_name_diff_address,1
S1-894338608,S2-39473263,0.9992,0,1.0,0.0,US,same_name_diff_address,1
S1-799572195,S2-531350443,0.9992,0,1.0,0.0,US,same_name_diff_address,1
S1-163251449,S2-896023095,0.9992,0,1.0,0.0,US,same_name_diff_address,1
S1-334177956,S2-168204326,0.9992,0,1.0,0.0,US,same_name_diff_address,1
S1-199169230,S2-813391246,0.9992,0,1.0,0.0,US,same_name_diff_address,1
S1-463618136,S2-601486984,0.9992,0,0.8571,0.0,INDIA,same_name_diff_address,1
S1-579041344,S2-682416781,0.9992,0,1.0,0.0,US,same_name_diff_address,1
S1-579041344,S2-694450727,0.9992,0,1.0,0.0,US,same_name_diff_address,1
S1-796454358,S2-808757209,0.9992,0,1.0,0.0,US,same_name_diff_address,1
S1-42221264,S2-55463095,0.9992,0,1.0,0.0,US,same_name_diff_address,1
S1-120077316,S2-694879618,0.9992,0,1.0,0.0,INDIA,same_name_diff_address,1
S1-539438963,S2-758721716,0.9992,0,1.0,0.0,US,same_name_diff_address,1
S1-813011233,S2-415175377,0.9992,0,1.0,0.0,US,same_name_diff_address,1
S1-782293190,S2-523571810,0.9992,0,1.0,0.0,US,same_name_diff_address,1
S1-4891886,S2-117541241,0.9992,0,1.0,0.0,US,same_name_diff_address,1
S1-24472442,S2-264776363,0.9992,0,1.0,0.0,US,same_name_diff_address,1
S1-412645267,S2-658180796,0.9992,0,1.0,0.0,US,same_name_diff_address,1
S1-747616830,S2-249538225,0.9992,0,1.0,0.0,INDIA,same_name_diff_address,1
S1-764966923,S2-850046266,0.9992,0,1.0,0.0,US,same_name_diff_address,1
S1-55008459,S2-15071280,0.9992,0,1.0,0.0,US,same_name_diff_address,1
S1-803672330,S2-675169571,0.9992,0,1.0,0.0,US,same_name_diff_address,1
S1-311521227,S2-370340588,0.9992,0,1.0,0.0,US,same_name_diff_address,1
S1-654588747,S2-69072620,0.9992,0,1.0,0.0,INDIA,same_name_diff_address,1
S1-195025161,S2-204621362,0.9992,0,1.0,0.0,US,same_name_diff_address,1
S1-401949813,S2-421529827,0.9992,0,1.0,0.0,US,same_name_diff_address,1
S1-120467854,S3-646903657,0.9992,0,0.95,0.0,INDIA,same_name_diff_address,1
S1-891311894,S2-366968419,0.9992,0,1.0,0.0,INDIA,same_name_diff_address,1
S1-644055124,S2-919703535,0.9992,0,1.0,0.0,US,same_name_diff_address,1
S1-333513155,S2-78028700,0.9992,0,1.0,0.0,US,same_name_diff_address,1
S1-671787215,S2-313196871,0.9992,0,1.0,0.0,INDIA,same_name_diff_address,1
S1-382795412,S2-980893789,0.9992,0,1.0,0.0,INDIA,same_name_diff_address,1
S1-589442888,S2-978539791,0.9992,0,1.0,0.0,US,same_name_diff_address,1
S1-568616498,S2-678065522,0.9992,0,1.0,0.0,US,same_name_diff_address,1
S1-858195922,S2-692652986,0.9992,0,1.0,0.0,INDIA,same_name_diff_address,1
S1-165991619,S2-479447417,0.9992,0,1.0,0.0,US,same_name_diff_address,1
S1-604705509,S2-206317453,0.9992,0,0.8245,0.0,INDIA,missing_address_collision,1
S1-737892274,S2-198438923,0.9992,0,1.0,0.0,US,same_name_diff_address,1
S1-14047879,S2-596577291,0.9992,0,1.0,0.0,US,same_name_diff_address,1
S1-896630120,S2-551058058,0.9992,0,1.0,0.0,US,same_name_diff_address,1
S1-873114449,S2-738218108,0.9992,0,1.0,0.0,US,same_name_diff_address,1
S1-202212767,S2-332105869,0.9992,0,1.0,0.0,INDIA,same_name_diff_address,1
S1-565652879,S2-426948926,0.9992,0,0.76,0.0,INDIA,missing_address_collision,1
S1-286734300,S2-184644599,0.9992,0,1.0,0.0,US,same_name_diff_address,1
S1-902931578,S2-415611220,0.9992,0,1.0,0.0,US,same_name_diff_address,1
S1-395406060,S2-298627366,0.9992,0,1.0,0.0,INDIA,same_name_diff_address,1
S1-998341985,S2-238661101,0.9992,0,1.0,0.0,US,same_name_diff_address,1
S1-203689984,S2-541978088,0.9992,0,1.0,0.0,INDIA,same_name_diff_address,1
S1-824167956,S2-788426494,0.9992,0,1.0,0.0,INDIA,same_name_diff_address,1
S1-205206316,S2-738218108,0.9992,0,1.0,0.0,US,same_name_diff_address,1
S1-16891609,S2-875958955,0.9992,0,0.8571,0.0,US,same_name_diff_address,1
S1-141026086,S2-419469677,0.9992,0,1.0,0.0,US,same_name_diff_address,1
S1-8679008,S2-871959498,0.9992,0,1.0,0.0,US,same_name_diff_address,1
S1-228204167,S2-200752497,0.9992,0,1.0,0.0,US,same_name_diff_address,1
S1-145739534,S2-803056321,0.9992,0,1.0,0.0,US,same_name_diff_address,1
S1-362747730,S2-679373691,0.9992,0,1.0,0.0,US,same_name_diff_address,1
S1-488822314,S2-859521386,0.9992,0,1.0,0.0,US,same_name_diff_address,1
S1-804737152,S2-288232239,0.9992,0,1.0,0.0,US,same_name_diff_address,1
S1-651188864,S2-42211612,0.9992,0,1.0,0.0,US,same_name_diff_address,1
S1-150230053,S2-491667146,0.9992,0,1.0,0.0,US,same_name_diff_address,1
S1-562826039,S2-239089306,0.9992,0,1.0,0.0,US,same_name_diff_address,1
S1-854938417,S2-708405882,0.9992,0,1.0,0.0,US,same_name_diff_address,1
S1-150338751,S2-717100717,0.9992,0,1.0,0.0,US,same_name_diff_address,1
S1-503882249,S2-812875848,0.9992,0,1.0,0.0,US,same_name_diff_address,1
S1-464759739,S2-84113551,0.9992,0,1.0,0.0,US,same_name_diff_address,1
S1-285178127,S2-318753318,0.9992,0,1.0,0.0,US,same_name_diff_address,1
S1-357224643,S2-896916462,0.9992,0,1.0,0.0,US,same_name_diff_address,1
S1-279102993,S2-126591331,0.9992,0,1.0,0.0,US,same_name_diff_address,1
S1-957933343,S2-362917337,0.9992,0,1.0,0.0,US,same_name_diff_address,1
S1-245245190,S2-221510261,0.9992,0,1.0,0.0,US,same_name_diff_address,1
S1-23476953,S2-455844148,0.9992,0,1.0,0.0,US,same_name_diff_address,1
S1-523763785,S2-982951916,0.9992,0,1.0,0.0,US,same_name_diff_address,1
S1-326617290,S2-391553323,0.9992,0,1.0,0.0,US,same_name_diff_address,1
S1-498201387,S2-208250460,0.9992,0,1.0,0.0,US,same_name_diff_address,1
S1-460606522,S2-534131286,0.9992,0,1.0,0.0,US,same_name_diff_address,1
S1-801009200,S2-318753318,0.9992,0,1.0,0.0,US,same_name_diff_address,1
S1-313942684,S2-950239292,0.9992,0,0.8595,0.0,INDIA,same_name_diff_address,1
S1-19709148,S2-456669106,0.9992,0,0.8531,0.0,INDIA,same_name_diff_address,1
S1-867410742,S2-332016410,0.9992,0,1.0,0.0,US,same_name_diff_address,1
S1-191486510,S2-588632837,0.9992,0,1.0,0.0,US,same_name_diff_address,1
S1-216149343,S2-536382166,0.9992,0,1.0,0.0,US,same_name_diff_address,1
S1-982216719,S2-905649322,0.9992,0,1.0,0.0,US,same_name_diff_address,1
S1-433246249,S2-470415875,0.9992,0,1.0,0.0,US,same_name_diff_address,1
S1-383206087,S3-954473450,0.9992,0,0.855,0.0,US,same_name_diff_address,1
S1-898525839,S2-7907023,0.9992,0,1.0,0.0,US,same_name_diff_address,1
S1-481622351,S2-845782018,0.9992,0,1.0,0.0,US,same_name_diff_address,1
S1-358403401,S2-495514413,0.9992,0,0.8658,0.0,US,same_name_diff_address,1
S1-634341662,S2-990265138,0.9992,0,1.0,0.0,US,same_name_diff_address,1
S1-522525595,S2-770498138,0.9992,0,1.0,0.0,US,same_name_diff_address,1
S1-203720906,S2-594917049,0.9992,0,0.8333,0.0,INDIA,missing_address_collision,1
S1-348037744,S2-99177409,0.9992,0,1.0,0.0,US,same_name_diff_address,1
S1-493355809,S2-593721310,0.9992,0,1.0,0.0,US,same_name_diff_address,1
S1-568157119,S2-366607174,0.9992,0,1.0,0.0,US,same_name_diff_address,1
S1-937301002,S3-43550783,0.9992,0,0.9,0.0,INDIA,same_name_diff_address,1
S1-990835514,S2-100488052,0.9992,0,1.0,0.0,US,same_name_diff_address,1
S1-230185713,S2-117351840,0.9992,0,1.0,0.0,US,same_name_diff_address,1
S1-485595607,S2-169831925,0.9992,0,1.0,0.0,US,same_name_diff_address,1
S1-322311016,S2-136413103,0.9992,0,1.0,0.0,US,same_name_diff_address,1
S1-394015359,S2-188936138,0.9992,0,1.0,0.0,US,same_name_diff_address,1
S1-602630259,S2-510310028,0.9992,0,0.95,0.0,US,same_name_diff_address,1
S1-194049597,S2-742290502,0.9992,0,1.0,0.0,US,same_name_diff_address,1
S1-259424934,S2-64808427,0.9992,0,1.0,0.0,INDIA,same_name_diff_address,1
S1-325301940,S2-981335370,0.9992,0,1.0,0.0,US,same_name_diff_address,1
S1-256244938,S3-16896739,0.9992,0,0.8291,0.0,INDIA,missing_address_collision,1
S1-990084970,S3-621059163,0.9992,0,0.8205,0.0,INDIA,missing_address_collision,1
S1-437169212,S2-33870615,0.9992,0,1.0,0.0,US,same_name_diff_address,1
S1-493444457,S2-644416913,0.9992,0,1.0,0.0,US,same_name_diff_address,1
S1-841187659,S2-59226703,0.9992,0,1.0,0.0,US,same_name_diff_address,1
S1-658161203,S2-93785778,0.9992,0,1.0,0.0,US,same_name_diff_address,1
S1-425364488,S2-480533826,0.9992,0,1.0,0.0,US,same_name_diff_address,1
S1-941450041,S2-14411533,0.9992,0,1.0,0.0,US,same_name_diff_address,1
S1-254760485,S2-318753318,0.9992,0,1.0,0.0,US,same_name_diff_address,1
S1-317880645,S2-81296394,0.9992,0,0.8245,0.0,INDIA,missing_address_collision,1
S1-317880645,S2-154569451,0.9992,0,0.8604,0.0,INDIA,same_name_diff_address,1
S1-228315362,S2-106874917,0.9992,0,1.0,0.0,US,same_name_diff_address,1
S1-800771771,S2-956924251,0.9992,0,1.0,0.0,US,same_name_diff_address,1
S1-891951845,S2-155610855,0.9992,0,1.0,0.0,US,same_name_diff_address,1
S1-459084909,S2-813443367,0.9992,0,0.8667,0.0,INDIA,same_name_diff_address,1
S1-173981700,S2-855479993,0.9992,0,1.0,0.0,US,same_name_diff_address,1
S1-4989732,S2-547680803,0.9992,0,1.0,0.0,US,same_name_diff_address,1
S1-19658350,S2-538091799,0.9992,0,1.0,0.0,US,same_name_diff_address,1
S1-49463593,S2-704635458,0.9992,0,1.0,0.0,US,same_name_diff_address,1
S1-578770798,S2-62781203,0.9992,0,1.0,0.0,US,same_name_diff_address,1
S1-227722482,S2-387314895,0.9992,0,1.0,0.0,INDIA,same_name_diff_address,1
S1-236772172,S2-883519484,0.9992,0,1.0,0.0,US,same_name_diff_address,1
S1-632097668,S2-246126389,0.9992,0,1.0,0.0,US,same_name_diff_address,1
S1-713879537,S2-669453080,0.9992,0,1.0,0.0,US,same_name_diff_address,1
S1-467124841,S2-205010605,0.9992,0,1.0,0.0,INDIA,same_name_diff_address,1
S1-756334848,S2-918901387,0.9992,0,1.0,0.0,US,same_name_diff_address,1
S1-575361647,S2-318753318,0.9992,0,1.0,0.0,US,same_name_diff_address,1
S1-139367961,S2-7203524,0.9992,0,1.0,0.0,US,same_name_diff_address,1
S1-705968984,S3-11989423,0.9992,0,0.9,0.0,INDIA,same_name_diff_address,1
S1-558698428,S2-883842180,0.9992,0,1.0,0.0,US,same_name_diff_address,1
S1-92173581,S2-961459225,0.9992,0,0.8233,0.0,INDIA,missing_address_collision,1
S1-442793867,S2-744595958,0.9992,0,1.0,0.0,US,same_name_diff_address,1
S1-99025686,S2-491365795,0.9992,0,1.0,0.0,US,same_name_diff_address,1
S1-574806212,S2-34487328,0.9992,0,0.8805,0.0,INDIA,same_name_diff_address,1
S1-19985624,S2-330165240,0.9992,0,0.6333,0.0,US,missing_address_collision,1
S1-858987759,S2-588982777,0.9992,0,1.0,0.0,US,same_name_diff_address,1
S1-984353962,S2-470415875,0.9992,0,1.0,0.0,US,same_name_diff_address,1
S1-104491657,S2-348302233,0.9992,0,1.0,0.0,US,same_name_diff_address,1
S1-214897650,S2-69275360,0.9992,0,1.0,0.0,US,same_name_diff_address,1
S1-480618962,S2-906883465,0.9992,0,1.0,0.0,US,same_name_diff_address,1
S1-490740469,S2-634193622,0.9992,0,1.0,0.0,US,same_name_diff_address,1
S1-963198640,S2-247371420,0.9992,0,1.0,0.0,US,same_name_diff_address,1
S1-657714400,S2-534652346,0.9992,0,1.0,0.0,US,same_name_diff_address,1
S1-409247337,S2-79504715,0.9992,0,1.0,0.0,US,same_name_diff_address,1
S1-799814886,S2-919612944,0.9992,0,1.0,0.0,US,same_name_diff_address,1
S1-581406915,S2-750746697,0.9992,0,1.0,0.0,INDIA,same_name_diff_address,1
S1-447933088,S2-118693154,0.9992,0,1.0,0.0,US,same_name_diff_address,1
S1-566798758,S2-298241713,0.9992,0,1.0,0.0,US,same_name_diff_address,1
S1-10359234,S2-790939224,0.9992,0,1.0,0.0,US,same_name_diff_address,1
S1-371410636,S2-779527002,0.9992,0,1.0,0.0,US,same_name_diff_address,1
S1-256375964,S2-287591442,0.9992,0,1.0,0.0,US,same_name_diff_address,1
S1-294201815,S2-871959498,0.9992,0,1.0,0.0,US,same_name_diff_address,1
S1-301919571,S2-261674835,0.9992,0,1.0,0.0,US,same_name_diff_address,1
S1-774354758,S2-740134028,0.9992,0,1.0,0.0,US,same_name_diff_address,1
S1-510564440,S2-97422755,0.9992,0,1.0,0.0,US,same_name_diff_address,1
S1-901350988,S3-960924169,0.9992,0,0.8158,0.0,INDIA,missing_address_collision,1
S1-879452863,S2-654141914,0.9992,0,1.0,0.0,US,same_name_diff_address,1
S1-330077278,S2-708405882,0.9992,0,1.0,0.0,US,same_name_diff_address,1
S1-885120994,S2-202364201,0.9992,0,1.0,0.0,US,same_name_diff_address,1
S1-231047320,S2-588713892,0.9992,0,1.0,0.0,US,same_name_diff_address,1
S1-408432384,S2-719267388,0.9992,0,1.0,0.0,US,same_name_diff_address,1
S1-73107642,S2-415175377,0.9992,0,1.0,0.0,US,same_name_diff_address,1
S1-793090396,S2-825782189,0.9992,0,1.0,0.0,US,same_name_diff_address,1
S1-103937030,S2-634193622,0.9992,0,1.0,0.0,US,same_name_diff_address,1
S1-472382674,S2-719342302,0.9992,0,1.0,0.0,INDIA,same_name_diff_address,1
S1-939242749,S3-48670777,0.9992,0,0.8444,0.0,US,missing_address_collision,1
S1-446064333,S2-836611198,0.9992,0,0.8182,0.0,INDIA,missing_address_collision,1
S1-750840581,S2-818362950,0.9992,0,1.0,0.0,US,same_name_diff_address,1
S1-672460556,S2-960910456,0.9992,0,1.0,0.0,US,same_name_diff_address,1
S1-232666596,S2-242526703,0.9992,0,1.0,0.0,US,same_name_diff_address,1
S1-19214695,S2-931071282,0.9992,0,1.0,0.0,US,same_name_diff_address,1
S1-854091722,S2-225328189,0.9992,0,1.0,0.0,US,same_name_diff_address,1
S1-411147407,S2-100488052,0.9992,0,1.0,0.0,US,same_name_diff_address,1
S1-566492853,S2-933975898,0.9992,0,1.0,0.0,US,same_name_diff_address,1
S1-682140939,S2-931071282,0.9992,0,1.0,0.0,US,same_name_diff_address,1
S1-751225684,S2-935033537,0.9992,0,1.0,0.0,US,same_name_diff_address,1
S1-131960550,S2-470415875,0.9992,0,1.0,0.0,US,same_name_diff_address,1
S1-434414513,S2-279119116,0.9992,0,1.0,0.0,US,same_name_diff_address,1
S1-418987417,S2-966125182,0.9992,0,1.0,0.0,US,same_name_diff_address,1
S1-409043862,S2-758712629,0.9992,0,1.0,0.0,US,same_name_diff_address,1
S1-477320136,S3-894059672,0.9992,0,0.8613,0.0,US,same_name_diff_address,1
S1-838932925,S2-235618558,0.9992,0,1.0,0.0,US,same_name_diff_address,1
S1-857857391,S2-528361718,0.9992,0,1.0,0.0,US,same_name_diff_address,1
S1-536716247,S2-280094525,0.9992,0,1.0,0.0,US,same_name_diff_address,1
S1-295487406,S2-874447751,0.9992,0,0.8056,0.0,INDIA,missing_address_collision,1
S1-781011512,S2-125638422,0.9992,0,1.0,0.0,US,same_name_diff_address,1
S1-764147697,S2-291516850,0.9992,0,1.0,0.0,INDIA,same_name_diff_address,1
S1-317143388,S2-520278530,0.9992,0,1.0,0.0,US,same_name_diff_address,1
S1-120066272,S2-463914306,0.9992,0,1.0,0.0,US,same_name_diff_address,1
S1-212470421,S2-860227640,0.9992,0,1.0,0.0,US,same_name_diff_address,1
S1-520412269,S2-160112795,0.9992,0,1.0,0.0,INDIA,same_name_diff_address,1
S1-731298406,S2-683385437,0.9992,0,1.0,0.0,US,same_name_diff_address,1
S1-664995441,S2-431182714,0.9992,0,1.0,0.0,INDIA,same_name_diff_address,1
S1-145869890,S2-563377903,0.9992,0,1.0,0.0,INDIA,same_name_diff_address,1
S1-367343009,S2-855479993,0.9992,0,1.0,0.0,US,same_name_diff_address,1
S1-12633695,S3-55781482,0.9992,0,0.7945,0.0,INDIA,missing_address_collision,1
S1-761740529,S2-36369930,0.9992,0,1.0,0.0,US,same_name_diff_address,1
S1-486844130,S2-449103953,0.9992,0,1.0,0.0,US,same_name_diff_address,1
S1-409603776,S2-915896796,0.9992,0,1.0,0.0,US,same_name_diff_address,1
S1-43518017,S2-247195991,0.9992,0,1.0,0.0,US,same_name_diff_address,1
S1-85937592,S2-971773433,0.9992,0,1.0,0.0,US,same_name_diff_address,1
S1-148443975,S2-345910344,0.9992,0,1.0,0.0,US,same_name_diff_address,1
S1-561435394,S2-419705193,0.9992,0,1.0,0.0,US,same_name_diff_address,1
S1-992584058,S2-329861997,0.9992,0,1.0,0.0,US,same_name_diff_address,1
S1-719733498,S3-787662051,0.9992,0,0.7795,0.0,INDIA,missing_address_collision,1
S1-801944517,S2-618598628,0.9992,0,1.0,0.0,US,same_name_diff_address,1
S1-426476767,S2-758712629,0.9992,0,1.0,0.0,US,same_name_diff_address,1
S1-352088322,S2-178675433,0.9992,0,0.8291,0.0,INDIA,missing_address_collision,1
S1-685293877,S2-429198072,0.9992,0,0.8,0.0,INDIA,missing_address_collision,1
S1-711343204,S2-733448675,0.9991,0,1.0,0.0,INDIA,same_name_diff_address,1
S1-560965337,S2-530269817,0.9991,0,0.8291,0.0,INDIA,missing_address_collision,1
S1-166519434,S2-425926050,0.9991,0,1.0,0.0,INDIA,same_name_diff_address,1
S1-982636761,S2-339484168,0.9991,0,0.8333,0.0,US,missing_address_collision,1
S1-494655810,S2-803728243,0.9991,0,1.0,0.0,INDIA,same_name_diff_address,1
S1-28502741,S2-360232850,0.9991,0,1.0,0.0,US,same_name_diff_address,1
S1-638571423,S2-312855551,0.9991,0,0.817,0.0,US,missing_address_collision,1
S1-192342154,S2-555090725,0.9991,0,0.8261,0.0,INDIA,missing_address_collision,1
S1-901139433,S2-187546193,0.9991,0,0.8041,0.0,US,missing_address_collision,1
S1-398291881,S2-133127178,0.9991,0,1.0,0.0,INDIA,same_name_diff_address,1
S1-958140291,S2-721638329,0.9991,0,0.8148,0.0,INDIA,missing_address_collision,1
S1-826536378,S2-906345189,0.9991,0,0.8211,0.0,US,missing_address_collision,1
S1-65612046,S2-560603274,0.9991,0,0.8196,0.0,INDIA,missing_address_collision,1
S1-992741971,S3-53466832,0.9991,0,0.9412,0.0,INDIA,same_name_diff_address,1
S1-657307173,S2-200752497,0.9991,0,1.0,0.0,US,same_name_diff_address,1
S1-165581292,S2-984267880,0.9991,0,0.75,0.0,INDIA,missing_address_collision,1
S1-887287644,S2-42211612,0.9991,0,1.0,0.0,US,same_name_diff_address,1
S1-188660378,S2-694879618,0.9991,0,1.0,0.0,INDIA,same_name_diff_address,1
S1-627716765,S2-401067226,0.9991,0,0.8941,0.0,INDIA,same_name_diff_address,1
S1-308890948,S2-860734008,0.9991,0,1.0,0.0,INDIA,same_name_diff_address,1
S1-62433469,S3-126473472,0.9991,0,0.95,0.0,US,same_name_diff_address,1
S1-135709146,S3-20215086,0.9991,0,0.95,0.0,INDIA,same_name_diff_address,1
S1-873462421,S3-414140749,0.9991,0,0.8667,0.0,INDIA,same_name_diff_address,1
S1-631324450,S2-109546681,0.9991,0,1.0,0.0,INDIA,same_name_diff_address,1
S1-284312051,S2-94889621,0.9991,0,0.8625,0.0,US,same_name_diff_address,1
S1-775846641,S2-716841734,0.9991,0,0.8143,0.0,INDIA,missing_address_collision,1
S1-195266630,S2-366121831,0.9991,0,0.7755,0.0,INDIA,missing_address_collision,1
S1-195266630,S2-474690143,0.9991,0,0.7879,0.0,INDIA,missing_address_collision,1
S1-284312051,S2-186452477,0.9991,0,0.8625,0.0,US,same_name_diff_address,1
S1-650613248,S3-963475880,0.9991,0,0.7125,0.0,US,missing_address_collision,1
S1-5061254,S2-186852206,0.9991,0,1.0,0.0,INDIA,same_name_diff_address,1
S1-582088551,S2-577861085,0.9991,0,1.0,0.0,US,same_name_diff_address,1
S1-143972041,S2-242409404,0.9991,0,0.9153,0.0,INDIA,same_name_diff_address,1
S1-980516530,S2-781598946,0.9991,0,0.7,0.0,US,missing_address_collision,1
S1-348982970,S2-339263908,0.9991,0,1.0,0.0,US,same_name_diff_address,1
S1-893215245,S2-866150961,0.9991,0,1.0,0.0,INDIA,same_name_diff_address,1
S1-733029832,S2-717200636,0.9991,0,0.8245,0.0,INDIA,missing_address_collision,1
S1-932690020,S2-913753172,0.9991,0,1.0,0.0,INDIA,same_name_diff_address,1
S1-222349675,S2-194793932,0.9991,0,1.0,0.0,INDIA,same_name_diff_address,1
S1-353225614,S2-103155653,0.9991,0,0.7692,0.0,INDIA,missing_address_collision,1
S1-509402526,S2-312747336,0.9991,0,1.0,0.0,INDIA,same_name_diff_address,1
S1-203387096,S2-331445435,0.9991,0,0.6,0.0,US,missing_address_collision,1
S1-766852999,S2-436967079,0.9991,0,1.0,0.0,US,same_name_diff_address,1
S1-361183754,S2-357726324,0.9991,0,0.8093,0.0,INDIA,missing_address_collision,1
S1-361183754,S2-138190196,0.9991,0,0.8093,0.0,INDIA,missing_address_collision,1
S1-292308384,S2-255878709,0.9991,0,1.0,0.0,INDIA,same_name_diff_address,1
S1-973679210,S2-60264268,0.9991,0,0.7917,0.0,INDIA,missing_address_collision,1
S1-280128156,S3-282604053,0.9991,0,0.855,0.0,US,same_name_diff_address,1
S1-577441760,S2-187379771,0.9991,0,0.8081,0.0,US,missing_address_collision,1
S1-670610502,S2-255878709,0.9991,0,1.0,0.0,INDIA,same_name_diff_address,1
S1-11970444,S3-451263117,0.9991,0,0.8274,0.0,INDIA,missing_address_collision,1
S1-807271710,S2-655306846,0.9991,0,0.8293,0.0,INDIA,missing_address_collision,1
S1-124027494,S2-625429713,0.9991,0,0.7872,0.0,US,missing_address_collision,1
S1-430082819,S2-537089169,0.9991,0,1.0,0.0,INDIA,same_name_diff_address,1
S1-106395413,S2-258469892,0.9991,0,1.0,0.0,INDIA,same_name_diff_address,1
S1-740932607,S3-138015625,0.9991,0,0.855,0.0,US,same_name_diff_address,1
S1-83535628,S3-447490315,0.9991,0,0.8373,0.0,INDIA,missing_address_collision,1
S1-253296928,S2-163621742,0.9991,0,0.7536,0.0,INDIA,missing_address_collision,1
S1-649255879,S2-503722691,0.9991,0,0.7934,0.0,US,missing_address_collision,1
S1-408275761,S3-770460902,0.9991,0,0.8276,0.0,US,missing_address_collision,1
S1-582417485,S2-382256055,0.9991,0,1.0,0.0,INDIA,same_name_diff_address,1
S1-395494756,S2-863020243,0.9991,0,1.0,0.0,INDIA,same_name_diff_address,1
S1-787402085,S2-877306912,0.9991,0,0.869,0.0,US,same_name_diff_address,1
S1-672834079,S2-876117818,0.9991,0,0.8313,0.0,INDIA,missing_address_collision,1
S1-137045802,S3-472557811,0.9991,0,0.7667,0.0,US,missing_address_collision,1
S1-561663326,S2-725489173,0.9991,0,0.8182,0.0,US,missing_address_collision,1
S1-398774970,S2-690533894,0.9991,0,0.8163,0.0,US,missing_address_collision,1
S1-200743479,S3-187834806,0.9991,0,0.8418,0.0,US,missing_address_collision,1
S1-82583035,S3-947833835,0.9991,0,0.8143,0.0,INDIA,missing_address_collision,1
S1-466463700,S2-571602173,0.9991,0,1.0,0.0,INDIA,same_name_diff_address,1
S1-4731695,S2-42577223,0.9991,0,1.0,0.0,INDIA,same_name_diff_address,1
S1-928380668,S2-214375704,0.9991,0,0.8404,0.0,INDIA,missing_address_collision,1
S1-908616614,S3-684181347,0.999,0,0.8721,0.0,INDIA,same_name_diff_address,1
S1-10621239,S2-31812153,0.999,0,0.9091,0.0,INDIA,same_name_diff_address,1
S1-916474754,S2-150119699,0.999,0,0.7869,0.0,INDIA,missing_address_collision,1
S1-984624524,S2-599967726,0.999,0,0.76,0.0,US,missing_address_collision,1
S1-29399306,S3-442360300,0.999,0,0.7037,0.0,US,missing_address_collision,1
S1-835972940,S2-274520629,0.999,0,0.8894,0.0,INDIA,same_name_diff_address,1
S1-423967071,S3-542877910,0.999,0,0.8143,0.0,US,missing_address_collision,1
S1-423967071,S3-753936416,0.999,0,0.8291,0.0,US,missing_address_collision,1
S1-190839087,S2-799889107,0.999,0,0.8022,0.0,US,missing_address_collision,1
S1-762724218,S2-823535900,0.999,0,0.7464,0.0,INDIA,missing_address_collision,1
S1-723668827,S3-342037327,0.999,0,0.855,0.0,US,same_name_diff_address,1
S1-807140616,S2-597407874,0.999,0,0.912,0.0,US,same_name_diff_address,1
S1-919657303,S2-373455355,0.999,0,0.7895,0.0,INDIA,missing_address_collision,1
S1-746933665,S2-119911942,0.999,0,0.7741,0.0,INDIA,missing_address_collision,1
S1-273038383,S2-181542971,0.999,0,0.8247,0.0,US,missing_address_collision,1
S1-683999279,S2-810376792,0.999,0,0.7022,0.0,US,missing_address_collision,1
S1-948533244,S2-231570356,0.999,0,0.8276,0.0,INDIA,missing_address_collision,1
S1-767689971,S2-520575537,0.999,0,0.7848,0.0,INDIA,missing_address_collision,1
S1-87696637,S2-495833664,0.999,0,0.8525,0.0,INDIA,same_name_diff_address,1
S1-274396809,S2-558457101,0.999,0,0.7896,0.0,US,missing_address_collision,1
S1-463318351,S2-405603972,0.999,0,0.8519,0.0,INDIA,same_name_diff_address,1
S1-927060608,S3-68638232,0.999,0,0.8444,0.0,US,missing_address_collision,1
S1-167007420,S2-926702492,0.999,0,0.8245,0.0,INDIA,missing_address_collision,1
S1-38321566,S3-232112444,0.999,0,0.8333,0.0,INDIA,missing_address_collision,1
S1-8678106,S2-492348687,0.999,0,0.7389,0.0,INDIA,missing_address_collision,1
S1-506375690,S3-824604130,0.999,0,0.7917,0.0,INDIA,missing_address_collision,1
S1-415666036,S2-117687058,0.999,0,0.75,0.0,US,missing_address_collision,1
S1-90574061,S2-507717898,0.999,0,0.7653,0.0,US,missing_address_collision,1
S1-193629907,S3-546656335,0.999,0,0.684,0.0,US,missing_address_collision,1
S1-331092198,S2-282364203,0.999,0,0.7961,0.0,US,missing_address_collision,1
S1-782242976,S2-324514757,0.999,0,0.7857,0.0,US,missing_address_collision,1
S1-738948749,S3-405559615,0.999,0,0.8581,0.0,INDIA,same_name_diff_address,1
S1-8499563,S2-250973811,0.999,0,0.7804,0.0,INDIA,missing_address_collision,1
S1-2844579,S2-672735324,0.999,0,0.7576,0.0,INDIA,missing_address_collision,1
S1-834650669,S2-679100757,0.999,0,0.7925,0.0,INDIA,missing_address_collision,1
S1-202188189,S2-665491806,0.999,0,0.7879,0.0,US,missing_address_collision,1
S1-295487406,S2-124232104,0.999,0,0.8769,0.0,INDIA,same_name_diff_address,1
S1-245552080,S3-581541802,0.999,0,0.8296,0.0,INDIA,missing_address_collision,1
S1-416751794,S3-264196793,0.9989,0,0.836,0.0,INDIA,missing_address_collision,1
S1-227985910,S2-469262525,0.9989,0,0.8233,0.0,INDIA,missing_address_collision,1
S1-930617339,S2-477101672,0.9989,0,0.95,0.0,INDIA,same_name_diff_address,1
S1-188385589,S2-377405953,0.9989,0,0.7917,0.0,US,missing_address_collision,1
S1-583380345,S2-147321790,0.9989,0,0.76,0.0,INDIA,missing_address_collision,1
S1-19431567,S2-90995161,0.9989,0,0.8317,0.0,US,missing_address_collision,1
S1-13311948,S2-170534181,0.9989,0,0.7885,0.0,US,missing_address_collision,1
S1-497250925,S3-318254938,0.9989,0,1.0,0.0,US,same_name_diff_address,1
S1-304515325,S3-39502254,0.9989,0,0.9286,0.0,US,same_name_diff_address,1
S1-956209842,S3-8028493,0.9989,0,0.8482,0.0,INDIA,missing_address_collision,1
S1-908153291,S2-695572129,0.9989,0,0.7512,0.0,INDIA,missing_address_collision,1
S1-260478870,S2-22755226,0.9989,0,0.7671,0.0,INDIA,missing_address_collision,1
S1-421404084,S2-730272504,0.9989,0,0.9,0.0,INDIA,same_name_diff_address,1
S1-463518971,S3-661341489,0.9989,0,0.7896,0.0,US,missing_address_collision,1
S1-399419590,S2-290828874,0.9989,0,0.7917,0.0,US,missing_address_collision,1
S1-751372181,S2-527474513,0.9989,0,0.7755,0.0,US,missing_address_collision,1
S1-271934780,S2-759451818,0.9989,0,0.7887,0.0,INDIA,missing_address_collision,1
S1-717722567,S2-620363865,0.9989,0,0.8894,0.0,US,same_name_diff_address,1
S1-193265487,S2-63561541,0.9989,0,0.874,0.0,INDIA,same_name_diff_address,1
S1-411418867,S2-533421840,0.9989,0,0.8245,0.0,INDIA,missing_address_collision,1
S1-389864717,S2-695572129,0.9989,0,0.7512,0.0,INDIA,missing_address_collision,1
S1-758598746,S2-349099624,0.9989,0,0.8245,0.0,US,missing_address_collision,1
S1-612656151,S2-949447193,0.9989,0,0.7887,0.0,INDIA,missing_address_collision,1
S1-767875356,S2-645346636,0.9989,0,0.7191,0.0,US,missing_address_collision,1
S1-667215690,S2-839451942,0.9989,0,0.7896,0.0,US,missing_address_collision,1
S1-740932607,S2-525927386,0.9989,0,0.9,0.0,US,same_name_diff_address,1
S1-105842143,S2-630354057,0.9989,0,0.7714,0.0,INDIA,missing_address_collision,1
S1-105842143,S2-753856989,0.9989,0,0.7824,0.0,INDIA,missing_address_collision,1
S1-938027748,S3-828528183,0.9989,0,0.6842,0.0,US,missing_address_collision,1
S1-586783409,S2-485546638,0.9989,0,0.7125,0.0,INDIA,missing_address_collision,1
S1-814401698,S3-921585424,0.9989,0,0.95,0.0,INDIA,same_name_diff_address,1
S1-639323039,S2-171304691,0.9989,0,0.7937,0.0,INDIA,missing_address_collision,1
S1-470518464,S2-299859902,0.9989,0,0.7667,0.0,INDIA,missing_address_collision,1
S1-209453934,S2-505837080,0.9989,0,0.7959,0.0,US,missing_address_collision,1
S1-436129475,S2-383700792,0.9989,0,0.7115,0.0,US,missing_address_collision,1
S1-164713886,S2-711195941,0.9989,0,0.7755,0.0,INDIA,missing_address_collision,1
S1-711275375,S2-247210251,0.9989,0,0.76,0.0,INDIA,missing_address_collision,1
S1-195432335,S2-867879207,0.9989,0,0.7848,0.0,INDIA,missing_address_collision,1
S1-29687526,S2-73059901,0.9989,0,0.8291,0.0,INDIA,missing_address_collision,1
S1-841443350,S2-82647767,0.9989,0,0.7931,0.0,INDIA,missing_address_collision,1
S1-917954364,S2-138135262,0.9989,0,0.8125,0.0,INDIA,missing_address_collision,1
S1-894006169,S2-924628080,0.9989,0,0.8462,0.0,INDIA,missing_address_collision,1
S1-119332104,S2-66117857,0.9989,0,0.8889,0.0,INDIA,same_name_diff_address,1
S1-469889329,S2-141534014,0.9989,0,0.9615,0.0,INDIA,same_name_diff_address,1
S1-181406837,S2-379559265,0.9989,0,0.8276,0.0,INDIA,missing_address_collision,1
S1-545326590,S2-917527007,0.9989,0,0.806,0.0,INDIA,missing_address_collision,1
S1-624328626,S2-758113157,0.9989,0,0.6967,0.0,INDIA,missing_address_collision,1
S1-200884405,S3-458717465,0.9989,0,0.7879,0.0,INDIA,missing_address_collision,1
S1-694766783,S2-671160075,0.9989,0,0.8769,0.0,INDIA,same_name_diff_address,1
S1-887068539,S2-748494773,0.9989,0,0.6471,0.0,US,missing_address_collision,1
S1-545043982,S2-911226225,0.9989,0,0.8894,0.0,US,same_name_diff_address,1
S1-415666036,S2-330077361,0.9989,0,0.8222,0.0,US,missing_address_collision,1
S1-137929405,S3-302073574,0.9988,0,1.0,0.0,US,same_name_diff_address,1
S1-253240441,S2-891557147,0.9988,0,0.8313,0.0,INDIA,missing_address_collision,1
S1-809873117,S2-198921579,0.9988,0,0.7125,0.0,US,missing_address_collision,1
S1-68050563,S3-323785965,0.9988,0,1.0,0.0,US,same_name_diff_address,1
S1-582604417,S3-68957100,0.9988,0,1.0,0.0,US,same_name_diff_address,1
S1-530935825,S3-827420010,0.9988,0,1.0,0.0,US,same_name_diff_address,1
S1-217720436,S2-860342270,0.9988,0,0.8,0.0,INDIA,missing_address_collision,1
S1-695306483,S2-186606782,0.9988,0,0.7959,0.0,US,missing_address_collision,1
S1-504532004,S3-575472972,0.9988,0,1.0,0.0,US,same_name_diff_address,1
S1-976570070,S3-124842529,0.9988,0,1.0,0.0,US,same_name_diff_address,1
S1-16783293,S3-682920245,0.9988,0,1.0,0.0,US,same_name_diff_address,1
S1-497250925,S2-758032261,0.9988,0,0.855,0.0,US,same_name_diff_address,1
S1-35077834,S3-903289369,0.9988,0,1.0,0.0,US,same_name_diff_address,1
S1-525723532,S2-536581630,0.9988,0,0.789,0.0,US,missing_address_collision,1
S1-408506510,S2-161498252,0.9988,0,0.8143,0.0,INDIA,missing_address_collision,1
S1-381283180,S3-32231515,0.9988,0,1.0,0.0,INDIA,same_name_diff_address,1
S1-359184234,S2-821304518,0.9988,0,0.8291,0.0,INDIA,missing_address_collision,1
S1-126161240,S2-767001011,0.9988,0,0.7887,0.0,US,missing_address_collision,1
S1-75138382,S3-988151888,0.9988,0,1.0,0.0,US,same_name_diff_address,1
S1-356178182,S3-541882589,0.9988,0,1.0,0.0,US,same_name_diff_address,1
S1-747589182,S2-484410138,0.9988,0,0.8,0.0,INDIA,missing_address_collision,1
S1-325844727,S2-724667312,0.9988,0,0.855,0.0,US,same_name_diff_address,1
S1-704508969,S3-896903837,0.9988,0,1.0,0.0,US,same_name_diff_address,1
S1-929003824,S3-673903145,0.9988,0,1.0,0.0,US,same_name_diff_address,1
S1-700330267,S3-126133686,0.9988,0,1.0,0.0,INDIA,same_name_diff_address,1
S1-567981252,S3-805212043,0.9988,0,1.0,0.0,US,same_name_diff_address,1
S1-858502598,S3-24744432,0.9988,0,1.0,0.0,US,same_name_diff_address,1
S1-943595309,S3-331918695,0.9988,0,1.0,0.0,US,same_name_diff_address,1
S1-296426737,S2-25923638,0.9988,0,0.8143,0.0,INDIA,missing_address_collision,1
S1-854421814,S3-113714750,0.9988,0,1.0,0.0,US,same_name_diff_address,1
S1-25254409,S2-599967726,0.9988,0,0.76,0.0,US,missing_address_collision,1
S1-135412130,S3-694936487,0.9988,0,0.8205,0.0,US,missing_address_collision,1
S1-815225350,S3-309437153,0.9988,0,1.0,0.0,US,same_name_diff_address,1
S1-577138713,S3-631726344,0.9988,0,0.8233,0.0,INDIA,missing_address_collision,1
S1-167786139,S3-78533658,0.9988,0,1.0,0.0,INDIA,same_name_diff_address,1
S1-55028849,S3-380604035,0.9988,0,1.0,0.0,US,same_name_diff_address,1
S1-38605967,S2-240060197,0.9988,0,0.855,0.0,US,same_name_diff_address,1
S1-857000393,S3-619007261,0.9988,0,1.0,0.0,US,same_name_diff_address,1
S1-720741026,S3-536562201,0.9988,0,1.0,0.0,US,same_name_diff_address,1
S1-72854411,S3-925756049,0.9988,0,1.0,0.0,US,same_name_diff_address,1
S1-916550121,S3-789969457,0.9988,0,1.0,0.0,US,same_name_diff_address,1
S1-846204778,S2-171785314,0.9988,0,0.8056,0.0,INDIA,missing_address_collision,1
S1-315194959,S3-463887319,0.9988,0,1.0,0.0,US,same_name_diff_address,1
S1-505069012,S2-813443367,0.9988,0,0.8,0.0,INDIA,missing_address_collision,1
S1-967029692,S2-70702275,0.9988,0,0.7921,0.0,US,missing_address_collision,1
S1-127805205,S2-662079122,0.9988,0,0.9135,0.0,INDIA,same_name_diff_address,1
S1-724268068,S2-581668050,0.9988,0,0.8837,0.0,INDIA,same_name_diff_address,1
S1-556186965,S2-631386798,0.9988,0,0.809,0.0,US,missing_address_collision,1
S1-95098672,S2-113978947,0.9988,0,0.8155,0.0,US,missing_address_collision,1
S1-871837514,S2-243899308,0.9988,0,0.855,0.0,US,same_name_diff_address,1
S1-911925588,S2-956805001,0.9988,0,0.8235,0.0,INDIA,missing_address_collision,1
S1-269108284,S3-95971788,0.9988,0,1.0,0.0,US,same_name_diff_address,1
S1-665646189,S3-856779487,0.9988,0,1.0,0.0,US,same_name_diff_address,1
S1-23349747,S3-715809538,0.9988,0,1.0,0.0,US,same_name_diff_address,1
S1-539520538,S3-464424586,0.9988,0,1.0,0.0,US,same_name_diff_address,1
S1-830888821,S3-152205588,0.9988,0,0.874,0.0,US,same_name_diff_address,1
S1-49141450,S2-66482950,0.9988,0,0.855,0.0,US,same_name_diff_address,1
S1-626028213,S3-586319426,0.9988,0,0.7451,0.0,INDIA,missing_address_collision,1
S1-652430927,S3-490421638,0.9988,0,1.0,0.0,US,same_name_diff_address,1
S1-733029832,S2-566092355,0.9988,0,0.8245,0.0,INDIA,missing_address_collision,1
S1-762899022,S3-107694943,0.9988,0,0.6333,0.0,US,missing_address_collision,1
S1-124027494,S2-43526867,0.9988,0,0.8708,0.0,US,same_name_diff_address,1
S1-386873793,S2-597036682,0.9988,0,0.8174,0.0,US,missing_address_collision,1
S1-43518017,S3-524000804,0.9988,0,1.0,0.0,US,same_name_diff_address,1
S1-802319173,S3-586658579,0.9988,0,1.0,0.0,US,same_name_diff_address,1
S1-478521768,S3-57668482,0.9988,0,1.0,0.0,US,same_name_diff_address,1
S1-27429030,S3-297281115,0.9988,0,1.0,0.0,US,same_name_diff_address,1
S1-577441760,S3-180158188,0.9988,0,0.7917,0.0,US,missing_address_collision,1
S1-327628898,S3-697913922,0.9988,0,0.8395,0.0,INDIA,missing_address_collision,1
S1-574806212,S2-366426974,0.9988,0,0.8395,0.0,INDIA,missing_address_collision,1
S1-815507756,S3-312845728,0.9988,0,1.0,0.0,US,same_name_diff_address,1
S1-31852247,S3-739973650,0.9988,0,0.76,0.0,INDIA,missing_address_collision,1
S1-741948244,S3-537179858,0.9988,0,1.0,0.0,US,same_name_diff_address,1
S1-508554227,S2-403945653,0.9988,0,0.7451,0.0,INDIA,missing_address_collision,1
S1-964548020,S3-482579550,0.9988,0,1.0,0.0,US,same_name_diff_address,1
S1-399187159,S3-753636840,0.9988,0,1.0,0.0,US,same_name_diff_address,1
S1-114094906,S3-98050341,0.9988,0,1.0,0.0,US,same_name_diff_address,1
S1-776264622,S3-583772819,0.9988,0,1.0,0.0,US,same_name_diff_address,1
S1-575913798,S3-214207808,0.9988,0,1.0,0.0,US,same_name_diff_address,1
S1-245245190,S3-514581778,0.9988,0,1.0,0.0,US,same_name_diff_address,1
S1-43223578,S3-623527107,0.9988,0,0.8889,0.0,INDIA,same_name_diff_address,1
S1-543819559,S3-24105106,0.9988,0,1.0,0.0,US,same_name_diff_address,1
S1-590385774,S2-343275846,0.9988,0,0.8404,0.0,INDIA,missing_address_collision,1
S1-168258572,S2-647773542,0.9988,0,0.9032,0.0,INDIA,same_name_diff_address,1
S1-901017078,S2-388024196,0.9988,0,0.7727,0.0,US,missing_address_collision,1
S1-884164664,S3-627054189,0.9988,0,1.0,0.0,US,same_name_diff_address,1
S1-433485735,S3-535513408,0.9988,0,1.0,0.0,US,same_name_diff_address,1
S1-19709148,S2-836042454,0.9988,0,0.7288,0.0,INDIA,missing_address_collision,1
S1-111119990,S2-601486984,0.9988,0,0.8136,0.0,INDIA,missing_address_collision,1
S1-614331909,S3-177944289,0.9988,0,1.0,0.0,US,same_name_diff_address,1
S1-719020702,S2-922061113,0.9987,0,0.7869,0.0,INDIA,missing_address_collision,1
S1-638288610,S3-60958679,0.9987,0,1.0,0.0,INDIA,same_name_diff_address,1
S1-911786582,S3-870565541,0.9987,0,1.0,0.0,US,same_name_diff_address,1
S1-765993542,S3-760303992,0.9987,0,1.0,0.0,INDIA,same_name_diff_address,1
S1-477282252,S3-197572203,0.9987,0,1.0,0.0,INDIA,same_name_diff_address,1
S1-295693750,S3-44938547,0.9987,0,1.0,0.0,INDIA,same_name_diff_address,1
S1-246935386,S2-64009639,0.9987,0,0.7941,0.0,INDIA,missing_address_collision,1
S1-786431926,S2-984641521,0.9987,0,0.7667,0.0,INDIA,missing_address_collision,1
S1-941961857,S3-958114686,0.9987,0,1.0,0.0,INDIA,same_name_diff_address,1
S1-22272766,S3-44938547,0.9987,0,1.0,0.0,INDIA,same_name_diff_address,1
S1-228099381,S2-339725193,0.9987,0,0.7273,0.0,INDIA,missing_address_collision,1
S1-914242964,S3-22567561,0.9987,0,1.0,0.0,INDIA,same_name_diff_address,1
S1-320297483,S3-559253345,0.9987,0,1.0,0.0,US,same_name_diff_address,1
S1-277115402,S2-630091204,0.9987,0,0.7586,0.0,US,missing_address_collision,1
S1-694766783,S2-420942204,0.9987,0,0.918,0.0,INDIA,same_name_diff_address,1
S1-649867448,S2-334260298,0.9987,0,0.8924,0.0,US,same_name_diff_address,1
S1-83010893,S3-658911316,0.9987,0,1.0,0.0,US,same_name_diff_address,1
S1-143479995,S2-598931936,0.9987,0,0.8233,0.0,US,missing_address_collision,1
S1-318912887,S3-822842805,0.9987,0,1.0,0.0,US,same_name_diff_address,1
S1-874558231,S2-733831711,0.9987,0,0.855,0.0,US,same_name_diff_address,1
S1-516426860,S3-334710043,0.9987,0,1.0,0.0,INDIA,same_name_diff_address,1
S1-28127325,S3-636742589,0.9987,0,1.0,0.0,INDIA,same_name_diff_address,1
S1-688155377,S3-522419161,0.9987,0,1.0,0.0,INDIA,same_name_diff_address,1
S1-965733881,S3-605083053,0.9987,0,1.0,0.0,INDIA,same_name_diff_address,1
S1-646144285,S3-234787876,0.9987,0,1.0,0.0,INDIA,same_name_diff_address,1
S1-879143067,S3-123849126,0.9987,0,0.6577,0.0,US,missing_address_collision,1
S1-222919772,S3-713547940,0.9987,0,1.0,0.0,INDIA,same_name_diff_address,1
S1-525723532,S3-530966617,0.9987,0,0.7963,0.0,US,missing_address_collision,1
S1-240539666,S2-988138213,0.9987,0,0.806,0.0,INDIA,missing_address_collision,1
S1-516577232,S3-392844022,0.9987,0,1.0,0.0,INDIA,same_name_diff_address,1
S1-745423382,S3-634191677,0.9987,0,1.0,0.0,INDIA,same_name_diff_address,1
S1-436984553,S2-992212682,0.9987,0,0.7037,0.0,US,missing_address_collision,1
S1-158814908,S2-92534242,0.9987,0,0.855,0.0,INDIA,same_name_diff_address,1
S1-244674039,S2-279019989,0.9987,0,0.7755,0.0,US,missing_address_collision,1
S1-961069501,S3-661715722,0.9987,0,1.0,0.0,INDIA,same_name_diff_address,1
S1-548142817,S2-200674238,0.9987,0,0.8136,0.0,INDIA,missing_address_collision,1
S1-38605967,S3-904095800,0.9987,0,1.0,0.0,US,same_name_diff_address,1
S1-81254521,S3-457830255,0.9987,0,1.0,0.0,INDIA,same_name_diff_address,1
S1-466071569,S3-117157220,0.9987,0,1.0,0.0,INDIA,same_name_diff_address,1
S1-705251800,S3-250849080,0.9987,0,0.7681,0.0,INDIA,missing_address_collision,1
S1-814626334,S3-944568179,0.9987,0,1.0,0.0,INDIA,same_name_diff_address,1
S1-530850654,S3-489885923,0.9987,0,1.0,0.0,US,same_name_diff_address,1
S1-948179401,S3-178230822,0.9987,0,1.0,0.0,INDIA,same_name_diff_address,1
S1-959642963,S3-616372197,0.9987,0,1.0,0.0,INDIA,same_name_diff_address,1
S1-785162782,S3-109066916,0.9987,0,1.0,0.0,INDIA,same_name_diff_address,1
S1-687096271,S2-320290718,0.9987,0,0.8197,0.0,INDIA,missing_address_collision,1
S1-503780446,S3-552468198,0.9987,0,1.0,0.0,INDIA,same_name_diff_address,1
S1-749176190,S3-909703468,0.9987,0,1.0,0.0,INDIA,same_name_diff_address,1
S1-530850654,S3-993377476,0.9987,0,1.0,0.0,US,same_name_diff_address,1
S1-833189293,S3-506369593,0.9987,0,1.0,0.0,INDIA,same_name_diff_address,1
S1-847155760,S3-381353204,0.9987,0,1.0,0.0,INDIA,same_name_diff_address,1
S1-672247589,S3-361377842,0.9987,0,1.0,0.0,INDIA,same_name_diff_address,1
S1-238118515,S3-773466285,0.9987,0,1.0,0.0,US,same_name_diff_address,1
S1-422961069,S2-788115460,0.9987,0,0.855,0.0,US,same_name_diff_address,1
S1-134896364,S3-245081294,0.9987,0,0.794,0.0,INDIA,missing_address_collision,1
S1-963136339,S3-635935996,0.9987,0,1.0,0.0,US,same_name_diff_address,1
S1-641127006,S2-376546743,0.9987,0,0.8525,0.0,INDIA,same_name_diff_address,1
S1-696035266,S2-795071927,0.9987,0,0.8125,0.0,INDIA,missing_address_collision,1
S1-197087868,S3-743950165,0.9987,0,1.0,0.0,INDIA,same_name_diff_address,1
S1-506341156,S3-237644355,0.9987,0,0.7896,0.0,US,missing_address_collision,1
S1-852261589,S2-600038246,0.9987,0,0.8743,0.0,US,same_name_diff_address,1
S1-871837514,S2-920392816,0.9987,0,0.855,0.0,US,same_name_diff_address,1
S1-201281490,S2-57025270,0.9987,0,0.8536,0.0,US,same_name_diff_address,1
S1-493767627,S2-275069252,0.9987,0,0.855,0.0,INDIA,same_name_diff_address,1
S1-103912908,S2-185712538,0.9987,0,0.8519,0.0,US,same_name_diff_address,1
S1-267146699,S2-769170993,0.9987,0,0.8033,0.0,US,missing_address_collision,1
S1-664133941,S3-24155536,0.9987,0,1.0,0.0,INDIA,same_name_diff_address,1
S1-904206685,S2-312311415,0.9987,0,0.7292,0.0,US,missing_address_collision,1
S1-98378431,S3-451118302,0.9987,0,1.0,0.0,INDIA,same_name_diff_address,1
S1-424685613,S3-962865492,0.9987,0,1.0,0.0,US,same_name_diff_address,1
S1-776489378,S3-708976318,0.9987,0,1.0,0.0,US,same_name_diff_address,1
S1-142716990,S2-792252324,0.9987,0,0.8769,0.0,INDIA,same_name_diff_address,1
S1-460739855,S3-777842067,0.9987,0,1.0,0.0,INDIA,same_name_diff_address,1
S1-949199510,S2-278328678,0.9987,0,0.8163,0.0,INDIA,missing_address_collision,1
S1-41384675,S3-961384785,0.9987,0,1.0,0.0,US,same_name_diff_address,1
S1-620628278,S3-769447591,0.9987,0,1.0,0.0,INDIA,same_name_diff_address,1
S1-602562706,S3-698325108,0.9987,0,1.0,0.0,INDIA,same_name_diff_address,1
S1-976980088,S3-374421386,0.9987,0,1.0,0.0,INDIA,same_name_diff_address,1
S1-295142216,S3-904529379,0.9987,0,1.0,0.0,INDIA,same_name_diff_address,1
S1-525037820,S2-709227573,0.9987,0,0.8054,0.0,US,missing_address_collision,1
S1-117679095,S3-519469243,0.9987,0,1.0,0.0,INDIA,same_name_diff_address,1
S1-833663141,S3-782008122,0.9987,0,1.0,0.0,INDIA,same_name_diff_address,1
S1-406023737,S3-779162682,0.9987,0,1.0,0.0,INDIA,same_name_diff_address,1
S1-93875395,S3-495531689,0.9987,0,1.0,0.0,INDIA,same_name_diff_address,1
S1-692019373,S3-297426108,0.9987,0,1.0,0.0,INDIA,same_name_diff_address,1
S1-96233998,S3-361261314,0.9987,0,1.0,0.0,US,same_name_diff_address,1
S1-185463686,S2-311306864,0.9987,0,0.8125,0.0,INDIA,missing_address_collision,1
S1-671183955,S3-725197703,0.9987,0,1.0,0.0,INDIA,same_name_diff_address,1
S1-208395731,S2-120330457,0.9987,0,0.836,0.0,INDIA,missing_address_collision,1
S1-75238941,S2-474043930,0.9987,0,0.8517,0.0,INDIA,same_name_diff_address,1
S1-489478422,S2-774587474,0.9987,0,0.7422,0.0,INDIA,missing_address_collision,1
S1-559041895,S2-401067226,0.9987,0,0.8291,0.0,INDIA,missing_address_collision,1
S1-552600390,S2-307889485,0.9987,0,0.76,0.0,US,missing_address_collision,1
S1-664502485,S2-64880441,0.9987,0,0.8219,0.0,INDIA,missing_address_collision,1
S1-339438845,S2-201476612,0.9987,0,0.8563,0.0,US,same_name_diff_address,1
S1-393451122,S3-86900863,0.9987,0,1.0,0.0,INDIA,same_name_diff_address,1
S1-5271836,S3-210686262,0.9987,0,1.0,0.0,INDIA,same_name_diff_address,1
S1-160278281,S2-238535258,0.9986,0,0.7277,0.0,INDIA,missing_address_collision,1
S1-745213577,S3-776400112,0.9986,0,0.874,0.0,INDIA,same_name_diff_address,1
S1-181342352,S2-115372480,0.9986,0,0.814,0.0,US,missing_address_collision,1
S1-490302415,S2-376076878,0.9986,0,0.8636,0.0,US,same_name_diff_address,1
S1-206509133,S2-336973669,0.9986,0,0.8821,0.0,US,same_name_diff_address,1
S1-461786185,S3-850658520,0.9986,0,0.8,0.0,INDIA,missing_address_collision,1
S1-305851704,S2-387400309,0.9986,0,0.8887,0.0,INDIA,same_name_diff_address,1
S1-186283520,S2-822231495,0.9986,0,0.7703,0.0,US,missing_address_collision,1
S1-201281490,S2-203295032,0.9986,0,0.8536,0.0,US,same_name_diff_address,1
S1-673642568,S2-102210109,0.9986,0,0.8163,0.0,US,missing_address_collision,1
S1-617231110,S2-507306533,0.9986,0,0.8364,0.0,US,missing_address_collision,1
S1-291478431,S2-689936314,0.9986,0,0.8333,0.0,INDIA,missing_address_collision,1
S1-85449419,S2-483443715,0.9986,0,0.8708,0.0,US,same_name_diff_address,1
S1-826294295,S2-856852952,0.9986,0,0.7692,0.0,INDIA,missing_address_collision,1
S1-119397247,S2-961934225,0.9986,0,0.8196,0.0,INDIA,missing_address_collision,1
S1-90333280,S2-377434896,0.9986,0,0.8313,0.0,INDIA,missing_address_collision,1
S1-556186965,S2-223944167,0.9986,0,0.8924,0.0,US,same_name_diff_address,1
S1-622222518,S3-484272604,0.9986,0,0.855,0.0,INDIA,same_name_diff_address,1
S1-894259274,S2-616890737,0.9986,0,0.7464,0.0,INDIA,missing_address_collision,1
S1-179155824,S2-441884293,0.9986,0,0.7692,0.0,US,missing_address_collision,1
S1-539407667,S2-663544435,0.9986,0,0.8329,0.0,US,missing_address_collision,1
S1-182610804,S2-822007167,0.9986,0,0.697,0.0,US,missing_address_collision,1
S1-274587839,S2-41628298,0.9986,0,0.7178,0.0,US,missing_address_collision,1
S1-1750761,S2-735827761,0.9986,0,0.855,0.0,US,same_name_diff_address,1
S1-833213410,S2-250983200,0.9986,0,0.7143,0.0,INDIA,missing_address_collision,1
S1-712751188,S2-973423280,0.9986,0,0.8197,0.0,INDIA,missing_address_collision,1
S1-712751188,S2-114636257,0.9986,0,0.8197,0.0,INDIA,missing_address_collision,1
S1-970263997,S2-66117857,0.9986,0,0.8569,0.0,INDIA,same_name_diff_address,1
S1-941211728,S2-724790819,0.9986,0,0.8539,0.0,US,same_name_diff_address,1
S1-560756161,S2-872440934,0.9986,0,0.8421,0.0,INDIA,missing_address_collision,1
S1-812958106,S2-204005084,0.9986,0,0.8404,0.0,INDIA,missing_address_collision,1
S1-649480753,S2-168131641,0.9986,0,0.8065,0.0,INDIA,missing_address_collision,1
S1-965643522,S2-786698137,0.9986,0,0.8245,0.0,INDIA,missing_address_collision,1
S1-983967542,S2-700849273,0.9986,0,0.7742,0.0,INDIA,missing_address_collision,1
S1-857979167,S2-261498134,0.9986,0,0.7532,0.0,US,missing_address_collision,1
S1-868889272,S2-828587108,0.9986,0,0.8136,0.0,INDIA,missing_address_collision,1
S1-393272182,S2-697145627,0.9985,0,0.7887,0.0,INDIA,missing_address_collision,1
S1-484190203,S2-73852175,0.9985,0,0.873,0.0,US,same_name_diff_address,1
S1-957848039,S2-117480542,0.9985,0,0.855,0.0,US,same_name_diff_address,1
S1-824253290,S3-554728394,0.9985,0,0.7917,0.0,US,missing_address_collision,1
S1-88040414,S2-131251329,0.9985,0,0.9,0.0,US,same_name_diff_address,1
S1-481479813,S2-639740080,0.9985,0,0.8454,0.0,US,missing_address_collision,1
S1-208676191,S2-701134304,0.9985,0,0.8604,0.0,INDIA,same_name_diff_address,1
S1-853135217,S2-191810335,0.9985,0,0.9,0.0,US,same_name_diff_address,1
S1-294563747,S2-469724132,0.9985,0,0.855,0.0,US,same_name_diff_address,1
S1-160278281,S2-414386218,0.9985,0,0.7661,0.0,INDIA,missing_address_collision,1
S1-68050563,S2-193937137,0.9985,0,0.9,0.0,US,same_name_diff_address,1
S1-446064333,S2-802616353,0.9985,0,0.8477,0.0,INDIA,missing_address_collision,1
S1-311871598,S2-621527877,0.9985,0,0.6667,0.0,INDIA,missing_address_collision,1
S1-116256621,S2-863801949,0.9985,0,0.819,0.0,INDIA,missing_address_collision,1
S1-860157330,S3-577405599,0.9985,0,0.722,0.0,INDIA,missing_address_collision,1
S1-721540510,S2-624426585,0.9985,0,0.9,0.0,US,same_name_diff_address,1
S1-415465673,S2-804077486,0.9985,0,0.855,0.0,INDIA,same_name_diff_address,1
S1-694766783,S2-580210938,0.9985,0,0.8679,0.0,INDIA,same_name_diff_address,1
S1-860157330,S2-748746820,0.9985,0,0.9,0.0,INDIA,same_name_diff_address,1
S1-822263363,S2-799995680,0.9985,0,0.9,0.0,US,same_name_diff_address,1
S1-16004087,S2-669344281,0.9985,0,0.7255,0.0,US,missing_address_collision,1
S1-644072556,S2-331663531,0.9985,0,0.7554,0.0,US,missing_address_collision,1
S1-949178788,S2-296983513,0.9985,0,0.9,0.0,US,same_name_diff_address,1
S1-38586679,S2-645749439,0.9985,0,0.8,0.0,INDIA,missing_address_collision,1
S1-75772408,S2-519500140,0.9985,0,0.855,0.0,US,same_name_diff_address,1
S1-933519700,S2-117029599,0.9985,0,0.7368,0.0,US,missing_address_collision,1
S1-2888996,S2-856852952,0.9985,0,0.7937,0.0,INDIA,missing_address_collision,1
S1-463618136,S2-477603302,0.9985,0,0.8846,0.0,INDIA,same_name_diff_address,1
S1-861508208,S2-193197025,0.9985,0,0.8254,0.0,INDIA,missing_address_collision,1
S1-280635479,S2-560853561,0.9985,0,0.7797,0.0,INDIA,missing_address_collision,1
S1-737100510,S2-231147275,0.9985,0,0.7778,0.0,INDIA,missing_address_collision,1
S1-158814908,S3-749653921,0.9985,0,0.855,0.0,INDIA,same_name_diff_address,1
S1-543151789,S2-663141949,0.9985,0,0.9,0.0,US,same_name_diff_address,1
S1-786502848,S2-425945826,0.9985,0,0.9,0.0,US,same_name_diff_address,1
S1-692882172,S2-874351659,0.9985,0,0.8609,0.0,INDIA,same_name_diff_address,1
S1-782242976,S2-928673776,0.9985,0,0.72,0.0,US,missing_address_collision,1
S1-354113772,S2-907625225,0.9985,0,0.8038,0.0,INDIA,missing_address_collision,1
S1-382843587,S2-4386258,0.9985,0,0.8708,0.0,INDIA,same_name_diff_address,1
S1-993324329,S2-201034732,0.9985,0,0.7843,0.0,INDIA,missing_address_collision,1
S1-778383947,S2-808397845,0.9985,0,0.8235,0.0,INDIA,missing_address_collision,1
S1-985244656,S2-191869051,0.9985,0,0.7778,0.0,INDIA,missing_address_collision,1
S1-234727445,S2-259409951,0.9985,0,0.855,0.0,US,same_name_diff_address,1
S1-488475259,S2-639174395,0.9985,0,0.7189,0.0,INDIA,missing_address_collision,1
S1-953818703,S2-965282423,0.9985,0,0.7097,0.0,INDIA,missing_address_collision,1
S1-525037820,S2-117346814,0.9985,0,0.8539,0.0,US,same_name_diff_address,1
S1-305028444,S2-594012523,0.9985,0,0.8604,0.0,INDIA,same_name_diff_address,1
S1-900952209,S2-353450308,0.9985,0,0.7547,0.0,INDIA,missing_address_collision,1
S1-973679210,S2-54881195,0.9984,0,0.8746,0.0,INDIA,same_name_diff_address,1
S1-56404852,S2-801786673,0.9984,0,0.8313,0.0,INDIA,missing_address_collision,1
S1-500575929,S2-984641521,0.9984,0,0.7407,0.0,INDIA,missing_address_collision,1
S1-862491517,S2-41446613,0.9984,0,0.8525,0.0,INDIA,same_name_diff_address,1
S1-586576737,S2-792433858,0.9984,0,0.8049,0.0,US,missing_address_collision,1
S1-659054774,S2-421483322,0.9984,0,0.8,0.0,INDIA,missing_address_collision,1
S1-858502598,S2-78628040,0.9984,0,0.855,0.0,US,same_name_diff_address,1
S1-683815893,S2-659816599,0.9984,0,0.855,0.0,US,same_name_diff_address,1
S1-70611596,S3-231755638,0.9984,0,0.7534,0.0,INDIA,missing_address_collision,1
S1-128064649,S2-490733695,0.9984,0,0.8261,0.0,US,missing_address_collision,1
S1-116460531,S2-960501036,0.9984,0,0.855,0.0,US,same_name_diff_address,1
S1-692514593,S2-939862327,0.9984,0,0.8525,0.0,INDIA,same_name_diff_address,1
S1-192342154,S2-552674115,0.9984,0,0.8772,0.0,INDIA,same_name_diff_address,1
S1-51452968,S2-171785314,0.9984,0,0.8358,0.0,INDIA,missing_address_collision,1
S1-574806212,S2-332585706,0.9984,0,0.8889,0.0,INDIA,same_name_diff_address,1
S1-637227575,S2-367662403,0.9984,0,0.7368,0.0,US,missing_address_collision,1
S1-539448237,S2-123463244,0.9984,0,0.8107,0.0,US,missing_address_collision,1
S1-146334316,S2-982176457,0.9984,0,0.8563,0.0,US,same_name_diff_address,1
S1-282466909,S2-958561985,0.9984,0,0.7811,0.0,US,missing_address_collision,1
S1-15366789,S2-34281419,0.9984,0,0.7812,0.0,INDIA,missing_address_collision,1
S1-88385021,S3-721460634,0.9984,0,0.7887,0.0,INDIA,missing_address_collision,1
S1-303838957,S2-397733400,0.9984,0,0.8143,0.0,US,missing_address_collision,1
S1-436322514,S2-66168787,0.9984,0,0.874,0.0,INDIA,same_name_diff_address,1
S1-996357554,S2-592011086,0.9984,0,0.8444,0.0,US,missing_address_collision,1
S1-112771261,S2-340191423,0.9984,0,0.807,0.0,INDIA,missing_address_collision,1
S1-546808066,S3-765397519,0.9984,0,0.7661,0.0,US,missing_address_collision,1
S1-529568044,S2-736782816,0.9984,0,0.7606,0.0,INDIA,missing_address_collision,1
S1-565764826,S2-533115896,0.9984,0,0.8571,0.0,INDIA,same_name_diff_address,1
S1-539448237,S2-431035756,0.9984,0,0.7153,0.0,US,missing_address_collision,1
S1-906130210,S2-257558515,0.9984,0,0.8473,0.0,US,missing_address_collision,1
S1-508382843,S2-601732156,0.9984,0,0.8824,0.0,INDIA,same_name_diff_address,1
S1-286007256,S2-181570465,0.9984,0,0.8662,0.0,US,same_name_diff_address,1
S1-463484921,S2-295960579,0.9984,0,0.8395,0.0,INDIA,missing_address_collision,1
S1-727677943,S2-748528639,0.9984,0,0.855,0.0,US,same_name_diff_address,1
S1-6020503,S2-151979074,0.9984,0,0.708,0.0,US,missing_address_collision,1
S1-786982456,S2-252860140,0.9984,0,0.8205,0.0,INDIA,missing_address_collision,1
S1-89585719,S2-685376568,0.9984,0,0.855,0.0,US,same_name_diff_address,1
S1-166082575,S3-944826933,0.9984,0,0.8205,0.0,US,missing_address_collision,1
S1-633910680,S2-36258633,0.9984,0,0.9,0.0,US,same_name_diff_address,1
S1-983213249,S2-840490045,0.9984,0,0.7742,0.0,US,missing_address_collision,1
S1-300785079,S2-295211619,0.9984,0,0.7389,0.0,INDIA,missing_address_collision,1
S1-564015905,S3-150959934,0.9984,0,0.608,0.0,US,missing_address_collision,1
S1-564015905,S3-198993278,0.9984,0,0.608,0.0,US,missing_address_collision,1
S1-63366883,S2-474043930,0.9984,0,0.8769,0.0,INDIA,same_name_diff_address,1
S1-379044829,S2-348544290,0.9984,0,0.6885,0.0,INDIA,missing_address_collision,1
S1-163347534,S2-579236545,0.9984,0,0.7052,0.0,US,missing_address_collision,1
S1-138906190,S2-865691824,0.9983,0,0.7143,0.0,US,missing_address_collision,1
S1-721540510,S2-893526558,0.9983,0,0.6,0.0,US,missing_address_collision,1
S1-574201065,S2-44829052,0.9983,0,0.9,0.0,US,same_name_diff_address,1
S1-853135217,S2-618027865,0.9983,0,0.9,0.0,US,same_name_diff_address,1
S1-383735269,S3-683786662,0.9983,0,0.8354,0.0,INDIA,missing_address_collision,1
S1-178079583,S2-157531319,0.9983,0,0.8348,0.0,US,missing_address_collision,1
S1-227608082,S2-873135138,0.9983,0,0.855,0.0,INDIA,same_name_diff_address,1
S1-433638865,S2-853043280,0.9983,0,0.7661,0.0,US,missing_address_collision,1
S1-541281313,S2-827688555,0.9983,0,0.7415,0.0,INDIA,missing_address_collision,1
S1-399379621,S3-812135907,0.9983,0,0.7653,0.0,US,missing_address_collision,1
S1-566353143,S2-432432927,0.9983,0,0.7857,0.0,US,missing_address_collision,1
S1-729799358,S2-84782426,0.9983,0,0.7887,0.0,INDIA,missing_address_collision,1
S1-988160902,S2-67529723,0.9983,0,0.7143,0.0,INDIA,missing_address_collision,1
S1-19257663,S2-778509795,0.9983,0,0.855,0.0,US,same_name_diff_address,1
S1-182827827,S2-673306622,0.9983,0,0.7333,0.0,INDIA,missing_address_collision,1
S1-653869341,S2-903333913,0.9983,0,0.8571,0.0,US,same_name_diff_address,1
S1-246552086,S2-506697040,0.9983,0,0.8205,0.0,INDIA,missing_address_collision,1
S1-995003713,S2-652614087,0.9983,0,0.6763,0.0,US,missing_address_collision,1
S1-42546763,S2-64880441,0.9983,0,0.8286,0.0,INDIA,missing_address_collision,1
S1-721540510,S2-118595038,0.9983,0,0.9,0.0,US,same_name_diff_address,1
S1-735502601,S2-273356647,0.9983,0,0.855,0.0,INDIA,same_name_diff_address,1
S1-313627444,S2-102210109,0.9983,0,0.7333,0.0,US,missing_address_collision,1
S1-550101263,S2-431730005,0.9983,0,0.7692,0.0,INDIA,missing_address_collision,1
S1-474479825,S2-561637805,0.9983,0,0.9,0.0,US,same_name_diff_address,1
S1-297981291,S2-722810108,0.9983,0,0.871,0.0,INDIA,same_name_diff_address,1
S1-638571423,S2-258972956,0.9983,0,0.8329,0.0,US,missing_address_collision,1
S1-322016579,S2-655491325,0.9983,0,0.7878,0.0,US,missing_address_collision,1
S1-469889329,S2-385619378,0.9983,0,0.8894,0.0,INDIA,same_name_diff_address,1
S1-802937414,S2-433649937,0.9983,0,0.855,0.0,US,same_name_diff_address,1
S1-90262144,S2-182760242,0.9983,0,0.7143,0.0,US,missing_address_collision,1
S1-784059496,S3-468567892,0.9983,0,0.8788,0.0,US,same_name_diff_address,1
S1-738814146,S2-829181939,0.9983,0,0.9,0.0,US,same_name_diff_address,1
S1-623669159,S2-304436356,0.9983,0,0.7333,0.0,INDIA,missing_address_collision,1
S1-700518821,S2-704652329,0.9983,0,0.5938,0.0,INDIA,missing_address_collision,1
S1-696035266,S2-472648918,0.9983,0,0.8604,0.0,INDIA,same_name_diff_address,1
S1-291429803,S3-637995412,0.9983,0,0.7824,0.0,INDIA,missing_address_collision,1
S1-305028444,S2-156084780,0.9983,0,0.8,0.0,INDIA,missing_address_collision,1
S1-969431040,S2-591668091,0.9983,0,0.76,0.0,US,missing_address_collision,1
S1-345114600,S2-782224109,0.9983,0,0.8333,0.0,INDIA,missing_address_collision,1
S1-160151329,S2-531977723,0.9983,0,0.76,0.0,US,missing_address_collision,1
S1-157970052,S2-659381824,0.9983,0,0.8718,0.0,US,same_name_diff_address,1
S1-79406545,S2-768107797,0.9983,0,0.707,0.0,INDIA,missing_address_collision,1
S1-872062946,S2-285136398,0.9983,0,0.8181,0.0,US,missing_address_collision,1
S1-168258572,S2-169239259,0.9983,0,0.722,0.0,INDIA,missing_address_collision,1
S1-692901144,S2-665700077,0.9983,0,0.9,0.0,US,same_name_diff_address,1
S1-610590669,S2-579766895,0.9983,0,0.8028,0.0,US,missing_address_collision,1
S1-43907020,S2-99450200,0.9983,0,0.7085,0.0,INDIA,missing_address_collision,1
S1-692882172,S2-664046275,0.9983,0,0.7464,0.0,INDIA,missing_address_collision,1
S1-329401809,S2-91472984,0.9983,0,0.8364,0.0,INDIA,missing_address_collision,1
S1-873357231,S3-774961296,0.9983,0,0.8507,0.0,US,same_name_diff_address,1
S1-899724369,S2-733149595,0.9983,0,0.7937,0.0,INDIA,missing_address_collision,1
S1-481711244,S2-868375800,0.9983,0,0.6207,0.0,US,missing_address_collision,1
S1-315194959,S2-156870795,0.9983,0,0.9,0.0,US,same_name_diff_address,1
S1-393913561,S2-24860773,0.9983,0,0.855,0.0,US,same_name_diff_address,1
S1-755741879,S2-849496249,0.9983,0,0.8615,0.0,INDIA,same_name_diff_address,1
S1-155313258,S2-619757644,0.9983,0,0.8962,0.0,INDIA,same_name_diff_address,1
S1-201863604,S2-965913035,0.9983,0,0.855,0.0,US,same_name_diff_address,1
S1-956668152,S3-600921941,0.9983,0,0.8193,0.0,US,missing_address_collision,1
S1-345114600,S2-752321201,0.9983,0,0.8485,0.0,INDIA,missing_address_collision,1
S1-159636323,S2-541215609,0.9983,0,0.8609,0.0,US,same_name_diff_address,1
S1-673642568,S3-623061981,0.9983,0,0.8591,0.0,US,same_name_diff_address,1
S1-238586053,S2-706723375,0.9983,0,0.8022,0.0,INDIA,missing_address_collision,1
S1-627603017,S2-170534181,0.9982,0,0.8075,0.0,US,missing_address_collision,1
S1-969698882,S2-184923290,0.9982,0,0.8298,0.0,US,missing_address_collision,1
S1-919280555,S2-310698029,0.9982,0,0.7057,0.0,INDIA,missing_address_collision,1
S1-778010074,S3-468567892,0.9982,0,0.8788,0.0,US,same_name_diff_address,1
S1-579058766,S2-266812595,0.9982,0,0.8721,0.0,INDIA,same_name_diff_address,1
S1-615991553,S2-190044107,0.9982,0,0.8531,0.0,INDIA,same_name_diff_address,1
S1-602600951,S3-785716604,0.9982,0,0.7703,0.0,INDIA,missing_address_collision,1
S1-956209842,S2-406526280,0.9982,0,0.7197,0.0,INDIA,missing_address_collision,1
S1-422626990,S2-336885921,0.9982,0,0.8395,0.0,INDIA,missing_address_collision,1
S1-536716247,S2-378574853,0.9982,0,0.7435,0.0,US,missing_address_collision,1
S1-663441866,S3-265696019,0.9982,0,0.7835,0.0,US,missing_address_collision,1
S1-153194994,S2-764857948,0.9982,0,0.6173,0.0,INDIA,missing_address_collision,1
S1-226195830,S2-815965287,0.9982,0,0.6667,0.0,US,missing_address_collision,1
S1-350059105,S2-990901697,0.9982,0,0.7475,0.0,INDIA,missing_address_collision,1
S1-835932922,S2-453406521,0.9982,0,0.8489,0.0,INDIA,missing_address_collision,1
S1-237571138,S2-378716906,0.9982,0,0.8143,0.0,US,missing_address_collision,1
S1-219664953,S2-267096757,0.9982,0,0.8211,0.0,US,missing_address_collision,1
S1-547190702,S2-545695283,0.9982,0,0.855,0.0,US,same_name_diff_address,1
S1-385791378,S3-563840860,0.9982,0,0.8143,0.0,INDIA,missing_address_collision,1
S1-958140291,S2-90649125,0.9982,0,0.8531,0.0,INDIA,same_name_diff_address,1
S1-749818091,S2-255854643,0.9982,0,0.9,0.0,INDIA,same_name_diff_address,1
S1-996940035,S2-847076562,0.9982,0,0.8489,0.0,INDIA,missing_address_collision,1
S1-319213474,S2-420778223,0.9982,0,0.8519,0.0,INDIA,same_name_diff_address,1
S1-221968872,S2-566806508,0.9982,0,0.6,0.0,US,missing_address_collision,1
S1-121481289,S3-719251646,0.9982,0,0.8537,0.0,INDIA,same_name_diff_address,1
S1-84642863,S2-472178447,0.9982,0,0.855,0.0,US,same_name_diff_address,1
S1-38032804,S2-584185045,0.9982,0,0.6765,0.0,INDIA,missing_address_collision,1
S1-903470785,S2-881614721,0.9982,0,0.6909,0.0,INDIA,missing_address_collision,1
S1-515010286,S2-629800500,0.9982,0,0.8636,0.0,US,same_name_diff_address,1
S1-822790527,S2-819111517,0.9982,0,0.855,0.0,INDIA,same_name_diff_address,1
S1-424078229,S2-353194011,0.9982,0,0.8085,0.0,INDIA,missing_address_collision,1
S1-165108414,S2-991016697,0.9982,0,0.7878,0.0,US,missing_address_collision,1
S1-42546763,S2-208945187,0.9982,0,0.8348,0.0,INDIA,missing_address_collision,1
S1-888814580,S2-824340117,0.9982,0,0.6706,0.0,US,missing_address_collision,1
S1-660019960,S2-380036364,0.9982,0,0.8686,0.0,US,same_name_diff_address,1
S1-962176804,S2-76459251,0.9982,0,0.76,0.0,INDIA,missing_address_collision,1
S1-48791462,S2-4332132,0.9982,0,0.7308,0.0,INDIA,missing_address_collision,1
S1-198568574,S2-187379771,0.9982,0,0.8216,0.0,US,missing_address_collision,1
S1-820228206,S2-412059869,0.9982,0,0.855,0.0,INDIA,same_name_diff_address,1
S1-989820688,S2-179421054,0.9982,0,0.7078,0.0,US,missing_address_collision,1
S1-158814908,S2-662819365,0.9982,0,0.6667,0.0,INDIA,missing_address_collision,1
S1-716159786,S2-978601602,0.9982,0,0.8531,0.0,INDIA,same_name_diff_address,1
S1-323820271,S2-252701755,0.9982,0,0.855,0.0,US,same_name_diff_address,1
S1-953818703,S2-835028555,0.9982,0,0.7238,0.0,INDIA,missing_address_collision,1
S1-386588266,S2-960516289,0.9982,0,0.874,0.0,INDIA,same_name_diff_address,1
S1-859392615,S2-71074416,0.9982,0,0.8022,0.0,INDIA,missing_address_collision,1
S1-212621203,S2-561538580,0.9982,0,0.855,0.0,US,same_name_diff_address,1
S1-493225060,S2-458584992,0.9982,0,0.855,0.0,US,same_name_diff_address,1
S1-833128852,S2-161977547,0.9982,0,0.855,0.0,US,same_name_diff_address,1
S1-62979818,S2-68840687,0.9982,0,0.7917,0.0,INDIA,missing_address_collision,1
S1-916035068,S2-533421840,0.9982,0,0.7804,0.0,INDIA,missing_address_collision,1
S1-231640118,S2-698609047,0.9982,0,0.6897,0.0,US,missing_address_collision,1
S1-829987702,S2-429675409,0.9982,0,0.8329,0.0,US,missing_address_collision,1
S1-720669720,S2-895332494,0.9982,0,0.8571,0.0,INDIA,same_name_diff_address,1
S1-576637678,S2-27613363,0.9982,0,0.8143,0.0,US,missing_address_collision,1
S1-506586052,S2-627930662,0.9982,0,0.836,0.0,INDIA,missing_address_collision,1
S1-871402309,S3-163726459,0.9982,0,0.8955,0.0,INDIA,same_name_diff_address,1
S1-943006488,S2-836487212,0.9982,0,0.8679,0.0,INDIA,same_name_diff_address,1
S1-195639698,S2-482598722,0.9982,0,0.7333,0.0,INDIA,missing_address_collision,1
S1-670263440,S2-429685047,0.9982,0,0.608,0.0,US,missing_address_collision,1
S1-241179988,S2-789493461,0.9982,0,0.8,0.0,INDIA,missing_address_collision,1
S1-62433469,S2-963305769,0.9982,0,0.8605,0.0,US,same_name_diff_address,1
S1-620214655,S2-331565925,0.9982,0,0.855,0.0,US,same_name_diff_address,1
S1-440459940,S2-257512764,0.9982,0,0.8686,0.0,US,same_name_diff_address,1
S1-430761800,S2-205061804,0.9982,0,0.8382,0.0,INDIA,missing_address_collision,1
S1-268911340,S2-532048962,0.9982,0,0.7037,0.0,INDIA,missing_address_collision,1
S1-389864717,S2-586283737,0.9982,0,0.8125,0.0,INDIA,missing_address_collision,1
S1-179155824,S2-569210492,0.9982,0,0.6842,0.0,US,missing_address_collision,1
S1-82583035,S2-757556839,0.9982,0,0.8143,0.0,INDIA,missing_address_collision,1
S1-664502485,S2-208945187,0.9982,0,0.8333,0.0,INDIA,missing_address_collision,1
S1-389920183,S2-33455863,0.9982,0,0.8616,0.0,US,same_name_diff_address,1
S1-860157330,S2-613170040,0.9982,0,0.8205,0.0,INDIA,missing_address_collision,1
S1-969698882,S2-118422670,0.9982,0,0.8241,0.0,US,missing_address_collision,1
S1-298404437,S2-972091700,0.9981,0,0.855,0.0,US,same_name_diff_address,1
S1-908616614,S2-406360132,0.9981,0,0.8721,0.0,INDIA,same_name_diff_address,1
S1-318878149,S2-913699993,0.9981,0,0.855,0.0,US,same_name_diff_address,1
S1-621540377,S2-117451014,0.9981,0,0.6852,0.0,INDIA,missing_address_collision,1
S1-574806212,S2-692629703,0.9981,0,0.8708,0.0,INDIA,same_name_diff_address,1
S1-663576609,S2-727363415,0.9981,0,0.6756,0.0,INDIA,missing_address_collision,1
S1-838932925,S2-424918715,0.9981,0,0.6,0.0,US,missing_address_collision,1
S1-663441866,S2-61866932,0.9981,0,0.8563,0.0,US,same_name_diff_address,1
S1-719830108,S2-33455863,0.9981,0,0.8616,0.0,US,same_name_diff_address,1
S1-732905154,S2-65783309,0.9981,0,0.8941,0.0,INDIA,same_name_diff_address,1
S1-536716247,S2-824340117,0.9981,0,0.6706,0.0,US,missing_address_collision,1
S1-338626257,S2-56019103,0.9981,0,0.855,0.0,US,same_name_diff_address,1
S1-329401809,S2-956362300,0.9981,0,0.8261,0.0,INDIA,missing_address_collision,1
S1-216373548,S2-913628253,0.9981,0,0.8,0.0,INDIA,missing_address_collision,1
S1-169953488,S2-528834852,0.9981,0,0.8611,0.0,INDIA,same_name_diff_address,1
S1-81807812,S2-665440859,0.9981,0,0.8098,0.0,INDIA,missing_address_collision,1
S1-454587778,S2-40548300,0.9981,0,0.855,0.0,INDIA,same_name_diff_address,1
S1-740048329,S2-375547988,0.9981,0,0.6786,0.0,INDIA,missing_address_collision,1
S1-105364337,S2-854190414,0.9981,0,0.855,0.0,INDIA,same_name_diff_address,1
S1-574133502,S2-944020095,0.9981,0,0.6,0.0,US,missing_address_collision,1
S1-454881308,S2-244376395,0.9981,0,0.855,0.0,INDIA,same_name_diff_address,1
S1-281033619,S2-594354387,0.9981,0,0.855,0.0,INDIA,same_name_diff_address,1
S1-539617842,S2-570490517,0.9981,0,0.6667,0.0,INDIA,missing_address_collision,1
S1-863186587,S3-623911279,0.9981,0,0.8636,0.0,US,same_name_diff_address,1
S1-781065477,S2-237024609,0.9981,0,0.6756,0.0,INDIA,missing_address_collision,1
S1-156756256,S2-966674018,0.9981,0,0.8589,0.0,US,same_name_diff_address,1
S1-40357546,S2-635727455,0.9981,0,0.8395,0.0,INDIA,missing_address_collision,1
S1-661858870,S2-120680349,0.9981,0,0.855,0.0,US,same_name_diff_address,1
S1-694204776,S2-79467146,0.9981,0,0.8571,0.0,US,same_name_diff_address,1
S1-755741879,S2-554991648,0.9981,0,0.8444,0.0,INDIA,missing_address_collision,1
S1-540964095,S2-76425044,0.9981,0,0.8636,0.0,US,same_name_diff_address,1
S1-203387096,S2-573537726,0.9981,0,0.6,0.0,US,missing_address_collision,1
S1-540964095,S2-983567855,0.9981,0,0.821,0.0,US,missing_address_collision,1
S1-867477149,S2-237026395,0.9981,0,0.5517,0.0,INDIA,missing_address_collision,1
S1-88215373,S2-583745433,0.9981,0,0.855,0.0,INDIA,same_name_diff_address,1
S1-847080845,S2-36043298,0.9981,0,0.836,0.0,INDIA,missing_address_collision,1
S1-470902837,S2-209183525,0.9981,0,0.7048,0.0,INDIA,missing_address_collision,1
S1-325844727,S2-516114950,0.9981,0,0.6667,0.0,US,missing_address_collision,1
S1-226229477,S2-376076878,0.9981,0,0.8636,0.0,US,same_name_diff_address,1
S1-512640712,S2-32023407,0.9981,0,0.8511,0.0,US,same_name_diff_address,1
S1-648130096,S2-586148083,0.9981,0,0.8444,0.0,INDIA,missing_address_collision,1
S1-15121639,S2-411028609,0.9981,0,0.665,0.0,INDIA,missing_address_collision,1
S1-123893547,S2-592200406,0.9981,0,0.7795,0.0,US,missing_address_collision,1
S1-392418457,S2-514123593,0.9981,0,0.7222,0.0,INDIA,missing_address_collision,1
S1-688154637,S2-162561637,0.9981,0,0.855,0.0,INDIA,same_name_diff_address,1
S1-531117628,S2-201771675,0.9981,0,0.8,0.0,INDIA,missing_address_collision,1
S1-730180263,S2-495890372,0.998,0,0.855,0.0,US,same_name_diff_address,1
S1-605068268,S2-431864571,0.998,0,0.878,0.0,US,same_name_diff_address,1
S1-996940035,S2-456456482,0.998,0,0.6939,0.0,INDIA,missing_address_collision,1
S1-744807257,S2-140345433,0.998,0,0.855,0.0,INDIA,same_name_diff_address,1
S1-521462880,S2-61748210,0.998,0,0.7547,0.0,INDIA,missing_address_collision,1
S1-446533361,S2-291456662,0.998,0,0.9,0.0,US,same_name_diff_address,1
S1-624529541,S2-171502940,0.998,0,0.855,0.0,US,same_name_diff_address,1
S1-129146280,S2-429002273,0.998,0,0.7389,0.0,US,missing_address_collision,1
S1-648130096,S2-299232478,0.998,0,0.7917,0.0,INDIA,missing_address_collision,1
S1-824875225,S2-174928503,0.998,0,0.8636,0.0,INDIA,same_name_diff_address,1
S1-466154101,S2-182527586,0.998,0,0.7928,0.0,US,missing_address_collision,1
S1-989403826,S2-63849579,0.998,0,0.7475,0.0,US,missing_address_collision,1
S1-784630717,S2-499114593,0.998,0,0.8636,0.0,INDIA,same_name_diff_address,1
S1-335838582,S2-301393616,0.998,0,0.8494,0.0,INDIA,missing_address_collision,1
S1-173702927,S2-439139087,0.998,0,0.8536,0.0,US,same_name_diff_address,1
S1-139868041,S3-499603708,0.998,0,0.7037,0.0,US,missing_address_collision,1
S1-228379716,S2-16907818,0.998,0,0.855,0.0,US,same_name_diff_address,1
S1-898399793,S2-95242303,0.998,0,0.8444,0.0,US,missing_address_collision,1
S1-935380959,S2-364954857,0.998,0,0.8444,0.0,US,missing_address_collision,1
S1-916680064,S2-751865908,0.998,0,0.8143,0.0,INDIA,missing_address_collision,1
S1-602628930,S2-900804903,0.998,0,0.855,0.0,US,same_name_diff_address,1
S1-257672216,S2-383417565,0.998,0,0.8686,0.0,US,same_name_diff_address,1
S1-493225060,S2-363501073,0.998,0,0.855,0.0,US,same_name_diff_address,1
S1-738563575,S2-52041383,0.998,0,0.855,0.0,INDIA,same_name_diff_address,1
S1-587220433,S2-535135569,0.998,0,0.8085,0.0,US,missing_address_collision,1
S1-221968872,S2-230002002,0.998,0,0.9,0.0,US,same_name_diff_address,1
S1-751929384,S2-12082636,0.998,0,0.7586,0.0,US,missing_address_collision,1
S1-927545614,S2-379948209,0.998,0,0.76,0.0,INDIA,missing_address_collision,1
S1-726729343,S2-314257295,0.998,0,0.8329,0.0,US,missing_address_collision,1
S1-279816902,S2-195819844,0.998,0,0.855,0.0,US,same_name_diff_address,1
S1-644151710,S2-889991538,0.998,0,0.6857,0.0,INDIA,missing_address_collision,1
S1-575656258,S2-306233830,0.998,0,0.8404,0.0,INDIA,missing_address_collision,1
S1-186758937,S2-877925687,0.998,0,0.9,0.0,US,same_name_diff_address,1
S1-440459940,S2-975364978,0.998,0,0.8686,0.0,US,same_name_diff_address,1
S1-901139433,S2-822666108,0.998,0,0.8352,0.0,US,missing_address_collision,1
S1-153194994,S2-890220688,0.998,0,0.6333,0.0,INDIA,missing_address_collision,1
S1-899724369,S2-438445355,0.998,0,0.8525,0.0,INDIA,same_name_diff_address,1
S1-298147578,S2-822301624,0.998,0,0.6885,0.0,INDIA,missing_address_collision,1
S1-948330577,S2-522913191,0.998,0,0.6842,0.0,INDIA,missing_address_collision,1
S1-89712274,S2-299559648,0.998,0,0.8636,0.0,US,same_name_diff_address,1
S1-392418457,S2-870224427,0.998,0,0.697,0.0,INDIA,missing_address_collision,1
S1-853449104,S2-131251329,0.998,0,0.9,0.0,US,same_name_diff_address,1
S1-629217537,S2-396040475,0.998,0,0.855,0.0,US,same_name_diff_address,1
S1-887618717,S2-946751569,0.998,0,0.6452,0.0,INDIA,missing_address_collision,1
S1-59250304,S2-625661871,0.998,0,0.7288,0.0,INDIA,missing_address_collision,1
S1-957848039,S3-478600207,0.998,0,0.8421,0.0,US,missing_address_collision,1
S1-42546763,S2-221615271,0.9979,0,0.8051,0.0,INDIA,missing_address_collision,1
S1-784059496,S3-729223665,0.9979,0,0.855,0.0,US,same_name_diff_address,1
S1-292979013,S2-776223151,0.9979,0,0.7407,0.0,US,missing_address_collision,1
S1-210545696,S2-745252222,0.9979,0,0.7125,0.0,US,missing_address_collision,1
S1-673642568,S2-904813052,0.9979,0,0.855,0.0,US,same_name_diff_address,1
S1-977083993,S2-375168623,0.9979,0,0.8571,0.0,INDIA,same_name_diff_address,1
S1-442819553,S2-563746458,0.9979,0,0.7773,0.0,INDIA,missing_address_collision,1
S1-442819553,S2-749589529,0.9979,0,0.8769,0.0,INDIA,same_name_diff_address,1
S1-216373548,S2-929676090,0.9979,0,0.7188,0.0,INDIA,missing_address_collision,1
S1-902660083,S2-486134020,0.9979,0,0.855,0.0,US,same_name_diff_address,1
S1-601756150,S2-349627251,0.9979,0,0.855,0.0,US,same_name_diff_address,1
S1-916680064,S2-556144903,0.9979,0,0.8143,0.0,INDIA,missing_address_collision,1
S1-51416969,S2-155000206,0.9979,0,0.7521,0.0,US,missing_address_collision,1
S1-783274941,S2-223780959,0.9979,0,0.6667,0.0,INDIA,missing_address_collision,1
S1-45777952,S2-262789481,0.9979,0,0.855,0.0,US,same_name_diff_address,1
S1-885995884,S2-215578617,0.9979,0,0.6592,0.0,INDIA,missing_address_collision,1
S1-885995884,S2-345293518,0.9979,0,0.6592,0.0,INDIA,missing_address_collision,1
S1-999536733,S2-601732156,0.9979,0,0.8615,0.0,INDIA,same_name_diff_address,1
S1-34370603,S2-621572680,0.9979,0,0.855,0.0,US,same_name_diff_address,1
S1-801447285,S2-108670440,0.9979,0,0.8296,0.0,US,missing_address_collision,1
S1-4546651,S2-245417947,0.9979,0,0.7435,0.0,INDIA,missing_address_collision,1
S1-838932925,S2-112874857,0.9979,0,0.9,0.0,US,same_name_diff_address,1
S1-960385949,S2-933505573,0.9979,0,0.8581,0.0,INDIA,same_name_diff_address,1
S1-956560424,S2-456104200,0.9979,0,0.8595,0.0,US,same_name_diff_address,1
S1-470902837,S2-616977128,0.9979,0,0.8,0.0,INDIA,missing_address_collision,1
S1-500446051,S2-727765094,0.9979,0,0.7968,0.0,US,missing_address_collision,1
S1-111119990,S2-754095205,0.9979,0,0.7389,0.0,INDIA,missing_address_collision,1
S1-746929736,S3-285539377,0.9979,0,0.6872,0.0,INDIA,missing_address_collision,1
S1-876252431,S2-868183784,0.9979,0,0.8216,0.0,INDIA,missing_address_collision,1
S1-114152271,S3-148599967,0.9979,0,0.8571,0.0,INDIA,same_name_diff_address,1
S1-782242976,S2-232880430,0.9979,0,0.855,0.0,US,same_name_diff_address,1
S1-601239137,S2-456959206,0.9979,0,0.9,0.0,INDIA,same_name_diff_address,1
S1-20990175,S2-1280097,0.9979,0,0.8,0.0,INDIA,missing_address_collision,1
S1-248323594,S2-785689555,0.9979,0,0.855,0.0,US,same_name_diff_address,1
S1-680908691,S2-49719667,0.9979,0,0.8,0.0,INDIA,missing_address_collision,1
S1-486511981,S2-156924122,0.9979,0,0.5263,0.0,US,missing_address_collision,1
S1-31491209,S2-865939125,0.9979,0,0.6769,0.0,US,missing_address_collision,1
S1-559348791,S3-182037174,0.9979,0,0.6786,0.0,US,missing_address_collision,1
S1-276328700,S3-732650786,0.9979,0,0.7234,0.0,US,missing_address_collision,1
S1-38321566,S3-518868723,0.9979,0,0.855,0.0,INDIA,same_name_diff_address,1
S1-206509133,S2-408656006,0.9979,0,0.8718,0.0,US,same_name_diff_address,1
S1-861508208,S2-455684646,0.9979,0,0.798,0.0,INDIA,missing_address_collision,1
S1-512539726,S2-814838308,0.9979,0,0.7725,0.0,US,missing_address_collision,1
S1-733029832,S2-347499812,0.9979,0,0.855,0.0,INDIA,same_name_diff_address,1
S1-444126445,S2-245441829,0.9979,0,0.855,0.0,US,same_name_diff_address,1
S1-917954364,S2-759390607,0.9979,0,0.6064,0.0,INDIA,missing_address_collision,1
S1-88215373,S2-812410864,0.9979,0,0.8,0.0,INDIA,missing_address_collision,1
S1-529568044,S2-509776438,0.9979,0,0.8373,0.0,INDIA,missing_address_collision,1
S1-620826223,S2-599254564,0.9978,0,0.7773,0.0,INDIA,missing_address_collision,1
S1-137462425,S2-98714103,0.9978,0,0.6453,0.0,INDIA,missing_address_collision,1
S1-770381827,S2-142439113,0.9978,0,0.6429,0.0,US,missing_address_collision,1
S1-474331003,S2-904820908,0.9978,0,0.7795,0.0,INDIA,missing_address_collision,1
S1-721983497,S2-273842487,0.9978,0,0.855,0.0,US,same_name_diff_address,1
S1-794390792,S3-839517043,0.9978,0,0.855,0.0,US,same_name_diff_address,1
S1-359802971,S2-675758657,0.9978,0,0.8636,0.0,US,same_name_diff_address,1
S1-472775064,S2-151781099,0.9978,0,0.8143,0.0,US,missing_address_collision,1
S1-132823997,S2-162930345,0.9978,0,0.8022,0.0,INDIA,missing_address_collision,1
S1-25966989,S2-72613392,0.9978,0,0.7719,0.0,US,missing_address_collision,1
S1-552530912,S2-140043461,0.9978,0,0.8022,0.0,INDIA,missing_address_collision,1
S1-316453477,S2-559480070,0.9978,0,0.855,0.0,US,same_name_diff_address,1
S1-71234538,S2-289043220,0.9978,0,0.7719,0.0,US,missing_address_collision,1
S1-444343135,S2-306694258,0.9978,0,0.7246,0.0,US,missing_address_collision,1
S1-394670369,S2-183925103,0.9978,0,0.855,0.0,US,same_name_diff_address,1
S1-688154637,S2-298594681,0.9978,0,0.855,0.0,INDIA,same_name_diff_address,1
S1-174312202,S2-586144407,0.9978,0,0.76,0.0,INDIA,missing_address_collision,1
S1-755741879,S2-794668935,0.9978,0,0.8,0.0,INDIA,missing_address_collision,1
S1-221686697,S2-920067114,0.9978,0,0.7795,0.0,INDIA,missing_address_collision,1
S1-850827800,S2-808593411,0.9978,0,0.7078,0.0,US,missing_address_collision,1
S1-937301002,S3-649033214,0.9978,0,0.697,0.0,INDIA,missing_address_collision,1
S1-305028444,S2-357512296,0.9978,0,0.8604,0.0,INDIA,same_name_diff_address,1
S1-1750761,S2-6480350,0.9978,0,0.855,0.0,US,same_name_diff_address,1
S1-158814908,S3-67245836,0.9978,0,0.8889,0.0,INDIA,same_name_diff_address,1
S1-60400673,S3-402238198,0.9978,0,0.7869,0.0,INDIA,missing_address_collision,1
S1-105193243,S2-196647916,0.9978,0,0.855,0.0,US,same_name_diff_address,1
S1-892295147,S2-783971627,0.9978,0,0.855,0.0,US,same_name_diff_address,1
S1-960385949,S2-481361581,0.9978,0,0.8125,0.0,INDIA,missing_address_collision,1
S1-887472026,S2-292046871,0.9978,0,0.7551,0.0,US,missing_address_collision,1
S1-132565513,S2-345173896,0.9978,0,0.821,0.0,INDIA,missing_address_collision,1
S1-603739603,S2-609516948,0.9978,0,0.7755,0.0,US,missing_address_collision,1
S1-930617339,S2-975242151,0.9978,0,0.76,0.0,INDIA,missing_address_collision,1
S1-558083112,S2-990901697,0.9978,0,0.7355,0.0,INDIA,missing_address_collision,1
S1-681154997,S2-4332132,0.9978,0,0.6557,0.0,INDIA,missing_address_collision,1
S1-952060638,S2-20198224,0.9978,0,0.8957,0.0,US,same_name_diff_address,1
S1-878601811,S2-18053882,0.9978,0,0.7917,0.0,US,missing_address_collision,1
S1-110804564,S2-301145033,0.9978,0,0.855,0.0,INDIA,same_name_diff_address,1
S1-531191907,S3-241483899,0.9978,0,0.8708,0.0,INDIA,same_name_diff_address,1
S1-110804564,S2-35581065,0.9977,0,0.8169,0.0,INDIA,missing_address_collision,1
S1-854977377,S2-257678646,0.9977,0,0.6,0.0,US,missing_address_collision,1
S1-641767808,S2-846806893,0.9977,0,0.9,0.0,US,same_name_diff_address,1
S1-321037880,S2-553078950,0.9977,0,0.855,0.0,US,same_name_diff_address,1
S1-646121436,S2-405362319,0.9977,0,0.6,0.0,INDIA,missing_address_collision,1
S1-138627567,S2-919842349,0.9977,0,0.8918,0.0,INDIA,same_name_diff_address,1
S1-488475259,S2-880606123,0.9977,0,0.7681,0.0,INDIA,missing_address_collision,1
S1-368241495,S2-350541655,0.9977,0,0.8395,0.0,US,missing_address_collision,1
S1-194205269,S2-97406126,0.9977,0,0.855,0.0,US,same_name_diff_address,1
S1-800320286,S2-392702793,0.9977,0,0.855,0.0,US,same_name_diff_address,1
S1-928294952,S2-905975218,0.9977,0,0.8573,0.0,US,same_name_diff_address,1
S1-596416441,S2-329637723,0.9977,0,0.76,0.0,INDIA,missing_address_collision,1
S1-928294952,S2-308633145,0.9977,0,0.8573,0.0,US,same_name_diff_address,1
S1-434585544,S2-464281720,0.9977,0,0.855,0.0,US,same_name_diff_address,1
S1-812185623,S2-128802505,0.9977,0,0.8143,0.0,US,missing_address_collision,1
S1-846204778,S2-908718830,0.9977,0,0.8604,0.0,INDIA,same_name_diff_address,1
S1-649867448,S3-345379350,0.9977,0,0.8224,0.0,US,missing_address_collision,1
S1-609484556,S2-247724141,0.9977,0,0.7362,0.0,US,missing_address_collision,1
S1-431073718,S2-600637386,0.9977,0,0.76,0.0,US,missing_address_collision,1
S1-170371309,S2-92463834,0.9977,0,0.855,0.0,INDIA,same_name_diff_address,1
S1-392418457,S2-480787780,0.9977,0,0.7273,0.0,INDIA,missing_address_collision,1
S1-452827912,S2-247210251,0.9977,0,0.76,0.0,INDIA,missing_address_collision,1
S1-507478079,S2-672249559,0.9977,0,0.8205,0.0,INDIA,missing_address_collision,1
S1-423967071,S3-407703754,0.9977,0,0.8649,0.0,US,same_name_diff_address,1
S1-331030533,S3-796482900,0.9977,0,0.8444,0.0,INDIA,missing_address_collision,1
S1-574133502,S2-212542907,0.9977,0,0.9,0.0,US,same_name_diff_address,1
S1-759589213,S3-866760883,0.9977,0,0.6628,0.0,US,missing_address_collision,1
S1-101234930,S2-770955119,0.9977,0,0.5185,0.0,US,missing_address_collision,1
S1-574201065,S2-582321666,0.9977,0,0.9,0.0,US,same_name_diff_address,1
S1-300623089,S2-535336065,0.9977,0,0.855,0.0,INDIA,same_name_diff_address,1
S1-342321823,S2-722229768,0.9977,0,0.855,0.0,US,same_name_diff_address,1
S1-680908691,S2-866668523,0.9977,0,0.7848,0.0,INDIA,missing_address_collision,1
S1-685314096,S2-906644186,0.9977,0,0.855,0.0,US,same_name_diff_address,1
S1-627231411,S2-923387495,0.9977,0,0.855,0.0,INDIA,same_name_diff_address,1
S1-190791871,S2-76453982,0.9977,0,0.5385,0.0,US,missing_address_collision,1
S1-126171225,S2-498278929,0.9977,0,0.608,0.0,INDIA,missing_address_collision,1
S1-977083993,S2-123445234,0.9977,0,0.6967,0.0,INDIA,missing_address_collision,1
S1-424665763,S3-149040701,0.9977,0,0.7733,0.0,INDIA,missing_address_collision,1
S1-386588266,S2-578817759,0.9977,0,0.874,0.0,INDIA,same_name_diff_address,1
S1-539368248,S2-83458248,0.9977,0,0.855,0.0,INDIA,same_name_diff_address,1
S1-602628930,S2-205801628,0.9977,0,0.855,0.0,US,same_name_diff_address,1
S1-945768278,S2-319453203,0.9976,0,0.6,0.0,INDIA,missing_address_collision,1
S1-702382866,S2-769633698,0.9976,0,0.6333,0.0,US,missing_address_collision,1
S1-897032402,S2-104314091,0.9976,0,0.855,0.0,INDIA,same_name_diff_address,1
S1-131521552,S2-815642943,0.9976,0,0.855,0.0,US,same_name_diff_address,1
S1-585255607,S2-254215155,0.9976,0,0.6957,0.0,US,missing_address_collision,1
S1-131521552,S2-409470925,0.9976,0,0.855,0.0,US,same_name_diff_address,1
S1-226136219,S2-705504235,0.9976,0,0.8143,0.0,INDIA,missing_address_collision,1
S1-185463686,S2-404217497,0.9976,0,0.7015,0.0,INDIA,missing_address_collision,1
S1-613663975,S3-748807102,0.9976,0,0.9,0.0,US,same_name_diff_address,1
S1-968847178,S2-135999051,0.9976,0,0.6196,0.0,INDIA,missing_address_collision,1
S1-725866160,S2-768101017,0.9976,0,0.6,0.0,US,missing_address_collision,1
S1-995811547,S2-871128523,0.9976,0,0.6,0.0,US,missing_address_collision,1
S1-258137306,S2-211667228,0.9976,0,0.6429,0.0,US,missing_address_collision,1
S1-774134313,S2-518834176,0.9976,0,0.7778,0.0,INDIA,missing_address_collision,1
S1-181192084,S2-718066625,0.9976,0,0.6957,0.0,INDIA,missing_address_collision,1
S1-860157330,S2-362502791,0.9976,0,0.8595,0.0,INDIA,same_name_diff_address,1
S1-266059046,S2-285491211,0.9976,0,0.875,0.0,US,same_name_diff_address,1
S1-599944386,S3-113825089,0.9976,0,0.8205,0.0,US,missing_address_collision,1
S1-119332104,S2-453445638,0.9976,0,0.8261,0.0,INDIA,missing_address_collision,1
S1-650404784,S3-360647769,0.9976,0,0.8477,0.0,US,missing_address_collision,1
S1-28229932,S3-162040477,0.9976,0,0.9,0.0,US,same_name_diff_address,1
S1-819989651,S3-761298106,0.9976,0,0.855,0.0,INDIA,same_name_diff_address,1
S1-673642568,S3-299137386,0.9976,0,0.855,0.0,US,same_name_diff_address,1
S1-962188552,S2-776677975,0.9976,0,0.6452,0.0,US,missing_address_collision,1
S1-970263997,S2-362979428,0.9976,0,0.7308,0.0,INDIA,missing_address_collision,1
S1-163951839,S2-932557446,0.9976,0,0.6452,0.0,INDIA,missing_address_collision,1
S1-506886989,S2-609697857,0.9976,0,0.8136,0.0,INDIA,missing_address_collision,1
S1-741961732,S2-495833664,0.9976,0,0.8358,0.0,INDIA,missing_address_collision,1
S1-957835142,S2-492068556,0.9976,0,0.6512,0.0,US,missing_address_collision,1
S1-809235428,S3-179884582,0.9976,0,0.9,0.0,US,same_name_diff_address,1
S1-309158859,S2-74770338,0.9976,0,0.8604,0.0,INDIA,same_name_diff_address,1
S1-778703567,S2-479282120,0.9976,0,0.7451,0.0,INDIA,missing_address_collision,1
S1-410681127,S2-115929903,0.9976,0,0.6577,0.0,US,missing_address_collision,1
S1-89703055,S2-658263574,0.9976,0,0.7843,0.0,INDIA,missing_address_collision,1
S1-5371565,S3-242543327,0.9976,0,0.9,0.0,US,same_name_diff_address,1
S1-838932925,S2-551487115,0.9976,0,0.6,0.0,US,missing_address_collision,1
S1-303333430,S2-147432304,0.9976,0,0.855,0.0,US,same_name_diff_address,1
S1-956209842,S2-173377368,0.9976,0,0.5744,0.0,INDIA,missing_address_collision,1
S1-595089479,S3-245768040,0.9976,0,0.8918,0.0,INDIA,same_name_diff_address,1
S1-105819672,S2-506583219,0.9976,0,0.8143,0.0,US,missing_address_collision,1
S1-594033591,S2-893144374,0.9976,0,0.855,0.0,INDIA,same_name_diff_address,1
S1-547190702,S2-358242610,0.9976,0,0.6333,0.0,US,missing_address_collision,1
S1-256064955,S2-846744425,0.9976,0,0.769,0.0,INDIA,missing_address_collision,1
S1-202188189,S2-249919230,0.9976,0,0.85,0.0,US,same_name_diff_address,1
S1-109705135,S2-390057160,0.9976,0,0.855,0.0,US,same_name_diff_address,1
S1-242154299,S2-251780616,0.9976,0,0.855,0.0,INDIA,same_name_diff_address,1
S1-649480753,S2-89711516,0.9976,0,0.8038,0.0,INDIA,missing_address_collision,1
S1-559771843,S3-220224891,0.9975,0,0.7078,0.0,INDIA,missing_address_collision,1
S1-928087897,S2-106943816,0.9975,0,0.8,0.0,US,missing_address_collision,1
S1-126474955,S2-887060440,0.9975,0,0.7333,0.0,US,missing_address_collision,1
S1-733029832,S2-303868027,0.9975,0,0.7703,0.0,INDIA,missing_address_collision,1
S1-300623089,S2-706861850,0.9975,0,0.855,0.0,INDIA,same_name_diff_address,1
S1-408846449,S2-562727825,0.9975,0,0.7661,0.0,INDIA,missing_address_collision,1
S1-736357550,S2-538208996,0.9975,0,0.8382,0.0,INDIA,missing_address_collision,1
S1-257672216,S2-485268662,0.9975,0,0.7291,0.0,US,missing_address_collision,1
S1-958875582,S2-803257479,0.9975,0,0.6967,0.0,INDIA,missing_address_collision,1
S1-549094706,S2-740981050,0.9975,0,0.855,0.0,INDIA,same_name_diff_address,1
S1-16891609,S2-641879785,0.9975,0,0.8916,0.0,US,same_name_diff_address,1
S1-675256628,S2-629700409,0.9975,0,0.8867,0.0,US,same_name_diff_address,1
S1-10891086,S2-276878350,0.9975,0,0.6,0.0,INDIA,missing_address_collision,1
S1-216958690,S2-673948271,0.9975,0,0.7389,0.0,INDIA,missing_address_collision,1
S1-534485333,S2-207007713,0.9975,0,0.7917,0.0,INDIA,missing_address_collision,1
S1-539368248,S2-477479023,0.9975,0,0.855,0.0,INDIA,same_name_diff_address,1
S1-277115402,S2-654951754,0.9975,0,0.6609,0.0,US,missing_address_collision,1
S1-625299314,S3-380262404,0.9975,0,0.821,0.0,INDIA,missing_address_collision,1
S1-657997343,S2-791840258,0.9975,0,0.6867,0.0,US,missing_address_collision,1
S1-89854644,S2-682959569,0.9975,0,0.855,0.0,US,same_name_diff_address,1
S1-916052572,S2-911497056,0.9975,0,0.7395,0.0,US,missing_address_collision,1
S1-177240874,S2-383472786,0.9975,0,0.6667,0.0,US,missing_address_collision,1
S1-825142767,S3-40259124,0.9975,0,0.8022,0.0,INDIA,missing_address_collision,1
S1-227092798,S2-960425383,0.9975,0,0.8444,0.0,US,missing_address_collision,1
S1-223058167,S2-897556877,0.9975,0,0.9231,0.0,US,same_name_diff_address,1
S1-526736178,S2-877151597,0.9975,0,0.7048,0.0,INDIA,missing_address_collision,1
S1-819989651,S3-946910634,0.9975,0,0.6809,0.0,INDIA,missing_address_collision,1
S1-280619430,S3-57865017,0.9975,0,0.855,0.0,US,same_name_diff_address,1
S1-191333640,S2-347259239,0.9975,0,0.8065,0.0,US,missing_address_collision,1
S1-809094431,S3-38533187,0.9975,0,0.855,0.0,US,same_name_diff_address,1
S1-129146280,S3-138015625,0.9975,0,0.7808,0.0,US,missing_address_collision,1
S1-725674440,S2-812904398,0.9975,0,0.5185,0.0,INDIA,missing_address_collision,1
S1-624529541,S2-528388601,0.9975,0,0.855,0.0,US,same_name_diff_address,1
S1-646121436,S2-790883531,0.9975,0,0.855,0.0,INDIA,same_name_diff_address,1
S1-241377719,S3-529120869,0.9975,0,0.95,0.2073,INDIA,same_name_diff_address,1
S1-729799358,S2-130392147,0.9975,0,0.7692,0.0,INDIA,missing_address_collision,1
S1-922232839,S3-265735336,0.9975,0,1.0,0.2769,INDIA,same_name_diff_address,1
S1-548051025,S3-901702768,0.9975,0,0.8143,0.0,US,missing_address_collision,1
S1-51452968,S2-528023358,0.9975,0,0.7419,0.0,INDIA,missing_address_collision,1
S1-740048329,S2-966290729,0.9975,0,0.8261,0.0,INDIA,missing_address_collision,1
S1-477627448,S2-750962726,0.9975,0,0.811,0.0,US,missing_address_collision,1
S1-300842153,S2-256262090,0.9974,0,0.8444,0.0,US,missing_address_collision,1
S1-555296440,S3-386277093,0.9974,0,0.8473,0.0,US,missing_address_collision,1
S1-441866783,S3-135049144,0.9974,0,0.8569,0.3109,INDIA,same_name_diff_address,1
S1-919970316,S2-838992015,0.9974,0,0.8517,0.0,INDIA,same_name_diff_address,1
S1-468260711,S2-211503403,0.9974,0,0.665,0.0,US,missing_address_collision,1
S1-802937414,S3-289579994,0.9974,0,0.855,0.0,US,same_name_diff_address,1
S1-470602932,S2-164414270,0.9974,0,0.6102,0.0,US,missing_address_collision,1
S1-341555496,S2-503540552,0.9974,0,0.7957,0.0,US,missing_address_collision,1
S1-471161958,S2-32597478,0.9974,0,0.8313,0.0,INDIA,missing_address_collision,1
S1-175029466,S2-400947321,0.9974,0,0.855,0.0,INDIA,same_name_diff_address,1
S1-83010893,S2-167787890,0.9974,0,0.6,0.0,US,missing_address_collision,1
S1-429180351,S2-80090096,0.9974,0,0.8038,0.0,INDIA,missing_address_collision,1
S1-589124628,S2-455420416,0.9974,0,0.4528,0.0,US,missing_address_collision,1
S1-385493377,S2-652991323,0.9974,0,0.8181,0.0,US,missing_address_collision,1
S1-361950063,S2-178539428,0.9974,0,0.855,0.0,INDIA,same_name_diff_address,1
S1-664502485,S2-221615271,0.9974,0,0.8169,0.0,INDIA,missing_address_collision,1
S1-402731785,S2-243295895,0.9974,0,0.8395,0.0,INDIA,missing_address_collision,1
S1-505834330,S2-946009965,0.9974,0,0.8051,0.0,INDIA,missing_address_collision,1
S1-208595031,S2-118928091,0.9974,0,0.8245,0.0,INDIA,missing_address_collision,1
S1-280191124,S2-454442062,0.9974,0,0.6071,0.0,INDIA,missing_address_collision,1
S1-137462425,S2-357265337,0.9974,0,0.6333,0.0,INDIA,missing_address_collision,1
S1-390682592,S2-182681436,0.9974,0,0.6488,0.0,INDIA,missing_address_collision,1
S1-736579243,S2-401067226,0.9974,0,0.8291,0.0,INDIA,missing_address_collision,1
S1-965980953,S2-843732573,0.9974,0,0.6568,0.0,US,missing_address_collision,1
S1-81560048,S2-786282949,0.9974,0,0.769,0.0,INDIA,missing_address_collision,1
S1-398774970,S2-331539779,0.9974,0,0.8038,0.0,US,missing_address_collision,1
S1-917597193,S3-637437794,0.9974,0,0.8093,0.0,US,missing_address_collision,1
S1-663441866,S3-370340040,0.9974,0,0.8563,0.0,US,same_name_diff_address,1
S1-310478754,S2-666989989,0.9974,0,0.8085,0.0,INDIA,missing_address_collision,1
S1-138627567,S3-219089131,0.9974,0,0.8918,0.0,INDIA,same_name_diff_address,1
S1-101037109,S2-674399311,0.9974,0,0.855,0.0,US,same_name_diff_address,1
S1-734351857,S2-930225677,0.9974,0,0.855,0.0,INDIA,same_name_diff_address,1
S1-371629388,S3-726882697,0.9974,0,0.6942,0.0,US,missing_address_collision,1
S1-939242749,S2-315013022,0.9974,0,0.855,0.0,US,same_name_diff_address,1
S1-723867414,S2-503742983,0.9974,0,0.5846,0.0,US,missing_address_collision,1
S1-337610024,S2-174408720,0.9974,0,0.855,0.0,INDIA,same_name_diff_address,1
S1-788377556,S3-559474720,0.9974,0,1.0,0.27,INDIA,same_name_diff_address,1
S1-859508047,S2-937702009,0.9974,0,0.855,0.0,INDIA,same_name_diff_address,1
S1-63638646,S2-641356102,0.9974,0,0.7878,0.0,US,missing_address_collision,1
S1-195639698,S3-314270368,0.9974,0,0.855,0.0,INDIA,same_name_diff_address,1
S1-602628930,S2-519596442,0.9974,0,0.5846,0.0,US,missing_address_collision,1
S1-896335794,S2-18137958,0.9973,0,0.855,0.0,US,same_name_diff_address,1
S1-746707902,S2-165223617,0.9973,0,0.7862,0.0,US,missing_address_collision,1
S1-165581292,S2-702459621,0.9973,0,0.7,0.0,INDIA,missing_address_collision,1
S1-163347534,S3-250424949,0.9973,0,0.701,0.0,US,missing_address_collision,1
S1-521462880,S2-997587785,0.9973,0,0.7125,0.0,INDIA,missing_address_collision,1
S1-821076361,S3-286820284,0.9973,0,0.855,0.0,US,same_name_diff_address,1
S1-131521552,S2-546752551,0.9973,0,0.855,0.0,US,same_name_diff_address,1
S1-601429280,S2-601571692,0.9973,0,0.76,0.0,INDIA,missing_address_collision,1
S1-148055400,S2-331539779,0.9973,0,0.8085,0.0,US,missing_address_collision,1
S1-716361946,S2-805663825,0.9973,0,0.5926,0.0,US,missing_address_collision,1
S1-965536162,S2-469509800,0.9973,0,0.855,0.0,US,same_name_diff_address,1
S1-194205269,S2-767469433,0.9973,0,0.8296,0.0,US,missing_address_collision,1
S1-592165227,S2-540619725,0.9973,0,0.8313,0.0,US,missing_address_collision,1
S1-661249855,S2-385608768,0.9973,0,0.855,0.0,INDIA,same_name_diff_address,1
S1-394244051,S2-49020339,0.9973,0,0.7042,0.0,INDIA,missing_address_collision,1
S1-783954877,S2-537893155,0.9973,0,0.8038,0.0,INDIA,missing_address_collision,1
S1-811652153,S2-10553246,0.9973,0,0.5161,0.0,US,missing_address_collision,1
S1-150130742,S2-913506240,0.9973,0,0.7887,0.0,INDIA,missing_address_collision,1
S1-876252431,S2-707336044,0.9973,0,0.7207,0.0,INDIA,missing_address_collision,1
S1-456526954,S2-976653801,0.9973,0,0.7917,0.0,INDIA,missing_address_collision,1
S1-527113064,S2-356645798,0.9973,0,0.665,0.0,INDIA,missing_address_collision,1
S1-85502195,S2-945709649,0.9973,0,0.8615,0.0,INDIA,same_name_diff_address,1
S1-625832697,S2-796545906,0.9973,0,0.855,0.0,INDIA,same_name_diff_address,1
S1-225505685,S2-143545574,0.9973,0,0.8216,0.0,US,missing_address_collision,1
S1-446570007,S2-180879017,0.9973,0,0.8,0.0,US,missing_address_collision,1
S1-125796571,S2-333863663,0.9973,0,0.855,0.0,US,same_name_diff_address,1
S1-740233599,S2-980314448,0.9973,0,0.855,0.0,INDIA,same_name_diff_address,1
S1-19709148,S2-18998706,0.9973,0,0.8531,0.0,INDIA,same_name_diff_address,1
S1-594705740,S2-439715261,0.9973,0,0.625,0.0,INDIA,missing_address_collision,1
S1-260478870,S3-715171416,0.9973,0,0.8261,0.0,INDIA,missing_address_collision,1
S1-51452968,S2-908718830,0.9973,0,0.8604,0.0,INDIA,same_name_diff_address,1
S1-415242088,S2-258443039,0.9973,0,0.7837,0.0,US,missing_address_collision,1
S1-130937174,S2-136215451,0.9973,0,0.855,0.0,INDIA,same_name_diff_address,1
S1-739504504,S2-602283740,0.9973,0,0.855,0.0,US,same_name_diff_address,1
S1-15366789,S2-692538629,0.9973,0,0.8038,0.0,INDIA,missing_address_collision,1
S1-594705740,S2-340122985,0.9973,0,0.57,0.0,INDIA,missing_address_collision,1
S1-75583791,S2-327837097,0.9973,0,0.6,0.0,US,missing_address_collision,1
S1-591496014,S3-379517969,0.9973,0,0.8022,0.0,INDIA,missing_address_collision,1
S1-560756161,S2-190334251,0.9972,0,0.76,0.0,INDIA,missing_address_collision,1
S1-602790590,S2-598317317,0.9972,0,0.8708,0.0,INDIA,same_name_diff_address,1
S1-649480753,S2-702558904,0.9972,0,0.6468,0.0,INDIA,missing_address_collision,1
S1-479364663,S2-649711336,0.9972,0,0.6415,0.0,INDIA,missing_address_collision,1
S1-185154900,S2-854387657,0.9972,0,0.855,0.0,US,same_name_diff_address,1
S1-30165834,S2-645426367,0.9972,0,0.75,0.0,INDIA,missing_address_collision,1
S1-386588266,S2-788998969,0.9972,0,0.8093,0.0,INDIA,missing_address_collision,1
S1-922138518,S2-197089302,0.9972,0,0.7057,0.0,INDIA,missing_address_collision,1
S1-785349726,S2-706501731,0.9972,0,0.6333,0.0,INDIA,missing_address_collision,1
S1-382142356,S2-836076244,0.9972,0,0.855,0.0,INDIA,same_name_diff_address,1
S1-181406837,S2-190204885,0.9972,0,0.6552,0.0,INDIA,missing_address_collision,1
S1-496146606,S2-674219036,0.9972,0,0.9243,1.0,US,high_name_high_address_wrong_entity,1
S1-156805936,S3-150040865,0.9972,0,0.798,0.0,US,missing_address_collision,1
S1-245388657,S2-401066373,0.9972,0,0.8233,0.0,INDIA,missing_address_collision,1
S1-370600846,S2-602438504,0.9972,0,0.855,0.0,INDIA,same_name_diff_address,1
S1-212156736,S2-535968227,0.9972,0,0.8196,0.0,INDIA,missing_address_collision,1
S1-529568044,S2-719166166,0.9972,0,0.855,0.0,INDIA,same_name_diff_address,1
S1-156518717,S2-757692085,0.9972,0,0.7,0.0,INDIA,missing_address_collision,1
S1-918486887,S3-817619070,0.9972,0,0.807,0.0,US,missing_address_collision,1
S1-751700657,S2-836076244,0.9972,0,0.855,0.0,INDIA,same_name_diff_address,1
S1-819409431,S2-320324702,0.9972,0,0.855,0.0,US,same_name_diff_address,1
S1-18409645,S3-393876489,0.9972,0,0.855,0.0,US,same_name_diff_address,1
S1-782113706,S3-22934007,0.9972,0,0.7389,0.0,INDIA,missing_address_collision,1
S1-526767649,S2-540619725,0.9972,0,0.798,0.0,US,missing_address_collision,1
S1-365975585,S2-920650437,0.9972,0,0.855,0.0,US,same_name_diff_address,1
S1-4546651,S2-33848226,0.9972,0,0.8517,0.0,INDIA,same_name_diff_address,1
S1-228759719,S2-59524723,0.9972,0,0.7341,0.0,INDIA,missing_address_collision,1
S1-565944,S2-688737182,0.9972,0,0.6609,0.0,US,missing_address_collision,1
S1-120883836,S2-695572129,0.9972,0,0.6154,0.0,INDIA,missing_address_collision,1
S1-689052524,S2-562641498,0.9972,0,0.7415,0.0,INDIA,missing_address_collision,1
S1-806742504,S2-173312640,0.9972,0,0.855,0.0,US,same_name_diff_address,1
S1-530628821,S2-439859687,0.9972,0,0.855,0.0,US,same_name_diff_address,1
S1-369711048,S3-6214079,0.9971,0,0.8867,0.0,US,same_name_diff_address,1
S1-539368248,S2-758537738,0.9971,0,0.855,0.0,INDIA,same_name_diff_address,1
S1-828818954,S2-827242758,0.9971,0,0.7681,0.0,INDIA,missing_address_collision,1
S1-148394910,S2-421247401,0.9971,0,0.7027,0.0,US,missing_address_collision,1
S1-185154900,S2-885407042,0.9971,0,0.9744,0.95,US,high_name_high_address_wrong_entity,1
S1-47453459,S2-152223352,0.9971,0,0.855,0.0,US,same_name_diff_address,1
S1-895459538,S2-981853531,0.9971,0,0.855,0.0,US,same_name_diff_address,1
S1-197025935,S2-384833997,0.9971,0,0.76,0.0,INDIA,missing_address_collision,1
S1-402179312,S2-85995281,0.9971,0,0.7741,0.0,US,missing_address_collision,1
S1-501803279,S2-127895832,0.9971,0,0.6441,0.0,US,missing_address_collision,1
S1-361183754,S2-706559499,0.9971,0,0.7703,0.0,INDIA,missing_address_collision,1
S1-873395440,S3-338983568,0.9971,0,0.6944,0.0,US,missing_address_collision,1
S1-318182196,S2-613742413,0.9971,0,0.7755,0.0,US,missing_address_collision,1
S1-221720905,S2-790963988,0.9971,0,0.76,0.0,INDIA,missing_address_collision,1
S1-228443573,S2-701413447,0.9971,0,0.8589,0.0,US,same_name_diff_address,1
S1-695306483,S2-60716748,0.9971,0,0.7755,0.0,US,missing_address_collision,1
S1-491299349,S2-261225557,0.9971,0,0.6577,0.0,INDIA,missing_address_collision,1
S1-23650091,S2-170934326,0.9971,0,0.855,0.0,US,same_name_diff_address,1
S1-641127006,S2-958678717,0.9971,0,0.7742,0.0,INDIA,missing_address_collision,1
S1-830887569,S2-450313514,0.9971,0,0.855,0.0,US,same_name_diff_address,1
S1-603046952,S2-353305018,0.9971,0,0.8093,0.0,INDIA,missing_address_collision,1
S1-917954364,S2-714250280,0.9971,0,0.7308,0.0,INDIA,missing_address_collision,1
S1-699237188,S2-10067487,0.9971,0,0.76,0.0,US,missing_address_collision,1
S1-29687526,S2-533826543,0.9971,0,0.8291,0.0,INDIA,missing_address_collision,1
S1-729799358,S2-39423045,0.9971,0,0.7189,0.0,INDIA,missing_address_collision,1
S1-148394910,S2-191981132,0.9971,0,0.855,0.0,US,same_name_diff_address,1
S1-583428961,S2-247210251,0.9971,0,0.76,0.0,INDIA,missing_address_collision,1
S1-43907020,S2-999620896,0.9971,0,0.855,0.0,INDIA,same_name_diff_address,1
S1-495580826,S2-364746109,0.9971,0,0.855,0.0,US,same_name_diff_address,1
S1-385791378,S3-200980092,0.9971,0,0.7308,0.0,INDIA,missing_address_collision,1
S1-584080246,S3-220616265,0.9971,0,0.7733,0.0,US,missing_address_collision,1
S1-605098521,S2-114839245,0.9971,0,0.855,0.0,US,same_name_diff_address,1
S1-857445038,S2-602623124,0.9971,0,0.6786,0.0,US,missing_address_collision,1
S1-152964811,S2-879780659,0.9971,0,0.855,0.0,US,same_name_diff_address,1
S1-705482478,S2-647078735,0.9971,0,0.855,0.0,US,same_name_diff_address,1
S1-362566251,S2-52163304,0.9971,0,0.8245,0.0,INDIA,missing_address_collision,1
S1-788609444,S2-789784434,0.9971,0,0.7646,0.0,US,missing_address_collision,1
S1-287927300,S2-155932973,0.9971,0,0.7389,0.0,INDIA,missing_address_collision,1
S1-610384820,S3-358439386,0.9971,0,0.7885,0.0,US,missing_address_collision,1
S1-346665753,S2-962914245,0.9971,0,0.8196,0.0,INDIA,missing_address_collision,1
S1-653322486,S2-334263928,0.9971,0,0.76,0.0,INDIA,missing_address_collision,1
S1-874112245,S2-838264233,0.9971,0,0.6087,0.0,US,missing_address_collision,1
S1-165861999,S2-526454141,0.9971,0,0.855,0.0,INDIA,same_name_diff_address,1
S1-429896785,S3-421007243,0.9971,0,0.855,0.0,US,same_name_diff_address,1
S1-569300855,S3-855487673,0.9971,0,0.76,0.0,INDIA,missing_address_collision,1
S1-813704625,S2-274796600,0.9971,0,0.855,0.0,INDIA,same_name_diff_address,1
S1-446570007,S2-801231583,0.9971,0,0.8329,0.0,US,missing_address_collision,1
S1-754091379,S2-54885559,0.9971,0,0.855,0.0,INDIA,same_name_diff_address,1
S1-881107349,S2-94127906,0.9971,0,0.855,0.0,US,same_name_diff_address,1
S1-935909196,S3-439290784,0.9971,0,0.8085,0.0,US,missing_address_collision,1
S1-337610024,S2-535564435,0.9971,0,0.855,0.0,INDIA,same_name_diff_address,1
S1-608107559,S3-926864474,0.9971,0,0.6,0.0,US,missing_address_collision,1
S1-121481289,S2-644729731,0.9971,0,0.76,0.0,INDIA,missing_address_collision,1
S1-565764826,S2-792147905,0.997,0,0.855,0.0,INDIA,same_name_diff_address,1
S1-225539032,S2-91391654,0.997,0,0.855,0.0,INDIA,same_name_diff_address,1
S1-227608082,S2-734579806,0.997,0,0.8918,0.0,INDIA,same_name_diff_address,1
S1-355886296,S2-681752819,0.997,0,0.7464,0.0,INDIA,missing_address_collision,1
S1-178548476,S3-585816251,0.997,0,0.7719,0.0,INDIA,missing_address_collision,1
S1-43223578,S2-637041405,0.997,0,0.8143,0.0,INDIA,missing_address_collision,1
S1-176795560,S2-259548122,0.997,0,0.5846,0.0,US,missing_address_collision,1
S1-705968984,S2-712674900,0.997,0,0.6162,0.0,INDIA,missing_address_collision,1
S1-358403401,S2-334956011,0.997,0,0.855,0.0,US,same_name_diff_address,1
S1-368241495,S2-512803399,0.997,0,0.855,0.0,US,same_name_diff_address,1
S1-655762845,S2-956362300,0.997,0,0.8261,0.0,INDIA,missing_address_collision,1
S1-524485125,S2-779284945,0.997,0,0.7389,0.0,INDIA,missing_address_collision,1
S1-363127356,S2-530657033,0.997,0,0.6522,0.0,US,missing_address_collision,1
S1-24066370,S2-8510625,0.997,0,0.6333,0.0,INDIA,missing_address_collision,1
S1-373682615,S2-543647878,0.997,0,0.7667,0.0,INDIA,missing_address_collision,1
S1-262541454,S2-271054107,0.997,0,0.6333,0.0,INDIA,missing_address_collision,1
S1-862790895,S2-152987224,0.997,0,0.8143,0.0,INDIA,missing_address_collision,1
S1-579210779,S2-118766992,0.997,0,0.855,0.0,US,same_name_diff_address,1
S1-391084083,S2-3660203,0.997,0,0.855,0.0,US,same_name_diff_address,1
S1-868594435,S2-712807252,0.997,0,0.855,0.0,INDIA,same_name_diff_address,1
S1-868594435,S2-254089228,0.997,0,0.8444,0.0,INDIA,missing_address_collision,1
S1-178578478,S2-242034212,0.997,0,0.855,0.0,US,same_name_diff_address,1
S1-849023934,S3-796094220,0.997,0,0.855,0.0,US,same_name_diff_address,1
S1-495116900,S2-827683791,0.997,0,0.7464,0.0,INDIA,missing_address_collision,1
S1-186303441,S2-351585246,0.997,0,0.855,0.0,INDIA,same_name_diff_address,1
S1-24619269,S2-487564314,0.997,0,0.7367,0.0,US,missing_address_collision,1
S1-470518464,S2-750167362,0.997,0,0.8093,0.0,INDIA,missing_address_collision,1
S1-833647400,S2-305606205,0.997,0,0.7959,0.0,US,missing_address_collision,1
S1-105819672,S2-875436931,0.997,0,0.7795,0.0,US,missing_address_collision,1
S1-674491451,S2-640896497,0.997,0,0.855,0.0,INDIA,same_name_diff_address,1
S1-847041898,S2-523414820,0.997,0,0.717,0.0,INDIA,missing_address_collision,1
S1-981220234,S2-627561183,0.997,0,0.7959,0.0,US,missing_address_collision,1
S1-5394187,S2-3717811,0.997,0,0.8889,0.0,INDIA,same_name_diff_address,1
S1-207433621,S2-821832987,0.997,0,0.855,0.0,INDIA,same_name_diff_address,1
S1-738814146,S2-259409951,0.997,0,0.855,0.0,US,same_name_diff_address,1
S1-801406079,S2-782719640,0.997,0,0.855,0.0,INDIA,same_name_diff_address,1
S1-433743438,S2-676705970,0.997,0,0.855,0.0,INDIA,same_name_diff_address,1
S1-625299314,S3-50437204,0.997,0,0.8,0.0,INDIA,missing_address_collision,1
S1-618413526,S2-83144043,0.997,0,0.7125,0.0,INDIA,missing_address_collision,1
S1-113065126,S2-702611012,0.997,0,0.855,0.0,US,same_name_diff_address,1
S1-248323594,S2-571855956,0.997,0,0.855,0.0,US,same_name_diff_address,1
S1-801604478,S2-266699454,0.997,0,0.7649,0.0,US,missing_address_collision,1
S1-347077777,S2-495160908,0.997,0,0.855,0.0,US,same_name_diff_address,1
S1-464135203,S2-835540107,0.997,0,0.855,0.0,US,same_name_diff_address,1
S1-396851602,S2-191714958,0.997,0,0.7458,0.0,US,missing_address_collision,1
S1-26579328,S2-676740422,0.997,0,0.855,0.0,US,same_name_diff_address,1
S1-320336464,S2-623107762,0.997,0,0.855,0.0,US,same_name_diff_address,1
S1-291984716,S2-365114690,0.997,0,0.855,0.0,INDIA,same_name_diff_address,1
S1-598693878,S2-478524405,0.9969,0,0.855,0.0,US,same_name_diff_address,1
S1-246935386,S2-963229809,0.9969,0,0.7512,0.0,INDIA,missing_address_collision,1
S1-545043982,S2-938539079,0.9969,0,0.855,0.0,US,same_name_diff_address,1
S1-949761911,S2-823377209,0.9969,0,0.855,0.0,US,same_name_diff_address,1
S1-565220158,S3-621906134,0.9969,0,0.8205,0.0,INDIA,missing_address_collision,1
S1-645403526,S2-21632556,0.9969,0,0.7403,0.0,US,missing_address_collision,1
S1-657502418,S2-827034360,0.9969,0,0.7755,0.0,US,missing_address_collision,1
S1-231640118,S2-693193720,0.9969,0,0.665,0.0,US,missing_address_collision,1
S1-448030348,S2-976201107,0.9969,0,0.7959,0.0,US,missing_address_collision,1
S1-545506886,S2-238879029,0.9969,0,0.8395,0.0,INDIA,missing_address_collision,1
S1-646110225,S3-873397767,0.9969,0,0.855,0.0,INDIA,same_name_diff_address,1
S1-25255720,S2-978594415,0.9969,0,0.698,0.0,INDIA,missing_address_collision,1
S1-996940035,S2-84711456,0.9969,0,0.7057,0.0,INDIA,missing_address_collision,1
S1-880849068,S2-687818466,0.9969,0,0.855,0.0,US,same_name_diff_address,1
S1-805821860,S2-149736649,0.9969,0,0.7419,0.0,US,missing_address_collision,1
S1-869142674,S2-549079306,0.9969,0,0.8093,0.0,INDIA,missing_address_collision,1
S1-849023934,S3-634503347,0.9969,0,0.855,0.0,US,same_name_diff_address,1
S1-761209076,S2-429231270,0.9969,0,0.855,0.0,INDIA,same_name_diff_address,1
S1-397498202,S2-785963876,0.9969,0,0.7238,0.0,US,missing_address_collision,1
S1-113225648,S2-582549506,0.9969,0,0.6064,0.0,INDIA,missing_address_collision,1
S1-508554227,S2-800879362,0.9969,0,0.8837,0.0,INDIA,same_name_diff_address,1
S1-132565513,S3-529086648,0.9969,0,0.7795,0.0,INDIA,missing_address_collision,1
S1-894006169,S2-701465069,0.9969,0,0.7869,0.0,INDIA,missing_address_collision,1
S1-661815311,S3-785974561,0.9969,0,0.7824,0.0,INDIA,missing_address_collision,1
S1-143490079,S2-493225218,0.9969,0,0.855,0.0,US,same_name_diff_address,1
S1-493665115,S2-567725788,0.9969,0,0.7355,0.0,INDIA,missing_address_collision,1
S1-345413653,S2-335820883,0.9969,0,0.855,0.0,INDIA,same_name_diff_address,1
S1-51331249,S2-207007713,0.9969,0,0.855,0.0,INDIA,same_name_diff_address,1
S1-96101477,S2-186221202,0.9969,0,0.7896,0.0,US,missing_address_collision,1
S1-262541454,S2-19004596,0.9969,0,0.7265,0.0,INDIA,missing_address_collision,1
S1-559041895,S2-769948016,0.9969,0,0.855,0.0,INDIA,same_name_diff_address,1
S1-744807257,S2-428335606,0.9969,0,0.855,0.0,INDIA,same_name_diff_address,1
S1-353718026,S2-166216495,0.9969,0,0.855,0.0,US,same_name_diff_address,1
S1-370013739,S2-358247757,0.9969,0,0.855,0.0,INDIA,same_name_diff_address,1
S1-57995279,S2-364544440,0.9969,0,0.6452,0.0,US,missing_address_collision,1
S1-390370489,S2-994658805,0.9968,0,0.8525,0.0,INDIA,same_name_diff_address,1
S1-804280252,S2-361038997,0.9968,0,0.7703,0.0,US,missing_address_collision,1
S1-661249855,S2-570269441,0.9968,0,0.855,0.0,INDIA,same_name_diff_address,1
S1-874258881,S2-198717453,0.9968,0,0.855,0.0,INDIA,same_name_diff_address,1
S1-19985624,S2-134416490,0.9968,0,0.855,0.0,US,same_name_diff_address,1
S1-618459282,S2-111875404,0.9968,0,0.8358,0.0,INDIA,missing_address_collision,1
S1-290103531,S2-730101992,0.9968,0,0.855,0.0,INDIA,same_name_diff_address,1
S1-836229579,S2-451189564,0.9968,0,0.7078,0.0,INDIA,missing_address_collision,1
S1-754743419,S2-449250805,0.9968,0,0.7619,0.0,INDIA,missing_address_collision,1
S1-234727445,S2-101026703,0.9968,0,0.855,0.0,US,same_name_diff_address,1
S1-321037880,S2-438142341,0.9968,0,0.855,0.0,US,same_name_diff_address,1
S1-261762734,S3-701775801,0.9968,0,0.8185,0.0,INDIA,missing_address_collision,1
S1-299434695,S2-529024988,0.9968,0,0.6218,0.0,US,missing_address_collision,1
S1-20722469,S2-313623483,0.9968,0,0.855,0.0,US,same_name_diff_address,1
S1-557419968,S3-348645965,0.9968,0,0.9,0.0,US,same_name_diff_address,1
S1-50431976,S2-844205138,0.9968,0,0.775,0.0,US,missing_address_collision,1
S1-650527809,S2-458792746,0.9968,0,0.7781,0.0,US,missing_address_collision,1
S1-723312783,S3-416879697,0.9968,0,0.7119,0.0,INDIA,missing_address_collision,1
S1-641767808,S2-279664505,0.9968,0,0.855,0.0,US,same_name_diff_address,1
S1-61489622,S2-73908470,0.9968,0,0.7968,0.0,INDIA,missing_address_collision,1
S1-82615520,S2-652461305,0.9968,0,0.7824,0.0,US,missing_address_collision,1
S1-834506462,S2-527171861,0.9968,0,0.7265,0.0,INDIA,missing_address_collision,1
S1-961771100,S2-699196039,0.9968,0,0.855,0.0,US,same_name_diff_address,1
S1-462025138,S2-454544641,0.9968,0,0.855,0.0,INDIA,same_name_diff_address,1
S1-539368248,S2-983222799,0.9968,0,0.855,0.0,INDIA,same_name_diff_address,1
S1-473644262,S2-157758012,0.9968,0,0.7945,0.0,INDIA,missing_address_collision,1
S1-883231877,S2-424836228,0.9968,0,0.7415,0.0,US,missing_address_collision,1
S1-673642568,S2-587920956,0.9968,0,0.855,0.0,US,same_name_diff_address,1
S1-928380668,S2-929843461,0.9968,0,0.8404,0.0,INDIA,missing_address_collision,1
S1-852357559,S3-127335146,0.9968,0,0.6154,0.0,US,missing_address_collision,1
S1-750671743,S2-147086206,0.9968,0,0.855,0.0,US,same_name_diff_address,1
S1-649255879,S2-835004079,0.9968,0,0.727,0.0,US,missing_address_collision,1
S1-720049932,S2-629156802,0.9968,0,0.855,0.0,US,same_name_diff_address,1
S1-393719726,S2-251440780,0.9968,0,0.855,0.0,US,same_name_diff_address,1
S1-602855159,S2-387838598,0.9967,0,0.855,0.0,US,same_name_diff_address,1
S1-552310419,S2-944105515,0.9967,0,0.7389,0.0,INDIA,missing_address_collision,1
S1-35344192,S2-815028258,0.9967,0,0.6222,0.0,INDIA,missing_address_collision,1
S1-478060187,S2-7621004,0.9967,0,0.7646,0.0,US,missing_address_collision,1
S1-834506462,S2-94810888,0.9967,0,0.6,0.0,INDIA,missing_address_collision,1
S1-727060823,S2-731514964,0.9967,0,0.855,0.0,US,same_name_diff_address,1
S1-541318808,S2-882042693,0.9967,0,0.8563,0.0,INDIA,same_name_diff_address,1
S1-669811255,S2-741208276,0.9967,0,0.855,0.0,INDIA,same_name_diff_address,1
S1-530735967,S2-783674726,0.9967,0,0.7862,0.0,INDIA,missing_address_collision,1
S1-88207531,S2-954514049,0.9967,0,0.855,0.0,US,same_name_diff_address,1
S1-227608082,S2-400947321,0.9967,0,0.855,0.0,INDIA,same_name_diff_address,1
S1-908153291,S2-294010272,0.9967,0,0.855,0.0,INDIA,same_name_diff_address,1
S1-343023465,S2-860291647,0.9967,0,0.6923,0.0,US,missing_address_collision,1
S1-579058766,S3-457002843,0.9967,0,0.75,0.3,INDIA,franchise_duplicate_collision,1
S1-740641617,S3-392375040,0.9967,0,0.855,0.0,US,same_name_diff_address,1
S1-547190702,S2-593963415,0.9967,0,0.855,0.0,US,same_name_diff_address,1
S1-396851602,S2-995188348,0.9967,0,0.7818,0.0,US,missing_address_collision,1
S1-599063071,S2-343188262,0.9967,0,0.855,0.0,US,same_name_diff_address,1
S1-600391726,S2-440680598,0.9967,0,0.855,0.0,INDIA,same_name_diff_address,1
S1-812136612,S2-381676404,0.9967,0,0.7824,0.0,INDIA,missing_address_collision,1
S1-969431040,S2-679317434,0.9967,0,0.855,0.0,US,same_name_diff_address,1
S1-163369137,S2-946009965,0.9967,0,0.8051,0.0,INDIA,missing_address_collision,1
S1-965536162,S3-162299024,0.9967,0,0.855,0.0,US,same_name_diff_address,1
S1-195432335,S2-186014393,0.9967,0,0.7848,0.0,INDIA,missing_address_collision,1
S1-518444550,S2-910189190,0.9967,0,0.7534,0.0,INDIA,missing_address_collision,1
S1-598047335,S2-852387309,0.9967,0,0.8621,0.0,INDIA,same_name_diff_address,1
S1-435224261,S3-10268161,0.9967,0,0.7389,0.0,US,missing_address_collision,1
S1-470920477,S2-303319643,0.9967,0,0.7878,0.0,INDIA,missing_address_collision,1
S1-190747658,S2-456456482,0.9967,0,0.6861,0.0,INDIA,missing_address_collision,1
S1-336033654,S2-411402404,0.9967,0,0.8205,0.0,US,missing_address_collision,1
S1-185463686,S2-633672360,0.9967,0,0.6333,0.0,INDIA,missing_address_collision,1
S1-346455537,S2-251575872,0.9967,0,0.855,0.0,INDIA,same_name_diff_address,1
S1-865730518,S3-709292380,0.9967,0,0.7521,0.0,INDIA,missing_address_collision,1
S1-564094945,S2-499944245,0.9967,0,0.6909,0.0,US,missing_address_collision,1
S1-345413653,S2-274999382,0.9967,0,0.8382,0.0,INDIA,missing_address_collision,1
S1-858472719,S3-573198580,0.9967,0,0.825,0.0,US,missing_address_collision,1
S1-776565013,S2-745884937,0.9967,0,0.5714,0.0,US,missing_address_collision,1
S1-485938381,S2-326778655,0.9967,0,0.76,0.0,INDIA,missing_address_collision,1
S1-621540377,S3-166901176,0.9967,0,0.855,0.0,INDIA,same_name_diff_address,1
S1-109705135,S2-23107670,0.9967,0,0.5146,0.0,US,missing_address_collision,1
S1-762457618,S3-58478641,0.9967,0,0.855,0.0,INDIA,same_name_diff_address,1
S1-474287071,S2-648136176,0.9966,0,0.7795,0.0,US,missing_address_collision,1
S1-149673885,S2-263359646,0.9966,0,0.855,0.0,US,same_name_diff_address,1
S1-405684289,S2-665799506,0.9966,0,0.775,0.0,US,missing_address_collision,1
S1-874966137,S2-836076244,0.9966,0,0.855,0.0,INDIA,same_name_diff_address,1
S1-11950858,S2-132308078,0.9966,0,0.6951,0.0,INDIA,missing_address_collision,1
S1-462025138,S2-796545906,0.9966,0,0.8143,0.0,INDIA,missing_address_collision,1
S1-262988969,S2-720707703,0.9966,0,0.855,0.0,US,same_name_diff_address,1
S1-177919655,S2-259618749,0.9966,0,0.855,0.0,US,same_name_diff_address,1
S1-623669159,S2-880707336,0.9966,0,0.855,0.0,INDIA,same_name_diff_address,1
S1-786431926,S2-699732214,0.9966,0,0.6742,0.0,INDIA,missing_address_collision,1
S1-460988650,S2-44001241,0.9966,0,0.8444,0.0,INDIA,missing_address_collision,1
S1-375143705,S2-894485598,0.9966,0,0.76,0.0,INDIA,missing_address_collision,1
S1-783274941,S2-302587378,0.9966,0,0.855,0.0,INDIA,same_name_diff_address,1
S1-874558231,S2-845823838,0.9966,0,0.855,0.0,US,same_name_diff_address,1
S1-402991301,S2-214314132,0.9966,0,0.7773,0.0,INDIA,missing_address_collision,1
S1-1664330,S2-390566639,0.9966,0,0.855,0.0,INDIA,same_name_diff_address,1
S1-393609022,S2-899295762,0.9966,0,0.6477,0.0,INDIA,missing_address_collision,1
S1-535229406,S2-944829652,0.9966,0,0.6017,0.0,US,missing_address_collision,1
S1-539617842,S2-157395306,0.9966,0,0.855,0.0,INDIA,same_name_diff_address,1
S1-344259613,S2-690492614,0.9966,0,0.8444,0.0,INDIA,missing_address_collision,1
S1-755380521,S2-112553262,0.9966,0,0.5881,0.0,US,missing_address_collision,1
S1-957522859,S2-686950762,0.9966,0,0.6364,0.0,INDIA,missing_address_collision,1
S1-1842075,S2-539869609,0.9966,0,0.8075,0.0,INDIA,missing_address_collision,1
S1-810116060,S3-910300147,0.9966,0,0.8333,0.0,INDIA,missing_address_collision,1
S1-275848403,S2-257608609,0.9966,0,0.855,0.0,INDIA,same_name_diff_address,1
S1-390370489,S2-852940052,0.9966,0,0.7238,0.0,INDIA,missing_address_collision,1
S1-783557483,S2-900107890,0.9966,0,0.8022,0.0,INDIA,missing_address_collision,1
S1-295753063,S2-967162068,0.9966,0,0.6435,0.0,INDIA,missing_address_collision,1
S1-359184234,S2-886788423,0.9966,0,0.7795,0.0,INDIA,missing_address_collision,1
S1-143490079,S2-523323493,0.9966,0,0.855,0.0,US,same_name_diff_address,1
S1-716159786,S2-184217763,0.9966,0,0.8196,0.0,INDIA,missing_address_collision,1
S1-723312783,S3-665077338,0.9966,0,0.6441,0.0,INDIA,missing_address_collision,1
S1-576637678,S2-740928073,0.9966,0,0.7696,0.0,US,missing_address_collision,1
S1-989638444,S3-562415146,0.9966,0,0.665,0.0,INDIA,missing_address_collision,1
S1-86546785,S2-939566135,0.9966,0,0.6786,0.0,INDIA,missing_address_collision,1
S1-99350577,S2-26816511,0.9966,0,0.855,0.0,US,same_name_diff_address,1
S1-68939231,S2-474103230,0.9966,0,0.5946,0.0,INDIA,missing_address_collision,1
S1-993709599,S2-676218092,0.9966,0,0.76,0.0,US,missing_address_collision,1
S1-73156772,S2-330104593,0.9965,0,0.7917,0.0,INDIA,missing_address_collision,1
S1-407378236,S2-627544540,0.9965,0,0.775,0.0,US,missing_address_collision,1
S1-60400673,S3-858494762,0.9965,0,0.665,0.0,INDIA,missing_address_collision,1
S1-158814908,S3-54067851,0.9965,0,0.7719,0.0,INDIA,missing_address_collision,1
S1-756940025,S2-459175165,0.9965,0,0.855,0.0,US,same_name_diff_address,1
S1-19431567,S3-308342755,0.9965,0,0.855,0.0,US,same_name_diff_address,1
S1-150564724,S3-628410357,0.9965,0,0.7179,0.0,INDIA,missing_address_collision,1
S1-701905848,S2-387321070,0.9965,0,0.7729,0.0,INDIA,missing_address_collision,1
S1-947524529,S3-517236694,0.9965,0,0.8595,0.0,US,same_name_diff_address,1
S1-787402085,S2-765404645,0.9965,0,0.855,0.0,US,same_name_diff_address,1
S1-534485333,S2-56533846,0.9965,0,0.855,0.0,INDIA,same_name_diff_address,1
S1-626028213,S2-684363578,0.9965,0,0.7953,0.0,INDIA,missing_address_collision,1
S1-623000711,S2-813628920,0.9965,0,0.8291,0.0,INDIA,missing_address_collision,1
S1-49458593,S2-398958576,0.9965,0,0.855,0.0,INDIA,same_name_diff_address,1
S1-290935369,S2-349124253,0.9965,0,0.855,0.0,US,same_name_diff_address,1
S1-916680064,S2-752570434,0.9965,0,0.7606,0.0,INDIA,missing_address_collision,1
S1-173702927,S2-258928843,0.9965,0,0.7795,0.0,US,missing_address_collision,1
S1-345660189,S2-437170710,0.9965,0,0.855,0.0,US,same_name_diff_address,1
S1-937589919,S2-358365775,0.9965,0,0.6729,0.0,US,missing_address_collision,1
S1-876066924,S2-253961352,0.9965,0,0.855,0.0,INDIA,same_name_diff_address,1
S1-10968549,S2-789117589,0.9965,0,0.855,0.0,INDIA,same_name_diff_address,1
S1-128964035,S2-176063029,0.9965,0,0.4727,0.0,US,missing_address_collision,1
S1-403585529,S2-940137441,0.9965,0,0.7125,0.0,INDIA,missing_address_collision,1
S1-777943225,S2-446208039,0.9965,0,0.855,0.0,US,same_name_diff_address,1
S1-7204381,S2-920116956,0.9965,0,0.855,0.0,US,same_name_diff_address,1
S1-435617329,S2-684418936,0.9965,0,0.855,0.0,US,same_name_diff_address,1
S1-868594435,S2-629213333,0.9965,0,0.8444,0.0,INDIA,missing_address_collision,1
S1-46769771,S3-449867116,0.9965,0,0.76,0.0,INDIA,missing_address_collision,1
S1-126706063,S2-493099612,0.9965,0,0.6829,0.0,US,missing_address_collision,1
S1-410737595,S2-463679643,0.9965,0,0.855,0.0,US,same_name_diff_address,1
S1-586130447,S2-630954644,0.9965,0,0.8894,0.0,INDIA,same_name_diff_address,1
S1-75357594,S2-90125430,0.9965,0,0.789,0.0,US,missing_address_collision,1
S1-310956934,S2-168399160,0.9964,0,0.855,0.0,US,same_name_diff_address,1
S1-490361047,S2-596313536,0.9964,0,0.6577,0.0,INDIA,missing_address_collision,1
S1-84119616,S2-910864904,0.9964,0,0.855,0.0,INDIA,same_name_diff_address,1
S1-344989796,S2-799055830,0.9964,0,0.855,0.0,INDIA,same_name_diff_address,1
S1-642662354,S2-769726868,0.9964,0,0.855,0.0,INDIA,same_name_diff_address,1
S1-598693878,S2-853045996,0.9964,0,0.855,0.0,US,same_name_diff_address,1
S1-210700189,S2-761528656,0.9964,0,0.855,0.0,US,same_name_diff_address,1
S1-301143281,S3-690277548,0.9964,0,0.76,0.0,INDIA,missing_address_collision,1
S1-909517313,S2-989765359,0.9964,0,0.855,0.0,US,same_name_diff_address,1
S1-178548476,S3-679425300,0.9964,0,0.855,0.0,INDIA,same_name_diff_address,1
S1-25697753,S3-1424607,0.9964,0,0.855,0.0,US,same_name_diff_address,1
S1-786088137,S3-849164368,0.9964,0,0.8022,0.0,INDIA,missing_address_collision,1
S1-323820271,S2-720541558,0.9964,0,0.855,0.0,US,same_name_diff_address,1
S1-8499563,S2-123697357,0.9964,0,0.7945,0.0,INDIA,missing_address_collision,1
S1-396718884,S2-330645346,0.9964,0,0.855,0.0,INDIA,same_name_diff_address,1
S1-648137293,S2-109384968,0.9964,0,0.855,0.0,US,same_name_diff_address,1
S1-759218456,S2-592169903,0.9964,0,0.7917,0.0,US,missing_address_collision,1
S1-673614501,S3-190819036,0.9964,0,0.6821,0.0,INDIA,missing_address_collision,1
S1-512640712,S2-304194395,0.9964,0,0.855,0.0,US,same_name_diff_address,1
S1-461121015,S2-572858197,0.9964,0,0.855,0.0,US,same_name_diff_address,1
S1-964801822,S2-139951295,0.9964,0,0.725,0.0,US,missing_address_collision,1
S1-577725515,S2-576161652,0.9964,0,0.855,0.0,US,same_name_diff_address,1
S1-389864717,S2-294010272,0.9964,0,0.855,0.0,INDIA,same_name_diff_address,1
S1-295753063,S2-147060685,0.9964,0,0.855,0.0,INDIA,same_name_diff_address,1
S1-168650789,S2-456157936,0.9964,0,0.855,0.0,US,same_name_diff_address,1
S1-916680064,S2-254195375,0.9964,0,0.8143,0.0,INDIA,missing_address_collision,1
S1-599130534,S2-747333516,0.9964,0,0.855,0.0,US,same_name_diff_address,1
S1-201281490,S2-403127547,0.9964,0,0.855,0.0,US,same_name_diff_address,1
S1-105721210,S2-137542990,0.9964,0,0.855,0.0,US,same_name_diff_address,1
S1-101006904,S2-87430387,0.9964,0,0.6786,0.0,INDIA,missing_address_collision,1
S1-345660189,S2-321823689,0.9964,0,0.855,0.0,US,same_name_diff_address,1
S1-451776826,S2-980281494,0.9963,0,0.855,0.0,US,same_name_diff_address,1
S1-633910680,S2-920116956,0.9963,0,0.855,0.0,US,same_name_diff_address,1
S1-68835594,S2-957175957,0.9963,0,0.4545,0.0,US,missing_address_collision,1
S1-932717690,S2-580470388,0.9963,0,0.8143,0.0,INDIA,missing_address_collision,1
S1-556219438,S2-181264056,0.9963,0,0.7125,0.0,INDIA,missing_address_collision,1
S1-24619269,S3-889256189,0.9963,0,0.7367,0.0,US,missing_address_collision,1
S1-231640118,S2-382864898,0.9963,0,0.855,0.0,US,same_name_diff_address,1
S1-130737065,S3-17307456,0.9963,0,0.855,0.0,US,same_name_diff_address,1
S1-195639698,S2-100051440,0.9963,0,0.855,0.0,INDIA,same_name_diff_address,1
S1-648836485,S2-842523065,0.9963,0,0.855,0.0,US,same_name_diff_address,1
S1-955915204,S2-856166128,0.9963,0,0.6333,0.0,INDIA,missing_address_collision,1
S1-606596508,S2-560927616,0.9963,0,0.855,0.0,INDIA,same_name_diff_address,1
S1-477347461,S2-448148507,0.9963,0,0.6129,0.0,INDIA,missing_address_collision,1
S1-383558378,S2-418745113,0.9963,0,0.6333,0.0,INDIA,missing_address_collision,1
S1-358022863,S2-56530782,0.9963,0,0.6667,0.0,US,missing_address_collision,1
S1-143728430,S2-584727891,0.9963,0,0.855,0.0,INDIA,same_name_diff_address,1
S1-354113772,S2-803118525,0.9963,0,0.7189,0.0,INDIA,missing_address_collision,1
S1-855261985,S2-860002309,0.9963,0,0.855,0.0,US,same_name_diff_address,1
S1-133052870,S2-896137898,0.9963,0,0.855,0.0,INDIA,same_name_diff_address,1
S1-51331249,S2-56533846,0.9963,0,0.855,0.0,INDIA,same_name_diff_address,1
S1-968231343,S2-367686871,0.9963,0,0.7917,0.0,US,missing_address_collision,1
S1-206554512,S2-985444633,0.9963,0,0.855,0.0,US,same_name_diff_address,1
S1-928087897,S2-69804824,0.9963,0,0.7238,0.0,US,missing_address_collision,1
S1-291478431,S2-134908846,0.9963,0,0.855,0.0,INDIA,same_name_diff_address,1
S1-824993074,S2-326280906,0.9963,0,0.855,0.0,US,same_name_diff_address,1
S1-874258881,S2-479574566,0.9963,0,0.855,0.0,INDIA,same_name_diff_address,1
S1-993324329,S2-631024218,0.9963,0,0.769,0.0,INDIA,missing_address_collision,1
S1-325844727,S3-285372671,0.9963,0,0.855,0.0,US,same_name_diff_address,1
S1-965980953,S2-696236503,0.9963,0,0.7755,0.0,US,missing_address_collision,1
S1-463759459,S2-62602590,0.9963,0,0.855,0.0,INDIA,same_name_diff_address,1
S1-13139309,S2-443308654,0.9963,0,0.76,0.0,INDIA,missing_address_collision,1
S1-637760457,S2-599878189,0.9963,0,0.6247,0.0,INDIA,missing_address_collision,1
S1-728597698,S2-843525648,0.9963,0,0.5793,0.0,US,missing_address_collision,1
S1-341707981,S2-589989274,0.9963,0,0.836,0.0,INDIA,missing_address_collision,1
S1-951822333,S2-528080762,0.9963,0,0.7064,0.0,INDIA,missing_address_collision,1
S1-81807812,S2-212381855,0.9963,0,0.8444,0.0,INDIA,missing_address_collision,1
S1-166361006,S3-770760502,0.9963,0,0.95,0.3,INDIA,same_name_diff_address,1
S1-599131114,S2-968210578,0.9963,0,0.855,0.0,US,same_name_diff_address,1
S1-341707981,S2-474690143,0.9963,0,0.836,0.0,INDIA,missing_address_collision,1
S1-129473510,S2-844893675,0.9963,0,0.855,0.0,US,same_name_diff_address,1
S1-129473510,S2-996473319,0.9963,0,0.855,0.0,US,same_name_diff_address,1
S1-901465998,S3-503415339,0.9962,0,0.855,0.0,INDIA,same_name_diff_address,1
S1-386967743,S3-714295091,0.9962,0,0.855,0.0,US,same_name_diff_address,1
S1-521920907,S2-173377368,0.9962,0,0.5744,0.0,INDIA,missing_address_collision,1
S1-681323519,S2-142031514,0.9962,0,0.855,0.0,US,same_name_diff_address,1
S1-438077763,S2-439451880,0.9962,0,0.855,0.0,INDIA,same_name_diff_address,1
S1-506586052,S2-786400589,0.9962,0,0.855,0.0,INDIA,same_name_diff_address,1
S1-567358764,S2-213958525,0.9962,0,0.855,0.0,INDIA,same_name_diff_address,1
S1-969431040,S2-805161478,0.9962,0,0.855,0.0,US,same_name_diff_address,1
S1-28619519,S2-510162338,0.9962,0,0.7677,0.0,US,missing_address_collision,1
S1-155093344,S2-191981132,0.9962,0,0.855,0.0,US,same_name_diff_address,1
S1-959672082,S2-425697567,0.9962,0,0.6984,0.0,INDIA,missing_address_collision,1
S1-481692887,S2-500092490,0.9962,0,0.855,0.0,INDIA,same_name_diff_address,1
S1-486511981,S3-907373046,0.9962,0,0.5882,0.0,US,missing_address_collision,1
S1-710839297,S2-690332950,0.9962,0,0.855,0.0,US,same_name_diff_address,1
S1-554512944,S2-385299099,0.9962,0,0.6861,0.0,US,missing_address_collision,1
S1-268179829,S2-207266193,0.9962,0,0.855,0.0,US,same_name_diff_address,1
S1-933507238,S2-32778563,0.9962,0,0.855,0.0,INDIA,same_name_diff_address,1
S1-599271624,S2-656253629,0.9962,0,0.855,0.0,US,same_name_diff_address,1
S1-839162726,S2-870253909,0.9962,0,0.855,0.0,INDIA,same_name_diff_address,1
S1-822268380,S2-115868676,0.9962,0,0.855,0.0,US,same_name_diff_address,1
S1-880879317,S2-767916052,0.9962,0,0.855,0.0,US,same_name_diff_address,1
S1-533691931,S2-182624276,0.9962,0,0.855,0.0,US,same_name_diff_address,1
S1-366063247,S2-220511213,0.9962,0,0.7917,0.0,INDIA,missing_address_collision,1
S1-853135217,S3-421007243,0.9962,0,0.9,0.0,US,same_name_diff_address,1
S1-723274681,S2-200869120,0.9962,0,0.855,0.0,US,same_name_diff_address,1
S1-995003713,S2-709485900,0.9962,0,0.855,0.0,US,same_name_diff_address,1
S1-539588886,S2-520508964,0.9962,0,0.6861,0.0,INDIA,missing_address_collision,1
S1-712751188,S3-175262667,0.9962,0,0.6635,0.0,INDIA,missing_address_collision,1
S1-988560086,S2-915258606,0.9962,0,0.8075,0.0,US,missing_address_collision,1
S1-275111932,S2-231194359,0.9962,0,0.855,0.0,INDIA,same_name_diff_address,1
S1-873462421,S2-581721868,0.9962,0,0.855,0.0,INDIA,same_name_diff_address,1
S1-82615520,S3-651235595,0.9962,0,0.7826,0.0,US,missing_address_collision,1
S1-645017140,S3-688434830,0.9962,0,0.6154,0.0,US,missing_address_collision,1
S1-754743419,S2-368856171,0.9962,0,0.6821,0.0,INDIA,missing_address_collision,1
S1-133052870,S2-527021779,0.9962,0,0.855,0.0,INDIA,same_name_diff_address,1
S1-849023934,S3-412823401,0.9962,0,0.855,0.0,US,same_name_diff_address,1
S1-287927300,S2-918843679,0.9962,0,0.7389,0.0,INDIA,missing_address_collision,1
S1-313627444,S3-299137386,0.9962,0,0.855,0.0,US,same_name_diff_address,1
S1-885995884,S3-340634670,0.9962,0,0.8489,0.0,INDIA,missing_address_collision,1
S1-888814580,S2-378574853,0.9962,0,0.6706,0.0,US,missing_address_collision,1
S1-783274941,S2-805283537,0.9962,0,0.855,0.0,INDIA,same_name_diff_address,1
S1-754846327,S2-824340117,0.9962,0,0.855,0.0,US,same_name_diff_address,1
S1-485938381,S3-224993372,0.9962,0,0.7692,0.0,INDIA,missing_address_collision,1
S1-789867157,S2-921572529,0.9961,0,0.6818,0.0,US,missing_address_collision,1
S1-594329087,S2-661048937,0.9961,0,0.855,0.0,INDIA,same_name_diff_address,1
S1-545043982,S2-428847593,0.9961,0,0.855,0.0,US,same_name_diff_address,1
S1-253240441,S2-142871795,0.9961,0,0.855,0.0,INDIA,same_name_diff_address,1
S1-898399793,S2-236354362,0.9961,0,0.76,0.0,US,missing_address_collision,1
S1-109705135,S2-608876342,0.9961,0,0.6122,0.0,US,missing_address_collision,1
S1-801459261,S2-87226308,0.9961,0,0.0938,1.0,INDIA,same_address_diff_name,1
S1-227092798,S2-659375700,0.9961,0,0.7808,0.0,US,missing_address_collision,1
S1-703641188,S2-354496624,0.9961,0,0.5938,0.0,INDIA,missing_address_collision,1
S1-90187444,S2-671322300,0.9961,0,0.6667,0.0,INDIA,missing_address_collision,1
S1-326493518,S2-2507560,0.9961,0,0.855,0.0,INDIA,same_name_diff_address,1
S1-96489524,S2-16925833,0.9961,0,0.855,0.0,INDIA,same_name_diff_address,1
S1-491093824,S2-562573034,0.9961,0,0.6061,0.0,US,missing_address_collision,1
S1-650527809,S2-578764066,0.9961,0,0.855,0.0,US,same_name_diff_address,1
S1-202511266,S2-920393765,0.9961,0,0.855,0.0,US,same_name_diff_address,1
S1-114934152,S3-296599490,0.9961,0,0.7143,0.0,INDIA,missing_address_collision,1
S1-838632103,S2-733835997,0.9961,0,0.855,0.0,INDIA,same_name_diff_address,1
S1-947002134,S2-260903490,0.9961,0,0.855,0.0,US,same_name_diff_address,1
S1-119092457,S2-901017232,0.9961,0,0.855,0.0,US,same_name_diff_address,1
S1-521462880,S2-35432195,0.9961,0,0.855,0.0,INDIA,same_name_diff_address,1
S1-590683619,S2-511487652,0.9961,0,0.5862,0.0,US,missing_address_collision,1
S1-452827912,S3-702634184,0.9961,0,0.7213,0.0,INDIA,missing_address_collision,1
S1-53788670,S2-877869881,0.9961,0,0.855,0.0,INDIA,same_name_diff_address,1
S1-787003126,S2-93945494,0.9961,0,0.6685,0.0,INDIA,missing_address_collision,1
S1-674379681,S2-238769631,0.9961,0,0.6477,0.0,US,missing_address_collision,1
S1-262988969,S2-515394011,0.9961,0,0.855,0.0,US,same_name_diff_address,1
S1-415719774,S3-578842658,0.9961,0,0.7887,0.0,INDIA,missing_address_collision,1
S1-268911340,S2-701731701,0.9961,0,0.6333,0.0,INDIA,missing_address_collision,1
S1-131521552,S2-687621624,0.9961,0,0.6967,0.0,US,missing_address_collision,1
S1-658562232,S2-998494153,0.9961,0,0.855,0.0,INDIA,same_name_diff_address,1
S1-658562232,S2-356458813,0.9961,0,0.855,0.0,INDIA,same_name_diff_address,1
S1-588026403,S2-857092280,0.9961,0,0.855,0.0,US,same_name_diff_address,1
S1-395406060,S3-792555798,0.9961,0,0.722,0.0,INDIA,missing_address_collision,1
S1-585060036,S2-989765359,0.9961,0,0.855,0.0,US,same_name_diff_address,1
S1-520259485,S3-704569586,0.996,0,0.6,0.0,US,missing_address_collision,1
S1-474331003,S2-340344968,0.996,0,0.7795,0.0,INDIA,missing_address_collision,1
S1-185197727,S2-906866519,0.996,0,0.7403,0.0,US,missing_address_collision,1
S1-521920907,S2-79363346,0.996,0,0.855,0.0,INDIA,same_name_diff_address,1
S1-57995279,S2-866120933,0.996,0,0.855,0.0,US,same_name_diff_address,1
S1-707712333,S2-856151580,0.996,0,0.8143,0.0,INDIA,missing_address_collision,1
S1-536392348,S3-136825642,0.996,0,0.855,0.0,US,same_name_diff_address,1
S1-563775151,S2-637499914,0.996,0,0.7389,0.0,INDIA,missing_address_collision,1
S1-201281490,S3-145788250,0.996,0,0.855,0.0,US,same_name_diff_address,1
S1-252260714,S2-252500603,0.996,0,0.855,0.0,US,same_name_diff_address,1
S1-21103015,S2-258426212,0.996,0,0.7238,0.0,US,missing_address_collision,1
S1-290544917,S2-883846745,0.996,0,0.855,0.0,US,same_name_diff_address,1
S1-105819672,S2-567211856,0.996,0,0.76,0.0,US,missing_address_collision,1
S1-26680422,S2-297519538,0.996,0,0.855,0.0,US,same_name_diff_address,1
S1-320912308,S2-842931620,0.996,0,0.7812,0.0,INDIA,missing_address_collision,1
S1-49458593,S3-215938427,0.996,0,0.855,0.0,INDIA,same_name_diff_address,1
S1-714838445,S3-72122601,0.996,0,0.7848,0.0,INDIA,missing_address_collision,1
S1-19709148,S2-652350845,0.996,0,0.6821,0.0,INDIA,missing_address_collision,1
S1-961771100,S2-386825116,0.996,0,0.855,0.0,US,same_name_diff_address,1
S1-56404852,S2-598761051,0.996,0,0.8313,0.0,INDIA,missing_address_collision,1
S1-416751794,S2-587782983,0.996,0,0.855,0.0,INDIA,same_name_diff_address,1
S1-637760457,S2-994925055,0.996,0,0.855,0.0,INDIA,same_name_diff_address,1
S1-621409835,S2-973827292,0.996,0,0.855,0.0,US,same_name_diff_address,1
S1-657330726,S3-823020027,0.996,0,0.855,0.0,INDIA,same_name_diff_address,1
S1-124690019,S2-608604786,0.996,0,0.855,0.0,US,same_name_diff_address,1
S1-463318351,S2-239195975,0.996,0,0.855,0.0,INDIA,same_name_diff_address,1
S1-855490200,S2-253243251,0.996,0,0.855,0.0,INDIA,same_name_diff_address,1
S1-745213577,S3-207463120,0.996,0,0.8395,0.0,INDIA,missing_address_collision,1
S1-870924761,S2-819270164,0.996,0,0.855,0.0,INDIA,same_name_diff_address,1
S1-377460691,S3-456714953,0.996,0,0.855,0.0,US,same_name_diff_address,1
S1-959672082,S2-524844813,0.996,0,0.7795,0.0,INDIA,missing_address_collision,1
S1-96489524,S2-475257630,0.996,0,0.855,0.0,INDIA,same_name_diff_address,1
S1-653869341,S2-913710357,0.996,0,0.6875,0.0,US,missing_address_collision,1
S1-45527490,S2-658965502,0.996,0,0.855,0.0,US,same_name_diff_address,1
S1-564234999,S2-388433005,0.996,0,0.855,0.0,US,same_name_diff_address,1
S1-253240441,S2-114711325,0.9959,0,0.855,0.0,INDIA,same_name_diff_address,1
S1-343241768,S2-191369766,0.9959,0,0.855,0.0,US,same_name_diff_address,1
S1-390462408,S2-700690795,0.9959,0,0.8038,0.0,INDIA,missing_address_collision,1
S1-895531567,S3-470112459,0.9959,0,0.855,0.0,US,same_name_diff_address,1
S1-857997243,S2-964718791,0.9959,0,0.855,0.0,US,same_name_diff_address,1
S1-805821860,S2-655053128,0.9959,0,0.855,0.0,US,same_name_diff_address,1
S1-415103295,S2-765442083,0.9959,0,0.855,0.0,INDIA,same_name_diff_address,1
S1-617231110,S2-656474925,0.9959,0,0.7848,0.0,US,missing_address_collision,1
S1-398078909,S2-288612834,0.9959,0,0.855,0.0,INDIA,same_name_diff_address,1
S1-221884233,S2-512891075,0.9959,0,0.855,0.0,US,same_name_diff_address,1
S1-75198017,S2-757440595,0.9959,0,0.855,0.0,US,same_name_diff_address,1
S1-783557483,S2-786745445,0.9959,0,0.717,0.0,INDIA,missing_address_collision,1
S1-156518717,S2-892447296,0.9959,0,0.665,0.0,INDIA,missing_address_collision,1
S1-118042613,S2-789473603,0.9959,0,0.7561,0.0,US,missing_address_collision,1
S1-543641292,S3-985759700,0.9959,0,0.8143,0.0,US,missing_address_collision,1
S1-994193443,S2-145301953,0.9959,0,0.855,0.0,INDIA,same_name_diff_address,1
S1-420596050,S2-766229753,0.9959,0,0.855,0.0,US,same_name_diff_address,1
S1-167007420,S2-812159083,0.9959,0,0.8245,0.0,INDIA,missing_address_collision,1
S1-737204534,S2-93818301,0.9959,0,0.855,0.0,US,same_name_diff_address,1
S1-244674039,S2-155660830,0.9959,0,0.7755,0.0,US,missing_address_collision,1
S1-199954286,S2-601224690,0.9959,0,0.8313,0.0,INDIA,missing_address_collision,1
S1-626396562,S2-426348531,0.9959,0,0.855,0.0,US,same_name_diff_address,1
S1-712751188,S2-32376526,0.9959,0,0.76,0.0,INDIA,missing_address_collision,1
S1-136615560,S3-273070668,0.9959,0,0.855,0.0,US,same_name_diff_address,1
S1-31566704,S2-622210648,0.9959,0,0.6316,0.0,US,missing_address_collision,1
S1-916052572,S2-1005387,0.9959,0,0.775,0.0,US,missing_address_collision,1
S1-979571317,S3-214783239,0.9959,0,0.855,0.0,US,same_name_diff_address,1
S1-922138518,S2-362761754,0.9959,0,0.855,0.0,INDIA,same_name_diff_address,1
S1-648836485,S2-931911729,0.9959,0,0.855,0.0,US,same_name_diff_address,1
S1-792609438,S2-336544954,0.9959,0,0.7125,0.0,INDIA,missing_address_collision,1
S1-977808758,S2-522053255,0.9959,0,0.608,0.0,US,missing_address_collision,1
S1-892855613,S2-976418441,0.9959,0,0.855,0.0,INDIA,same_name_diff_address,1
S1-112362429,S2-839049213,0.9959,0,0.7048,0.0,INDIA,missing_address_collision,1
S1-184238920,S2-149607698,0.9959,0,0.855,0.0,INDIA,same_name_diff_address,1
S1-661815311,S3-279526246,0.9958,0,0.7824,0.0,INDIA,missing_address_collision,1
S1-734351857,S2-691300573,0.9958,0,0.707,0.0,INDIA,missing_address_collision,1
S1-392418457,S2-508475315,0.9958,0,0.7681,0.0,INDIA,missing_address_collision,1
S1-489478422,S2-39267728,0.9958,0,0.7097,0.0,INDIA,missing_address_collision,1
S1-156122380,S2-624141850,0.9958,0,0.855,0.0,INDIA,same_name_diff_address,1
S1-600257356,S2-438553073,0.9958,0,0.7143,0.0,INDIA,missing_address_collision,1
S1-206509133,S2-107382562,0.9958,0,0.855,0.0,US,same_name_diff_address,1
S1-573192606,S3-713056649,0.9958,0,0.5806,0.0,US,missing_address_collision,1
S1-371355221,S2-924944916,0.9958,0,0.6667,0.0,US,missing_address_collision,1
S1-56333299,S2-4111318,0.9958,0,0.7125,0.0,US,missing_address_collision,1
S1-115570626,S2-767916052,0.9958,0,0.5897,0.0,US,missing_address_collision,1
S1-961771100,S2-266603763,0.9958,0,0.6122,0.0,US,missing_address_collision,1
S1-683428499,S2-826024682,0.9958,0,0.855,0.0,INDIA,same_name_diff_address,1
S1-343192202,S2-837373906,0.9958,0,0.855,0.0,INDIA,same_name_diff_address,1
S1-868889272,S2-452271255,0.9958,0,0.7415,0.0,INDIA,missing_address_collision,1
S1-244368299,S2-287241449,0.9958,0,0.7376,0.0,US,missing_address_collision,1
S1-111710851,S2-486649166,0.9958,0,0.855,0.0,US,same_name_diff_address,1
S1-666246241,S2-891449803,0.9958,0,0.75,0.0,INDIA,missing_address_collision,1
S1-761329488,S2-414045107,0.9958,0,0.855,0.0,US,same_name_diff_address,1
S1-1401069,S2-273344646,0.9958,0,0.7456,0.0,US,missing_address_collision,1
S1-530456138,S2-781323168,0.9958,0,0.855,0.0,US,same_name_diff_address,1
S1-295753063,S3-553062827,0.9958,0,0.8038,0.0,INDIA,missing_address_collision,1
S1-64397301,S2-721415500,0.9958,0,0.7355,0.0,US,missing_address_collision,1
S1-519690393,S2-309616064,0.9958,0,0.855,0.0,US,same_name_diff_address,1
S1-260478870,S2-769726868,0.9958,0,0.855,0.0,INDIA,same_name_diff_address,1
S1-706443745,S2-351402392,0.9958,0,0.855,0.0,US,same_name_diff_address,1
S1-870924761,S2-759568334,0.9958,0,0.855,0.0,INDIA,same_name_diff_address,1
S1-386588266,S2-542126028,0.9958,0,0.855,0.0,INDIA,same_name_diff_address,1
S1-576999645,S2-843551053,0.9958,0,0.7435,0.0,INDIA,missing_address_collision,1
S1-689337198,S2-397947372,0.9958,0,0.8143,0.0,INDIA,missing_address_collision,1
S1-387570849,S2-822373359,0.9958,0,0.855,0.0,US,same_name_diff_address,1
S1-997708161,S2-20743984,0.9958,0,0.855,0.0,US,same_name_diff_address,1
S1-125149268,S2-305222139,0.9958,0,0.6047,0.0,US,missing_address_collision,1
S1-587229887,S2-101326795,0.9958,0,0.5359,0.0,US,missing_address_collision,1
S1-235771556,S2-722906,0.9958,0,0.855,0.0,US,same_name_diff_address,1
S1-11950858,S3-667093972,0.9958,0,0.7018,0.0,INDIA,missing_address_collision,1
S1-932995946,S2-367536577,0.9958,0,0.855,0.0,US,same_name_diff_address,1
S1-114964682,S3-509316711,0.9958,0,0.855,0.0,US,same_name_diff_address,1
S1-127410112,S3-883895895,0.9958,0,0.707,0.0,INDIA,missing_address_collision,1
S1-840482273,S2-623379944,0.9958,0,0.855,0.0,INDIA,same_name_diff_address,1
S1-873357231,S2-86428215,0.9958,0,0.7403,0.0,US,missing_address_collision,1
S1-928519168,S2-495827255,0.9958,0,0.5377,0.0,US,missing_address_collision,1
S1-237123171,S3-573059223,0.9958,0,0.6333,0.0,US,missing_address_collision,1
S1-26866317,S2-567563256,0.9958,0,0.855,0.0,INDIA,same_name_diff_address,1
S1-92056772,S2-564271654,0.9958,0,0.5,0.0,US,missing_address_collision,1
S1-463318351,S2-971426085,0.9958,0,0.855,0.0,INDIA,same_name_diff_address,1
S1-292979013,S2-111096282,0.9957,0,0.855,0.0,US,same_name_diff_address,1
S1-333581006,S2-765018838,0.9957,0,0.6552,0.0,US,missing_address_collision,1
S1-256244938,S2-699083919,0.9957,0,0.6204,0.0,INDIA,missing_address_collision,1
S1-824253290,S2-557974751,0.9957,0,0.7644,0.0,US,missing_address_collision,1
S1-410737595,S3-334247073,0.9957,0,0.855,0.0,US,same_name_diff_address,1
S1-961771100,S3-655051586,0.9957,0,0.5115,0.0,US,missing_address_collision,1
S1-887618717,S2-532799763,0.9957,0,0.855,0.0,INDIA,same_name_diff_address,1
S1-44978006,S2-859839981,0.9957,0,0.6909,0.0,INDIA,missing_address_collision,1
S1-963716392,S2-816787343,0.9957,0,0.855,0.0,US,same_name_diff_address,1
S1-577725515,S2-462340178,0.9957,0,0.855,0.0,US,same_name_diff_address,1
S1-526148442,S3-825248585,0.9957,0,0.7661,0.0,US,missing_address_collision,1
S1-194145091,S2-329256672,0.9957,0,0.855,0.0,US,same_name_diff_address,1
S1-258137306,S2-986835367,0.9957,0,0.855,0.0,US,same_name_diff_address,1
S1-830922354,S2-410569146,0.9957,0,0.8085,0.0,INDIA,missing_address_collision,1
S1-245552080,S2-734579806,0.9957,0,0.855,0.0,INDIA,same_name_diff_address,1
S1-94760187,S2-514048465,0.9957,0,0.7959,0.0,US,missing_address_collision,1
S1-94059155,S3-624366156,0.9957,0,0.855,0.0,US,same_name_diff_address,1
S1-986101090,S3-512413642,0.9957,0,0.7367,0.0,INDIA,missing_address_collision,1
S1-555296440,S2-501697895,0.9957,0,0.6903,0.0,US,missing_address_collision,1
S1-435922268,S2-368936581,0.9957,0,0.855,0.0,US,same_name_diff_address,1
S1-81807812,S2-226855698,0.9957,0,0.855,0.0,INDIA,same_name_diff_address,1
S1-49458593,S2-569156725,0.9957,0,0.76,0.0,INDIA,missing_address_collision,1
S1-648836485,S2-142962044,0.9957,0,0.855,0.0,US,same_name_diff_address,1
S1-438077763,S2-775302004,0.9957,0,0.855,0.0,INDIA,same_name_diff_address,1
S1-960879811,S2-437027933,0.9957,0,0.855,0.0,US,same_name_diff_address,1
S1-750671743,S3-217516738,0.9957,0,0.855,0.0,US,same_name_diff_address,1
S1-155093344,S2-421247401,0.9957,0,0.855,0.0,US,same_name_diff_address,1
S1-840482273,S2-50100873,0.9957,0,0.855,0.0,INDIA,same_name_diff_address,1
S1-460576920,S2-197323594,0.9957,0,0.855,0.0,US,same_name_diff_address,1
S1-678426756,S2-83635394,0.9957,0,0.855,0.0,US,same_name_diff_address,1
S1-929490178,S2-911291481,0.9957,0,0.855,0.0,INDIA,same_name_diff_address,1
S1-883558790,S3-939218411,0.9956,0,0.7317,0.0,US,missing_address_collision,1
S1-883558790,S3-836209193,0.9956,0,0.7317,0.0,US,missing_address_collision,1
S1-237465943,S3-774863339,0.9956,0,0.6341,0.0,US,missing_address_collision,1
S1-393913561,S2-325296888,0.9956,0,0.855,0.0,US,same_name_diff_address,1
S1-425207298,S2-697285148,0.9956,0,0.855,0.0,US,same_name_diff_address,1
S1-216619018,S2-82205602,0.9956,0,0.855,0.0,US,same_name_diff_address,1
S1-499716814,S2-279559171,0.9956,0,0.8894,0.0,INDIA,same_name_diff_address,1
S1-843551132,S2-327119391,0.9956,0,0.5647,0.0,US,missing_address_collision,1
S1-821198836,S2-986755998,0.9956,0,0.855,0.0,INDIA,same_name_diff_address,1
S1-477372719,S2-637967828,0.9956,0,0.855,0.0,INDIA,same_name_diff_address,1
S1-49458593,S2-680505106,0.9956,0,0.76,0.0,INDIA,missing_address_collision,1
S1-547190702,S2-721750676,0.9956,0,0.6218,0.0,US,missing_address_collision,1
S1-303692217,S3-286521353,0.9956,0,0.855,0.0,INDIA,same_name_diff_address,1
S1-376148698,S2-741547333,0.9956,0,0.855,0.0,INDIA,same_name_diff_address,1
S1-354929643,S3-664438554,0.9956,0,0.855,0.0,US,same_name_diff_address,1
S1-608115869,S3-115492794,0.9956,0,0.6426,0.0,INDIA,missing_address_collision,1
S1-509820855,S2-381745229,0.9956,0,0.855,0.0,INDIA,same_name_diff_address,1
S1-82615520,S2-448671757,0.9956,0,0.855,0.0,US,same_name_diff_address,1
S1-216373548,S3-245577389,0.9956,0,0.7415,0.0,INDIA,missing_address_collision,1
S1-195432335,S2-295486146,0.9956,0,0.7848,0.0,INDIA,missing_address_collision,1
S1-664662255,S2-765336778,0.9956,0,0.855,0.0,US,same_name_diff_address,1
S1-637760457,S2-214408312,0.9956,0,0.855,0.0,INDIA,same_name_diff_address,1
S1-203760622,S2-195010287,0.9956,0,0.855,0.0,US,same_name_diff_address,1
S1-559138669,S2-91760256,0.9956,0,0.6275,0.0,INDIA,missing_address_collision,1
S1-658562232,S2-518300975,0.9956,0,0.855,0.0,INDIA,same_name_diff_address,1
S1-474331003,S2-668149402,0.9956,0,0.7795,0.0,INDIA,missing_address_collision,1
S1-90262144,S2-583134726,0.9956,0,0.855,0.0,US,same_name_diff_address,1
S1-591161933,S2-548354829,0.9956,0,0.855,0.0,INDIA,same_name_diff_address,1
S1-503711846,S2-878112008,0.9956,0,0.6742,0.0,US,missing_address_collision,1
S1-436873736,S2-810339725,0.9956,0,0.855,0.0,INDIA,same_name_diff_address,1
S1-82768349,S2-621659586,0.9956,0,0.855,0.0,INDIA,same_name_diff_address,1
S1-245772854,S2-528448458,0.9956,0,0.6333,0.0,INDIA,missing_address_collision,1
S1-522472607,S2-40845839,0.9956,0,0.678,0.0,INDIA,missing_address_collision,1
S1-167007420,S2-970420128,0.9956,0,0.855,0.0,INDIA,same_name_diff_address,1
S1-887426967,S2-485782109,0.9956,0,0.855,0.0,US,same_name_diff_address,1
S1-167007420,S2-293342276,0.9956,0,0.855,0.0,INDIA,same_name_diff_address,1
S1-604034290,S2-219241260,0.9955,0,0.855,0.0,US,same_name_diff_address,1
S1-554525073,S2-409504658,0.9955,0,0.855,0.0,US,same_name_diff_address,1
S1-719807711,S2-506239100,0.9955,0,0.855,0.0,US,same_name_diff_address,1
S1-910933659,S2-934936293,0.9955,0,0.855,0.0,INDIA,same_name_diff_address,1
S1-368255500,S2-166953131,0.9955,0,0.8569,0.0,INDIA,same_name_diff_address,1
S1-124645496,S2-970050001,0.9955,0,0.7523,0.0,US,missing_address_collision,1
S1-117197143,S2-755183994,0.9955,0,0.855,0.0,US,same_name_diff_address,1
S1-221884233,S2-319704281,0.9955,0,0.855,0.0,US,same_name_diff_address,1
S1-356731829,S2-520396912,0.9955,0,0.855,0.0,US,same_name_diff_address,1
S1-466805986,S2-426348531,0.9955,0,0.855,0.0,US,same_name_diff_address,1
S1-579210779,S3-144883691,0.9955,0,0.855,0.0,US,same_name_diff_address,1
S1-392418457,S2-998494153,0.9955,0,0.7541,0.0,INDIA,missing_address_collision,1
S1-347823525,S3-935389676,0.9955,0,0.6861,0.0,US,missing_address_collision,1
S1-63366883,S2-80083262,0.9955,0,0.855,0.0,INDIA,same_name_diff_address,1
S1-377549038,S2-111369311,0.9955,0,0.855,0.0,US,same_name_diff_address,1
S1-777875904,S3-113309917,0.9955,0,0.95,0.3214,INDIA,same_name_diff_address,1
S1-986868082,S2-212190008,0.9955,0,0.855,0.0,US,same_name_diff_address,1
S1-860016624,S2-99114737,0.9955,0,0.6476,0.0,US,missing_address_collision,1
S1-420596050,S2-924706666,0.9955,0,0.855,0.0,US,same_name_diff_address,1
S1-894259274,S2-262248245,0.9955,0,0.7189,0.0,INDIA,missing_address_collision,1
S1-850595185,S2-755010720,0.9955,0,0.855,0.0,US,same_name_diff_address,1
S1-349375698,S2-960117332,0.9955,0,0.855,0.0,INDIA,same_name_diff_address,1
S1-526329919,S2-415383267,0.9955,0,0.855,0.0,US,same_name_diff_address,1
S1-960385949,S2-94170819,0.9955,0,0.855,0.0,INDIA,same_name_diff_address,1
S1-128064649,S2-564625184,0.9955,0,0.7215,0.0,US,missing_address_collision,1
S1-519690393,S2-915693180,0.9955,0,0.855,0.0,US,same_name_diff_address,1
S1-295720417,S2-999087004,0.9955,0,0.7125,0.0,US,missing_address_collision,1
S1-118339480,S2-220375407,0.9955,0,0.855,0.0,INDIA,same_name_diff_address,1
S1-355811719,S2-440004217,0.9955,0,0.855,0.0,US,same_name_diff_address,1
S1-252701475,S2-974449246,0.9955,0,0.855,0.0,US,same_name_diff_address,1
S1-322232225,S2-914286823,0.9955,0,0.8,0.0,INDIA,missing_address_collision,1
S1-964395889,S2-68599869,0.9955,0,0.7389,0.0,INDIA,missing_address_collision,1
S1-581012378,S3-812103302,0.9955,0,0.7848,0.0,INDIA,missing_address_collision,1
S1-624853217,S2-842523065,0.9955,0,0.855,0.0,US,same_name_diff_address,1
S1-110043859,S3-74798256,0.9955,0,0.855,0.0,US,same_name_diff_address,1
S1-921074119,S2-647317269,0.9954,0,0.5241,0.0,US,missing_address_collision,1
S1-744392625,S2-336847439,0.9954,0,0.7551,0.0,US,missing_address_collision,1
S1-258980185,S2-697079337,0.9954,0,0.855,0.0,US,same_name_diff_address,1
S1-204753056,S2-618380072,0.9954,0,0.855,0.0,INDIA,same_name_diff_address,1
S1-468797032,S2-479928939,0.9954,0,0.855,0.0,INDIA,same_name_diff_address,1
S1-19431567,S2-645096484,0.9954,0,0.7644,0.0,US,missing_address_collision,1
S1-98819649,S2-439429584,0.9954,0,0.855,0.0,US,same_name_diff_address,1
S1-206509133,S2-290209069,0.9954,0,0.855,0.0,US,same_name_diff_address,1
S1-893317973,S2-142937807,0.9954,0,0.855,0.0,US,same_name_diff_address,1
S1-296426737,S2-453299075,0.9954,0,0.7179,0.0,INDIA,missing_address_collision,1
S1-536392348,S2-238933581,0.9954,0,0.855,0.0,US,same_name_diff_address,1
S1-633247349,S2-105046498,0.9954,0,0.6154,0.0,US,missing_address_collision,1
S1-57754219,S2-292731906,0.9954,0,0.855,0.0,INDIA,same_name_diff_address,1
S1-170097761,S3-470920011,0.9954,0,0.5,0.0,US,missing_address_collision,1
S1-171253594,S2-200367342,0.9954,0,0.855,0.0,US,same_name_diff_address,1
S1-202511266,S2-660787958,0.9954,0,0.855,0.0,US,same_name_diff_address,1
S1-215350150,S2-188488455,0.9954,0,0.7544,0.0,US,missing_address_collision,1
S1-956519215,S2-353825133,0.9954,0,0.855,0.0,US,same_name_diff_address,1
S1-294525396,S2-605613362,0.9954,0,0.7308,0.0,INDIA,missing_address_collision,1
S1-812958106,S2-976418441,0.9954,0,0.855,0.0,INDIA,same_name_diff_address,1
S1-559390642,S2-502622561,0.9954,0,0.7059,0.0,INDIA,missing_address_collision,1
S1-422961069,S2-380945969,0.9954,0,0.855,0.0,US,same_name_diff_address,1
S1-24438816,S2-511824222,0.9954,0,0.855,0.0,INDIA,same_name_diff_address,1
S1-134896364,S3-465682435,0.9954,0,0.6333,0.0,INDIA,missing_address_collision,1
S1-804028518,S2-768546263,0.9954,0,0.855,0.0,INDIA,same_name_diff_address,1
S1-438077763,S2-6377232,0.9954,0,0.76,0.0,INDIA,missing_address_collision,1
S1-933880495,S2-306694258,0.9954,0,0.6667,0.0,US,missing_address_collision,1
S1-743187629,S2-499364802,0.9954,0,0.707,0.0,INDIA,missing_address_collision,1
S1-828818954,S2-699874923,0.9954,0,0.6742,0.0,INDIA,missing_address_collision,1
S1-507478079,S3-144890301,0.9953,0,0.6742,0.0,INDIA,missing_address_collision,1
S1-509171506,S2-926777977,0.9953,0,0.7189,0.0,US,missing_address_collision,1
S1-894663665,S2-906132331,0.9953,0,0.855,0.0,INDIA,same_name_diff_address,1
S1-498639454,S2-70122406,0.9953,0,0.6477,0.0,INDIA,missing_address_collision,1
S1-243357028,S2-825529685,0.9953,0,0.855,0.0,US,same_name_diff_address,1
S1-854187025,S2-550575032,0.9953,0,0.6477,0.0,US,missing_address_collision,1
S1-321574845,S2-864968555,0.9953,0,0.855,0.0,INDIA,same_name_diff_address,1
S1-455392047,S2-305704366,0.9953,0,0.855,0.0,INDIA,same_name_diff_address,1
S1-399419590,S2-446208039,0.9953,0,0.855,0.0,US,same_name_diff_address,1
S1-973327538,S2-817083774,0.9953,0,0.855,0.0,US,same_name_diff_address,1
S1-897717138,S3-654357840,0.9953,0,0.855,0.0,US,same_name_diff_address,1
S1-313627444,S2-179538134,0.9953,0,0.75,0.0,US,missing_address_collision,1
S1-767442740,S2-541016079,0.9953,0,0.6045,0.0,INDIA,missing_address_collision,1
S1-362566251,S2-563855258,0.9953,0,0.855,0.0,INDIA,same_name_diff_address,1
S1-833303738,S2-874290452,0.9953,0,0.855,0.0,INDIA,same_name_diff_address,1
S1-102853901,S2-157189052,0.9953,0,0.8143,0.0,INDIA,missing_address_collision,1
S1-874558231,S2-954393718,0.9953,0,0.855,0.0,US,same_name_diff_address,1
S1-968847178,S3-495058989,0.9953,0,0.6196,0.0,INDIA,missing_address_collision,1
S1-117537302,S2-261278566,0.9953,0,0.855,0.0,US,same_name_diff_address,1
S1-225539032,S2-699589412,0.9953,0,0.855,0.0,INDIA,same_name_diff_address,1
S1-637015436,S2-406529794,0.9952,0,0.855,0.0,INDIA,same_name_diff_address,1
S1-776968091,S3-383017381,0.9952,0,0.855,0.0,INDIA,same_name_diff_address,1
S1-172007678,S2-555357574,0.9952,0,0.7238,0.0,INDIA,missing_address_collision,1
S1-720909133,S2-234352484,0.9952,0,0.855,0.0,US,same_name_diff_address,1
S1-13139309,S2-159418478,0.9952,0,0.7308,0.0,INDIA,missing_address_collision,1
S1-386873793,S2-626608977,0.9952,0,0.855,0.0,US,same_name_diff_address,1
S1-43153119,S2-954614407,0.9952,0,0.678,0.0,INDIA,missing_address_collision,1
S1-271934780,S2-957141822,0.9952,0,0.855,0.0,INDIA,same_name_diff_address,1
S1-110890522,S2-206554052,0.9952,0,0.7804,0.0,INDIA,missing_address_collision,1
S1-435183743,S2-652234986,0.9952,0,0.855,0.0,US,same_name_diff_address,1
S1-749486816,S2-530580387,0.9952,0,0.855,0.0,US,same_name_diff_address,1
S1-447855092,S3-824733220,0.9952,0,0.5517,0.0,INDIA,missing_address_collision,1
S1-535024217,S2-787468302,0.9952,0,0.855,0.0,US,same_name_diff_address,1
S1-734351857,S2-114573914,0.9952,0,0.707,0.0,INDIA,missing_address_collision,1
S1-227092798,S3-664040951,0.9952,0,0.8028,0.0,US,missing_address_collision,1
S1-274688325,S2-573279807,0.9952,0,0.6977,0.0,INDIA,missing_address_collision,1
S1-474178268,S2-662273504,0.9952,0,0.7325,0.0,US,missing_address_collision,1
S1-402731785,S2-738590172,0.9952,0,0.672,0.0,INDIA,missing_address_collision,1
S1-361183754,S3-863658394,0.9952,0,0.855,0.0,INDIA,same_name_diff_address,1
S1-82615520,S3-489398815,0.9952,0,0.855,0.0,US,same_name_diff_address,1
S1-646121436,S2-935666006,0.9952,0,0.7521,0.0,INDIA,missing_address_collision,1
S1-586576737,S2-305891359,0.9952,0,0.8028,0.0,US,missing_address_collision,1
S1-953529266,S3-448231700,0.9952,0,0.7741,0.0,US,missing_address_collision,1
S1-133052870,S3-569512494,0.9952,0,0.855,0.0,INDIA,same_name_diff_address,1
S1-230893861,S2-743525094,0.9952,0,0.717,0.0,US,missing_address_collision,1
S1-862790895,S2-981676778,0.9952,0,0.855,0.0,INDIA,same_name_diff_address,1
S1-543283289,S2-378574853,0.9952,0,0.6875,0.0,US,missing_address_collision,1
S1-411705129,S2-912494838,0.9952,0,0.855,0.0,US,same_name_diff_address,1
S1-282684084,S2-768027623,0.9952,0,0.7475,0.0,INDIA,missing_address_collision,1
S1-414291018,S2-458457533,0.9952,0,0.855,0.0,US,same_name_diff_address,1
S1-687096271,S2-61385949,0.9952,0,0.855,0.0,INDIA,same_name_diff_address,1
S1-31852247,S3-255579655,0.9952,0,0.7619,0.0,INDIA,missing_address_collision,1
S1-343192202,S2-691210956,0.9952,0,0.7057,0.0,INDIA,missing_address_collision,1
S1-111273302,S2-343772193,0.9951,0,0.6786,0.0,INDIA,missing_address_collision,1
S1-10834227,S2-589255471,0.9951,0,0.6667,0.0,US,missing_address_collision,1
S1-650631910,S2-85436684,0.9951,0,0.855,0.0,INDIA,same_name_diff_address,1
S1-747589182,S2-918226090,0.9951,0,0.6667,0.0,INDIA,missing_address_collision,1
S1-340399401,S2-475191056,0.9951,0,0.855,0.0,INDIA,same_name_diff_address,1
S1-463618136,S2-182849912,0.9951,0,0.855,0.0,INDIA,same_name_diff_address,1
S1-977424356,S2-871567188,0.9951,0,0.855,0.0,US,same_name_diff_address,1
S1-816844407,S2-195792939,0.9951,0,0.7308,0.0,US,missing_address_collision,1
S1-620214655,S2-304726703,0.9951,0,0.855,0.0,US,same_name_diff_address,1
S1-850827800,S2-978584458,0.9951,0,0.855,0.0,US,same_name_diff_address,1
S1-885995884,S2-948943061,0.9951,0,0.855,0.0,INDIA,same_name_diff_address,1
S1-242154299,S2-476579319,0.9951,0,0.5714,0.0,INDIA,missing_address_collision,1
S1-718466467,S2-532138989,0.9951,0,0.8051,0.0,INDIA,missing_address_collision,1
S1-19985624,S3-909316398,0.9951,0,0.855,0.0,US,same_name_diff_address,1
S1-257728372,S2-679369536,0.9951,0,0.7308,0.0,US,missing_address_collision,1
S1-429439057,S2-863993155,0.9951,0,0.855,0.0,US,same_name_diff_address,1
S1-809987984,S2-354124568,0.9951,0,0.6734,0.0,US,missing_address_collision,1
S1-776179336,S2-216114495,0.9951,0,0.5769,0.0,US,missing_address_collision,1
S1-381968520,S2-588377701,0.9951,0,0.855,0.0,US,same_name_diff_address,1
S1-927877449,S2-629295690,0.9951,0,0.5532,0.0,US,missing_address_collision,1
S1-623899768,S2-368792262,0.9951,0,0.855,0.0,US,same_name_diff_address,1
S1-481310313,S3-120897534,0.9951,0,0.8038,0.0,INDIA,missing_address_collision,1
S1-868889272,S3-453567180,0.9951,0,0.8,0.0,INDIA,missing_address_collision,1
S1-468797032,S2-414386218,0.9951,0,0.855,0.0,INDIA,same_name_diff_address,1
S1-422626990,S2-753368784,0.9951,0,0.855,0.0,INDIA,same_name_diff_address,1
S1-786381623,S2-535930368,0.9951,0,0.7,0.0,INDIA,missing_address_collision,1
S1-432938357,S3-197622848,0.9951,0,0.855,0.0,US,same_name_diff_address,1
S1-470902837,S2-96223776,0.9951,0,0.76,0.0,INDIA,missing_address_collision,1
S1-868397503,S2-856113108,0.9951,0,0.855,0.0,INDIA,same_name_diff_address,1
S1-327014207,S2-379013321,0.9951,0,0.855,0.0,INDIA,same_name_diff_address,1
S1-908831133,S2-643573229,0.995,0,0.855,0.0,US,same_name_diff_address,1
S1-310956934,S2-399215738,0.995,0,0.855,0.0,US,same_name_diff_address,1
S1-542073965,S2-508888688,0.995,0,0.7528,0.0,INDIA,missing_address_collision,1
S1-816844407,S2-618606665,0.995,0,0.7308,0.0,US,missing_address_collision,1
S1-743378434,S2-977214425,0.995,0,0.855,0.0,US,same_name_diff_address,1
S1-620432454,S2-878011593,0.995,0,0.855,0.0,US,same_name_diff_address,1
S1-850249245,S2-76506955,0.995,0,0.9804,0.95,US,high_name_high_address_wrong_entity,1
S1-837806188,S3-105628955,0.995,0,0.8569,0.0,INDIA,same_name_diff_address,1
S1-788679579,S2-998800871,0.995,0,0.855,0.0,US,same_name_diff_address,1
S1-674491451,S2-894131394,0.995,0,0.7125,0.0,INDIA,missing_address_collision,1
S1-45587989,S2-386825575,0.995,0,0.855,0.0,US,same_name_diff_address,1
S1-500403524,S2-696974502,0.995,0,0.608,0.0,US,missing_address_collision,1
S1-956209842,S2-79363346,0.995,0,0.7057,0.0,INDIA,missing_address_collision,1
S1-820228206,S2-11301043,0.995,0,0.855,0.0,INDIA,same_name_diff_address,1
S1-380207431,S2-558788546,0.995,0,0.855,0.0,US,same_name_diff_address,1
S1-13995563,S2-838484301,0.995,0,0.855,0.0,US,same_name_diff_address,1
S1-782242976,S2-197284666,0.995,0,0.855,0.0,US,same_name_diff_address,1
S1-828630844,S2-942547137,0.995,0,0.855,0.0,US,same_name_diff_address,1
S1-488635972,S2-944927884,0.995,0,0.5652,0.0,INDIA,missing_address_collision,1
S1-373882086,S2-184549666,0.995,0,0.7059,0.0,US,missing_address_collision,1
S1-460576920,S2-49475110,0.995,0,0.855,0.0,US,same_name_diff_address,1
S1-868594435,S2-878981704,0.995,0,0.6531,0.0,INDIA,missing_address_collision,1
S1-23594541,S2-451006126,0.995,0,0.855,0.0,US,same_name_diff_address,1
S1-110360105,S2-939808231,0.995,0,0.855,0.0,US,same_name_diff_address,1
S1-329322580,S2-654070465,0.995,0,0.855,0.0,US,same_name_diff_address,1
S1-823915004,S2-14631819,0.995,0,0.7097,0.0,INDIA,missing_address_collision,1
S1-993324329,S2-903393815,0.995,0,0.7125,0.0,INDIA,missing_address_collision,1
S1-785344103,S3-219148934,0.995,0,0.7078,0.0,INDIA,missing_address_collision,1
S1-476433173,S2-215319669,0.995,0,0.7265,0.0,INDIA,missing_address_collision,1
S1-412651796,S2-683875180,0.995,0,0.855,0.0,US,same_name_diff_address,1
S1-915421122,S2-266858269,0.995,0,0.6786,0.0,INDIA,missing_address_collision,1
S1-172059488,S2-928673776,0.995,0,0.855,0.0,US,same_name_diff_address,1
S1-198167315,S2-505374773,0.995,0,0.855,0.0,US,same_name_diff_address,1
S1-128581012,S2-806191942,0.995,0,0.855,0.0,US,same_name_diff_address,1
S1-808773890,S2-79310703,0.995,0,0.855,0.0,US,same_name_diff_address,1
S1-786088137,S3-778003795,0.995,0,0.6667,0.0,INDIA,missing_address_collision,1
S1-497094478,S2-570290123,0.9949,0,0.855,0.0,US,same_name_diff_address,1
S1-267146699,S2-725370515,0.9949,0,0.855,0.0,US,same_name_diff_address,1
S1-109671314,S2-827966794,0.9949,0,0.7207,0.0,US,missing_address_collision,1
S1-170834484,S2-684726596,0.9949,0,0.855,0.0,US,same_name_diff_address,1
S1-541129285,S2-883686494,0.9949,0,0.855,0.0,INDIA,same_name_diff_address,1
S1-400028639,S2-815782224,0.9949,0,0.7355,0.0,US,missing_address_collision,1
S1-37603307,S3-305840314,0.9949,0,0.7451,0.0,INDIA,missing_address_collision,1
S1-330576007,S2-437808186,0.9949,0,0.855,0.0,INDIA,same_name_diff_address,1
S1-667215690,S2-896289186,0.9949,0,0.7325,0.0,US,missing_address_collision,1
S1-986751950,S2-586157651,0.9949,0,0.6875,0.0,US,missing_address_collision,1
S1-189233544,S3-886565641,0.9949,0,0.855,0.0,US,same_name_diff_address,1
S1-90262144,S2-529595712,0.9949,0,0.855,0.0,US,same_name_diff_address,1
S1-426889161,S2-675514323,0.9949,0,0.855,0.0,US,same_name_diff_address,1
S1-182663565,S2-651225631,0.9949,0,0.532,0.0,US,missing_address_collision,1
S1-754085329,S2-176856299,0.9949,0,0.855,0.0,US,same_name_diff_address,1
S1-918314838,S2-538479593,0.9949,0,0.5882,0.0,US,missing_address_collision,1
S1-649480753,S2-820627213,0.9949,0,0.7189,0.0,INDIA,missing_address_collision,1
S1-358022863,S3-355946157,0.9949,0,0.6071,0.0,US,missing_address_collision,1
S1-866173096,S2-628425427,0.9949,0,0.707,0.0,INDIA,missing_address_collision,1
S1-38586679,S3-882659852,0.9948,0,0.855,0.0,INDIA,same_name_diff_address,1
S1-623899768,S2-76003114,0.9948,0,0.855,0.0,US,same_name_diff_address,1
S1-484190203,S2-746250047,0.9948,0,0.855,0.0,US,same_name_diff_address,1
S1-379016878,S2-623695960,0.9948,0,0.707,0.0,INDIA,missing_address_collision,1
S1-45580577,S2-918758829,0.9948,0,0.855,0.0,INDIA,same_name_diff_address,1
S1-823730115,S2-52959964,0.9948,0,0.855,0.0,US,same_name_diff_address,1
S1-464889389,S2-721152536,0.9948,0,0.855,0.0,US,same_name_diff_address,1
S1-78094445,S2-861139460,0.9948,0,0.855,0.0,INDIA,same_name_diff_address,1
S1-301410817,S2-132065662,0.9948,0,0.855,0.0,US,same_name_diff_address,1
S1-474178268,S2-467312848,0.9948,0,0.855,0.0,US,same_name_diff_address,1
S1-494115111,S2-622594215,0.9948,0,0.7667,0.0,INDIA,missing_address_collision,1
S1-258073432,S2-577395963,0.9948,0,0.855,0.0,INDIA,same_name_diff_address,1
S1-754085329,S2-613477384,0.9948,0,0.855,0.0,US,same_name_diff_address,1
S1-701424771,S3-626341569,0.9948,0,0.6333,0.0,US,missing_address_collision,1
S1-88149043,S3-922201619,0.9948,0,0.855,0.0,US,same_name_diff_address,1
S1-685314096,S2-888836320,0.9948,0,0.855,0.0,US,same_name_diff_address,1
S1-822268380,S2-451006126,0.9948,0,0.855,0.0,US,same_name_diff_address,1
S1-245552080,S2-400947321,0.9948,0,0.7048,0.0,INDIA,missing_address_collision,1
S1-321748315,S2-48034895,0.9948,0,0.855,0.0,INDIA,same_name_diff_address,1
S1-386957859,S2-767678286,0.9948,0,0.855,0.0,US,same_name_diff_address,1
S1-50431976,S2-698554099,0.9948,0,0.7183,0.0,US,missing_address_collision,1
S1-140266551,S2-622201139,0.9948,0,0.855,0.2368,INDIA,same_name_diff_address,1
S1-594329087,S2-229669046,0.9948,0,0.855,0.0,INDIA,same_name_diff_address,1
S1-374054552,S2-242354889,0.9948,0,0.855,0.0,INDIA,same_name_diff_address,1
S1-565944,S2-10154331,0.9948,0,0.855,0.0,US,same_name_diff_address,1
S1-828630844,S2-223375903,0.9948,0,0.855,0.0,US,same_name_diff_address,1
S1-390258267,S2-936234176,0.9948,0,0.7238,0.0,INDIA,missing_address_collision,1
S1-352879645,S2-386001238,0.9948,0,0.855,0.0,INDIA,same_name_diff_address,1
S1-949967720,S3-570371746,0.9948,0,0.855,0.0,INDIA,same_name_diff_address,1
S1-569300855,S3-465871450,0.9948,0,0.841,0.0,INDIA,missing_address_collision,1
S1-742691081,S2-708651014,0.9948,0,0.855,0.0,US,same_name_diff_address,1
S1-527113064,S2-400899886,0.9947,0,0.855,0.0,INDIA,same_name_diff_address,1
S1-113065126,S3-625603829,0.9947,0,0.855,0.0,US,same_name_diff_address,1
S1-833303738,S2-843377484,0.9947,0,0.7415,0.0,INDIA,missing_address_collision,1
S1-341838247,S2-314262427,0.9947,0,0.608,0.0,US,missing_address_collision,1
S1-125149268,S2-705732642,0.9947,0,0.6842,0.0,US,missing_address_collision,1
S1-982071139,S3-922045620,0.9947,0,0.6757,0.0,INDIA,missing_address_collision,1
S1-459572709,S3-284102343,0.9947,0,0.855,0.0,US,same_name_diff_address,1
S1-993324329,S3-315074001,0.9947,0,0.855,0.0,INDIA,same_name_diff_address,1
S1-836345555,S2-569703968,0.9947,0,0.855,0.0,INDIA,same_name_diff_address,1
S1-598513377,S3-73051367,0.9947,0,0.855,0.2,INDIA,same_name_diff_address,1
S1-693533852,S2-691543792,0.9947,0,0.855,0.0,US,same_name_diff_address,1
S1-547190702,S2-238679080,0.9947,0,0.5971,0.0,US,missing_address_collision,1
S1-373846390,S2-353205439,0.9947,0,0.855,0.0,US,same_name_diff_address,1
S1-689416210,S2-227220308,0.9947,0,0.5556,0.0,US,missing_address_collision,1
S1-25117519,S2-665376540,0.9947,0,0.855,0.0,US,same_name_diff_address,1
S1-745538741,S2-533722036,0.9947,0,0.855,0.0,INDIA,same_name_diff_address,1
S1-134896364,S2-205580080,0.9947,0,0.6706,0.0,INDIA,missing_address_collision,1
S1-62979818,S2-998096176,0.9947,0,0.7415,0.0,INDIA,missing_address_collision,1
S1-7484539,S2-715399900,0.9947,0,0.855,0.0,US,same_name_diff_address,1
S1-861258331,S2-745246403,0.9947,0,0.855,0.0,US,same_name_diff_address,1
S1-83258631,S2-209505123,0.9947,0,0.7887,0.0,INDIA,missing_address_collision,1
S1-554947123,S2-74718872,0.9947,0,0.855,0.0,US,same_name_diff_address,1
S1-494115111,S2-428375790,0.9947,0,0.855,0.0,INDIA,same_name_diff_address,1
S1-856984852,S2-522274510,0.9947,0,0.855,0.0,INDIA,same_name_diff_address,1
S1-362436597,S2-115915489,0.9947,0,1.0,0.9274,US,high_name_high_address_wrong_entity,1
S1-295720417,S2-165624538,0.9947,0,0.7125,0.0,US,missing_address_collision,1
S1-519690393,S2-438254524,0.9947,0,0.855,0.0,US,same_name_diff_address,1
S1-441690824,S3-9838605,0.9947,0,0.855,0.0,US,same_name_diff_address,1
S1-618531318,S2-16331517,0.9947,0,0.6667,0.0,US,missing_address_collision,1
S1-1664330,S2-611975058,0.9946,0,0.5873,0.0,INDIA,missing_address_collision,1
S1-130659136,S2-236293903,0.9946,0,0.6333,0.0,US,missing_address_collision,1
S1-808464988,S2-931401136,0.9946,0,0.6767,0.0,US,missing_address_collision,1
S1-207109445,S2-89087896,0.9946,0,0.855,0.0,US,same_name_diff_address,1
S1-237123171,S2-728305666,0.9946,0,0.855,0.0,US,same_name_diff_address,1
S1-508551251,S2-269287889,0.9946,0,0.855,0.0,INDIA,same_name_diff_address,1
S1-944183703,S2-747416742,0.9946,0,0.855,0.0,US,same_name_diff_address,1
S1-132565513,S2-345233404,0.9946,0,0.855,0.0,INDIA,same_name_diff_address,1
S1-280619430,S2-645763360,0.9946,0,0.855,0.0,US,same_name_diff_address,1
S1-355886296,S3-413410361,0.9946,0,0.6204,0.0,INDIA,missing_address_collision,1
S1-473927490,S2-996646888,0.9946,0,0.855,0.0,INDIA,same_name_diff_address,1
S1-705968984,S2-994444675,0.9946,0,0.855,0.0,INDIA,same_name_diff_address,1
S1-987535426,S2-811147043,0.9946,0,0.855,0.0,US,same_name_diff_address,1
S1-93000435,S2-91613705,0.9946,0,0.855,0.0,INDIA,same_name_diff_address,1
S1-23378233,S2-242354889,0.9946,0,0.855,0.0,INDIA,same_name_diff_address,1
S1-46892664,S2-847178185,0.9946,0,0.855,0.0,US,same_name_diff_address,1
S1-670867217,S2-795755281,0.9946,0,0.855,0.0,INDIA,same_name_diff_address,1
S1-392731643,S3-671372475,0.9946,0,0.7649,0.0,US,missing_address_collision,1
S1-466354064,S3-631523029,0.9946,0,0.6909,0.0,INDIA,missing_address_collision,1
S1-706091947,S2-511441538,0.9946,0,0.855,0.0,US,same_name_diff_address,1
S1-14621937,S2-984745178,0.9946,0,0.855,0.0,US,same_name_diff_address,1
S1-479716257,S2-517711522,0.9946,0,0.6557,0.0,US,missing_address_collision,1
S1-28292882,S2-90623746,0.9946,0,0.855,0.0,INDIA,same_name_diff_address,1
S1-143490079,S2-610979198,0.9946,0,0.5882,0.0,US,missing_address_collision,1
S1-317880645,S2-369438493,0.9945,0,0.855,0.0,INDIA,same_name_diff_address,1
S1-268179829,S2-13320375,0.9945,0,0.855,0.0,US,same_name_diff_address,1
S1-681379831,S2-825080467,0.9945,0,0.855,0.0,US,same_name_diff_address,1
S1-627603017,S2-253886838,0.9945,0,0.855,0.0,US,same_name_diff_address,1
S1-371355221,S2-316963339,0.9945,0,0.6341,0.0,US,missing_address_collision,1
S1-88215373,S2-397423329,0.9945,0,0.7355,0.0,INDIA,missing_address_collision,1
S1-548051025,S2-137699337,0.9945,0,0.855,0.0,US,same_name_diff_address,1
S1-79346332,S2-563108703,0.9945,0,0.7741,0.0,US,missing_address_collision,1
S1-745213577,S3-541096954,0.9945,0,0.855,0.0,INDIA,same_name_diff_address,1
S1-944263629,S2-824340117,0.9945,0,0.855,0.0,US,same_name_diff_address,1
S1-748449582,S2-389427625,0.9945,0,0.855,0.0,INDIA,same_name_diff_address,1
S1-645521614,S2-448640844,0.9945,0,0.6909,0.0,US,missing_address_collision,1
S1-207660306,S2-652354696,0.9945,0,0.6,0.0,US,missing_address_collision,1
S1-764684991,S2-489789045,0.9945,0,0.855,0.0,US,same_name_diff_address,1
S1-61860831,S2-47237613,0.9945,0,0.7189,0.0,INDIA,missing_address_collision,1
S1-304629528,S2-483048542,0.9945,0,0.855,0.0,US,same_name_diff_address,1
S1-540086814,S2-592471609,0.9945,0,0.855,0.0,INDIA,same_name_diff_address,1
S1-821450825,S2-495854396,0.9945,0,0.855,0.0,INDIA,same_name_diff_address,1
S1-242154299,S2-954837741,0.9945,0,0.6032,0.0,INDIA,missing_address_collision,1
S1-817152886,S2-467312848,0.9945,0,0.855,0.0,US,same_name_diff_address,1
S1-824085570,S3-524380038,0.9945,0,0.855,0.0,INDIA,same_name_diff_address,1
S1-547562707,S2-875845055,0.9945,0,0.6111,0.0,US,missing_address_collision,1
S1-375143705,S2-687443392,0.9945,0,0.7397,0.0,INDIA,missing_address_collision,1
S1-280191124,S2-807335562,0.9945,0,0.7848,0.0,INDIA,missing_address_collision,1
S1-786037882,S2-343275846,0.9945,0,0.855,0.0,INDIA,same_name_diff_address,1
S1-238586053,S2-51200914,0.9945,0,0.6667,0.0,INDIA,missing_address_collision,1
S1-152155110,S2-225660128,0.9945,0,0.5882,0.0,INDIA,missing_address_collision,1
S1-223652440,S2-288781388,0.9944,0,0.7362,0.0,US,missing_address_collision,1
S1-788792054,S2-838704055,0.9944,0,0.6909,0.0,INDIA,missing_address_collision,1
S1-624529541,S2-881226327,0.9944,0,0.532,0.0,US,missing_address_collision,1
S1-615991553,S2-328846052,0.9944,0,0.855,0.0,INDIA,same_name_diff_address,1
S1-607584844,S2-664358654,0.9944,0,0.855,0.0,INDIA,same_name_diff_address,1
S1-59250304,S2-271937409,0.9944,0,0.7521,0.0,INDIA,missing_address_collision,1
S1-393272182,S2-501792704,0.9944,0,0.6186,0.0,INDIA,missing_address_collision,1
S1-589124628,S3-48768258,0.9944,0,0.855,0.0,US,same_name_diff_address,1
S1-320139934,S2-445065774,0.9944,0,0.855,0.0,US,same_name_diff_address,1
S1-368565108,S2-530580387,0.9944,0,0.855,0.0,US,same_name_diff_address,1
S1-91686527,S2-840269842,0.9944,0,0.855,0.0,US,same_name_diff_address,1
S1-479797248,S2-418033252,0.9944,0,0.7,0.0,US,missing_address_collision,1
S1-519094344,S3-321196383,0.9944,0,0.7324,0.0,INDIA,missing_address_collision,1
S1-181192084,S2-579753013,0.9944,0,0.855,0.0,INDIA,same_name_diff_address,1
S1-962900992,S2-603215378,0.9944,0,0.5333,0.0,US,missing_address_collision,1
S1-455330610,S2-119543094,0.9944,0,0.855,0.0,US,same_name_diff_address,1
S1-682566226,S2-442395112,0.9944,0,0.855,0.0,INDIA,same_name_diff_address,1
S1-887068539,S3-84752451,0.9944,0,0.6175,0.0,US,missing_address_collision,1
S1-903470785,S2-955542527,0.9944,0,0.855,0.0,INDIA,same_name_diff_address,1
S1-861258331,S2-457978289,0.9944,0,0.6545,0.0,US,missing_address_collision,1
S1-989135964,S2-792657744,0.9944,0,0.855,0.0,US,same_name_diff_address,1
S1-711797644,S2-633942117,0.9944,0,0.855,0.0,US,same_name_diff_address,1
S1-433743438,S2-511398817,0.9944,0,0.855,0.0,INDIA,same_name_diff_address,1
S1-663837067,S2-926805491,0.9943,0,0.855,0.0,INDIA,same_name_diff_address,1
S1-977808758,S3-130462319,0.9943,0,0.5067,0.0,US,missing_address_collision,1
S1-807140616,S2-115353993,0.9943,0,0.855,0.0,US,same_name_diff_address,1
S1-601756150,S2-791858457,0.9943,0,0.855,0.0,US,same_name_diff_address,1
S1-755741879,S2-478073345,0.9943,0,0.7238,0.0,INDIA,missing_address_collision,1
S1-257728372,S2-414228947,0.9943,0,0.6786,0.0,US,missing_address_collision,1
S1-209434212,S2-758317422,0.9943,0,0.5778,0.0,US,missing_address_collision,1
S1-597512195,S2-450351417,0.9943,0,0.707,0.0,INDIA,missing_address_collision,1
S1-109705135,S3-461846713,0.9943,0,0.56,0.0,US,missing_address_collision,1
S1-77229614,S2-14506883,0.9943,0,0.57,0.0,US,missing_address_collision,1
S1-950231775,S3-658274891,0.9943,0,1.0,0.6667,INDIA,franchise_duplicate_collision,1
S1-466880460,S3-595799535,0.9943,0,0.7681,0.0,INDIA,missing_address_collision,1
S1-111273302,S2-20529019,0.9943,0,0.7879,0.0,INDIA,missing_address_collision,1
S1-133698114,S2-217148398,0.9943,0,0.6333,0.0,INDIA,missing_address_collision,1
S1-231637572,S2-615973108,0.9943,0,0.855,0.0,US,same_name_diff_address,1
S1-565944,S2-635708717,0.9943,0,0.855,0.0,US,same_name_diff_address,1
S1-576637678,S2-958076596,0.9942,0,0.855,0.0,US,same_name_diff_address,1
S1-293651588,S2-512946931,0.9942,0,0.855,0.0,INDIA,same_name_diff_address,1
S1-186758937,S2-959018703,0.9942,0,0.855,0.0,US,same_name_diff_address,1
S1-171435605,S2-662625544,0.9942,0,0.6212,0.0,US,missing_address_collision,1
S1-577138713,S2-582713508,0.9942,0,0.855,0.0,INDIA,same_name_diff_address,1
S1-376148698,S2-262596839,0.9942,0,0.855,0.0,INDIA,same_name_diff_address,1
S1-576637678,S2-526362232,0.9942,0,0.855,0.0,US,same_name_diff_address,1
S1-657454667,S2-96473820,0.9942,0,0.6452,0.0,US,missing_address_collision,1
S1-862604873,S2-608052801,0.9942,0,0.855,0.0,US,same_name_diff_address,1
S1-548457360,S2-348227332,0.9942,0,0.6829,0.0,US,missing_address_collision,1
S1-961351914,S2-697500103,0.9942,0,0.6821,0.0,INDIA,missing_address_collision,1
S1-56333299,S2-799653831,0.9942,0,0.855,0.0,US,same_name_diff_address,1
S1-989638444,S3-650044718,0.9942,0,0.76,0.0,INDIA,missing_address_collision,1
S1-548457360,S2-670957401,0.9942,0,0.6747,0.0,US,missing_address_collision,1
S1-926456956,S2-56944649,0.9942,0,0.855,0.0,US,same_name_diff_address,1
S1-173702927,S2-797774297,0.9942,0,0.855,0.0,US,same_name_diff_address,1
S1-111413299,S2-80249461,0.9942,0,0.855,0.0,US,same_name_diff_address,1
S1-577138713,S2-863152644,0.9942,0,0.855,0.0,INDIA,same_name_diff_address,1
S1-139871788,S2-863635501,0.9942,0,0.855,0.0,US,same_name_diff_address,1
S1-559041895,S2-91333020,0.9942,0,0.7887,0.0,INDIA,missing_address_collision,1
S1-629114297,S2-265150134,0.9942,0,0.855,0.0,US,same_name_diff_address,1
S1-110360105,S2-745761706,0.9942,0,0.855,0.0,US,same_name_diff_address,1
S1-60689526,S3-475017125,0.9942,0,0.855,0.0,INDIA,same_name_diff_address,1
S1-836345555,S2-311306864,0.9942,0,0.855,0.0,INDIA,same_name_diff_address,1
S1-466154101,S2-987577289,0.9942,0,0.7143,0.0,US,missing_address_collision,1
S1-628664325,S2-706883360,0.9942,0,0.855,0.0,US,same_name_diff_address,1
S1-110360105,S2-881791285,0.9942,0,0.855,0.0,US,same_name_diff_address,1
S1-673219419,S2-645426367,0.9941,0,0.75,0.0,INDIA,missing_address_collision,1
S1-688238695,S2-199714807,0.9941,0,0.7,0.0,INDIA,missing_address_collision,1
S1-788609444,S2-261696284,0.9941,0,0.855,0.0,US,same_name_diff_address,1
S1-434585544,S2-360477316,0.9941,0,0.6286,0.0,US,missing_address_collision,1
S1-402731785,S2-346543993,0.9941,0,0.6667,0.0,INDIA,missing_address_collision,1
S1-548489325,S2-489575732,0.9941,0,0.855,0.0,US,same_name_diff_address,1
S1-259470673,S3-736860340,0.9941,0,1.0,0.2571,INDIA,same_name_diff_address,1
S1-433743438,S2-85451290,0.9941,0,0.7862,0.0,INDIA,missing_address_collision,1
S1-81560048,S2-485922833,0.9941,0,0.855,0.0,INDIA,same_name_diff_address,1
S1-120883836,S2-294010272,0.9941,0,0.855,0.0,INDIA,same_name_diff_address,1
S1-824935357,S2-53379911,0.9941,0,0.855,0.0,INDIA,same_name_diff_address,1
S1-194850014,S3-47623097,0.9941,0,0.6957,0.0,INDIA,missing_address_collision,1
S1-541652911,S2-592512342,0.9941,0,0.6951,0.0,INDIA,missing_address_collision,1
S1-156122380,S3-665686874,0.9941,0,0.855,0.0,INDIA,same_name_diff_address,1
S1-245552080,S2-573112256,0.9941,0,0.7265,0.0,INDIA,missing_address_collision,1
S1-821450825,S2-72887805,0.9941,0,0.6909,0.0,INDIA,missing_address_collision,1
S1-678893412,S3-224202688,0.994,0,0.855,0.0,US,same_name_diff_address,1
S1-865121380,S2-370548900,0.994,0,0.855,0.0,US,same_name_diff_address,1
S1-559390642,S2-779097606,0.994,0,0.855,0.0,INDIA,same_name_diff_address,1
S1-866975594,S3-485124793,0.994,0,0.855,0.0,US,same_name_diff_address,1
S1-225111219,S3-294740235,0.994,0,0.855,0.0,US,same_name_diff_address,1
S1-921755747,S3-882035182,0.994,0,0.6107,0.0,US,missing_address_collision,1
S1-530628821,S3-829534283,0.994,0,0.6286,0.0,US,missing_address_collision,1
S1-949737537,S2-682294193,0.994,0,0.855,0.0,US,same_name_diff_address,1
S1-116256621,S2-862048419,0.994,0,0.855,0.0,INDIA,same_name_diff_address,1
S1-868166537,S2-193519297,0.994,0,0.68,0.0,INDIA,missing_address_collision,1
S1-228759719,S2-894560707,0.994,0,0.5357,0.0,INDIA,missing_address_collision,1
S1-258616083,S3-897095749,0.994,0,0.855,0.0,US,same_name_diff_address,1
S1-956209842,S2-713007002,0.994,0,0.7015,0.0,INDIA,missing_address_collision,1
S1-90369023,S2-34486484,0.994,0,0.855,0.0,INDIA,same_name_diff_address,1
S1-327014207,S2-219466003,0.994,0,0.855,0.0,INDIA,same_name_diff_address,1
S1-79346332,S2-351019613,0.994,0,0.7837,0.0,US,missing_address_collision,1
S1-797556680,S2-683858237,0.994,0,0.855,0.0,US,same_name_diff_address,1
S1-657454667,S2-868662502,0.994,0,0.855,0.0,US,same_name_diff_address,1
S1-846204778,S2-528023358,0.9939,0,0.6909,0.0,INDIA,missing_address_collision,1
S1-723668827,S3-498219205,0.9939,0,0.855,0.0,US,same_name_diff_address,1
S1-824806831,S2-168635849,0.9939,0,0.855,0.0,INDIA,same_name_diff_address,1
S1-217720436,S2-40002989,0.9939,0,0.7568,0.0,INDIA,missing_address_collision,1
S1-257672216,S2-93657864,0.9939,0,0.7464,0.0,US,missing_address_collision,1
S1-614063219,S3-110290076,0.9939,0,0.4762,0.0,US,missing_address_collision,1
S1-756807756,S2-55604108,0.9939,0,0.855,0.0,INDIA,same_name_diff_address,1
S1-984773924,S3-286530922,0.9939,0,0.6087,0.0,INDIA,missing_address_collision,1
S1-365053463,S2-22979401,0.9939,0,0.6706,0.0,INDIA,missing_address_collision,1
S1-366293186,S2-798062731,0.9939,0,0.6333,0.0,INDIA,missing_address_collision,1
S1-298972496,S2-114417167,0.9938,0,0.684,0.0,INDIA,missing_address_collision,1
S1-309961055,S2-199745815,0.9938,0,0.6107,0.0,US,missing_address_collision,1
S1-566081128,S2-45162171,0.9938,0,0.6742,0.0,INDIA,missing_address_collision,1
S1-574806212,S3-52562260,0.9938,0,0.6333,0.0,INDIA,missing_address_collision,1
S1-244729299,S2-422969138,0.9938,0,0.855,0.0,INDIA,same_name_diff_address,1
S1-758201026,S2-936931348,0.9938,0,0.5556,0.0,US,missing_address_collision,1
S1-657454667,S2-349024994,0.9938,0,0.855,0.0,US,same_name_diff_address,1
S1-331882473,S2-312811370,0.9938,0,0.5652,0.0,INDIA,missing_address_collision,1
S1-2583284,S2-558187264,0.9938,0,0.56,0.0,INDIA,missing_address_collision,1
S1-343023465,S2-682949748,0.9938,0,0.625,0.0,US,missing_address_collision,1
S1-888444563,S2-449895004,0.9938,0,0.855,0.0,US,same_name_diff_address,1
S1-641461529,S2-349124253,0.9938,0,0.7125,0.0,US,missing_address_collision,1
S1-963168542,S3-80371864,0.9938,0,0.6182,0.0,US,missing_address_collision,1
S1-859508047,S2-316535941,0.9938,0,0.5833,0.0,INDIA,missing_address_collision,1
S1-110804564,S2-491845558,0.9938,0,0.6568,0.0,INDIA,missing_address_collision,1
S1-927627419,S3-911921406,0.9938,0,0.7451,0.0,US,missing_address_collision,1
S1-25151150,S3-905797104,0.9938,0,0.855,0.0,US,same_name_diff_address,1
S1-281389161,S2-428337229,0.9938,0,0.855,0.0,US,same_name_diff_address,1
S1-909170750,S2-72887805,0.9938,0,0.6821,0.0,INDIA,missing_address_collision,1
S1-973679210,S2-476189270,0.9938,0,0.7308,0.0,INDIA,missing_address_collision,1
S1-841443350,S2-142757737,0.9938,0,0.76,0.0,INDIA,missing_address_collision,1
S1-973069604,S2-579747801,0.9938,0,0.855,0.0,INDIA,same_name_diff_address,1
S1-382741522,S3-418080118,0.9938,0,0.855,0.0,INDIA,same_name_diff_address,1
S1-209434212,S2-72200451,0.9938,0,0.6047,0.0,US,missing_address_collision,1
S1-969592637,S2-183856826,0.9938,0,0.855,0.0,US,same_name_diff_address,1
S1-911925588,S2-725794476,0.9938,0,0.855,0.0,INDIA,same_name_diff_address,1
S1-919657303,S2-665719524,0.9938,0,0.855,0.0,INDIA,same_name_diff_address,1
S1-38586679,S2-974510838,0.9937,0,0.855,0.0,INDIA,same_name_diff_address,1
S1-546991274,S2-910570724,0.9937,0,0.5614,0.0,INDIA,missing_address_collision,1
S1-663576609,S2-792096031,0.9937,0,0.6756,0.0,INDIA,missing_address_collision,1
S1-125149268,S2-88958802,0.9937,0,0.855,0.0,US,same_name_diff_address,1
S1-212454626,S2-47755440,0.9937,0,0.855,0.0,US,same_name_diff_address,1
S1-992675514,S2-381516613,0.9937,0,0.6333,0.0,US,missing_address_collision,1
S1-477627448,S2-427173662,0.9937,0,0.855,0.0,US,same_name_diff_address,1
S1-231640118,S2-512946931,0.9937,0,0.855,0.0,US,same_name_diff_address,1
S1-802975790,S2-506508264,0.9937,0,0.855,0.0,US,same_name_diff_address,1
S1-59250304,S3-116936652,0.9937,0,0.7397,0.0,INDIA,missing_address_collision,1
S1-405684289,S2-500372409,0.9937,0,0.855,0.0,US,same_name_diff_address,1
S1-245772854,S2-424399403,0.9937,0,0.6821,0.0,INDIA,missing_address_collision,1
S1-225111219,S3-52472524,0.9937,0,0.6706,0.0,US,missing_address_collision,1
S1-255575484,S2-806662055,0.9937,0,0.855,0.0,US,same_name_diff_address,1
S1-817021376,S2-229861864,0.9937,0,0.855,0.0,US,same_name_diff_address,1
S1-812136612,S2-657994298,0.9937,0,0.855,0.0,INDIA,same_name_diff_address,1
S1-237123171,S3-714476900,0.9937,0,0.6333,0.0,US,missing_address_collision,1
S1-646110225,S2-798061734,0.9937,0,0.95,0.9225,INDIA,high_name_high_address_wrong_entity,1
S1-679042839,S2-522913191,0.9937,0,0.6577,0.0,INDIA,missing_address_collision,1
S1-954266691,S2-78088395,0.9937,0,0.855,0.0,US,same_name_diff_address,1
S1-881941847,S2-673753581,0.9937,0,0.855,0.0,INDIA,same_name_diff_address,1
S1-105721210,S2-473283170,0.9937,0,0.855,0.0,US,same_name_diff_address,1
S1-37603307,S2-449099751,0.9936,0,0.623,0.0,INDIA,missing_address_collision,1
S1-786608482,S2-180723672,0.9936,0,0.6967,0.0,US,missing_address_collision,1
S1-704748798,S3-339793013,0.9936,0,0.6333,0.0,INDIA,missing_address_collision,1
S1-877528883,S2-85642806,0.9936,0,0.6875,0.0,US,missing_address_collision,1
S1-455330610,S3-799484009,0.9936,0,0.6875,0.0,US,missing_address_collision,1
S1-80183072,S2-663427969,0.9936,0,0.6517,0.0,US,missing_address_collision,1
S1-441690824,S2-28566402,0.9936,0,0.5516,0.0,US,missing_address_collision,1
S1-921918763,S2-652642027,0.9936,0,0.6333,0.0,INDIA,missing_address_collision,1
S1-725450205,S2-492348687,0.9936,0,0.665,0.0,INDIA,missing_address_collision,1
S1-495859118,S2-873836661,0.9936,0,0.855,0.0,INDIA,same_name_diff_address,1
S1-90329778,S2-616371039,0.9936,0,0.6842,0.0,INDIA,missing_address_collision,1
S1-124036884,S2-770127199,0.9936,0,0.7917,0.0,INDIA,missing_address_collision,1
S1-473644262,S2-60591688,0.9936,0,0.65,0.0,INDIA,missing_address_collision,1
S1-954266691,S2-495883270,0.9936,0,0.855,0.0,US,same_name_diff_address,1
S1-538583967,S2-397335409,0.9936,0,0.5881,0.0,US,missing_address_collision,1
S1-359802971,S2-679115401,0.9936,0,0.6269,0.0,US,missing_address_collision,1
S1-212811086,S2-427199062,0.9936,0,0.6107,0.0,US,missing_address_collision,1
S1-501203872,S2-71617572,0.9936,0,0.6967,0.0,INDIA,missing_address_collision,1
S1-626630167,S2-247330476,0.9936,0,0.56,0.0,US,missing_address_collision,1
S1-504893133,S2-878750896,0.9936,0,0.6,0.0,US,missing_address_collision,1
S1-441690824,S2-544043260,0.9936,0,0.5833,0.0,US,missing_address_collision,1
S1-316453477,S2-33038987,0.9936,0,0.855,0.0,US,same_name_diff_address,1
S1-896052243,S2-992295868,0.9935,0,0.6667,0.0,US,missing_address_collision,1
S1-821076361,S2-298514061,0.9935,0,0.855,0.0,US,same_name_diff_address,1
S1-275755550,S2-641711294,0.9935,0,0.7125,0.0,INDIA,missing_address_collision,1
S1-590683619,S3-626954882,0.9935,0,0.4886,0.0,US,missing_address_collision,1
S1-2280535,S3-926558288,0.9935,0,0.855,0.0,US,same_name_diff_address,1
S1-495547004,S2-510978197,0.9935,0,0.855,0.0,INDIA,same_name_diff_address,1
S1-471833051,S3-224103177,0.9935,0,0.5067,0.0,INDIA,missing_address_collision,1
S1-300623089,S2-808007567,0.9935,0,0.55,0.0,INDIA,missing_address_collision,1
S1-19431567,S2-5324863,0.9935,0,0.7593,0.0,US,missing_address_collision,1
S1-800072194,S2-241710752,0.9935,0,0.6333,0.0,INDIA,missing_address_collision,1
S1-394779705,S2-263828653,0.9934,0,0.855,0.0,INDIA,same_name_diff_address,1
S1-800836726,S3-657185631,0.9934,0,0.855,0.0,INDIA,same_name_diff_address,1
S1-185197727,S2-215058284,0.9934,0,0.7403,0.0,US,missing_address_collision,1
S1-919989182,S2-572881869,0.9934,0,0.6111,0.0,US,missing_address_collision,1
S1-951104915,S2-574770357,0.9934,0,0.855,0.0,US,same_name_diff_address,1
S1-807140616,S2-828378588,0.9934,0,0.5388,0.0,US,missing_address_collision,1
S1-862572018,S3-346608094,0.9934,0,0.855,0.0,US,same_name_diff_address,1
S1-977808758,S3-751910452,0.9934,0,0.5067,0.0,US,missing_address_collision,1
S1-618459282,S2-187515368,0.9934,0,0.6821,0.0,INDIA,missing_address_collision,1
S1-87097346,S2-800934467,0.9934,0,0.5854,0.0,US,missing_address_collision,1
S1-650613248,S3-702972936,0.9934,0,0.5574,0.0,US,missing_address_collision,1
S1-994193443,S3-964490908,0.9934,0,0.855,0.0,INDIA,same_name_diff_address,1
S1-169749180,S2-613184608,0.9934,0,0.855,0.0,INDIA,same_name_diff_address,1
S1-139477608,S3-449497767,0.9934,0,0.855,0.0,INDIA,same_name_diff_address,1
S1-415465673,S2-946030743,0.9934,0,0.855,0.0,INDIA,same_name_diff_address,1
S1-694360717,S3-320599665,0.9934,0,0.7125,0.0,INDIA,missing_address_collision,1
S1-232173426,S2-353263809,0.9934,0,0.6905,0.0,US,missing_address_collision,1
S1-369457862,S3-214783239,0.9934,0,0.549,0.0,US,missing_address_collision,1
S1-61489622,S2-113541873,0.9934,0,0.855,0.0,INDIA,same_name_diff_address,1
S1-442786839,S2-361850277,0.9934,0,0.68,0.0,US,missing_address_collision,1
S1-685643558,S2-388421666,0.9934,0,0.6552,0.0,INDIA,missing_address_collision,1
S1-305851704,S2-349967781,0.9934,0,0.6147,0.0,INDIA,missing_address_collision,1
S1-174312202,S2-678107578,0.9934,0,0.7451,0.0,INDIA,missing_address_collision,1
S1-761829939,S3-130888577,0.9934,0,0.6341,0.0,US,missing_address_collision,1
S1-231637572,S2-961724735,0.9934,0,0.6286,0.0,US,missing_address_collision,1
S1-807271710,S2-125199835,0.9934,0,0.6592,0.0,INDIA,missing_address_collision,1
S1-782113706,S3-746898152,0.9934,0,0.855,0.0,INDIA,same_name_diff_address,1
S1-820305267,S2-571824949,0.9933,0,0.5882,0.0,US,missing_address_collision,1
S1-622433333,S2-689463267,0.9933,0,0.5532,0.0,INDIA,missing_address_collision,1
S1-424936201,S2-963196468,0.9933,0,0.6667,0.0,US,missing_address_collision,1
S1-138906190,S2-225904147,0.9933,0,0.5806,0.0,US,missing_address_collision,1
S1-944183703,S2-631506496,0.9933,0,0.6667,0.0,US,missing_address_collision,1
S1-156839945,S2-22460381,0.9933,0,0.855,0.0,INDIA,same_name_diff_address,1
S1-981444063,S3-652704366,0.9933,0,0.855,0.0,INDIA,same_name_diff_address,1
S1-280936100,S3-839822060,0.9933,0,0.5816,0.0,US,missing_address_collision,1
S1-619205688,S3-14222603,0.9933,0,0.855,0.0,INDIA,same_name_diff_address,1
S1-902532817,S2-528053434,0.9933,0,0.6431,0.0,INDIA,missing_address_collision,1
S1-408933877,S2-554593543,0.9933,0,0.855,0.0,US,same_name_diff_address,1
S1-408933877,S2-455650711,0.9933,0,0.855,0.0,US,same_name_diff_address,1
S1-987832155,S2-323802911,0.9933,0,0.855,0.0,INDIA,same_name_diff_address,1
S1-814094524,S3-223274036,0.9933,0,0.5971,0.0,INDIA,missing_address_collision,1
S1-993384579,S3-858765659,0.9933,0,0.855,0.0,INDIA,same_name_diff_address,1
S1-429896785,S2-191810335,0.9933,0,0.56,0.0,US,missing_address_collision,1
S1-562003174,S3-903351071,0.9933,0,0.855,0.0,INDIA,same_name_diff_address,1
S1-539368248,S2-681196156,0.9932,0,0.855,0.0,INDIA,same_name_diff_address,1
S1-319087900,S2-455917984,0.9932,0,0.6247,0.0,INDIA,missing_address_collision,1
S1-716039689,S2-168641180,0.9932,0,0.64,0.0,INDIA,missing_address_collision,1
S1-919970316,S3-929031760,0.9932,0,0.65,0.0,INDIA,missing_address_collision,1
S1-240357195,S2-364978190,0.9932,0,0.9167,0.95,US,high_name_high_address_wrong_entity,1
S1-346455537,S2-926805491,0.9932,0,0.855,0.0,INDIA,same_name_diff_address,1
S1-629432333,S2-783724764,0.9932,0,0.855,0.0,US,same_name_diff_address,1
S1-467505827,S2-750558889,0.9932,0,0.6552,0.0,INDIA,missing_address_collision,1
S1-862491517,S2-637237113,0.9932,0,0.855,0.0,INDIA,same_name_diff_address,1
S1-232266987,S2-161077345,0.9932,0,0.6552,0.0,US,missing_address_collision,1
S1-420933872,S2-5601831,0.9932,0,0.855,0.0,US,same_name_diff_address,1
S1-915139387,S2-592222724,0.9932,0,0.855,0.0,INDIA,same_name_diff_address,1
S1-495567419,S2-368295382,0.9932,0,0.6333,0.0,INDIA,missing_address_collision,1
S1-460576920,S2-753652078,0.9932,0,0.6667,0.0,US,missing_address_collision,1
S1-170371309,S3-608053810,0.9932,0,0.855,0.0,INDIA,same_name_diff_address,1
S1-98094375,S3-980174331,0.9932,0,0.855,0.0,US,same_name_diff_address,1
S1-542064928,S2-523947676,0.9932,0,0.7277,0.0,US,missing_address_collision,1
S1-734351857,S2-460709302,0.9931,0,0.75,0.0,INDIA,missing_address_collision,1
S1-307428848,S2-251292029,0.9931,0,0.855,0.0,US,same_name_diff_address,1
S1-19659675,S2-422174523,0.9931,0,0.855,0.0,US,same_name_diff_address,1
S1-707712333,S2-881681504,0.9931,0,0.855,0.0,INDIA,same_name_diff_address,1
S1-707712333,S2-671692275,0.9931,0,0.855,0.0,INDIA,same_name_diff_address,1
S1-696035266,S2-991304458,0.9931,0,0.5,0.0,INDIA,missing_address_collision,1
S1-321574845,S2-320640662,0.9931,0,0.6147,0.0,INDIA,missing_address_collision,1
S1-749903420,S2-598641101,0.9931,0,0.696,0.0,US,missing_address_collision,1
S1-989820688,S2-5479604,0.9931,0,0.7078,0.0,US,missing_address_collision,1
S1-601756150,S2-13169436,0.9931,0,0.855,0.0,US,same_name_diff_address,1
S1-228443573,S2-294846811,0.9931,0,0.855,0.0,US,same_name_diff_address,1
S1-820895902,S3-534386906,0.9931,0,0.7355,0.0,INDIA,missing_address_collision,1
S1-73827103,S2-2456646,0.9931,0,0.619,0.0,INDIA,missing_address_collision,1
S1-388929691,S2-265978168,0.9931,0,0.855,0.0,US,same_name_diff_address,1
S1-510090573,S2-944829652,0.9931,0,0.855,0.0,US,same_name_diff_address,1
S1-128581012,S2-985305724,0.9931,0,0.855,0.0,US,same_name_diff_address,1
S1-385702444,S2-278472364,0.9931,0,0.855,0.0,US,same_name_diff_address,1
S1-71524759,S3-243845291,0.9931,0,0.855,0.0,INDIA,same_name_diff_address,1
S1-861420188,S2-625937606,0.9931,0,0.855,0.0,US,same_name_diff_address,1
S1-621770287,S2-457894514,0.9931,0,0.855,0.0,US,same_name_diff_address,1
S1-604880604,S2-286772884,0.9931,0,0.855,0.0,INDIA,same_name_diff_address,1
S1-880849068,S3-583919968,0.9931,0,0.855,0.0,US,same_name_diff_address,1
S1-514954603,S2-345366984,0.9931,0,0.855,0.0,US,same_name_diff_address,1
S1-869996259,S3-116063813,0.9931,0,0.855,0.0,US,same_name_diff_address,1
S1-656001809,S2-762857910,0.9931,0,0.855,0.0,US,same_name_diff_address,1
S1-199572763,S3-952440940,0.9931,0,0.855,0.0,INDIA,same_name_diff_address,1
S1-985782696,S2-493902554,0.9931,0,0.6667,0.0,INDIA,missing_address_collision,1
S1-835400374,S2-900210684,0.9931,0,0.5846,0.0,INDIA,missing_address_collision,1
S1-949178788,S2-198478236,0.9931,0,0.855,0.0,US,same_name_diff_address,1
S1-149191558,S3-670504113,0.9931,0,0.6154,0.0,US,missing_address_collision,1
S1-262165833,S2-120653636,0.9931,0,0.5352,0.0,US,missing_address_collision,1
S1-253296928,S2-192172610,0.9931,0,0.7156,0.0,INDIA,missing_address_collision,1
S1-216619018,S2-624774228,0.993,0,0.6944,0.0,US,missing_address_collision,1
S1-303029397,S2-617953393,0.993,0,0.4851,0.0,US,missing_address_collision,1
S1-647102233,S2-681763145,0.993,0,0.855,0.0,US,same_name_diff_address,1
S1-981682450,S2-755328103,0.993,0,0.855,0.0,US,same_name_diff_address,1
S1-262165833,S2-935543344,0.993,0,0.5205,0.0,US,missing_address_collision,1
S1-15577900,S3-103646342,0.993,0,0.7057,0.0,INDIA,missing_address_collision,1
S1-25151150,S2-954019956,0.993,0,0.557,0.0,US,missing_address_collision,1
S1-17139950,S3-247470305,0.993,0,0.855,0.0,US,same_name_diff_address,1
S1-402313603,S2-995071988,0.993,0,0.5377,0.0,INDIA,missing_address_collision,1
S1-892325277,S2-905852187,0.993,0,0.4762,0.0,US,missing_address_collision,1
S1-796081325,S3-755429581,0.993,0,0.855,0.0,US,same_name_diff_address,1
S1-606672574,S2-495382648,0.993,0,0.855,0.0,US,same_name_diff_address,1
S1-928652765,S2-728236091,0.993,0,0.6531,0.0,INDIA,missing_address_collision,1
S1-996134559,S2-854450533,0.993,0,0.5238,0.0,US,missing_address_collision,1
S1-34370603,S2-874723940,0.993,0,0.855,0.0,US,same_name_diff_address,1
S1-622796527,S2-108097319,0.993,0,0.563,0.0,US,missing_address_collision,1
S1-439467025,S2-881614721,0.993,0,0.855,0.0,INDIA,same_name_diff_address,1
S1-923272267,S2-426640783,0.993,0,0.6094,0.0,US,missing_address_collision,1
S1-518267261,S2-496279335,0.9929,0,0.855,0.0,US,same_name_diff_address,1
S1-433770166,S2-863215924,0.9929,0,0.855,0.0,US,same_name_diff_address,1
S1-585977458,S2-863647183,0.9929,0,0.7554,0.0,US,missing_address_collision,1
S1-165131160,S2-53848727,0.9929,0,0.855,0.0,US,same_name_diff_address,1
S1-540964095,S2-465122335,0.9929,0,0.855,0.0,US,same_name_diff_address,1
S1-208395731,S2-635252192,0.9929,0,0.6024,0.0,INDIA,missing_address_collision,1
S1-894259274,S2-11175691,0.9929,0,0.76,0.0,INDIA,missing_address_collision,1
S1-706502670,S2-489813609,0.9929,0,0.855,0.0,INDIA,same_name_diff_address,1
S1-526736178,S2-445745602,0.9929,0,0.6872,0.0,INDIA,missing_address_collision,1
S1-237123171,S3-811552881,0.9929,0,0.855,0.0,US,same_name_diff_address,1
S1-161813396,S2-218669716,0.9929,0,0.855,0.0,US,same_name_diff_address,1
S1-512640712,S2-142669198,0.9929,0,0.855,0.0,US,same_name_diff_address,1
S1-640269689,S2-232808744,0.9929,0,0.76,0.0,INDIA,missing_address_collision,1
S1-860183686,S2-354829762,0.9929,0,0.3684,0.0,US,missing_address_collision,1
S1-439467025,S3-849031170,0.9929,0,0.855,0.0,INDIA,same_name_diff_address,1
S1-501296174,S2-727397210,0.9929,0,0.855,0.0,INDIA,same_name_diff_address,1
S1-406421569,S2-402993310,0.9929,0,0.855,0.0,INDIA,same_name_diff_address,1
S1-775512605,S2-638014504,0.9929,0,0.855,0.0,US,same_name_diff_address,1
S1-941118938,S2-851252036,0.9929,0,0.665,0.0,US,missing_address_collision,1
S1-78297311,S2-779434911,0.9929,0,0.855,0.0,US,same_name_diff_address,1
S1-44276442,S2-824298773,0.9929,0,0.855,0.0,INDIA,same_name_diff_address,1
S1-696727914,S2-687220722,0.9929,0,0.855,0.0,US,same_name_diff_address,1
S1-38605967,S2-849747605,0.9929,0,0.855,0.0,US,same_name_diff_address,1
S1-735082870,S2-306875981,0.9929,0,0.855,0.0,US,same_name_diff_address,1
S1-624853217,S2-572555292,0.9929,0,0.855,0.0,US,same_name_diff_address,1
S1-644151710,S2-522220187,0.9929,0,0.855,0.0,INDIA,same_name_diff_address,1
S1-313926995,S2-826491726,0.9929,0,0.855,0.0,US,same_name_diff_address,1
S1-981461436,S3-335685182,0.9929,0,0.855,0.0,INDIA,same_name_diff_address,1
S1-225850726,S3-549868278,0.9928,0,0.855,0.0,INDIA,same_name_diff_address,1
S1-207376971,S2-840578403,0.9928,0,0.855,0.0,US,same_name_diff_address,1
S1-525051146,S2-770955119,0.9928,0,0.855,0.0,US,same_name_diff_address,1
S1-399379621,S2-310617730,0.9928,0,0.855,0.0,US,same_name_diff_address,1
S1-701223302,S2-520745092,0.9928,0,0.855,0.0,US,same_name_diff_address,1
S1-603418105,S2-402128054,0.9928,0,0.855,0.0,INDIA,same_name_diff_address,1
S1-324834148,S2-343264255,0.9928,0,0.6885,0.0,INDIA,missing_address_collision,1
S1-334539148,S2-47136519,0.9928,0,0.608,0.0,INDIA,missing_address_collision,1
S1-509891892,S2-34157016,0.9928,0,0.855,0.0,INDIA,same_name_diff_address,1
S1-659049170,S2-148434611,0.9928,0,0.6316,0.0,US,missing_address_collision,1
S1-627168820,S2-441143999,0.9928,0,0.6333,0.0,INDIA,missing_address_collision,1
S1-320181892,S2-249817332,0.9928,0,0.619,0.0,INDIA,missing_address_collision,1
S1-124036884,S2-641711294,0.9928,0,0.7125,0.0,INDIA,missing_address_collision,1
S1-295753063,S3-492698344,0.9928,0,0.76,0.0,INDIA,missing_address_collision,1
S1-946122113,S2-492252991,0.9928,0,0.855,0.0,US,same_name_diff_address,1
S1-600257356,S2-333524906,0.9928,0,0.855,0.0,INDIA,same_name_diff_address,1
S1-415465673,S2-207778188,0.9928,0,0.855,0.0,INDIA,same_name_diff_address,1
S1-113166882,S2-161091617,0.9928,0,0.549,0.0,INDIA,missing_address_collision,1
S1-418456670,S3-784700388,0.9928,0,0.855,0.0,INDIA,same_name_diff_address,1
S1-226944631,S2-183903515,0.9928,0,0.7,0.0,INDIA,missing_address_collision,1
S1-968231343,S2-155983107,0.9928,0,0.855,0.0,US,same_name_diff_address,1
S1-130659136,S2-887381659,0.9928,0,0.855,0.0,US,same_name_diff_address,1
S1-908831133,S2-548821179,0.9928,0,0.855,0.0,US,same_name_diff_address,1
S1-644181454,S2-158638864,0.9928,0,0.855,0.0,US,same_name_diff_address,1
S1-295753063,S2-893309616,0.9928,0,0.855,0.0,INDIA,same_name_diff_address,1
S1-98093504,S2-366719802,0.9928,0,0.5182,0.0,US,missing_address_collision,1
S1-532784493,S3-670732012,0.9928,0,0.855,0.0,US,same_name_diff_address,1
S1-991487198,S2-900010753,0.9928,0,0.855,0.0,US,same_name_diff_address,1
S1-426670352,S2-901048809,0.9927,0,0.855,0.0,US,same_name_diff_address,1
S1-949984535,S2-437786117,0.9927,0,0.855,0.0,US,same_name_diff_address,1
S1-767894405,S2-790599542,0.9927,0,0.855,0.0,US,same_name_diff_address,1
S1-956519215,S2-365424735,0.9927,0,0.9,1.0,US,high_name_high_address_wrong_entity,1
S1-740233599,S2-945465291,0.9927,0,0.855,0.0,INDIA,same_name_diff_address,1
S1-857770415,S2-630931992,0.9927,0,0.5833,0.0,US,missing_address_collision,1
S1-860208855,S2-305903507,0.9927,0,0.5938,0.0,US,missing_address_collision,1
S1-705022664,S2-892478882,0.9927,0,0.855,0.0,INDIA,same_name_diff_address,1
S1-909170750,S2-846098642,0.9927,0,0.855,0.0,INDIA,same_name_diff_address,1
S1-77229614,S2-634055516,0.9927,0,0.855,0.0,US,same_name_diff_address,1
S1-54139465,S2-215933833,0.9927,0,0.5115,0.0,INDIA,missing_address_collision,1
S1-197905357,S2-230686207,0.9927,0,0.855,0.0,US,same_name_diff_address,1
S1-459030280,S2-237652655,0.9927,0,0.855,0.0,INDIA,same_name_diff_address,1
S1-102452365,S2-971418553,0.9927,0,0.855,0.0,US,same_name_diff_address,1
S1-15366789,S2-707152837,0.9927,0,0.855,0.0,INDIA,same_name_diff_address,1
S1-24095630,S2-851001416,0.9927,0,0.7125,0.0,INDIA,missing_address_collision,1
S1-453531765,S2-161238317,0.9927,0,0.855,0.0,US,same_name_diff_address,1
S1-623886137,S2-799993135,0.9927,0,0.855,0.0,US,same_name_diff_address,1
S1-46892664,S2-750100357,0.9927,0,0.855,0.0,US,same_name_diff_address,1
S1-150181778,S2-495612223,0.9927,0,0.855,0.0,US,same_name_diff_address,1
S1-164539411,S2-648383369,0.9927,0,0.855,0.0,US,same_name_diff_address,1
S1-505616748,S2-857204836,0.9927,0,0.855,0.0,INDIA,same_name_diff_address,1
S1-462654235,S3-76259286,0.9927,0,0.6531,0.0,US,missing_address_collision,1
S1-789010768,S2-547303549,0.9927,0,0.855,0.0,INDIA,same_name_diff_address,1
S1-23719797,S3-828728599,0.9927,0,0.855,0.0,US,same_name_diff_address,1
S1-220146119,S2-793705115,0.9927,0,0.855,0.0,INDIA,same_name_diff_address,1
S1-43907020,S2-890892731,0.9927,0,0.855,0.0,INDIA,same_name_diff_address,1
S1-548142817,S2-646214526,0.9927,0,0.7636,0.0,INDIA,missing_address_collision,1
S1-496165399,S2-39200567,0.9926,0,0.855,0.0,US,same_name_diff_address,1
S1-748657012,S2-669291863,0.9926,0,0.855,0.0,INDIA,same_name_diff_address,1
S1-417533512,S3-485648019,0.9926,0,0.6204,0.0,INDIA,missing_address_collision,1
S1-963311162,S2-693320527,0.9926,0,0.855,0.0,US,same_name_diff_address,1
S1-396820092,S2-277622533,0.9926,0,0.855,0.0,US,same_name_diff_address,1
S1-397360733,S2-542253904,0.9926,0,0.684,0.225,US,medium_collision,1
S1-988831854,S2-576941521,0.9926,0,0.5217,0.0,INDIA,missing_address_collision,1
S1-555296440,S3-249226045,0.9926,0,0.855,0.0,US,same_name_diff_address,1
S1-255985657,S2-155119491,0.9926,0,0.6453,0.0,US,missing_address_collision,1
S1-150181778,S2-187615519,0.9926,0,0.855,0.0,US,same_name_diff_address,1
S1-495547004,S2-910657450,0.9926,0,0.855,0.0,INDIA,same_name_diff_address,1
S1-678426756,S3-280986654,0.9926,0,0.855,0.0,US,same_name_diff_address,1
S1-77229614,S2-160478761,0.9926,0,0.855,0.0,US,same_name_diff_address,1
S1-365053463,S2-177266238,0.9926,0,0.7265,0.0,INDIA,missing_address_collision,1
S1-194850014,S2-307011079,0.9926,0,0.669,0.0,INDIA,missing_address_collision,1
S1-856984852,S2-583528187,0.9926,0,0.855,0.0,INDIA,same_name_diff_address,1
S1-654851366,S2-375946114,0.9926,0,0.855,0.0,US,same_name_diff_address,1
S1-635927393,S2-331133074,0.9926,0,0.855,0.0,US,same_name_diff_address,1
S1-874982084,S2-724916623,0.9926,0,0.5854,0.0,INDIA,missing_address_collision,1
S1-973327538,S2-257295410,0.9926,0,0.5098,0.0,US,missing_address_collision,1
S1-18409645,S3-420565297,0.9926,0,0.5818,0.0,US,missing_address_collision,1
S1-758138559,S2-513638023,0.9926,0,0.855,0.0,US,same_name_diff_address,1
S1-851335813,S2-919694033,0.9926,0,0.5517,0.0,US,missing_address_collision,1
S1-862418587,S2-691095424,0.9926,0,0.855,0.0,US,same_name_diff_address,1
S1-75238941,S2-80083262,0.9926,0,0.855,0.0,INDIA,same_name_diff_address,1
S1-651163064,S2-869386618,0.9926,0,0.855,0.0,US,same_name_diff_address,1
S1-701905848,S2-987087730,0.9926,0,0.855,0.0,INDIA,same_name_diff_address,1
S1-551130060,S2-681148030,0.9926,0,0.0968,0.95,INDIA,same_address_diff_name,1
S1-440459940,S2-917341369,0.9926,0,0.855,0.0,US,same_name_diff_address,1
S1-424936201,S2-344479086,0.9926,0,0.855,0.0,US,same_name_diff_address,1
S1-872028809,S2-719047021,0.9926,0,0.855,0.0,US,same_name_diff_address,1
S1-993709599,S2-306045877,0.9926,0,0.855,0.0,US,same_name_diff_address,1
S1-844749294,S3-984584431,0.9925,0,0.855,0.0,US,same_name_diff_address,1
S1-909517313,S2-470561282,0.9925,0,0.855,0.0,US,same_name_diff_address,1
S1-442786839,S2-276204928,0.9925,0,0.6667,0.0,US,missing_address_collision,1
S1-812238919,S2-780665609,0.9925,0,0.5714,0.0,INDIA,missing_address_collision,1
S1-734351857,S2-118170700,0.9925,0,0.625,0.0,INDIA,missing_address_collision,1
S1-935380959,S2-175356014,0.9925,0,0.855,0.0,US,same_name_diff_address,1
S1-604509592,S2-985518154,0.9925,0,0.855,0.0,INDIA,same_name_diff_address,1
S1-976028813,S2-427031932,0.9925,0,0.625,0.0,US,missing_address_collision,1
S1-446243696,S2-388438659,0.9925,0,0.855,0.0,US,same_name_diff_address,1
S1-521641425,S2-570282472,0.9925,0,0.855,0.0,US,same_name_diff_address,1
S1-753481993,S2-634584077,0.9925,0,0.855,0.0,US,same_name_diff_address,1
S1-475829731,S2-511132499,0.9925,0,0.855,0.0,US,same_name_diff_address,1
S1-637145974,S2-488697262,0.9925,0,0.855,0.0,US,same_name_diff_address,1
S1-852357559,S3-778375689,0.9925,0,0.64,0.0,US,missing_address_collision,1
S1-547562707,S2-438654951,0.9925,0,0.5846,0.0,US,missing_address_collision,1
S1-898945966,S2-402107548,0.9925,0,0.855,0.0,US,same_name_diff_address,1
S1-313926995,S2-736820121,0.9925,0,0.855,0.0,US,same_name_diff_address,1
S1-852591869,S2-698548281,0.9925,0,0.5231,0.0,INDIA,missing_address_collision,1
S1-925853913,S2-180030588,0.9925,0,0.4286,0.0,US,missing_address_collision,1
S1-474215720,S2-417334645,0.9925,0,0.855,0.0,US,same_name_diff_address,1
S1-85449419,S2-975887512,0.9925,0,0.855,0.0,US,same_name_diff_address,1
S1-451383123,S2-155184955,0.9925,0,0.855,0.0,US,same_name_diff_address,1
S1-494115111,S2-959557508,0.9925,0,0.6786,0.0,INDIA,missing_address_collision,1
S1-531191907,S3-806270794,0.9925,0,0.6821,0.0,INDIA,missing_address_collision,1
S1-694360717,S2-623349989,0.9924,0,0.7917,0.0,INDIA,missing_address_collision,1
S1-22960111,S2-51331078,0.9924,0,0.5862,0.0,US,missing_address_collision,1
S1-348937887,S2-829183494,0.9924,0,0.4622,0.0,INDIA,missing_address_collision,1
S1-797556680,S2-327487992,0.9924,0,0.855,0.0,US,same_name_diff_address,1
S1-260478870,S2-805204660,0.9924,0,0.855,0.0,INDIA,same_name_diff_address,1
S1-399660795,S2-976543481,0.9924,0,0.855,0.0,US,same_name_diff_address,1
S1-501203872,S2-65917828,0.9924,0,0.855,0.0,INDIA,same_name_diff_address,1
S1-342727396,S2-532182791,0.9924,0,0.855,0.0,INDIA,same_name_diff_address,1
S1-716526758,S2-310900959,0.9924,0,0.6374,0.0,US,missing_address_collision,1
S1-956519215,S2-361821382,0.9924,0,0.9,1.0,US,high_name_high_address_wrong_entity,1
S1-563879142,S2-790025961,0.9924,0,0.855,0.0,US,same_name_diff_address,1
S1-221884233,S2-753335814,0.9924,0,0.855,0.0,US,same_name_diff_address,1
S1-604665206,S2-363834041,0.9924,0,0.855,0.0,US,same_name_diff_address,1
S1-266660953,S2-179814058,0.9924,0,0.6064,0.0,INDIA,missing_address_collision,1
S1-395172112,S2-299096791,0.9924,0,0.5075,0.0,US,missing_address_collision,1
S1-11590211,S2-401609301,0.9924,0,0.4433,0.0,US,missing_address_collision,1
S1-573496899,S3-79880241,0.9924,0,0.855,0.0,INDIA,same_name_diff_address,1
S1-475896838,S2-21794839,0.9924,0,0.5676,0.0,US,missing_address_collision,1
S1-57754219,S2-945942705,0.9924,0,0.855,0.0,INDIA,same_name_diff_address,1
S1-866722122,S3-902159639,0.9924,0,0.5971,0.0,INDIA,missing_address_collision,1
S1-713940018,S2-738983168,0.9924,0,0.855,0.0,INDIA,same_name_diff_address,1
S1-422492135,S2-579816998,0.9923,0,0.855,0.0,INDIA,same_name_diff_address,1
S1-160245764,S3-455836420,0.9923,0,0.6769,0.0,INDIA,missing_address_collision,1
S1-749790671,S2-733739575,0.9923,0,0.6786,0.0,INDIA,missing_address_collision,1
S1-288834496,S2-942345287,0.9923,0,0.855,0.0,INDIA,same_name_diff_address,1
S1-607855460,S2-748456153,0.9923,0,0.855,0.0,US,same_name_diff_address,1
S1-473644262,S2-529155163,0.9923,0,0.5816,0.0,INDIA,missing_address_collision,1
S1-126161240,S2-120237131,0.9923,0,0.855,0.0,US,same_name_diff_address,1
S1-946122113,S2-416952728,0.9923,0,0.855,0.0,US,same_name_diff_address,1
S1-159636323,S2-756262350,0.9923,0,0.855,0.0,US,same_name_diff_address,1
S1-250096523,S2-575897899,0.9923,0,0.855,0.0,INDIA,same_name_diff_address,1
S1-290935369,S2-76058865,0.9923,0,0.6107,0.0,US,missing_address_collision,1
S1-599131114,S2-50746329,0.9923,0,0.855,0.0,US,same_name_diff_address,1
S1-726729343,S3-622783850,0.9923,0,0.855,0.0,US,same_name_diff_address,1
S1-735502601,S2-33498049,0.9923,0,0.855,0.0,INDIA,same_name_diff_address,1
S1-838837276,S3-515400563,0.9923,0,0.6957,0.0,US,missing_address_collision,1
S1-386686644,S2-888207257,0.9923,0,0.855,0.0,US,same_name_diff_address,1
S1-257535907,S2-419444386,0.9923,0,0.855,0.0,US,same_name_diff_address,1
S1-343023465,S2-908773654,0.9923,0,0.855,0.0,US,same_name_diff_address,1
S1-10834227,S2-223257479,0.9923,0,0.855,0.0,US,same_name_diff_address,1
S1-899724369,S3-500324321,0.9923,0,0.855,0.0,INDIA,same_name_diff_address,1
S1-590209612,S2-514287898,0.9923,0,0.855,0.0,INDIA,same_name_diff_address,1
S1-489664056,S2-193772044,0.9922,0,0.5278,0.0,US,missing_address_collision,1
S1-568913895,S2-286721677,0.9922,0,0.855,0.0,US,same_name_diff_address,1
S1-573626009,S2-477392674,0.9922,0,0.6763,0.0,US,missing_address_collision,1
S1-275848403,S2-497486406,0.9922,0,0.855,0.0,INDIA,same_name_diff_address,1
S1-510090573,S2-563000232,0.9922,0,0.855,0.0,US,same_name_diff_address,1
S1-443414530,S2-625146576,0.9922,0,0.855,0.0,US,same_name_diff_address,1
S1-424936201,S2-29401208,0.9922,0,0.855,0.0,US,same_name_diff_address,1
S1-182663565,S2-776994220,0.9922,0,0.855,0.0,US,same_name_diff_address,1
S1-2583284,S2-776203302,0.9922,0,0.7415,0.0,INDIA,missing_address_collision,1
S1-48318581,S3-165366479,0.9922,0,0.855,0.0,US,same_name_diff_address,1
S1-64185543,S2-165365961,0.9922,0,0.855,0.0,US,same_name_diff_address,1
S1-716328377,S2-887309639,0.9922,0,0.855,0.0,US,same_name_diff_address,1
S1-511029944,S2-48299553,0.9922,0,0.855,0.0,US,same_name_diff_address,1
S1-659940749,S2-106568605,0.9922,0,0.6628,0.0,INDIA,missing_address_collision,1
S1-564015905,S3-213967885,0.9922,0,0.5429,0.0,US,missing_address_collision,1
S1-82768349,S2-661153379,0.9922,0,0.855,0.0,INDIA,same_name_diff_address,1
S1-463001178,S2-776718588,0.9922,0,0.855,0.0,US,same_name_diff_address,1
S1-620826223,S2-805091812,0.9922,0,0.625,0.0,INDIA,missing_address_collision,1
S1-83396395,S2-416468486,0.9922,0,0.855,0.0,US,same_name_diff_address,1
S1-663369851,S2-459587907,0.9922,0,0.855,0.0,INDIA,same_name_diff_address,1
S1-234599671,S2-806191942,0.9922,0,0.855,0.0,US,same_name_diff_address,1
S1-124645496,S2-211323102,0.9922,0,0.855,0.0,US,same_name_diff_address,1
S1-976028813,S2-354034729,0.9922,0,0.855,0.0,US,same_name_diff_address,1
S1-812238919,S2-220827555,0.9922,0,0.4872,0.0,INDIA,missing_address_collision,1
S1-828504036,S2-237781731,0.9922,0,0.7125,0.0,INDIA,missing_address_collision,1
S1-654257338,S2-641711294,0.9921,0,0.7125,0.0,INDIA,missing_address_collision,1
S1-767559234,S2-24130614,0.9921,0,0.855,0.0,US,same_name_diff_address,1
S1-941118938,S2-640747804,0.9921,0,0.855,0.0,US,same_name_diff_address,1
S1-851549908,S2-682073423,0.9921,0,0.5714,0.0,INDIA,missing_address_collision,1
S1-828818954,S2-768466602,0.9921,0,0.6147,0.0,INDIA,missing_address_collision,1
S1-764684991,S2-506372313,0.9921,0,0.855,0.0,US,same_name_diff_address,1
S1-673639434,S2-641625943,0.9921,0,0.855,0.0,INDIA,same_name_diff_address,1
S1-263698845,S2-391278219,0.9921,0,0.855,0.0,US,same_name_diff_address,1
S1-947524529,S2-614635758,0.9921,0,0.855,0.0,US,same_name_diff_address,1
S1-138894637,S2-640777091,0.9921,0,0.855,0.0,US,same_name_diff_address,1
S1-138894637,S2-602493529,0.9921,0,0.855,0.0,US,same_name_diff_address,1
S1-190791871,S2-512635403,0.9921,0,0.855,0.0,US,same_name_diff_address,1
S1-833647400,S2-550544765,0.9921,0,0.855,0.0,US,same_name_diff_address,1
S1-892855613,S2-23219309,0.9921,0,0.855,0.0,INDIA,same_name_diff_address,1
S1-501296174,S2-546842179,0.9921,0,0.7308,0.0,INDIA,missing_address_collision,1
S1-166253399,S2-628404841,0.9921,0,0.855,0.0,US,same_name_diff_address,1
S1-403585529,S2-777309169,0.9921,0,0.6821,0.0,INDIA,missing_address_collision,1
S1-245552080,S2-873135138,0.9921,0,0.5827,0.0,INDIA,missing_address_collision,1
S1-77229614,S2-367210328,0.9921,0,0.855,0.0,US,same_name_diff_address,1
S1-426670352,S2-298618088,0.9921,0,0.855,0.0,US,same_name_diff_address,1
S1-197934161,S2-814068107,0.9921,0,0.855,0.0,US,same_name_diff_address,1
S1-814094524,S2-213744920,0.9921,0,0.855,0.0,INDIA,same_name_diff_address,1
S1-792609438,S2-641711294,0.9921,0,0.7125,0.0,INDIA,missing_address_collision,1
S1-921755747,S2-940082996,0.9921,0,0.855,0.0,US,same_name_diff_address,1
S1-552310419,S2-605282251,0.9921,0,0.5714,0.0,INDIA,missing_address_collision,1
S1-469116665,S3-134989427,0.9921,0,0.9274,0.8103,US,high_name_high_address_wrong_entity,1
S1-439467025,S2-955542527,0.9921,0,0.855,0.0,INDIA,same_name_diff_address,1
S1-700518821,S2-837985380,0.9921,0,0.855,0.0,INDIA,same_name_diff_address,1
S1-22288969,S3-148658115,0.9921,0,0.855,0.0,US,same_name_diff_address,1
S1-760215345,S2-214296571,0.9921,0,0.855,0.0,US,same_name_diff_address,1
S1-124690019,S2-360651345,0.9921,0,0.855,0.0,US,same_name_diff_address,1
S1-112411045,S2-977104287,0.9921,0,0.855,0.0,US,same_name_diff_address,1
S1-132478053,S2-702820779,0.9921,0,0.855,0.0,US,same_name_diff_address,1
S1-854187025,S2-904215574,0.9921,0,0.855,0.0,US,same_name_diff_address,1
S1-670460434,S2-835867585,0.9921,0,0.855,0.0,US,same_name_diff_address,1
S1-44276442,S2-939001463,0.9921,0,0.855,0.0,INDIA,same_name_diff_address,1
S1-969086774,S2-587922009,0.9921,0,0.855,0.0,US,same_name_diff_address,1
S1-628664325,S2-551568428,0.9921,0,0.855,0.0,US,same_name_diff_address,1
S1-258137306,S2-177191930,0.9921,0,0.855,0.0,US,same_name_diff_address,1
S1-232266987,S2-215509038,0.9921,0,0.855,0.0,US,same_name_diff_address,1
S1-610492943,S2-636175252,0.9921,0,0.855,0.0,US,same_name_diff_address,1
S1-49752073,S2-219803006,0.9921,0,0.855,0.0,INDIA,same_name_diff_address,1
S1-604509592,S2-400151590,0.9921,0,0.48,0.0,INDIA,missing_address_collision,1
S1-989266524,S2-547774881,0.9921,0,0.855,0.0,US,same_name_diff_address,1
S1-429896785,S2-618027865,0.9921,0,0.855,0.0,US,same_name_diff_address,1
S1-699780766,S2-784781357,0.9921,0,0.855,0.0,INDIA,same_name_diff_address,1
S1-943381955,S2-445101577,0.9921,0,0.855,0.0,US,same_name_diff_address,1
S1-638426870,S2-219052748,0.9921,0,0.855,0.0,US,same_name_diff_address,1
S1-888444563,S2-498852823,0.9921,0,0.855,0.0,US,same_name_diff_address,1
S1-456004310,S2-440374259,0.9921,0,0.855,0.0,US,same_name_diff_address,1
S1-99895155,S2-457479814,0.9921,0,0.4688,0.0,INDIA,missing_address_collision,1
S1-263698845,S2-256476940,0.9921,0,0.855,0.0,US,same_name_diff_address,1
S1-199021658,S2-414360300,0.9921,0,0.855,0.0,US,same_name_diff_address,1
S1-190791871,S2-581516542,0.9921,0,0.855,0.0,US,same_name_diff_address,1
S1-889967847,S2-735439888,0.9921,0,0.855,0.0,INDIA,same_name_diff_address,1
S1-286329373,S2-669012708,0.9921,0,0.6667,0.0,US,missing_address_collision,1
S1-177626036,S3-412176254,0.9921,0,0.95,0.9194,INDIA,high_name_high_address_wrong_entity,1
S1-491412902,S2-982463709,0.992,0,0.4186,0.0,INDIA,missing_address_collision,1
S1-219664953,S2-27173394,0.992,0,0.855,0.0,US,same_name_diff_address,1
S1-725866160,S2-656577961,0.992,0,0.5,0.0,US,missing_address_collision,1
S1-469749296,S2-924243760,0.992,0,0.855,0.0,INDIA,same_name_diff_address,1
S1-528526108,S2-696620232,0.992,0,0.855,0.0,US,same_name_diff_address,1
S1-201281490,S2-347033669,0.992,0,0.855,0.0,US,same_name_diff_address,1
S1-110142906,S2-429096635,0.992,0,0.855,0.0,INDIA,same_name_diff_address,1
S1-955770991,S2-545784789,0.992,0,0.855,0.0,US,same_name_diff_address,1
S1-753856972,S2-633584284,0.992,0,0.855,0.0,US,same_name_diff_address,1
S1-635927393,S2-180656818,0.992,0,0.855,0.0,US,same_name_diff_address,1
S1-764684991,S2-188436599,0.992,0,0.855,0.0,US,same_name_diff_address,1
S1-805821860,S2-16297320,0.992,0,0.855,0.0,US,same_name_diff_address,1
S1-309961055,S2-173917870,0.992,0,0.855,0.0,US,same_name_diff_address,1
S1-89585719,S2-599813373,0.992,0,0.855,0.0,US,same_name_diff_address,1
S1-237123171,S3-430169224,0.992,0,0.6957,0.0,US,missing_address_collision,1
S1-371355221,S2-618917666,0.992,0,0.855,0.0,US,same_name_diff_address,1
S1-510855574,S2-411180925,0.992,0,0.855,0.0,US,same_name_diff_address,1
S1-942166812,S2-124856178,0.992,0,0.855,0.0,US,same_name_diff_address,1
S1-172059488,S2-434490009,0.992,0,0.855,0.0,US,same_name_diff_address,1
S1-526417055,S2-399645692,0.992,0,0.855,0.0,US,same_name_diff_address,1
S1-224330918,S2-205103809,0.992,0,0.855,0.0,INDIA,same_name_diff_address,1
S1-625732546,S2-526386754,0.992,0,0.855,0.0,US,same_name_diff_address,1
S1-596416441,S2-193469930,0.992,0,0.855,0.0,INDIA,same_name_diff_address,1
S1-80231987,S2-427199062,0.992,0,0.855,0.0,US,same_name_diff_address,1
S1-864341647,S3-540137606,0.992,0,0.855,0.0,INDIA,same_name_diff_address,1
S1-353718026,S2-586714645,0.992,0,0.855,0.0,US,same_name_diff_address,1
S1-596416441,S2-831201179,0.992,0,0.855,0.0,INDIA,same_name_diff_address,1
S1-625299314,S2-228559678,0.992,0,0.855,0.0,INDIA,same_name_diff_address,1
S1-859392615,S2-334634494,0.992,0,0.5806,0.0,INDIA,missing_address_collision,1
S1-107202293,S2-514158750,0.992,0,0.855,0.0,US,same_name_diff_address,1
S1-863765723,S3-886295787,0.992,0,0.855,0.0,INDIA,same_name_diff_address,1
S1-720741418,S2-355607692,0.992,0,0.855,0.0,US,same_name_diff_address,1
S1-330039904,S2-610986748,0.992,0,0.855,0.0,INDIA,same_name_diff_address,1
S1-600391726,S2-367440666,0.992,0,0.855,0.0,INDIA,same_name_diff_address,1
S1-22960111,S2-367905161,0.992,0,0.5965,0.0,US,missing_address_collision,1
S1-20722469,S2-839442352,0.992,0,0.855,0.0,US,same_name_diff_address,1
S1-775512605,S2-280003295,0.992,0,0.855,0.0,US,same_name_diff_address,1
S1-454368598,S2-536425907,0.992,0,0.855,0.0,INDIA,same_name_diff_address,1
S1-572383072,S2-991125916,0.992,0,0.855,0.0,INDIA,same_name_diff_address,1
S1-62307506,S2-467555753,0.992,0,0.855,0.0,US,same_name_diff_address,1
S1-38089680,S2-497416904,0.992,0,0.855,0.0,US,same_name_diff_address,1
S1-177388049,S2-813917616,0.992,0,0.855,0.0,US,same_name_diff_address,1
S1-275111932,S2-775456137,0.992,0,0.855,0.0,INDIA,same_name_diff_address,1
S1-116460531,S2-195365522,0.9919,0,0.5127,0.0,US,missing_address_collision,1
S1-345660189,S2-875063854,0.9919,0,0.855,0.0,US,same_name_diff_address,1
S1-735506697,S3-798587702,0.9919,0,0.6769,0.0,INDIA,missing_address_collision,1
S1-619520513,S2-99996353,0.9919,0,0.48,0.0,INDIA,missing_address_collision,1
S1-85520731,S2-578765732,0.9919,0,0.5127,0.0,US,missing_address_collision,1
S1-56333299,S2-579863682,0.9919,0,0.855,0.0,US,same_name_diff_address,1
S1-6020503,S2-992891378,0.9919,0,0.855,0.0,US,same_name_diff_address,1
S1-433419997,S2-530112060,0.9919,0,0.855,0.0,US,same_name_diff_address,1
S1-915504235,S2-725681956,0.9919,0,0.855,0.0,US,same_name_diff_address,1
S1-185197727,S2-87689631,0.9919,0,0.855,0.0,US,same_name_diff_address,1
S1-719190462,S3-271594596,0.9919,0,0.855,0.0,INDIA,same_name_diff_address,1
S1-224407201,S2-910990452,0.9919,0,0.855,0.0,INDIA,same_name_diff_address,1
S1-840103602,S2-454326404,0.9919,0,0.507,0.0,INDIA,missing_address_collision,1
S1-389901880,S2-759680444,0.9919,0,0.855,0.0,INDIA,same_name_diff_address,1
S1-864546319,S2-991787861,0.9919,0,0.855,0.0,US,same_name_diff_address,1
S1-617182072,S2-768302556,0.9919,0,0.855,0.0,US,same_name_diff_address,1
S1-915892428,S2-731365357,0.9919,0,0.855,0.0,US,same_name_diff_address,1
S1-820979598,S2-686794628,0.9919,0,0.35,0.0,US,missing_address_collision,1
S1-930753477,S3-784311731,0.9919,0,0.57,0.0,INDIA,missing_address_collision,1
S1-485100609,S2-993386774,0.9919,0,0.6204,0.0,US,missing_address_collision,1
S1-989403826,S2-553376938,0.9919,0,0.855,0.0,US,same_name_diff_address,1
S1-862055675,S2-596141628,0.9919,0,0.6923,0.0,INDIA,missing_address_collision,1
S1-381719157,S2-582910975,0.9919,0,0.855,0.0,US,same_name_diff_address,1
S1-991845511,S2-287458849,0.9919,0,0.855,0.0,US,same_name_diff_address,1
S1-216619018,S2-653600466,0.9919,0,0.855,0.0,US,same_name_diff_address,1
S1-786431926,S2-185787068,0.9919,0,0.855,0.0,INDIA,same_name_diff_address,1
S1-197311571,S2-26433892,0.9919,0,0.6333,0.0,US,missing_address_collision,1
S1-373913465,S2-856301799,0.9919,0,0.855,0.0,US,same_name_diff_address,1
S1-533638235,S2-228004882,0.9919,0,0.855,0.0,US,same_name_diff_address,1
S1-870275626,S2-374916613,0.9919,0,0.855,0.0,INDIA,same_name_diff_address,1
S1-331917824,S2-763395811,0.9919,0,0.855,0.0,INDIA,same_name_diff_address,1
S1-77229614,S2-56594466,0.9919,0,0.855,0.0,US,same_name_diff_address,1
S1-509891892,S2-243555617,0.9919,0,0.855,0.0,INDIA,same_name_diff_address,1
S1-153590557,S2-732501970,0.9919,0,0.597,0.0,US,missing_address_collision,1
S1-373834920,S2-546881791,0.9919,0,0.855,0.0,US,same_name_diff_address,1
S1-387570849,S2-585826893,0.9919,0,0.855,0.0,US,same_name_diff_address,1
S1-887618717,S2-625478145,0.9919,0,0.855,0.0,INDIA,same_name_diff_address,1
S1-929490178,S2-596549678,0.9919,0,0.855,0.0,INDIA,same_name_diff_address,1
S1-833128852,S2-709705477,0.9919,0,0.855,0.0,US,same_name_diff_address,1
S1-103244608,S2-83324497,0.9919,0,0.855,0.0,US,same_name_diff_address,1
S1-657502418,S2-779519525,0.9919,0,0.855,0.0,US,same_name_diff_address,1
S1-388929691,S2-293992631,0.9919,0,0.855,0.0,US,same_name_diff_address,1
S1-947317834,S2-842197027,0.9918,0,0.855,0.0,US,same_name_diff_address,1
S1-918604432,S2-949744627,0.9918,0,0.855,0.0,US,same_name_diff_address,1
S1-129473510,S2-604303144,0.9918,0,0.855,0.0,US,same_name_diff_address,1
S1-294525396,S3-384468490,0.9918,0,0.7308,0.0,INDIA,missing_address_collision,1
S1-113166882,S2-551784358,0.9918,0,0.6154,0.0,INDIA,missing_address_collision,1
S1-264730949,S2-10909062,0.9918,0,0.75,0.0,INDIA,missing_address_collision,1
S1-561663326,S2-265997590,0.9918,0,0.855,0.0,US,same_name_diff_address,1
S1-90574061,S2-761528656,0.9918,0,0.855,0.0,US,same_name_diff_address,1
S1-395406060,S2-597478796,0.9918,0,0.5,0.0,INDIA,missing_address_collision,1
S1-325361845,S3-4640684,0.9918,0,0.855,0.0,US,same_name_diff_address,1
S1-932995946,S2-662661907,0.9918,0,0.7143,0.0,US,missing_address_collision,1
S1-63638646,S2-873392627,0.9918,0,0.855,0.0,US,same_name_diff_address,1
S1-361950063,S2-603169395,0.9918,0,0.7057,0.0,INDIA,missing_address_collision,1
S1-256064955,S2-334792105,0.9918,0,0.855,0.0,INDIA,same_name_diff_address,1
S1-866623086,S2-792384006,0.9918,0,0.855,0.0,US,same_name_diff_address,1
S1-548500646,S2-236253021,0.9918,0,0.855,0.0,INDIA,same_name_diff_address,1
S1-939641545,S2-535979246,0.9918,0,0.4926,0.0,US,missing_address_collision,1
S1-539588886,S2-529708742,0.9918,0,0.855,0.0,INDIA,same_name_diff_address,1
S1-521768330,S2-488884289,0.9918,0,0.6514,0.0,US,missing_address_collision,1
S1-105721210,S2-58233765,0.9918,0,0.855,0.0,US,same_name_diff_address,1
S1-841151053,S2-774264073,0.9918,0,0.855,0.0,INDIA,same_name_diff_address,1
S1-139868041,S2-252011922,0.9918,0,0.855,0.0,US,same_name_diff_address,1
S1-224407201,S2-371161087,0.9918,0,0.6316,0.0,INDIA,missing_address_collision,1
S1-186758937,S2-915912452,0.9918,0,0.855,0.0,US,same_name_diff_address,1
S1-864546319,S3-491738881,0.9918,0,0.855,0.0,US,same_name_diff_address,1
S1-386799495,S2-416411950,0.9918,0,0.5,0.0,US,missing_address_collision,1
S1-899428915,S2-266479378,0.9918,0,0.5854,0.0,INDIA,missing_address_collision,1
S1-463490144,S2-362542864,0.9918,0,0.855,0.0,US,same_name_diff_address,1
S1-774900898,S2-425337941,0.9918,0,0.855,0.0,US,same_name_diff_address,1
S1-1750761,S2-322795170,0.9918,0,0.855,0.0,US,same_name_diff_address,1
S1-777943225,S2-196366423,0.9918,0,0.855,0.0,US,same_name_diff_address,1
S1-51462502,S2-632606223,0.9918,0,0.855,0.0,INDIA,same_name_diff_address,1
S1-275078032,S2-303579742,0.9918,0,0.855,0.0,US,same_name_diff_address,1
S1-805821860,S2-761820495,0.9918,0,0.855,0.0,US,same_name_diff_address,1
S1-909170750,S2-495854396,0.9918,0,0.855,0.0,INDIA,same_name_diff_address,1
S1-166082575,S2-726937070,0.9918,0,0.855,0.0,US,same_name_diff_address,1
S1-986751950,S2-55015573,0.9918,0,1.0,0.9697,US,high_name_high_address_wrong_entity,1
S1-12443146,S2-85610186,0.9918,0,0.4872,0.0,US,missing_address_collision,1
S1-789248323,S2-721062116,0.9918,0,0.855,0.0,US,same_name_diff_address,1
S1-170834484,S2-382661826,0.9918,0,0.855,0.0,US,same_name_diff_address,1
S1-197311571,S2-599955825,0.9917,0,0.855,0.0,US,same_name_diff_address,1
S1-146155333,S2-506782632,0.9917,0,0.855,0.0,US,same_name_diff_address,1
S1-355322690,S2-178866865,0.9917,0,0.855,0.0,US,same_name_diff_address,1
S1-347589147,S2-354124568,0.9917,0,0.855,0.0,US,same_name_diff_address,1
S1-324834148,S3-689225434,0.9917,0,0.855,0.0,INDIA,same_name_diff_address,1
S1-761329488,S3-948202880,0.9917,0,0.855,0.0,US,same_name_diff_address,1
S1-264888499,S2-793956744,0.9917,0,0.4865,0.0,US,missing_address_collision,1
S1-945768278,S2-164934588,0.9917,0,0.855,0.0,INDIA,same_name_diff_address,1
S1-891569014,S2-39572111,0.9917,0,0.855,0.0,US,same_name_diff_address,1
S1-228443573,S2-284922533,0.9917,0,0.855,0.0,US,same_name_diff_address,1
S1-406262894,S2-531394424,0.9917,0,0.855,0.0,US,same_name_diff_address,1
S1-715393417,S2-180233534,0.9917,0,0.855,0.0,US,same_name_diff_address,1
S1-554737211,S2-579863682,0.9917,0,0.855,0.0,US,same_name_diff_address,1
S1-565900586,S2-44787915,0.9917,0,0.5306,0.0,US,missing_address_collision,1
S1-184922951,S2-390772327,0.9917,0,0.855,0.0,INDIA,same_name_diff_address,1
S1-764684991,S2-682283203,0.9917,0,0.855,0.0,US,same_name_diff_address,1
S1-697438282,S2-63385003,0.9917,0,0.5652,0.0,US,missing_address_collision,1
S1-857979167,S2-360477316,0.9917,0,0.855,0.0,US,same_name_diff_address,1
S1-885995884,S2-677589890,0.9917,0,0.855,0.0,INDIA,same_name_diff_address,1
S1-43624817,S2-16907818,0.9917,0,0.855,0.0,US,same_name_diff_address,1
S1-87649928,S2-225576629,0.9917,0,0.855,0.0,US,same_name_diff_address,1
S1-584776229,S2-630126070,0.9917,0,0.855,0.0,INDIA,same_name_diff_address,1
S1-999030260,S2-869766639,0.9917,0,0.855,0.0,US,same_name_diff_address,1
S1-455392047,S2-327922665,0.9917,0,0.855,0.0,INDIA,same_name_diff_address,1
S1-933880495,S3-429557620,0.9917,0,0.855,0.0,US,same_name_diff_address,1
S1-825434688,S2-894570810,0.9917,0,0.6333,0.0,INDIA,missing_address_collision,1
S1-653322486,S2-759978202,0.9917,0,0.855,0.0,INDIA,same_name_diff_address,1
S1-892325277,S2-755364702,0.9917,0,0.855,0.0,US,same_name_diff_address,1
S1-9617135,S2-690918524,0.9917,0,0.619,0.0,INDIA,missing_address_collision,1
S1-192121943,S2-61378436,0.9917,0,0.855,0.0,INDIA,same_name_diff_address,1
S1-382734670,S2-235122784,0.9917,0,0.4865,0.0,INDIA,missing_address_collision,1
S1-245552080,S2-593368036,0.9917,0,0.6175,0.0,INDIA,missing_address_collision,1
S1-90574061,S2-239981091,0.9917,0,0.855,0.0,US,same_name_diff_address,1
S1-13128439,S2-827800939,0.9917,0,0.4471,0.0,US,missing_address_collision,1
S1-983847659,S2-594398582,0.9917,0,0.5812,0.0,US,missing_address_collision,1
S1-854187025,S2-955776911,0.9917,0,0.7213,0.0,US,missing_address_collision,1
S1-844026727,S3-543358191,0.9917,0,0.7333,0.0,US,missing_address_collision,1
S1-109671314,S2-409320685,0.9917,0,0.855,0.0,US,same_name_diff_address,1
S1-942166812,S2-346565848,0.9916,0,0.855,0.0,US,same_name_diff_address,1
S1-108560779,S2-906681195,0.9916,0,0.855,0.0,INDIA,same_name_diff_address,1
S1-868015401,S2-64452232,0.9916,0,0.855,0.0,INDIA,same_name_diff_address,1
S1-605404634,S2-184923290,0.9916,0,0.855,0.0,US,same_name_diff_address,1
S1-190747658,S2-84711456,0.9916,0,0.7057,0.0,INDIA,missing_address_collision,1
S1-222694073,S2-373636708,0.9916,0,0.5385,0.0,US,missing_address_collision,1
S1-403501666,S2-551803420,0.9916,0,0.855,0.0,US,same_name_diff_address,1
S1-403501666,S2-770719067,0.9916,0,0.855,0.0,US,same_name_diff_address,1
S1-426889161,S2-466037770,0.9916,0,0.855,0.0,US,same_name_diff_address,1
S1-575656258,S2-66385549,0.9916,0,0.6477,0.225,INDIA,medium_collision,1
S1-74605813,S2-978280954,0.9916,0,0.855,0.0,US,same_name_diff_address,1
S1-969086774,S2-609088102,0.9916,0,0.855,0.0,US,same_name_diff_address,1
S1-453172072,S2-900307851,0.9916,0,0.855,0.0,US,same_name_diff_address,1
S1-924575178,S2-37514058,0.9916,0,0.855,0.0,US,same_name_diff_address,1
S1-124690019,S2-374490602,0.9916,0,0.6909,0.0,US,missing_address_collision,1
S1-918830010,S2-728630466,0.9916,0,0.855,0.0,US,same_name_diff_address,1
S1-815134041,S2-385129897,0.9916,0,0.855,0.0,US,same_name_diff_address,1
S1-853994746,S3-213628335,0.9916,0,0.855,0.0,US,same_name_diff_address,1
S1-900404832,S2-400189951,0.9916,0,0.855,0.0,INDIA,same_name_diff_address,1
S1-468260711,S2-762932695,0.9916,0,0.4746,0.0,US,missing_address_collision,1
S1-592819156,S2-497249661,0.9916,0,0.855,0.0,US,same_name_diff_address,1
S1-936071729,S2-835782295,0.9916,0,0.855,0.0,INDIA,same_name_diff_address,1
S1-543739922,S2-386274246,0.9916,0,0.855,0.0,US,same_name_diff_address,1
S1-839074907,S2-786293201,0.9916,0,0.855,0.0,US,same_name_diff_address,1
S1-989820688,S2-642756301,0.9916,0,0.855,0.0,US,same_name_diff_address,1
S1-512522397,S2-54307504,0.9916,0,0.5911,0.0,US,missing_address_collision,1
S1-92073890,S2-648102372,0.9916,0,0.855,0.0,US,same_name_diff_address,1
S1-521641425,S2-320621652,0.9916,0,0.855,0.0,US,same_name_diff_address,1
S1-900744607,S2-870497646,0.9916,0,0.855,0.0,INDIA,same_name_diff_address,1
S1-628664325,S2-711699902,0.9916,0,0.855,0.0,US,same_name_diff_address,1
S1-449576342,S2-661581344,0.9916,0,0.855,0.0,US,same_name_diff_address,1
S1-691095839,S2-325606088,0.9916,0,0.855,0.0,US,same_name_diff_address,1
S1-138906190,S2-144602728,0.9916,0,0.855,0.0,US,same_name_diff_address,1
S1-603174293,S2-228860196,0.9916,0,0.855,0.0,US,same_name_diff_address,1
S1-605404634,S2-118422670,0.9916,0,0.855,0.0,US,same_name_diff_address,1
S1-295491540,S2-66270953,0.9916,0,0.855,0.0,INDIA,same_name_diff_address,1
S1-784630717,S2-478400210,0.9916,0,0.855,0.0,INDIA,same_name_diff_address,1
S1-50198821,S2-804236141,0.9916,0,0.855,0.0,US,same_name_diff_address,1
S1-639323039,S2-626474786,0.9916,0,0.5344,0.0,INDIA,missing_address_collision,1
S1-474178268,S2-599815519,0.9916,0,0.855,0.0,US,same_name_diff_address,1
S1-454368598,S2-613153535,0.9916,0,0.7968,0.0,INDIA,missing_address_collision,1
S1-839074907,S2-974923170,0.9916,0,0.5143,0.0,US,missing_address_collision,1
S1-903869941,S2-218259118,0.9916,0,0.855,0.0,INDIA,same_name_diff_address,1
S1-903869941,S2-836057123,0.9916,0,0.855,0.0,INDIA,same_name_diff_address,1
S1-767576698,S2-749018125,0.9916,0,0.855,0.0,INDIA,same_name_diff_address,1
S1-291984716,S2-653558724,0.9916,0,0.7719,0.0,INDIA,missing_address_collision,1
S1-801651589,S2-903097898,0.9915,0,0.57,0.0,US,missing_address_collision,1
S1-548500646,S2-661364962,0.9915,0,0.855,0.0,INDIA,same_name_diff_address,1
S1-376818486,S2-425998488,0.9915,0,0.855,0.0,INDIA,same_name_diff_address,1
S1-406023737,S3-144526570,0.9915,0,1.0,0.2073,INDIA,same_name_diff_address,1
S1-303462634,S2-311444694,0.9915,0,0.855,0.0,US,same_name_diff_address,1
S1-819998991,S2-381675978,0.9915,0,0.5714,0.0,US,missing_address_collision,1
S1-57337862,S3-718681357,0.9915,0,0.855,0.0,US,same_name_diff_address,1
S1-44595509,S2-832360764,0.9915,0,0.5714,0.0,US,missing_address_collision,1
S1-541652911,S2-740642706,0.9915,0,0.5532,0.0,INDIA,missing_address_collision,1
S1-335046309,S2-314103792,0.9915,0,0.855,0.0,US,same_name_diff_address,1
S1-937498068,S2-448396622,0.9915,0,0.5714,0.0,US,missing_address_collision,1
S1-967147640,S2-251645129,0.9915,0,0.855,0.0,US,same_name_diff_address,1
S1-474215720,S2-284445432,0.9915,0,0.5306,0.0,US,missing_address_collision,1
S1-110142906,S2-421972668,0.9915,0,0.855,0.0,INDIA,same_name_diff_address,1
S1-653354931,S2-82460330,0.9915,0,0.855,0.0,US,same_name_diff_address,1
S1-450444042,S2-820747410,0.9915,0,0.5769,0.0,US,missing_address_collision,1
S1-154446696,S2-835725814,0.9915,0,0.855,0.0,INDIA,same_name_diff_address,1
S1-998536993,S3-409861489,0.9915,0,0.855,0.0,US,same_name_diff_address,1
S1-985443452,S2-10114380,0.9915,0,0.855,0.0,US,same_name_diff_address,1
S1-942997038,S2-506724885,0.9915,0,0.855,0.0,INDIA,same_name_diff_address,1
S1-301814657,S2-27627418,0.9915,0,0.855,0.0,INDIA,same_name_diff_address,1
S1-723867414,S2-914695830,0.9915,0,0.855,0.0,US,same_name_diff_address,1
S1-240539666,S2-57361428,0.9915,0,0.855,0.0,INDIA,same_name_diff_address,1
S1-943323397,S2-335624359,0.9915,0,0.855,0.0,US,same_name_diff_address,1
S1-341514538,S2-719687226,0.9915,0,0.6222,0.0,US,missing_address_collision,1
S1-999270628,S2-985594362,0.9915,0,0.855,0.0,US,same_name_diff_address,1
S1-77324966,S3-768397066,0.9915,0,0.855,0.0,US,same_name_diff_address,1
S1-792723063,S2-357781258,0.9915,0,0.855,0.0,INDIA,same_name_diff_address,1
S1-963168542,S2-951257887,0.9915,0,0.5614,0.0,US,missing_address_collision,1
S1-411418867,S3-832209893,0.9915,0,0.7,0.0,INDIA,missing_address_collision,1
S1-322232225,S2-325857049,0.9915,0,0.5484,0.0,INDIA,missing_address_collision,1
S1-325844727,S2-71588959,0.9915,0,0.855,0.0,US,same_name_diff_address,1
S1-505616748,S2-163305803,0.9915,0,0.6333,0.0,INDIA,missing_address_collision,1
S1-950396054,S2-732365069,0.9915,0,0.855,0.0,US,same_name_diff_address,1
S1-819698672,S2-13430817,0.9915,0,0.5333,0.0,US,missing_address_collision,1
S1-92349042,S2-16573197,0.9915,0,0.855,0.0,US,same_name_diff_address,1
S1-603854210,S2-496745487,0.9915,0,0.855,0.0,INDIA,same_name_diff_address,1
S1-478043616,S2-685586534,0.9915,0,0.5556,0.0,US,missing_address_collision,1
S1-502781798,S2-666818957,0.9915,0,0.7463,0.0,INDIA,missing_address_collision,1
S1-971837639,S2-498278929,0.9914,0,0.855,0.0,INDIA,same_name_diff_address,1
S1-783643913,S2-739685784,0.9914,0,0.855,0.0,INDIA,same_name_diff_address,1
S1-733725299,S2-177284223,0.9914,0,0.4706,0.0,INDIA,missing_address_collision,1
S1-577441760,S2-538070728,0.9914,0,0.855,0.0,US,same_name_diff_address,1
S1-368510792,S2-21401657,0.9914,0,0.855,0.0,US,same_name_diff_address,1
S1-789248323,S2-525009040,0.9914,0,0.855,0.0,US,same_name_diff_address,1
S1-852642164,S2-11023614,0.9914,0,0.855,0.0,INDIA,same_name_diff_address,1
S1-864546319,S3-508488529,0.9914,0,0.855,0.0,US,same_name_diff_address,1
S1-107930742,S3-75162728,0.9914,0,0.76,0.0,US,missing_address_collision,1
S1-733725299,S2-996001136,0.9914,0,0.855,0.0,INDIA,same_name_diff_address,1
S1-809094431,S2-849278798,0.9914,0,0.855,0.0,US,same_name_diff_address,1
S1-462725140,S3-532250708,0.9914,0,0.6667,0.0,INDIA,missing_address_collision,1
S1-315213248,S3-319393901,0.9914,0,0.855,0.0,INDIA,same_name_diff_address,1
S1-870648820,S2-313920523,0.9914,0,0.855,0.0,US,same_name_diff_address,1
S1-957522859,S2-310191992,0.9914,0,0.76,0.0,INDIA,missing_address_collision,1
S1-226944631,S2-222023831,0.9914,0,0.855,0.0,INDIA,same_name_diff_address,1
S1-921994794,S2-413952846,0.9914,0,0.855,0.0,INDIA,same_name_diff_address,1
S1-644181454,S2-10449657,0.9914,0,0.6909,0.0,US,missing_address_collision,1
S1-949761911,S2-171571615,0.9914,0,0.855,0.0,US,same_name_diff_address,1
S1-596416441,S2-236495262,0.9914,0,0.5,0.0,INDIA,missing_address_collision,1
S1-495116900,S2-296627485,0.9914,0,0.4653,0.0,INDIA,missing_address_collision,1
S1-493864079,S3-908380042,0.9914,0,0.855,0.0,US,same_name_diff_address,1
S1-833480756,S2-292416307,0.9914,0,0.855,0.0,US,same_name_diff_address,1
S1-267103486,S2-187885498,0.9914,0,0.855,0.0,INDIA,same_name_diff_address,1
S1-552530912,S2-39384808,0.9914,0,0.855,0.0,INDIA,same_name_diff_address,1
S1-968231343,S2-300547553,0.9914,0,0.855,0.0,US,same_name_diff_address,1
S1-867477149,S2-282498501,0.9914,0,0.855,0.0,INDIA,same_name_diff_address,1
S1-679271386,S2-571317693,0.9914,0,0.855,0.0,INDIA,same_name_diff_address,1
S1-995609145,S2-549099908,0.9913,0,0.855,0.0,INDIA,same_name_diff_address,1
S1-294708205,S2-930481978,0.9913,0,0.5388,0.0,INDIA,missing_address_collision,1
S1-637145974,S2-655006884,0.9913,0,0.855,0.0,US,same_name_diff_address,1
S1-273494161,S2-32055539,0.9913,0,0.855,0.0,INDIA,same_name_diff_address,1
S1-871340820,S2-92957510,0.9913,0,0.6333,0.0,US,missing_address_collision,1
S1-377460691,S3-83112676,0.9913,0,0.6706,0.0,US,missing_address_collision,1
S1-948592755,S2-502721917,0.9913,0,0.855,0.0,INDIA,same_name_diff_address,1
S1-319213474,S2-765931729,0.9913,0,0.855,0.0,INDIA,same_name_diff_address,1
S1-648137293,S2-157777913,0.9913,0,0.855,0.0,US,same_name_diff_address,1
S1-758598746,S2-276890635,0.9913,0,0.855,0.0,US,same_name_diff_address,1
S1-177626036,S2-170632387,0.9913,0,0.5911,0.0,INDIA,missing_address_collision,1
S1-915139387,S2-619254022,0.9913,0,0.6769,0.0,INDIA,missing_address_collision,1
S1-735506697,S2-442980376,0.9913,0,0.5424,0.0,INDIA,missing_address_collision,1
S1-769489723,S2-814360240,0.9913,0,0.5263,0.0,US,missing_address_collision,1
S1-112362429,S2-273356647,0.9913,0,0.6162,0.0,INDIA,missing_address_collision,1
S1-222523226,S2-977550544,0.9913,0,0.855,0.0,US,same_name_diff_address,1
S1-381158471,S2-538679606,0.9913,0,0.855,0.0,US,same_name_diff_address,1
S1-638571423,S2-173362109,0.9913,0,0.855,0.0,US,same_name_diff_address,1
S1-333026900,S2-187576457,0.9913,0,0.5429,0.0,INDIA,missing_address_collision,1
S1-403585529,S2-427806188,0.9913,0,0.6383,0.0,INDIA,missing_address_collision,1
S1-463618136,S2-304701151,0.9913,0,0.5278,0.0,INDIA,missing_address_collision,1
S1-740233599,S2-802388023,0.9913,0,0.855,0.0,INDIA,same_name_diff_address,1
S1-306822598,S2-378740947,0.9913,0,0.855,0.0,INDIA,same_name_diff_address,1
S1-454368598,S2-670745355,0.9913,0,0.855,0.0,INDIA,same_name_diff_address,1
S1-572519209,S2-150986492,0.9913,0,0.855,0.0,US,same_name_diff_address,1
S1-37675836,S2-677604908,0.9913,0,0.855,0.0,INDIA,same_name_diff_address,1
S1-971837639,S2-262224632,0.9913,0,0.855,0.0,INDIA,same_name_diff_address,1
S1-172059488,S2-324514757,0.9913,0,0.855,0.0,US,same_name_diff_address,1
S1-279863064,S2-300818029,0.9913,0,0.855,0.0,US,same_name_diff_address,1
S1-950352405,S2-238679080,0.9913,0,0.855,0.0,US,same_name_diff_address,1
S1-92349042,S2-1650241,0.9913,0,0.855,0.0,US,same_name_diff_address,1
S1-558527282,S2-609982306,0.9913,0,0.855,0.0,INDIA,same_name_diff_address,1
S1-156518717,S2-771641467,0.9913,0,0.5182,0.0,INDIA,missing_address_collision,1
S1-962065932,S2-541224867,0.9913,0,0.855,0.0,US,same_name_diff_address,1
S1-932995946,S2-686897435,0.9913,0,0.855,0.0,US,same_name_diff_address,1
S1-198167315,S2-806687985,0.9913,0,0.855,0.0,US,same_name_diff_address,1
S1-777943225,S2-137905284,0.9913,0,0.6207,0.0,US,missing_address_collision,1
S1-962188552,S2-277243860,0.9913,0,0.855,0.0,US,same_name_diff_address,1
S1-633815601,S2-893035511,0.9913,0,0.855,0.0,US,same_name_diff_address,1
S1-282172682,S2-32753517,0.9913,0,0.855,0.0,US,same_name_diff_address,1
S1-374325154,S2-321452375,0.9913,0,0.855,0.0,US,same_name_diff_address,1
S1-887958855,S2-563696679,0.9913,0,0.5241,0.0,INDIA,missing_address_collision,1
S1-872082202,S2-919741986,0.9913,0,0.6333,0.0,US,missing_address_collision,1
S1-107930742,S2-553046370,0.9913,0,0.855,0.0,US,same_name_diff_address,1
S1-762724218,S2-194182098,0.9913,0,0.5352,0.0,INDIA,missing_address_collision,1
S1-238360289,S2-427167660,0.9913,0,0.855,0.0,INDIA,same_name_diff_address,1
S1-160279977,S2-544173314,0.9913,0,0.855,0.0,INDIA,same_name_diff_address,1
S1-252553121,S3-416677148,0.9912,0,0.855,0.0,US,same_name_diff_address,1
S1-664662255,S2-523380651,0.9912,0,0.855,0.0,US,same_name_diff_address,1
S1-793576805,S2-782943338,0.9912,0,0.855,0.0,US,same_name_diff_address,1
S1-958140291,S2-218795540,0.9912,0,0.855,0.0,INDIA,same_name_diff_address,1
S1-130737065,S2-809624999,0.9912,0,0.855,0.0,US,same_name_diff_address,1
S1-573496899,S2-819898138,0.9912,0,0.855,0.0,INDIA,same_name_diff_address,1
S1-932717690,S2-677985570,0.9912,0,0.6154,0.0,INDIA,missing_address_collision,1
S1-300729463,S2-526088955,0.9912,0,0.855,0.0,INDIA,same_name_diff_address,1
S1-866812329,S2-861159814,0.9912,0,0.5417,0.0,US,missing_address_collision,1
S1-469889329,S2-249843895,0.9912,0,0.855,0.0,INDIA,same_name_diff_address,1
S1-638279206,S3-109134355,0.9912,0,0.855,0.0,US,same_name_diff_address,1
S1-538583967,S2-449501297,0.9912,0,0.6488,0.0,US,missing_address_collision,1
S1-809665548,S2-771463124,0.9912,0,0.855,0.0,US,same_name_diff_address,1
S1-23349747,S2-913734574,0.9912,0,0.855,0.0,US,same_name_diff_address,1
S1-821198836,S2-543232609,0.9912,0,0.7917,0.0,INDIA,missing_address_collision,1
S1-280092169,S2-192906551,0.9912,0,0.855,0.0,US,same_name_diff_address,1
S1-541838585,S2-406402344,0.9912,0,0.855,0.0,US,same_name_diff_address,1
S1-647295588,S2-111211871,0.9912,0,0.855,0.0,US,same_name_diff_address,1
S1-418166798,S2-338607643,0.9912,0,0.855,0.0,US,same_name_diff_address,1
S1-716361946,S2-31817289,0.9912,0,0.855,0.0,US,same_name_diff_address,1
S1-974920232,S3-243222519,0.9912,0,0.855,0.0,US,same_name_diff_address,1
S1-727417827,S2-167981463,0.9912,0,0.855,0.0,US,same_name_diff_address,1
S1-392048433,S2-335964184,0.9912,0,0.855,0.0,US,same_name_diff_address,1
S1-227281677,S2-833170662,0.9912,0,0.0833,1.0,INDIA,same_address_diff_name,1
S1-25966989,S3-251993001,0.9912,0,0.855,0.0,US,same_name_diff_address,1
S1-239404910,S2-78264747,0.9912,0,0.855,0.0,US,same_name_diff_address,1
S1-1542563,S2-239974399,0.9912,0,0.855,0.0,US,same_name_diff_address,1
S1-691302502,S2-993377349,0.9912,0,0.855,0.0,INDIA,same_name_diff_address,1
S1-575850853,S2-495188716,0.9912,0,0.5955,0.0,INDIA,missing_address_collision,1
S1-244509822,S2-922029314,0.9912,0,0.855,0.0,US,same_name_diff_address,1
S1-840103602,S2-909405033,0.9912,0,0.855,0.0,INDIA,same_name_diff_address,1
S1-486511981,S2-432297332,0.9912,0,0.855,0.0,US,same_name_diff_address,1
S1-206554512,S2-413037528,0.9911,0,0.65,0.0,US,missing_address_collision,1
S1-710954176,S2-90910197,0.9911,0,0.855,0.0,US,same_name_diff_address,1
S1-865379900,S2-448731429,0.9911,0,0.55,0.0,INDIA,missing_address_collision,1
S1-137045802,S2-480954065,0.9911,0,0.855,0.0,US,same_name_diff_address,1
S1-950901627,S2-960883063,0.9911,0,0.855,0.0,US,same_name_diff_address,1
S1-449689520,S2-569337330,0.9911,0,0.855,0.0,US,same_name_diff_address,1
S1-596086550,S2-329909160,0.9911,0,0.855,0.0,US,same_name_diff_address,1
S1-563190421,S2-421316948,0.9911,0,0.855,0.0,US,same_name_diff_address,1
S1-812270280,S2-567503435,0.9911,0,0.5135,0.0,INDIA,missing_address_collision,1
S1-96489524,S2-820837376,0.9911,0,0.855,0.0,INDIA,same_name_diff_address,1
S1-38605967,S2-932462682,0.9911,0,0.855,0.0,US,same_name_diff_address,1
S1-124690019,S2-818430107,0.9911,0,0.6364,0.0,US,missing_address_collision,1
S1-146334316,S2-21158219,0.9911,0,0.855,0.0,US,same_name_diff_address,1
S1-373187673,S2-697173017,0.9911,0,0.5806,0.0,INDIA,missing_address_collision,1
S1-61860831,S2-217533938,0.9911,0,0.855,0.0,INDIA,same_name_diff_address,1
S1-45229115,S2-506311370,0.9911,0,0.855,0.0,US,same_name_diff_address,1
S1-662012550,S2-583128840,0.9911,0,0.855,0.0,INDIA,same_name_diff_address,1
S1-627168820,S2-343188262,0.9911,0,0.855,0.0,INDIA,same_name_diff_address,1
S1-474331003,S2-412195399,0.9911,0,0.855,0.0,INDIA,same_name_diff_address,1
S1-382255290,S2-737812267,0.9911,0,0.855,0.0,US,same_name_diff_address,1
S1-808662378,S2-448841073,0.9911,0,0.855,0.0,US,same_name_diff_address,1
S1-92929456,S2-480481764,0.9911,0,0.4984,0.0,US,missing_address_collision,1
S1-817152886,S2-639142670,0.9911,0,0.855,0.0,US,same_name_diff_address,1
S1-585060036,S2-470561282,0.9911,0,0.855,0.0,US,same_name_diff_address,1
S1-977679673,S2-897663517,0.9911,0,0.855,0.0,INDIA,same_name_diff_address,1
S1-95347347,S2-847687838,0.9911,0,0.5806,0.0,US,missing_address_collision,1
S1-573035188,S2-9869666,0.9911,0,0.855,0.0,INDIA,same_name_diff_address,1
S1-781052836,S2-883686494,0.9911,0,0.855,0.0,INDIA,same_name_diff_address,1
S1-665737114,S2-567090072,0.9911,0,0.5625,0.0,US,missing_address_collision,1
S1-584080246,S2-26427190,0.9911,0,0.855,0.0,US,same_name_diff_address,1
S1-961603953,S2-409238062,0.9911,0,0.5085,0.0,INDIA,missing_address_collision,1
S1-956209842,S2-443415943,0.9911,0,0.4825,0.0,INDIA,missing_address_collision,1
S1-180270487,S3-58159973,0.9911,0,0.8533,0.7848,US,high_name_high_address_wrong_entity,1
S1-495567419,S2-380287301,0.9911,0,0.855,0.0,INDIA,same_name_diff_address,1
S1-821450825,S2-846098642,0.9911,0,0.855,0.0,INDIA,same_name_diff_address,1
S1-870648820,S2-642429811,0.9911,0,0.855,0.0,US,same_name_diff_address,1
S1-157773599,S2-124391693,0.991,0,0.855,0.0,US,same_name_diff_address,1
S1-448748340,S2-220905460,0.991,0,0.855,0.0,US,same_name_diff_address,1
S1-646121436,S2-676645737,0.991,0,0.855,0.0,INDIA,same_name_diff_address,1
S1-74807963,S2-692599328,0.991,0,0.855,0.0,US,same_name_diff_address,1
S1-181952286,S2-911838802,0.991,0,0.855,0.0,US,same_name_diff_address,1
S1-993709599,S2-300818029,0.991,0,0.855,0.0,US,same_name_diff_address,1
S1-126474955,S2-923797219,0.991,0,0.5881,0.0,US,missing_address_collision,1
S1-116766631,S2-57218324,0.991,0,0.855,0.0,US,same_name_diff_address,1
S1-841605151,S2-851751982,0.991,0,0.855,0.0,INDIA,same_name_diff_address,1
S1-185681800,S2-866577594,0.991,0,0.855,0.0,US,same_name_diff_address,1
S1-309961055,S2-248519506,0.991,0,0.855,0.0,US,same_name_diff_address,1
S1-652739531,S2-975323918,0.991,0,0.855,0.0,US,same_name_diff_address,1
S1-642662354,S2-805204660,0.991,0,0.6383,0.0,INDIA,missing_address_collision,1
S1-429439057,S2-367324956,0.991,0,0.855,0.0,US,same_name_diff_address,1
S1-481851119,S2-394404898,0.991,0,0.855,0.0,US,same_name_diff_address,1
S1-746608577,S2-19125875,0.991,0,0.855,0.0,US,same_name_diff_address,1
S1-901465998,S3-793116671,0.991,0,0.855,0.0,INDIA,same_name_diff_address,1
S1-412104506,S2-931259371,0.991,0,0.855,0.0,US,same_name_diff_address,1
S1-464996419,S2-316516607,0.991,0,0.855,0.0,US,same_name_diff_address,1
S1-405328455,S2-572346062,0.991,0,0.855,0.0,INDIA,same_name_diff_address,1
S1-759536139,S2-997286759,0.991,0,0.6122,0.0,INDIA,missing_address_collision,1
S1-233485264,S2-946405927,0.991,0,0.855,0.0,INDIA,same_name_diff_address,1
S1-424521845,S2-495682645,0.991,0,0.855,0.0,US,same_name_diff_address,1
S1-274701997,S3-797294971,0.991,0,0.855,0.0,INDIA,same_name_diff_address,1
S1-358022863,S3-539457421,0.991,0,0.6154,0.0,US,missing_address_collision,1
S1-950352405,S2-67917237,0.991,0,0.855,0.0,US,same_name_diff_address,1
S1-369699499,S2-501662426,0.991,0,0.855,0.0,US,same_name_diff_address,1
S1-301734023,S2-274348328,0.991,0,0.5455,0.0,INDIA,missing_address_collision,1
S1-65612046,S2-121707880,0.991,0,0.7451,0.0,INDIA,missing_address_collision,1
S1-237180424,S2-404279859,0.991,0,0.5014,0.0,US,missing_address_collision,1
S1-306822598,S2-803039219,0.991,0,0.855,0.0,INDIA,same_name_diff_address,1
S1-563879142,S2-239189882,0.991,0,0.855,0.0,US,same_name_diff_address,1
S1-857979167,S2-464281720,0.991,0,0.855,0.0,US,same_name_diff_address,1
S1-606090856,S2-906345189,0.991,0,0.855,0.0,US,same_name_diff_address,1
S1-328604040,S2-656444732,0.991,0,0.6761,0.0,US,missing_address_collision,1
S1-490666466,S2-159123212,0.991,0,0.855,0.0,US,same_name_diff_address,1
S1-110890522,S2-369551799,0.991,0,0.855,0.0,INDIA,same_name_diff_address,1
S1-637760457,S2-581336802,0.991,0,0.855,0.0,INDIA,same_name_diff_address,1
S1-135412130,S2-29477137,0.991,0,0.855,0.0,US,same_name_diff_address,1
S1-296426737,S3-958019283,0.991,0,0.6585,0.0,INDIA,missing_address_collision,1
S1-768661557,S2-41628298,0.991,0,0.855,0.0,US,same_name_diff_address,1
S1-46892664,S2-901938325,0.991,0,0.855,0.0,US,same_name_diff_address,1
S1-23145651,S2-777891017,0.991,0,0.855,0.0,US,same_name_diff_address,1
S1-149191558,S3-176407160,0.991,0,0.5854,0.0,US,missing_address_collision,1
S1-724161460,S2-549662960,0.9909,0,0.855,0.0,US,same_name_diff_address,1
S1-218340695,S3-277453657,0.9909,0,0.5873,0.0,INDIA,missing_address_collision,1
S1-734351857,S2-193193935,0.9909,0,0.707,0.0,INDIA,missing_address_collision,1
S1-180270487,S2-914775126,0.9909,0,0.7125,0.0,US,missing_address_collision,1
S1-867991646,S2-929809013,0.9909,0,0.57,0.0,INDIA,missing_address_collision,1
S1-212454626,S2-460150557,0.9909,0,0.6218,0.0,US,missing_address_collision,1
S1-71482984,S2-669084703,0.9909,0,0.475,0.0,US,missing_address_collision,1
S1-824085570,S2-264873490,0.9909,0,0.769,0.0,INDIA,missing_address_collision,1
S1-8058622,S2-760328249,0.9909,0,0.855,0.0,US,same_name_diff_address,1
S1-731488959,S2-701617266,0.9909,0,0.855,0.0,US,same_name_diff_address,1
S1-992741971,S3-902629309,0.9909,0,0.855,0.0,INDIA,same_name_diff_address,1
S1-657997343,S2-59508260,0.9909,0,0.6024,0.0,US,missing_address_collision,1
S1-929490178,S2-857610110,0.9909,0,0.855,0.0,INDIA,same_name_diff_address,1
S1-993446030,S2-344484885,0.9909,0,0.855,0.0,US,same_name_diff_address,1
S1-859508047,S3-657701699,0.9909,0,0.64,0.0,INDIA,missing_address_collision,1
S1-686475900,S2-670950867,0.9909,0,0.855,0.0,INDIA,same_name_diff_address,1
S1-613105217,S3-16544024,0.9909,0,1.0,0.2143,INDIA,same_name_diff_address,1
S1-104538360,S2-433265018,0.9909,0,0.6667,0.0,INDIA,missing_address_collision,1
S1-882446763,S2-293383196,0.9909,0,0.5255,0.0,US,missing_address_collision,1
S1-947317834,S2-788717303,0.9909,0,0.855,0.0,US,same_name_diff_address,1
S1-947317834,S2-610342705,0.9909,0,0.855,0.0,US,same_name_diff_address,1
S1-900481577,S2-66711322,0.9909,0,0.855,0.0,INDIA,same_name_diff_address,1
S1-150392184,S2-323797709,0.9908,0,0.855,0.0,INDIA,same_name_diff_address,1
S1-626328538,S2-409504658,0.9908,0,0.855,0.0,US,same_name_diff_address,1
S1-239404910,S2-746673544,0.9908,0,0.855,0.0,US,same_name_diff_address,1
S1-334687295,S3-986672317,0.9908,0,0.6909,0.0,INDIA,missing_address_collision,1
S1-80587117,S2-71616777,0.9908,0,0.6821,0.0,INDIA,missing_address_collision,1
S1-43153119,S2-195752601,0.9908,0,0.6909,0.0,INDIA,missing_address_collision,1
S1-33824155,S3-502589731,0.9908,0,0.7308,0.0,US,missing_address_collision,1
S1-579210779,S2-333302787,0.9908,0,0.5397,0.0,US,missing_address_collision,1
S1-11590211,S2-177596030,0.9908,0,0.6531,0.0,US,missing_address_collision,1
S1-135098815,S2-456936010,0.9908,0,0.855,0.0,US,same_name_diff_address,1
S1-229460898,S2-815782224,0.9908,0,0.855,0.0,US,same_name_diff_address,1
S1-807140616,S2-933283312,0.9908,0,0.855,0.0,US,same_name_diff_address,1
S1-864546319,S2-96082887,0.9908,0,0.855,0.0,US,same_name_diff_address,1
S1-218598954,S2-658579059,0.9908,0,0.855,0.0,US,same_name_diff_address,1
S1-575656258,S2-606268054,0.9908,0,0.855,0.0,INDIA,same_name_diff_address,1
S1-549094706,S3-502711118,0.9908,0,0.6786,0.0,INDIA,missing_address_collision,1
S1-671661238,S2-46660897,0.9908,0,0.5652,0.0,US,missing_address_collision,1
S1-15979828,S2-400783779,0.9908,0,0.6333,0.0,US,missing_address_collision,1
S1-411418867,S2-21669786,0.9908,0,0.76,0.0,INDIA,missing_address_collision,1
S1-532500045,S2-558005091,0.9908,0,0.855,0.0,US,same_name_diff_address,1
S1-868015401,S2-811996447,0.9908,0,0.6316,0.0,INDIA,missing_address_collision,1
S1-220350257,S2-308528601,0.9908,0,0.855,0.0,US,same_name_diff_address,1
S1-982063056,S2-586671871,0.9908,0,0.855,0.0,INDIA,same_name_diff_address,1
S1-512522397,S2-405157330,0.9908,0,0.6488,0.0,US,missing_address_collision,1
S1-203619522,S2-932557446,0.9908,0,0.855,0.0,INDIA,same_name_diff_address,1
S1-442172289,S2-653496006,0.9908,0,0.6154,0.0,INDIA,missing_address_collision,1
S1-908831133,S2-712455061,0.9908,0,0.855,0.0,US,same_name_diff_address,1
S1-103602194,S3-121373369,0.9907,0,0.855,0.0,US,same_name_diff_address,1
S1-609261095,S2-247184367,0.9907,0,0.855,0.0,INDIA,same_name_diff_address,1
S1-382284347,S2-505045530,0.9907,0,0.5455,0.0,US,missing_address_collision,1
S1-594033591,S2-350978219,0.9907,0,0.722,0.0,INDIA,missing_address_collision,1
S1-846018599,S2-507137979,0.9907,0,0.855,0.0,US,same_name_diff_address,1
S1-96101477,S2-301063378,0.9907,0,0.855,0.0,US,same_name_diff_address,1
S1-709047931,S2-773171594,0.9907,0,0.855,0.0,US,same_name_diff_address,1
S1-589869250,S2-553376938,0.9907,0,0.855,0.0,US,same_name_diff_address,1
S1-995609145,S2-939414998,0.9907,0,0.855,0.0,INDIA,same_name_diff_address,1
S1-172430384,S2-645143380,0.9907,0,0.855,0.0,INDIA,same_name_diff_address,1
S1-114346914,S2-337445270,0.9907,0,0.855,0.0,US,same_name_diff_address,1
S1-80183072,S3-720950337,0.9907,0,0.855,0.0,US,same_name_diff_address,1
S1-44276442,S2-301752738,0.9907,0,0.855,0.0,INDIA,same_name_diff_address,1
S1-863186587,S2-228810241,0.9907,0,0.855,0.0,US,same_name_diff_address,1
S1-871340820,S2-579896582,0.9907,0,0.855,0.0,US,same_name_diff_address,1
S1-155308161,S2-219803006,0.9907,0,0.5429,0.0,INDIA,missing_address_collision,1
S1-825434688,S2-92479054,0.9907,0,0.5918,0.0,INDIA,missing_address_collision,1
S1-658031436,S2-112924121,0.9907,0,0.855,0.0,US,same_name_diff_address,1
S1-923963692,S2-172850546,0.9907,0,0.5625,0.0,US,missing_address_collision,1
S1-119332104,S2-83276400,0.9907,0,0.855,0.0,INDIA,same_name_diff_address,1
S1-155387732,S2-747021818,0.9907,0,0.855,0.0,US,same_name_diff_address,1
S1-402808150,S3-988672208,0.9907,0,0.855,0.0,US,same_name_diff_address,1
S1-343192202,S2-328799086,0.9907,0,0.855,0.0,INDIA,same_name_diff_address,1
S1-292979013,S3-85641132,0.9907,0,0.855,0.0,US,same_name_diff_address,1
S1-256700826,S2-899468457,0.9907,0,0.855,0.0,US,same_name_diff_address,1
S1-7374633,S2-847404322,0.9907,0,0.855,0.0,INDIA,same_name_diff_address,1
S1-559746138,S2-664252046,0.9906,0,0.855,0.0,US,same_name_diff_address,1
S1-226158603,S2-735657238,0.9906,0,0.855,0.0,US,same_name_diff_address,1
S1-442819553,S2-867411849,0.9906,0,0.855,0.0,INDIA,same_name_diff_address,1
S1-30152432,S2-697963981,0.9906,0,0.855,0.0,US,same_name_diff_address,1
S1-845293260,S2-58610755,0.9906,0,0.855,0.0,US,same_name_diff_address,1
S1-132565513,S3-164072015,0.9906,0,0.5864,0.0,INDIA,missing_address_collision,1
S1-81605248,S2-951171642,0.9906,0,0.855,0.0,US,same_name_diff_address,1
S1-226944631,S2-107883735,0.9906,0,0.855,0.0,INDIA,same_name_diff_address,1
S1-597512195,S3-5651837,0.9906,0,0.6431,0.0,INDIA,missing_address_collision,1
S1-269656479,S2-583727510,0.9906,0,0.5405,0.0,US,missing_address_collision,1
S1-942237861,S2-873651474,0.9906,0,0.855,0.0,US,same_name_diff_address,1
S1-681323519,S2-904857154,0.9906,0,0.855,0.0,US,same_name_diff_address,1
S1-178394965,S2-903104551,0.9906,0,0.4923,0.0,US,missing_address_collision,1
S1-402313603,S2-79355974,0.9906,0,0.72,0.0,INDIA,missing_address_collision,1
S1-17139950,S2-105998912,0.9906,0,0.855,0.0,US,same_name_diff_address,1
S1-727417827,S2-483048446,0.9906,0,0.855,0.0,US,same_name_diff_address,1
S1-444343135,S3-429557620,0.9906,0,0.855,0.0,US,same_name_diff_address,1
S1-314431449,S2-472394192,0.9906,0,0.855,0.0,US,same_name_diff_address,1
S1-408506510,S2-941518068,0.9906,0,0.6453,0.0,INDIA,missing_address_collision,1
S1-76738019,S2-410515212,0.9906,0,0.5455,0.0,US,missing_address_collision,1
S1-828630844,S2-363445405,0.9906,0,0.855,0.0,US,same_name_diff_address,1
S1-681323519,S2-650625801,0.9906,0,0.855,0.0,US,same_name_diff_address,1
S1-870275626,S2-271349721,0.9906,0,0.6571,0.0,INDIA,missing_address_collision,1
S1-561160297,S2-444516208,0.9906,0,0.855,0.0,INDIA,same_name_diff_address,1
S1-983444406,S2-899352235,0.9906,0,0.855,0.0,US,same_name_diff_address,1
S1-465469515,S2-545003753,0.9906,0,0.855,0.0,US,same_name_diff_address,1
S1-713144918,S3-848204899,0.9906,0,0.855,0.0,US,same_name_diff_address,1
S1-135697105,S2-247210251,0.9906,0,0.855,0.0,INDIA,same_name_diff_address,1
S1-830595809,S2-917658184,0.9906,0,0.6038,0.0,US,missing_address_collision,1
S1-650527809,S2-332790094,0.9906,0,0.855,0.0,US,same_name_diff_address,1
S1-63366883,S2-476900394,0.9906,0,0.6557,0.0,INDIA,missing_address_collision,1
S1-396851602,S2-78688280,0.9906,0,0.855,0.0,US,same_name_diff_address,1
S1-735739593,S2-944456652,0.9906,0,0.566,0.0,US,missing_address_collision,1
S1-45777952,S2-216971560,0.9906,0,0.855,0.0,US,same_name_diff_address,1
S1-506699479,S2-407497418,0.9906,0,0.855,0.0,US,same_name_diff_address,1
S1-575656258,S2-14988725,0.9906,0,0.855,0.0,INDIA,same_name_diff_address,1
S1-468797032,S2-237997210,0.9906,0,0.855,0.0,INDIA,same_name_diff_address,1
S1-238056065,S3-808716503,0.9906,0,0.6047,0.0,US,missing_address_collision,1
S1-727060823,S2-744448524,0.9906,0,0.5971,0.0,US,missing_address_collision,1
S1-841083584,S2-360034219,0.9905,0,0.5,0.0,INDIA,missing_address_collision,1
S1-811311911,S2-638810558,0.9905,0,0.855,0.0,US,same_name_diff_address,1
S1-202511266,S2-973391668,0.9905,0,0.57,0.0,US,missing_address_collision,1
S1-490666466,S2-423951417,0.9905,0,0.855,0.0,US,same_name_diff_address,1
S1-82615520,S2-413244478,0.9905,0,0.855,0.0,US,same_name_diff_address,1
S1-506699479,S3-56334845,0.9905,0,0.6884,0.0,US,missing_address_collision,1
S1-748657012,S2-135323620,0.9905,0,0.855,0.0,INDIA,same_name_diff_address,1
S1-316149662,S2-883790956,0.9905,0,0.855,0.0,INDIA,same_name_diff_address,1
S1-623000711,S2-986106577,0.9905,0,0.6792,0.0,INDIA,missing_address_collision,1
S1-942993942,S2-535979246,0.9905,0,0.5333,0.0,US,missing_address_collision,1
S1-448748340,S2-275260784,0.9905,0,0.5897,0.0,US,missing_address_collision,1
S1-612788845,S2-867904845,0.9905,0,0.855,0.0,US,same_name_diff_address,1
S1-971322622,S2-587292301,0.9905,0,0.4843,0.0,INDIA,missing_address_collision,1
S1-815051311,S3-114908077,0.9905,0,0.6667,0.0,US,missing_address_collision,1
S1-451383123,S2-306875981,0.9905,0,0.855,0.0,US,same_name_diff_address,1
S1-356371014,S2-626068663,0.9905,0,0.5041,0.0,INDIA,missing_address_collision,1
S1-833209069,S2-386576945,0.9905,0,0.5397,0.0,US,missing_address_collision,1
S1-847080845,S2-856166128,0.9905,0,0.855,0.0,INDIA,same_name_diff_address,1
S1-532507283,S2-955312633,0.9905,0,0.855,0.0,US,same_name_diff_address,1
S1-157970052,S2-516136890,0.9905,0,0.855,0.0,US,same_name_diff_address,1
S1-758800585,S2-574062233,0.9905,0,0.855,0.0,US,same_name_diff_address,1
S1-116256621,S2-181158165,0.9905,0,0.855,0.0,INDIA,same_name_diff_address,1
S1-808464988,S2-916327974,0.9905,0,0.6857,0.0,US,missing_address_collision,1
S1-118540881,S2-102753185,0.9905,0,0.855,0.0,US,same_name_diff_address,1
S1-781717414,S2-787468302,0.9905,0,0.56,0.0,US,missing_address_collision,1
S1-560264561,S2-811820376,0.9905,0,0.4825,0.0,INDIA,missing_address_collision,1
S1-137885551,S2-136534017,0.9905,0,0.855,0.0,US,same_name_diff_address,1
S1-388098734,S2-978280954,0.9905,0,0.855,0.0,US,same_name_diff_address,1
S1-456526954,S2-695339662,0.9905,0,0.4984,0.0,INDIA,missing_address_collision,1
S1-697545643,S2-231385944,0.9905,0,0.5532,0.0,US,missing_address_collision,1
S1-769489723,S2-49820700,0.9905,0,0.5,0.0,US,missing_address_collision,1
S1-554737211,S3-558527824,0.9905,0,0.7215,0.0,US,missing_address_collision,1
S1-594972700,S2-833463893,0.9905,0,0.5385,0.0,US,missing_address_collision,1
S1-59704955,S2-885306395,0.9905,0,0.566,0.0,US,missing_address_collision,1
S1-862418587,S2-949314923,0.9905,0,0.855,0.0,US,same_name_diff_address,1
S1-802975790,S2-450646393,0.9905,0,0.855,0.0,US,same_name_diff_address,1
S1-468797032,S2-238535258,0.9905,0,0.855,0.0,INDIA,same_name_diff_address,1
S1-915892428,S2-729496743,0.9905,0,0.4681,0.0,US,missing_address_collision,1
S1-145757554,S2-79004331,0.9905,0,0.855,0.0,INDIA,same_name_diff_address,1
S1-463318351,S2-378951434,0.9905,0,0.855,0.0,INDIA,same_name_diff_address,1
S1-386588266,S2-12688519,0.9905,0,0.855,0.0,INDIA,same_name_diff_address,1
S1-685448245,S2-520745092,0.9905,0,0.57,0.0,US,missing_address_collision,1
S1-10968549,S3-268810099,0.9905,0,0.855,0.0,INDIA,same_name_diff_address,1
S1-627508266,S2-732322246,0.9905,0,0.855,0.0,INDIA,same_name_diff_address,1
S1-77229614,S2-204100217,0.9905,0,0.5116,0.0,US,missing_address_collision,1
S1-638279206,S2-417482327,0.9905,0,0.855,0.0,US,same_name_diff_address,1
S1-313942684,S2-970392306,0.9905,0,0.5667,0.0,INDIA,missing_address_collision,1
S1-533130079,S2-656706558,0.9904,0,0.5225,0.0,INDIA,missing_address_collision,1
S1-932003413,S2-713655555,0.9904,0,0.5278,0.0,INDIA,missing_address_collision,1
S1-493864079,S2-905908458,0.9904,0,0.855,0.0,US,same_name_diff_address,1
S1-938431869,S2-319103616,0.9904,0,0.6349,0.0,US,missing_address_collision,1
S1-194316206,S2-515811774,0.9904,0,0.5153,0.0,US,missing_address_collision,1
S1-642788972,S2-722354578,0.9904,0,0.4411,0.0,US,missing_address_collision,1
S1-713940018,S2-27078553,0.9904,0,0.5161,0.0,INDIA,missing_address_collision,1
S1-946565196,S2-853633476,0.9904,0,0.855,0.0,US,same_name_diff_address,1
S1-350718330,S2-3600604,0.9904,0,0.5,0.0,US,missing_address_collision,1
S1-719807711,S2-321819806,0.9904,0,0.5,0.0,US,missing_address_collision,1
S1-505691514,S2-636367867,0.9904,0,0.7125,0.0,INDIA,missing_address_collision,1
S1-201281490,S2-328795281,0.9904,0,0.855,0.0,US,same_name_diff_address,1
S1-185154900,S2-285940987,0.9904,0,0.855,0.0,US,same_name_diff_address,1
S1-449989938,S2-211597282,0.9904,0,0.855,0.0,US,same_name_diff_address,1
S1-240647457,S2-696985685,0.9904,0,0.855,0.0,US,same_name_diff_address,1
S1-830922354,S2-590711321,0.9904,0,0.855,0.0,INDIA,same_name_diff_address,1
S1-952060638,S2-227562008,0.9904,0,0.4606,0.0,US,missing_address_collision,1
S1-342727396,S2-323797709,0.9904,0,0.855,0.0,INDIA,same_name_diff_address,1
S1-837354839,S2-726432726,0.9904,0,0.855,0.0,INDIA,same_name_diff_address,1
S1-691095839,S2-698203592,0.9904,0,0.5115,0.0,US,missing_address_collision,1
S1-481692887,S2-624422420,0.9904,0,0.855,0.0,INDIA,same_name_diff_address,1
S1-454088967,S2-61429005,0.9904,0,0.4783,0.0,INDIA,missing_address_collision,1
S1-845293260,S2-589926637,0.9904,0,0.855,0.0,US,same_name_diff_address,1
S1-563775151,S2-83955389,0.9904,0,0.4583,0.0,INDIA,missing_address_collision,1
S1-146756004,S2-384822262,0.9904,0,0.5455,0.0,US,missing_address_collision,1
S1-796081325,S2-370701698,0.9904,0,0.5029,0.0,US,missing_address_collision,1
S1-359802971,S2-814297442,0.9904,0,0.5484,0.0,US,missing_address_collision,1
S1-749903420,S2-306333099,0.9904,0,0.855,0.0,US,same_name_diff_address,1
S1-538158083,S2-478637467,0.9904,0,0.855,0.0,INDIA,same_name_diff_address,1
S1-538158083,S2-149330908,0.9904,0,0.855,0.0,INDIA,same_name_diff_address,1
S1-811706018,S2-110020161,0.9904,0,0.855,0.0,US,same_name_diff_address,1
S1-436873736,S2-261082583,0.9904,0,0.5417,0.0,INDIA,missing_address_collision,1
S1-662425102,S2-62837207,0.9904,0,0.855,0.0,US,same_name_diff_address,1
S1-693533852,S2-950942031,0.9904,0,0.4444,0.0,US,missing_address_collision,1
S1-234599671,S2-564302451,0.9904,0,0.7606,0.0,US,missing_address_collision,1
S1-542073965,S2-720614927,0.9904,0,0.7528,0.0,INDIA,missing_address_collision,1
S1-829491879,S2-326571542,0.9904,0,0.6333,0.0,INDIA,missing_address_collision,1
S1-689236296,S2-438553073,0.9904,0,0.855,0.0,INDIA,same_name_diff_address,1
S1-148691480,S2-579251883,0.9904,0,0.6821,0.0,INDIA,missing_address_collision,1
S1-942237861,S2-3033687,0.9904,0,0.5089,0.0,US,missing_address_collision,1
S1-689360119,S2-260424597,0.9904,0,0.855,0.0,US,same_name_diff_address,1
S1-276017608,S2-647347491,0.9904,0,0.5217,0.0,US,missing_address_collision,1
S1-157613814,S2-814078592,0.9904,0,0.5106,0.0,INDIA,missing_address_collision,1
S1-591824551,S2-55693864,0.9904,0,0.855,0.0,US,same_name_diff_address,1
S1-590683325,S2-593271721,0.9904,0,0.4878,0.0,INDIA,missing_address_collision,1
S1-89712274,S2-185135297,0.9903,0,0.855,0.0,US,same_name_diff_address,1
S1-422492135,S2-467098074,0.9903,0,0.5542,0.0,INDIA,missing_address_collision,1
S1-873462421,S2-146307559,0.9903,0,0.855,0.0,INDIA,same_name_diff_address,1
S1-184922951,S2-684317219,0.9903,0,0.6,0.0,INDIA,missing_address_collision,1
S1-316149662,S2-115908312,0.9903,0,0.855,0.0,INDIA,same_name_diff_address,1
S1-33824155,S2-875436931,0.9903,0,0.855,0.0,US,same_name_diff_address,1
S1-311711872,S2-202464808,0.9903,0,0.597,0.0,US,missing_address_collision,1
S1-807446034,S2-811904658,0.9903,0,0.5556,0.0,US,missing_address_collision,1
S1-595089479,S3-966804926,0.9903,0,0.7945,0.0,INDIA,missing_address_collision,1
S1-781052836,S2-472609013,0.9903,0,0.855,0.0,INDIA,same_name_diff_address,1
S1-389901880,S2-24062126,0.9903,0,0.855,0.0,INDIA,same_name_diff_address,1
S1-855261985,S3-796010604,0.9903,0,0.7,0.0,US,missing_address_collision,1
S1-79193654,S2-384327195,0.9903,0,0.5055,0.0,US,missing_address_collision,1
S1-617716383,S2-672261549,0.9903,0,0.855,0.0,INDIA,same_name_diff_address,1
S1-767442740,S2-684283178,0.9903,0,0.855,0.0,INDIA,same_name_diff_address,1
S1-132823997,S2-571676475,0.9903,0,0.855,0.0,INDIA,same_name_diff_address,1
S1-882107194,S2-532472590,0.9903,0,0.855,0.0,US,same_name_diff_address,1
S1-782713637,S2-843203299,0.9903,0,0.566,0.0,US,missing_address_collision,1
S1-547562707,S2-9047068,0.9903,0,0.855,0.0,US,same_name_diff_address,1
S1-689416210,S2-926193326,0.9903,0,0.855,0.0,US,same_name_diff_address,1
S1-481692887,S2-702853235,0.9903,0,0.6162,0.0,INDIA,missing_address_collision,1
S1-731917795,S2-732431468,0.9903,0,0.855,0.0,INDIA,same_name_diff_address,1
S1-649583296,S2-241071301,0.9902,0,0.855,0.0,US,same_name_diff_address,1
S1-267996640,S2-498740118,0.9902,0,0.4167,0.0,INDIA,missing_address_collision,1
S1-112411045,S2-271890413,0.9902,0,0.4688,0.0,US,missing_address_collision,1
S1-797556680,S2-700988236,0.9902,0,0.5967,0.0,US,missing_address_collision,1
S1-963119800,S2-336028594,0.9902,0,0.855,0.0,US,same_name_diff_address,1
S1-730180263,S2-102397549,0.9902,0,0.855,0.0,US,same_name_diff_address,1
S1-789248323,S2-81890475,0.9902,0,0.855,0.0,US,same_name_diff_address,1
S1-979660374,S2-816673623,0.9902,0,0.855,0.0,INDIA,same_name_diff_address,1
S1-30733926,S2-573409386,0.9902,0,0.855,0.0,INDIA,same_name_diff_address,1
S1-282172682,S2-443184227,0.9902,0,0.855,0.0,US,same_name_diff_address,1
S1-279863064,S2-808458699,0.9902,0,0.855,0.0,US,same_name_diff_address,1
S1-30165834,S2-469280017,0.9902,0,0.855,0.0,INDIA,same_name_diff_address,1
S1-804528894,S2-977386668,0.9902,0,0.6154,0.0,US,missing_address_collision,1
S1-851529386,S3-464373104,0.9902,0,0.6119,0.0,INDIA,missing_address_collision,1
S1-768165083,S2-115372480,0.9902,0,0.855,0.0,US,same_name_diff_address,1
S1-464135203,S2-385883197,0.9902,0,0.5588,0.0,US,missing_address_collision,1
S1-285463888,S2-835997222,0.9902,0,0.855,0.0,US,same_name_diff_address,1
S1-846204778,S2-486167570,0.9902,0,0.855,0.0,INDIA,same_name_diff_address,1
S1-661249855,S2-173490357,0.9902,0,0.5971,0.0,INDIA,missing_address_collision,1
S1-95098672,S2-320517031,0.9902,0,0.855,0.0,US,same_name_diff_address,1
S1-999030260,S2-348227332,0.9902,0,0.4878,0.0,US,missing_address_collision,1
S1-999030260,S2-670957401,0.9902,0,0.4819,0.0,US,missing_address_collision,1
S1-602790590,S2-256481301,0.9902,0,0.4688,0.0,INDIA,missing_address_collision,1
S1-75772408,S2-995510678,0.9902,0,0.855,0.0,US,same_name_diff_address,1
S1-49752073,S2-791397548,0.9902,0,0.855,0.0,INDIA,same_name_diff_address,1
S1-392731643,S2-313162282,0.9902,0,0.855,0.0,US,same_name_diff_address,1
S1-130737065,S2-846782503,0.9902,0,0.855,0.0,US,same_name_diff_address,1
S1-392418457,S2-356458813,0.9902,0,0.7541,0.0,INDIA,missing_address_collision,1
S1-411457963,S2-600528987,0.9902,0,0.5366,0.0,US,missing_address_collision,1
S1-500575929,S2-185787068,0.9901,0,0.855,0.0,INDIA,same_name_diff_address,1
S1-105842143,S2-678138885,0.9901,0,0.5,0.0,INDIA,missing_address_collision,1
S1-195098122,S2-687971461,0.9901,0,0.855,0.0,US,same_name_diff_address,1
S1-574806212,S3-334452705,0.9901,0,0.855,0.0,INDIA,same_name_diff_address,1
S1-983404963,S2-361353106,0.9901,0,0.6706,0.0,INDIA,missing_address_collision,1
S1-86546785,S3-990645868,0.9901,0,0.855,0.0,INDIA,same_name_diff_address,1
S1-186758937,S2-895524528,0.9901,0,0.6122,0.0,US,missing_address_collision,1
S1-585255607,S2-577558652,0.9901,0,0.5238,0.0,US,missing_address_collision,1
S1-117182649,S2-507490150,0.9901,0,0.5333,0.0,INDIA,missing_address_collision,1
S1-94760187,S2-560130183,0.9901,0,0.6949,0.0,US,missing_address_collision,1
S1-692398377,S3-704835250,0.9901,0,0.855,0.8889,US,high_name_high_address_wrong_entity,1
S1-623669159,S2-70902956,0.9901,0,0.855,0.0,INDIA,same_name_diff_address,1
S1-317833306,S2-747135066,0.9901,0,0.855,0.0,US,same_name_diff_address,1
S1-56230983,S2-947264630,0.9901,0,0.855,0.0,US,same_name_diff_address,1
S1-159149524,S2-971913596,0.9901,0,0.855,0.0,US,same_name_diff_address,1
S1-375296658,S3-588283079,0.9901,0,0.5455,0.0,US,missing_address_collision,1
S1-426864556,S2-668128186,0.9901,0,0.7057,0.0,INDIA,missing_address_collision,1
S1-392109606,S2-111175461,0.9901,0,0.855,0.0,INDIA,same_name_diff_address,1
S1-887618717,S2-62957943,0.9901,0,0.855,0.0,INDIA,same_name_diff_address,1
S1-543641292,S2-374439374,0.9901,0,0.855,0.0,US,same_name_diff_address,1
S1-968231343,S2-736864180,0.9901,0,0.855,0.0,US,same_name_diff_address,1
S1-510090573,S2-924914230,0.9901,0,0.6333,0.0,US,missing_address_collision,1
S1-435224261,S2-719435333,0.9901,0,0.855,0.0,US,same_name_diff_address,1
S1-642662354,S2-22755226,0.99,0,0.7415,0.0,INDIA,missing_address_collision,1
S1-754743419,S3-229791582,0.99,0,0.6821,0.0,INDIA,missing_address_collision,1
S1-196449543,S2-868895187,0.99,0,0.5971,0.0,US,missing_address_collision,1
S1-959968859,S2-634548036,0.99,0,0.855,0.0,US,same_name_diff_address,1
S1-716596465,S2-88391972,0.99,0,0.855,0.0,US,same_name_diff_address,1
S1-156468838,S2-729184893,0.99,0,0.855,0.0,US,same_name_diff_address,1
S1-196752228,S2-774765729,0.99,0,0.855,0.0,INDIA,same_name_diff_address,1
S1-995003713,S2-464501677,0.99,0,0.855,0.0,US,same_name_diff_address,1
S1-126161240,S2-493037991,0.99,0,0.855,0.0,US,same_name_diff_address,1
S1-830888821,S2-644225837,0.99,0,0.855,0.0,US,same_name_diff_address,1
S1-554947123,S2-63040674,0.99,0,0.855,0.0,US,same_name_diff_address,1
S1-523497741,S2-197161486,0.99,0,0.855,0.0,US,same_name_diff_address,1
S1-771495334,S3-901691223,0.99,0,0.855,0.0,US,same_name_diff_address,1
S1-680257420,S2-499473245,0.99,0,0.855,0.0,INDIA,same_name_diff_address,1
S1-392418457,S2-518300975,0.99,0,0.75,0.0,INDIA,missing_address_collision,1
S1-922605993,S2-896851366,0.99,0,0.855,0.0,INDIA,same_name_diff_address,1
S1-455392047,S2-108629936,0.99,0,0.7207,0.0,INDIA,missing_address_collision,1
S1-321574845,S2-122822141,0.99,0,0.855,0.0,INDIA,same_name_diff_address,1
S1-548457360,S2-424836228,0.99,0,0.855,0.0,US,same_name_diff_address,1
S1-228443573,S2-756369572,0.99,0,0.855,0.0,US,same_name_diff_address,1
S1-420596050,S2-545929393,0.99,0,0.855,0.0,US,same_name_diff_address,1
S1-409874192,S2-374053661,0.99,0,0.5238,0.0,US,missing_address_collision,1
S1-238360289,S2-314657790,0.99,0,0.855,0.0,INDIA,same_name_diff_address,1
S1-334409077,S2-84604193,0.99,0,0.855,0.0,US,same_name_diff_address,1
S1-924992016,S2-207722551,0.99,0,0.855,0.0,US,same_name_diff_address,1
S1-701973838,S3-537832103,0.99,0,0.6173,0.0,US,missing_address_collision,1
S1-932995946,S3-14976192,0.99,0,0.6333,0.0,US,missing_address_collision,1
S1-155387732,S3-691809937,0.99,0,0.855,0.0,US,same_name_diff_address,1
S1-820228206,S2-674164254,0.99,0,0.855,0.0,INDIA,same_name_diff_address,1
S1-840217127,S2-942888655,0.99,0,0.855,0.0,US,same_name_diff_address,1
S1-362214599,S2-887702847,0.99,0,0.855,0.0,INDIA,same_name_diff_address,1
S1-341555496,S2-875118373,0.99,0,0.855,0.0,US,same_name_diff_address,1
S1-872067743,S2-593918654,0.99,0,0.855,0.0,INDIA,same_name_diff_address,1
S1-999030260,S2-424836228,0.99,0,0.855,0.0,US,same_name_diff_address,1
S1-850534051,S2-41628298,0.99,0,0.855,0.0,US,same_name_diff_address,1
S1-790934041,S2-353623823,0.99,0,0.855,0.0,US,same_name_diff_address,1
S1-344967141,S2-663205637,0.99,0,0.855,0.0,US,same_name_diff_address,1
S1-670062101,S2-372966315,0.99,0,0.855,0.0,US,same_name_diff_address,1
S1-981682450,S2-896734551,0.99,0,0.5971,0.0,US,missing_address_collision,1
S1-958348798,S2-471832691,0.99,0,0.855,0.0,US,same_name_diff_address,1
S1-5394187,S2-923358633,0.99,0,0.5714,0.0,INDIA,missing_address_collision,1
S1-531208492,S2-895098236,0.99,0,0.855,0.0,US,same_name_diff_address,1
S1-216373548,S2-986500146,0.99,0,0.5588,0.0,INDIA,missing_address_collision,1
S1-314431449,S2-27082929,0.99,0,0.855,0.0,US,same_name_diff_address,1
S1-443666098,S2-99084398,0.99,0,0.855,0.0,US,same_name_diff_address,1
S1-245300478,S2-819677422,0.99,0,0.5,0.0,US,missing_address_collision,1
S1-744807257,S3-100769115,0.9899,0,0.855,0.0,INDIA,same_name_diff_address,1
S1-328604040,S2-752630427,0.9899,0,0.855,0.0,US,same_name_diff_address,1
S1-584123256,S2-500473929,0.9899,0,0.855,0.0,US,same_name_diff_address,1
S1-225111219,S2-796229559,0.9899,0,0.855,0.0,US,same_name_diff_address,1
S1-386686644,S2-632076952,0.9899,0,0.4524,0.0,US,missing_address_collision,1
S1-522718201,S2-320791945,0.9899,0,0.855,0.0,US,same_name_diff_address,1
S1-650772856,S2-514844334,0.9899,0,0.5216,0.0,US,missing_address_collision,1
S1-661330725,S2-490978261,0.9899,0,0.855,0.0,US,same_name_diff_address,1
S1-951822333,S2-553927115,0.9899,0,0.855,0.0,INDIA,same_name_diff_address,1
S1-583324918,S2-276679939,0.9899,0,0.855,0.0,US,same_name_diff_address,1
S1-38084734,S2-68062138,0.9899,0,0.4186,0.0,US,missing_address_collision,1
S1-270207537,S2-706883360,0.9899,0,0.5897,0.0,US,missing_address_collision,1
S1-629217537,S2-183835436,0.9899,0,0.855,0.0,US,same_name_diff_address,1
S1-107120347,S2-614566014,0.9899,0,0.7795,0.0,INDIA,missing_address_collision,1
S1-171682575,S2-369617070,0.9899,0,0.855,0.0,US,same_name_diff_address,1
S1-685226388,S2-804934496,0.9899,0,0.855,0.0,INDIA,same_name_diff_address,1
S1-223441953,S2-189719917,0.9899,0,0.855,0.0,US,same_name_diff_address,1
S1-737013723,S2-763371930,0.9899,0,0.6,0.0,INDIA,missing_address_collision,1
S1-456526954,S2-917792624,0.9899,0,0.5091,0.0,INDIA,missing_address_collision,1
S1-236371764,S3-658214335,0.9899,0,0.855,0.0,US,same_name_diff_address,1
S1-454368598,S2-109299105,0.9899,0,0.855,0.0,INDIA,same_name_diff_address,1
S1-343023465,S2-370638819,0.9899,0,0.5882,0.0,US,missing_address_collision,1
S1-216619018,S2-10462607,0.9899,0,0.464,0.0,US,missing_address_collision,1
S1-345762666,S2-987366953,0.9899,0,0.855,0.0,US,same_name_diff_address,1
S1-975785369,S2-683726574,0.9899,0,0.5333,0.0,INDIA,missing_address_collision,1
S1-646836562,S2-648984293,0.9899,0,0.855,0.0,US,same_name_diff_address,1
S1-836345555,S2-633672360,0.9899,0,0.855,0.0,INDIA,same_name_diff_address,1
S1-725346641,S2-132706846,0.9899,0,0.9565,1.0,US,high_name_high_address_wrong_entity,1
S1-549094706,S2-166377193,0.9899,0,0.4583,0.0,INDIA,missing_address_collision,1
S1-928071548,S2-759345578,0.9898,0,0.5881,0.0,INDIA,missing_address_collision,1
S1-143256092,S2-340370588,0.9898,0,0.855,0.0,US,same_name_diff_address,1
S1-28619519,S2-173572199,0.9898,0,0.855,0.0,US,same_name_diff_address,1
S1-955915204,S2-36043298,0.9898,0,0.855,0.0,INDIA,same_name_diff_address,1
S1-165108414,S2-739542938,0.9898,0,0.855,0.0,US,same_name_diff_address,1
S1-855490200,S2-563362942,0.9898,0,0.6333,0.0,INDIA,missing_address_collision,1
S1-646682925,S2-107390335,0.9898,0,0.4865,0.0,INDIA,missing_address_collision,1
S1-672854237,S2-570254592,0.9898,0,0.855,0.0,INDIA,same_name_diff_address,1
S1-996134559,S2-312855340,0.9898,0,0.5455,0.0,US,missing_address_collision,1
S1-212811086,S2-71740097,0.9898,0,0.855,0.0,US,same_name_diff_address,1
S1-547190702,S2-67917237,0.9898,0,0.855,0.0,US,same_name_diff_address,1
S1-228734038,S2-5911879,0.9898,0,0.855,0.0,INDIA,same_name_diff_address,1
S1-240756409,S2-664594935,0.9898,0,0.4444,0.0,US,missing_address_collision,1
S1-620115870,S2-495890372,0.9898,0,0.855,0.0,US,same_name_diff_address,1
S1-353718026,S2-543248697,0.9898,0,0.855,0.0,US,same_name_diff_address,1
S1-677508517,S2-737580332,0.9898,0,0.855,0.0,US,same_name_diff_address,1
S1-868397503,S3-418100579,0.9898,0,0.988,0.9239,INDIA,high_name_high_address_wrong_entity,1
S1-883762715,S2-254363144,0.9898,0,0.855,0.0,INDIA,same_name_diff_address,1
S1-861376140,S2-891440679,0.9898,0,0.855,0.0,US,same_name_diff_address,1
S1-890390299,S2-605266290,0.9898,0,0.4667,0.0,US,missing_address_collision,1
S1-774325887,S2-95566087,0.9898,0,0.855,0.0,US,same_name_diff_address,1
S1-392109606,S2-831039807,0.9898,0,0.855,0.0,INDIA,same_name_diff_address,1
S1-38170833,S2-874265805,0.9898,0,0.855,0.0,US,same_name_diff_address,1
S1-540964095,S2-194327629,0.9898,0,0.855,0.0,US,same_name_diff_address,1
S1-890390299,S2-682951220,0.9898,0,0.4667,0.0,US,missing_address_collision,1
S1-986089492,S2-433950116,0.9898,0,0.855,0.0,US,same_name_diff_address,1
S1-386686644,S2-940604519,0.9898,0,0.5957,0.0,US,missing_address_collision,1
S1-77229614,S2-242782085,0.9898,0,0.855,0.0,US,same_name_diff_address,1
S1-816844407,S2-325686119,0.9898,0,0.855,0.0,US,same_name_diff_address,1
S1-240756409,S2-886862741,0.9898,0,0.855,0.0,US,same_name_diff_address,1
S1-966179715,S2-313060802,0.9898,0,0.855,0.0,INDIA,same_name_diff_address,1
S1-927060608,S2-305903507,0.9898,0,0.855,0.0,US,same_name_diff_address,1
S1-47851168,S2-65135406,0.9898,0,0.855,0.0,US,same_name_diff_address,1
S1-966035887,S2-614014098,0.9898,0,0.855,0.0,INDIA,same_name_diff_address,1
S1-724390275,S2-70596325,0.9898,0,0.4615,0.0,US,missing_address_collision,1
S1-851549908,S2-173828786,0.9898,0,0.855,0.0,INDIA,same_name_diff_address,1
S1-193489675,S2-146317265,0.9898,0,0.855,0.0,US,same_name_diff_address,1
S1-45580577,S2-211330560,0.9898,0,0.855,0.0,INDIA,same_name_diff_address,1
S1-572519209,S2-716676048,0.9898,0,0.45,0.0,US,missing_address_collision,1
S1-777410350,S2-887445408,0.9898,0,0.855,0.0,INDIA,same_name_diff_address,1
S1-548500646,S2-641711294,0.9898,0,0.855,0.0,INDIA,same_name_diff_address,1
S1-394191447,S2-694286135,0.9897,0,0.4976,0.0,INDIA,missing_address_collision,1
S1-198727287,S2-183027173,0.9897,0,0.855,0.0,INDIA,same_name_diff_address,1
S1-416751794,S2-537111511,0.9897,0,0.76,0.0,INDIA,missing_address_collision,1
S1-262987437,S2-821832987,0.9897,0,0.6182,0.0,INDIA,missing_address_collision,1
S1-416586769,S3-75876226,0.9897,0,0.6446,0.0,INDIA,missing_address_collision,1
S1-804280252,S2-588221614,0.9897,0,0.855,0.0,US,same_name_diff_address,1
S1-316453477,S3-647304359,0.9897,0,0.855,0.0,US,same_name_diff_address,1
S1-703641188,S2-4332132,0.9897,0,0.6552,0.0,INDIA,missing_address_collision,1
S1-479292813,S2-638191609,0.9897,0,0.75,0.0,INDIA,missing_address_collision,1
S1-783643913,S2-210297310,0.9897,0,0.5561,0.0,INDIA,missing_address_collision,1
S1-626396562,S2-321292253,0.9897,0,0.5429,0.0,US,missing_address_collision,1
S1-615991553,S2-304252537,0.9897,0,0.855,0.0,INDIA,same_name_diff_address,1
S1-669984442,S2-187281519,0.9897,0,0.7887,0.0,INDIA,missing_address_collision,1
S1-619520513,S2-424259935,0.9897,0,0.855,0.0,INDIA,same_name_diff_address,1
S1-150564724,S2-745715963,0.9897,0,0.855,0.0,INDIA,same_name_diff_address,1
S1-553708066,S3-2334971,0.9897,0,0.5405,0.0,US,missing_address_collision,1
S1-470902837,S2-249843895,0.9896,0,0.855,0.0,INDIA,same_name_diff_address,1
S1-671887914,S3-514221245,0.9896,0,0.7464,0.25,INDIA,medium_collision,1
S1-887618717,S2-53186635,0.9896,0,0.57,0.0,INDIA,missing_address_collision,1
S1-735502601,S2-839049213,0.9896,0,0.855,0.0,INDIA,same_name_diff_address,1
S1-459280285,S2-191869051,0.9896,0,0.855,0.0,INDIA,same_name_diff_address,1
S1-315239836,S2-875153652,0.9896,0,0.4681,0.0,US,missing_address_collision,1
S1-559348791,S3-414215489,0.9896,0,0.6122,0.0,US,missing_address_collision,1
S1-458333229,S2-381041720,0.9896,0,0.5,0.0,US,missing_address_collision,1
S1-442257282,S2-605530035,0.9896,0,0.855,0.0,INDIA,same_name_diff_address,1
S1-977424356,S2-91712081,0.9896,0,0.4442,0.0,US,missing_address_collision,1
S1-260721569,S2-761159102,0.9896,0,0.5,0.0,INDIA,missing_address_collision,1
S1-330942698,S2-628832161,0.9896,0,0.855,0.0,INDIA,same_name_diff_address,1
S1-937589919,S2-852475830,0.9896,0,0.4688,0.0,US,missing_address_collision,1
S1-873760316,S3-152604139,0.9896,0,0.6,0.0,US,missing_address_collision,1
S1-945317564,S2-444931979,0.9896,0,0.855,0.0,US,same_name_diff_address,1
S1-697438282,S2-494355475,0.9896,0,0.5146,0.0,US,missing_address_collision,1
S1-83535628,S3-137229192,0.9896,0,0.566,0.0,INDIA,missing_address_collision,1
S1-855537851,S2-428187425,0.9896,0,0.855,0.0,US,same_name_diff_address,1
S1-28292882,S2-338159664,0.9896,0,0.5614,0.0,INDIA,missing_address_collision,1
S1-139871788,S2-238912401,0.9896,0,0.855,0.0,US,same_name_diff_address,1
S1-303211479,S2-229241097,0.9896,0,0.5561,0.0,US,missing_address_collision,1
S1-89703055,S2-969507895,0.9896,0,0.75,0.0,INDIA,missing_address_collision,1
S1-759536139,S2-828178436,0.9896,0,0.6154,0.0,INDIA,missing_address_collision,1
S1-759390373,S2-602092950,0.9896,0,0.855,0.0,INDIA,same_name_diff_address,1
S1-446570007,S2-334783091,0.9896,0,0.855,0.0,US,same_name_diff_address,1
S1-862604873,S2-153044818,0.9896,0,0.855,0.0,US,same_name_diff_address,1
S1-837354839,S2-642231503,0.9896,0,0.855,0.0,INDIA,same_name_diff_address,1
S1-332067503,S2-998030668,0.9896,0,0.4412,0.0,US,missing_address_collision,1
S1-103703983,S2-328726450,0.9896,0,0.855,0.0,INDIA,same_name_diff_address,1
S1-822268380,S2-964614430,0.9896,0,0.5172,0.0,US,missing_address_collision,1
S1-62433469,S2-773199197,0.9896,0,0.855,0.0,US,same_name_diff_address,1
S1-109671314,S2-761448979,0.9895,0,0.5897,0.0,US,missing_address_collision,1
S1-70700376,S2-665799506,0.9895,0,0.855,0.0,US,same_name_diff_address,1
S1-766125832,S2-46601239,0.9895,0,0.4171,0.0,INDIA,missing_address_collision,1
S1-479441156,S2-417845039,0.9895,0,0.855,0.0,INDIA,same_name_diff_address,1
S1-747589182,S2-678660502,0.9895,0,0.5067,0.0,INDIA,missing_address_collision,1
S1-734672431,S2-558496944,0.9895,0,0.4634,0.0,INDIA,missing_address_collision,1
S1-244368299,S2-303234478,0.9895,0,0.5455,0.0,US,missing_address_collision,1
S1-45580577,S2-335112855,0.9895,0,0.855,0.0,INDIA,same_name_diff_address,1
S1-15979828,S2-563791947,0.9895,0,0.855,0.0,US,same_name_diff_address,1
S1-701905848,S2-402725512,0.9895,0,0.7037,0.0,INDIA,missing_address_collision,1
S1-612788845,S2-371510507,0.9895,0,0.855,0.0,US,same_name_diff_address,1
S1-696877546,S2-652238675,0.9895,0,0.7042,0.0,US,missing_address_collision,1
S1-38563014,S2-154208163,0.9895,0,0.5417,0.0,US,missing_address_collision,1
S1-412104506,S2-534644071,0.9895,0,0.5161,0.0,US,missing_address_collision,1
S1-248487288,S3-733601279,0.9895,0,0.855,0.0,US,same_name_diff_address,1
S1-937475383,S2-602675021,0.9895,0,0.855,0.0,US,same_name_diff_address,1
S1-61489622,S2-544173314,0.9895,0,0.4171,0.0,INDIA,missing_address_collision,1
S1-168528296,S2-744548397,0.9895,0,0.5333,0.0,US,missing_address_collision,1
S1-635927393,S2-582207085,0.9895,0,0.855,0.0,US,same_name_diff_address,1
S1-116256621,S2-613810055,0.9895,0,0.5029,0.0,INDIA,missing_address_collision,1
S1-845283071,S2-693933234,0.9895,0,0.608,0.0,INDIA,missing_address_collision,1
S1-983213249,S2-690946946,0.9895,0,0.5085,0.0,US,missing_address_collision,1
S1-815403916,S2-290382193,0.9895,0,0.5881,0.0,US,missing_address_collision,1
S1-988160902,S2-974160509,0.9895,0,0.7547,0.0,INDIA,missing_address_collision,1
S1-946291447,S2-11645668,0.9894,0,0.5098,0.0,US,missing_address_collision,1
S1-187465015,S2-360811790,0.9894,0,0.5333,0.0,INDIA,missing_address_collision,1
S1-114346914,S2-541620739,0.9894,0,0.855,0.0,US,same_name_diff_address,1
S1-244073202,S2-275134572,0.9894,0,0.475,0.0,US,missing_address_collision,1
S1-356885537,S2-708209237,0.9894,0,0.4242,0.0,US,missing_address_collision,1
S1-295720417,S2-129328952,0.9894,0,0.361,0.0,US,missing_address_collision,1
S1-894262824,S2-870497646,0.9894,0,0.4606,0.0,US,missing_address_collision,1
S1-432036816,S2-157189052,0.9894,0,0.494,0.0,US,missing_address_collision,1
S1-788609444,S2-258338837,0.9894,0,0.855,0.0,US,same_name_diff_address,1
S1-254229741,S3-310104780,0.9894,0,0.6967,0.0,INDIA,missing_address_collision,1
S1-78769572,S2-155836215,0.9894,0,0.5287,0.0,US,missing_address_collision,1
S1-720909133,S2-184890554,0.9894,0,0.4675,0.0,US,missing_address_collision,1
S1-759390373,S2-983913075,0.9894,0,0.855,0.0,INDIA,same_name_diff_address,1
S1-707653174,S2-577558652,0.9894,0,0.5306,0.0,US,missing_address_collision,1
S1-95030982,S2-443779167,0.9894,0,0.5115,0.0,INDIA,missing_address_collision,1
S1-565900586,S2-69084106,0.9894,0,0.4815,0.0,US,missing_address_collision,1
S1-994562678,S2-918983009,0.9894,0,0.4622,0.0,INDIA,missing_address_collision,1
S1-708557998,S2-954384720,0.9894,0,0.5429,0.0,US,missing_address_collision,1
S1-162613866,S3-281300332,0.9894,0,0.7207,0.0,INDIA,missing_address_collision,1
S1-606672574,S2-317979951,0.9894,0,0.5918,0.0,US,missing_address_collision,1
S1-429733373,S3-492829174,0.9894,0,0.6333,0.0,US,missing_address_collision,1
S1-749486816,S2-896744604,0.9894,0,0.4878,0.0,US,missing_address_collision,1
S1-579210779,S2-958674546,0.9894,0,0.4634,0.0,US,missing_address_collision,1
S1-844783079,S2-120071189,0.9894,0,0.5679,0.0,US,missing_address_collision,1
S1-597785899,S2-866133658,0.9894,0,0.6676,0.0,INDIA,missing_address_collision,1
S1-236371764,S2-633150172,0.9894,0,0.5581,0.0,US,missing_address_collision,1
S1-360759686,S2-888446457,0.9894,0,0.4821,0.0,US,missing_address_collision,1
S1-95347347,S2-324089355,0.9894,0,0.5182,0.0,US,missing_address_collision,1
S1-624853217,S2-131578951,0.9894,0,0.4694,0.0,US,missing_address_collision,1
S1-142983929,S2-178024916,0.9893,0,0.855,0.0,US,same_name_diff_address,1
S1-686536709,S2-876444030,0.9893,0,0.5783,0.0,INDIA,missing_address_collision,1
S1-410681127,S2-491582217,0.9893,0,0.855,0.0,US,same_name_diff_address,1
S1-736234754,S2-758047809,0.9893,0,0.855,0.0,INDIA,same_name_diff_address,1
S1-932003413,S2-329597166,0.9893,0,0.6094,0.0,INDIA,missing_address_collision,1
S1-853216925,S3-766764680,0.9893,0,0.855,0.0,INDIA,same_name_diff_address,1
S1-35344192,S2-307779038,0.9893,0,0.5778,0.0,INDIA,missing_address_collision,1
S1-177482011,S2-725370515,0.9893,0,0.855,0.0,US,same_name_diff_address,1
S1-801651589,S2-124720967,0.9893,0,0.5429,0.0,US,missing_address_collision,1
S1-352677620,S2-840356946,0.9893,0,0.4923,0.0,US,missing_address_collision,1
S1-217720436,S2-338177566,0.9893,0,0.6269,0.0,INDIA,missing_address_collision,1
S1-124690019,S2-611950702,0.9893,0,0.5783,0.0,US,missing_address_collision,1
S1-769489723,S2-429268802,0.9893,0,0.855,0.0,US,same_name_diff_address,1
S1-598742340,S2-639988694,0.9893,0,0.475,0.0,INDIA,missing_address_collision,1
S1-149720679,S2-578151031,0.9893,0,0.4946,0.0,US,missing_address_collision,1
S1-170834484,S2-768977357,0.9893,0,0.5806,0.0,US,missing_address_collision,1
S1-819409431,S2-660975418,0.9893,0,0.6058,0.0,US,missing_address_collision,1
S1-244073202,S2-811820376,0.9893,0,0.4643,0.0,US,missing_address_collision,1
S1-208595031,S3-696219204,0.9893,0,0.855,0.0,INDIA,same_name_diff_address,1
S1-835400374,S2-71092102,0.9893,0,0.57,0.0,INDIA,missing_address_collision,1
S1-563190421,S2-358200921,0.9892,0,0.566,0.0,US,missing_address_collision,1
S1-897147209,S2-907784237,0.9892,0,0.4884,0.0,US,missing_address_collision,1
S1-641461529,S2-76058865,0.9892,0,0.6341,0.0,US,missing_address_collision,1
S1-767894405,S2-501730804,0.9892,0,0.4923,0.0,US,missing_address_collision,1
S1-254988678,S2-444278661,0.9892,0,0.855,0.0,US,same_name_diff_address,1
S1-355322690,S2-4298186,0.9892,0,0.5302,0.0,US,missing_address_collision,1
S1-389864717,S2-687503217,0.9892,0,0.855,0.0,INDIA,same_name_diff_address,1
S1-135125412,S2-474086463,0.9892,0,0.5778,0.0,US,missing_address_collision,1
S1-453469555,S2-27528251,0.9892,0,0.4727,0.0,INDIA,missing_address_collision,1
S1-767894405,S2-43418876,0.9892,0,0.4923,0.0,US,missing_address_collision,1
S1-811311911,S2-214596443,0.9892,0,0.4407,0.0,US,missing_address_collision,1
S1-560865881,S2-402273496,0.9892,0,0.855,0.0,INDIA,same_name_diff_address,1
S1-604665206,S2-235067806,0.9892,0,0.855,0.0,US,same_name_diff_address,1
S1-724390275,S2-28090949,0.9892,0,0.855,0.0,US,same_name_diff_address,1
S1-116625119,S2-661153379,0.9892,0,0.855,0.0,INDIA,same_name_diff_address,1
S1-678893412,S2-225818018,0.9892,0,0.855,0.0,US,same_name_diff_address,1
S1-625484557,S2-720589744,0.9892,0,0.4074,0.0,US,missing_address_collision,1
S1-932942894,S2-1771883,0.9892,0,0.855,0.0,US,same_name_diff_address,1
S1-269027667,S2-164414270,0.9892,0,0.475,0.0,US,missing_address_collision,1
S1-532784493,S2-769158428,0.9892,0,0.5455,0.0,US,missing_address_collision,1
S1-33824155,S2-727187802,0.9892,0,0.5429,0.0,US,missing_address_collision,1
S1-98819649,S2-31913655,0.9892,0,0.855,0.0,US,same_name_diff_address,1
S1-811311911,S2-596802457,0.9892,0,0.4286,0.0,US,missing_address_collision,1
S1-625484557,S2-586105877,0.9892,0,0.4151,0.0,US,missing_address_collision,1
S1-717491165,S3-364132867,0.9892,0,0.7512,0.0,INDIA,missing_address_collision,1
S1-305490311,S2-327094927,0.9892,0,0.6047,0.0,US,missing_address_collision,1
S1-454368598,S2-636550484,0.9892,0,0.5302,0.0,INDIA,missing_address_collision,1
S1-238056065,S3-501533806,0.9892,0,0.5744,0.0,US,missing_address_collision,1
S1-379044829,S2-697531992,0.9892,0,0.6909,0.0,INDIA,missing_address_collision,1
S1-64397301,S2-768719117,0.9892,0,0.855,0.0,US,same_name_diff_address,1
S1-122567555,S2-151816255,0.9892,0,0.855,0.0,INDIA,same_name_diff_address,1
S1-290544917,S2-629156802,0.9891,0,0.855,0.0,US,same_name_diff_address,1
S1-692398377,S2-41694949,0.9891,0,0.5516,0.0,US,missing_address_collision,1
S1-127216505,S2-456627685,0.9891,0,0.855,0.0,US,same_name_diff_address,1
S1-433484910,S2-649097680,0.9891,0,0.56,0.0,US,missing_address_collision,1
S1-286550145,S2-981696502,0.9891,0,0.855,0.0,INDIA,same_name_diff_address,1
S1-961351914,S2-680623645,0.9891,0,0.855,0.0,INDIA,same_name_diff_address,1
S1-928850582,S2-680721057,0.9891,0,0.855,0.0,US,same_name_diff_address,1
S1-150556023,S2-263846885,0.9891,0,0.855,0.0,INDIA,same_name_diff_address,1
S1-767613510,S2-167672382,0.9891,0,0.5185,0.0,INDIA,missing_address_collision,1
S1-389382587,S2-84811806,0.9891,0,0.855,0.0,US,same_name_diff_address,1
S1-44595509,S2-951836119,0.9891,0,0.855,0.0,US,same_name_diff_address,1
S1-572810919,S2-585098827,0.9891,0,0.855,0.0,US,same_name_diff_address,1
S1-738814146,S2-717341961,0.9891,0,0.855,0.0,US,same_name_diff_address,1
S1-661330725,S2-74230871,0.9891,0,0.855,0.0,US,same_name_diff_address,1
S1-425325266,S2-680831038,0.9891,0,0.6107,0.0,US,missing_address_collision,1
S1-783643913,S2-165352102,0.9891,0,0.6333,0.0,INDIA,missing_address_collision,1
S1-95030982,S2-613324904,0.9891,0,0.855,0.0,INDIA,same_name_diff_address,1
S1-834828567,S2-987005882,0.9891,0,0.855,0.0,INDIA,same_name_diff_address,1
S1-89703055,S2-33635609,0.9891,0,0.7415,0.0,INDIA,missing_address_collision,1
S1-854187025,S2-400743773,0.9891,0,0.855,0.0,US,same_name_diff_address,1
S1-463518971,S2-294416045,0.989,0,0.5542,0.0,US,missing_address_collision,1
S1-627168820,S2-901327931,0.989,0,0.4314,0.0,INDIA,missing_address_collision,1
S1-684783218,S2-830415874,0.989,0,0.6102,0.0,US,missing_address_collision,1
S1-460576920,S2-497143520,0.989,0,0.855,0.0,US,same_name_diff_address,1
S1-764102392,S2-633613026,0.989,0,0.5116,0.0,US,missing_address_collision,1
S1-624186525,S2-735988129,0.989,0,0.855,0.0,INDIA,same_name_diff_address,1
S1-935959981,S2-565002709,0.989,0,0.855,0.0,US,same_name_diff_address,1
S1-197905357,S2-621195489,0.989,0,0.5475,0.0,US,missing_address_collision,1
S1-261094580,S3-880279235,0.989,0,0.5862,0.0,US,missing_address_collision,1
S1-114934152,S2-810339725,0.989,0,0.855,0.0,INDIA,same_name_diff_address,1
S1-742167318,S2-375815104,0.989,0,0.5862,0.0,US,missing_address_collision,1
S1-681990695,S2-621292197,0.989,0,0.5063,0.0,US,missing_address_collision,1
S1-976028813,S2-654865215,0.989,0,0.5806,0.0,US,missing_address_collision,1
S1-359184234,S2-541414254,0.989,0,0.5263,0.0,INDIA,missing_address_collision,1
S1-401668992,S2-409504658,0.989,0,0.5091,0.0,US,missing_address_collision,1
S1-678893412,S2-476945837,0.989,0,0.4737,0.0,US,missing_address_collision,1
S1-735082870,S2-857815608,0.989,0,0.5161,0.0,US,missing_address_collision,1
S1-31217946,S2-372565058,0.989,0,0.4368,0.0,US,missing_address_collision,1
S1-486871606,S2-878407914,0.989,0,0.855,0.0,US,same_name_diff_address,1
S1-908831133,S2-222053004,0.989,0,0.4364,0.0,US,missing_address_collision,1
S1-746707902,S2-393409487,0.989,0,0.5,0.0,US,missing_address_collision,1
S1-577237786,S2-601581807,0.989,0,0.5182,0.0,US,missing_address_collision,1
S1-795495599,S3-777596567,0.989,0,0.5588,0.0,US,missing_address_collision,1
S1-520051065,S2-516025613,0.989,0,0.5957,0.0,US,missing_address_collision,1
S1-97622407,S2-728857532,0.989,0,0.5,0.0,US,missing_address_collision,1
S1-479292813,S2-21152988,0.9889,0,0.75,0.0,INDIA,missing_address_collision,1
S1-1842075,S2-516361815,0.9889,0,0.7178,0.0,INDIA,missing_address_collision,1
S1-886968368,S2-398338472,0.9889,0,0.4976,0.0,US,missing_address_collision,1
S1-934543770,S2-758125919,0.9889,0,0.5108,0.0,US,missing_address_collision,1
S1-212454626,S2-723936573,0.9889,0,0.6316,0.0,US,missing_address_collision,1
S1-280619430,S2-763985211,0.9889,0,0.5763,0.0,US,missing_address_collision,1
S1-883231877,S2-348227332,0.9889,0,0.4957,0.0,US,missing_address_collision,1
S1-201863439,S2-786866968,0.9889,0,0.5128,0.0,US,missing_address_collision,1
S1-170930385,S2-696816725,0.9889,0,0.5263,0.0,US,missing_address_collision,1
S1-392048433,S2-349057468,0.9889,0,0.5383,0.0,US,missing_address_collision,1
S1-748671581,S2-488250811,0.9889,0,0.5383,0.0,US,missing_address_collision,1
S1-177240874,S2-90615120,0.9889,0,0.5225,0.0,US,missing_address_collision,1
S1-626396562,S2-893863116,0.9889,0,0.5,0.0,US,missing_address_collision,1
S1-554512944,S2-832360764,0.9889,0,0.4843,0.0,US,missing_address_collision,1
S1-161813396,S2-652409487,0.9889,0,0.5429,0.0,US,missing_address_collision,1
S1-430290873,S2-381985527,0.9889,0,0.855,0.0,US,same_name_diff_address,1
S1-736579243,S2-111192912,0.9889,0,0.855,0.0,INDIA,same_name_diff_address,1
S1-963119800,S2-328975131,0.9889,0,0.4865,0.0,US,missing_address_collision,1
S1-344967141,S2-893197659,0.9889,0,0.4259,0.0,US,missing_address_collision,1
S1-236855956,S2-809111767,0.9889,0,0.5278,0.0,INDIA,missing_address_collision,1
S1-318174497,S2-428918254,0.9889,0,0.5768,0.0,US,missing_address_collision,1
S1-234599671,S2-47736533,0.9889,0,0.3851,0.0,US,missing_address_collision,1
S1-85844346,S2-820249057,0.9889,0,0.5429,0.0,INDIA,missing_address_collision,1
S1-334539148,S2-310887915,0.9889,0,0.475,0.0,INDIA,missing_address_collision,1
S1-599271624,S2-79212831,0.9889,0,0.5,0.0,US,missing_address_collision,1
S1-53543511,S2-427647844,0.9889,0,0.855,0.0,US,same_name_diff_address,1
S1-12298470,S2-404279859,0.9889,0,0.4762,0.0,US,missing_address_collision,1
S1-245969003,S2-781897707,0.9889,0,0.4831,0.0,INDIA,missing_address_collision,1
S1-227092798,S2-409797778,0.9889,0,0.855,0.0,US,same_name_diff_address,1
S1-493864079,S2-375787008,0.9889,0,0.481,0.0,US,missing_address_collision,1
S1-580324265,S3-397931195,0.9889,0,0.855,0.0,US,same_name_diff_address,1
S1-46892664,S2-548771956,0.9889,0,0.5,0.0,US,missing_address_collision,1
S1-769364886,S2-344081000,0.9889,0,0.6107,0.0,INDIA,missing_address_collision,1
S1-62624233,S2-782719640,0.9888,0,0.6038,0.0,INDIA,missing_address_collision,1
S1-134249804,S2-651413332,0.9888,0,0.4407,0.0,US,missing_address_collision,1
S1-51462502,S2-567503435,0.9888,0,0.4419,0.0,INDIA,missing_address_collision,1
S1-930617339,S2-840894501,0.9888,0,0.7189,0.0,INDIA,missing_address_collision,1
S1-701973838,S3-925906266,0.9888,0,0.608,0.0,US,missing_address_collision,1
S1-344967141,S2-49358650,0.9888,0,0.3958,0.0,US,missing_address_collision,1
S1-259274831,S2-995661776,0.9888,0,0.6122,0.0,US,missing_address_collision,1
S1-129473510,S2-276562448,0.9888,0,0.855,0.0,US,same_name_diff_address,1
S1-861633762,S2-173975726,0.9888,0,0.6,0.0,US,missing_address_collision,1
S1-771495334,S2-283345325,0.9888,0,0.4385,0.0,US,missing_address_collision,1
S1-96489524,S2-296006179,0.9888,0,0.855,0.0,INDIA,same_name_diff_address,1
S1-457993113,S2-121707880,0.9888,0,0.55,0.0,INDIA,missing_address_collision,1
S1-495547004,S2-499123381,0.9888,0,0.6486,0.0,INDIA,missing_address_collision,1
S1-170934192,S2-175641039,0.9888,0,0.855,0.0,US,same_name_diff_address,1
S1-883985912,S2-154018096,0.9888,0,0.6107,0.0,US,missing_address_collision,1
S1-798750942,S2-891272859,0.9888,0,0.855,0.0,INDIA,same_name_diff_address,1
S1-590209612,S2-541833641,0.9887,0,0.6477,0.0,INDIA,missing_address_collision,1
S1-584123256,S2-195035295,0.9887,0,0.855,0.0,US,same_name_diff_address,1
S1-923324526,S2-775456137,0.9887,0,0.855,0.0,INDIA,same_name_diff_address,1
S1-912596839,S3-510634934,0.9887,0,0.855,0.0,INDIA,same_name_diff_address,1
S1-532844186,S2-168499586,0.9887,0,0.855,0.0,US,same_name_diff_address,1
S1-150181778,S2-746070341,0.9887,0,0.4848,0.0,US,missing_address_collision,1
S1-434638836,S2-591852577,0.9887,0,0.5667,0.2591,INDIA,medium_collision,1
S1-568811342,S2-445430747,0.9887,0,0.5182,0.0,US,missing_address_collision,1
S1-494169731,S2-652333900,0.9887,0,0.855,0.0,INDIA,same_name_diff_address,1
S1-494169731,S2-506137277,0.9887,0,0.855,0.0,INDIA,same_name_diff_address,1
S1-819000742,S2-901744834,0.9887,0,0.855,0.0,US,same_name_diff_address,1
S1-301410817,S2-940512236,0.9887,0,0.5011,0.0,US,missing_address_collision,1
S1-469292886,S2-912333682,0.9887,0,0.855,0.0,US,same_name_diff_address,1
S1-92843582,S2-232446430,0.9887,0,0.855,0.0,US,same_name_diff_address,1
S1-266660953,S2-507684606,0.9887,0,0.855,0.0,INDIA,same_name_diff_address,1
S1-554525073,S2-182405139,0.9887,0,0.855,0.0,US,same_name_diff_address,1
S1-806329900,S2-972156718,0.9887,0,0.855,0.0,US,same_name_diff_address,1
S1-566081128,S2-975610901,0.9887,0,0.5797,0.0,INDIA,missing_address_collision,1
S1-148967826,S2-351858958,0.9887,0,0.5143,0.0,US,missing_address_collision,1
S1-75238941,S2-476900394,0.9887,0,0.5938,0.0,INDIA,missing_address_collision,1
S1-692398377,S2-400739484,0.9886,0,0.855,0.0,US,same_name_diff_address,1
S1-866623086,S2-538538119,0.9886,0,0.855,0.0,US,same_name_diff_address,1
S1-613026427,S3-16105010,0.9886,0,0.855,0.0,US,same_name_diff_address,1
S1-910933659,S2-421579062,0.9886,0,0.855,0.0,INDIA,same_name_diff_address,1
S1-2863981,S2-622447406,0.9886,0,0.623,0.0,US,missing_address_collision,1
S1-406421569,S2-695083584,0.9886,0,0.855,0.0,INDIA,same_name_diff_address,1
S1-949768425,S2-623186956,0.9886,0,0.4918,0.0,US,missing_address_collision,1
S1-669811255,S2-167733627,0.9886,0,0.6064,0.0,INDIA,missing_address_collision,1
S1-953860270,S2-151374232,0.9886,0,0.855,0.0,INDIA,same_name_diff_address,1
S1-197309305,S2-828459558,0.9886,0,0.5714,0.0,INDIA,missing_address_collision,1
S1-851335813,S2-566028660,0.9886,0,0.855,0.0,US,same_name_diff_address,1
S1-325361845,S3-233457364,0.9886,0,0.7521,0.0,US,missing_address_collision,1
S1-554512944,S2-80515610,0.9886,0,0.855,0.0,US,same_name_diff_address,1
S1-951166558,S2-233178510,0.9886,0,0.855,0.0,US,same_name_diff_address,1
S1-386686644,S2-973129656,0.9886,0,0.6154,0.0,US,missing_address_collision,1
S1-533130079,S2-619608582,0.9886,0,0.5918,0.0,INDIA,missing_address_collision,1
S1-639466804,S2-697215970,0.9886,0,0.855,0.0,US,same_name_diff_address,1
S1-254877483,S2-127459784,0.9886,0,0.4299,0.0,US,missing_address_collision,1
S1-855897913,S2-688387733,0.9885,0,0.521,0.0,US,missing_address_collision,1
S1-368565108,S2-896744604,0.9885,0,0.5157,0.0,US,missing_address_collision,1
S1-962900992,S3-353694544,0.9885,0,0.855,0.0,US,same_name_diff_address,1
S1-892325277,S3-6736605,0.9885,0,0.855,0.0,US,same_name_diff_address,1
S1-332067503,S2-886189970,0.9885,0,0.855,0.0,US,same_name_diff_address,1
S1-132823997,S2-626009305,0.9885,0,0.855,0.0,INDIA,same_name_diff_address,1
S1-573251382,S2-427576840,0.9885,0,0.7178,0.0,US,missing_address_collision,1
S1-520238151,S2-619429888,0.9885,0,0.855,0.0,US,same_name_diff_address,1
S1-622796527,S2-428691222,0.9885,0,0.5205,0.0,US,missing_address_collision,1
S1-802573257,S2-223512626,0.9885,0,0.5938,0.0,US,missing_address_collision,1
S1-396851602,S2-378865946,0.9885,0,0.4902,0.0,US,missing_address_collision,1
S1-884508214,S2-682771081,0.9885,0,0.5161,0.0,INDIA,missing_address_collision,1
S1-789248323,S2-144035864,0.9884,0,0.855,0.0,US,same_name_diff_address,1
S1-184564648,S2-729916018,0.9884,0,0.855,0.0,INDIA,same_name_diff_address,1
S1-539448237,S2-579675673,0.9884,0,0.855,0.0,US,same_name_diff_address,1
S1-699780766,S2-196814330,0.9884,0,0.855,0.0,INDIA,same_name_diff_address,1
S1-777410350,S2-734796065,0.9884,0,0.563,0.0,INDIA,missing_address_collision,1
S1-473927490,S2-620775084,0.9884,0,0.5625,0.0,INDIA,missing_address_collision,1
S1-592020175,S2-283324001,0.9884,0,0.6087,0.0,US,missing_address_collision,1
S1-817021376,S2-204356536,0.9884,0,0.855,0.0,US,same_name_diff_address,1
S1-292352821,S2-688485781,0.9884,0,0.855,0.0,INDIA,same_name_diff_address,1
S1-538158083,S2-459917002,0.9884,0,0.665,0.0,INDIA,missing_address_collision,1
S1-202609937,S2-441601649,0.9884,0,0.855,0.0,US,same_name_diff_address,1
S1-506410894,S3-668091884,0.9884,0,0.6552,0.0,US,missing_address_collision,1
S1-937475383,S2-555240966,0.9884,0,0.6747,0.0,US,missing_address_collision,1
S1-752320772,S2-710750390,0.9884,0,0.855,0.0,US,same_name_diff_address,1
S1-223665542,S2-59423438,0.9884,0,0.855,0.0,US,same_name_diff_address,1
S1-79707013,S2-936931348,0.9884,0,0.855,0.0,US,same_name_diff_address,1
S1-212621203,S2-493794620,0.9884,0,0.855,0.0,US,same_name_diff_address,1
S1-299167932,S2-14161760,0.9884,0,0.5561,0.0,US,missing_address_collision,1
S1-386686644,S2-636701895,0.9884,0,0.855,0.0,US,same_name_diff_address,1
S1-83258631,S2-87985253,0.9884,0,0.5911,0.0,INDIA,missing_address_collision,1
S1-810116060,S2-174725235,0.9884,0,0.5981,0.0,INDIA,missing_address_collision,1
S1-434585544,S2-261498134,0.9884,0,0.855,0.0,US,same_name_diff_address,1
S1-560965337,S2-176707115,0.9884,0,0.57,0.0,INDIA,missing_address_collision,1
S1-812984325,S2-949457355,0.9884,0,0.855,0.0,INDIA,same_name_diff_address,1
S1-920523644,S2-239304890,0.9884,0,0.855,0.0,US,same_name_diff_address,1
S1-942237861,S3-786921115,0.9884,0,0.855,0.0,US,same_name_diff_address,1
S1-422362912,S2-900597377,0.9884,0,0.855,0.0,US,same_name_diff_address,1
S1-110890522,S3-337797419,0.9884,0,0.6058,0.0,INDIA,missing_address_collision,1
S1-866623086,S2-31374854,0.9884,0,0.855,0.0,US,same_name_diff_address,1
S1-829987702,S2-3510623,0.9884,0,0.855,0.0,US,same_name_diff_address,1
S1-212621203,S2-905771179,0.9884,0,0.855,0.0,US,same_name_diff_address,1
S1-873357231,S2-620196212,0.9883,0,0.855,0.0,US,same_name_diff_address,1
S1-240756409,S2-581916041,0.9883,0,0.4,0.0,US,missing_address_collision,1
S1-737100510,S2-571080021,0.9883,0,0.7207,0.0,INDIA,missing_address_collision,1
S1-887938528,S2-446871479,0.9883,0,0.4307,0.0,INDIA,missing_address_collision,1
S1-257672216,S2-786866968,0.9883,0,0.5055,0.0,US,missing_address_collision,1
S1-644355041,S2-905514371,0.9883,0,0.6729,0.0,US,missing_address_collision,1
S1-806445586,S2-121418326,0.9883,0,0.9,0.9691,INDIA,high_name_high_address_wrong_entity,1
S1-928652765,S2-637237113,0.9883,0,0.5128,0.0,INDIA,missing_address_collision,1
S1-96142754,S2-201986094,0.9883,0,0.855,0.0,US,same_name_diff_address,1
S1-825569038,S2-481039384,0.9883,0,0.7125,0.0,INDIA,missing_address_collision,1
S1-631947319,S2-633034151,0.9883,0,0.4634,0.0,INDIA,missing_address_collision,1
S1-658031436,S2-156247739,0.9883,0,0.855,0.0,US,same_name_diff_address,1
S1-149292165,S2-972118725,0.9883,0,0.855,0.0,US,same_name_diff_address,1
S1-709047931,S2-413719672,0.9883,0,0.4419,0.0,US,missing_address_collision,1
S1-112362429,S2-904964725,0.9883,0,0.4906,0.0,INDIA,missing_address_collision,1
S1-344967141,S2-441908005,0.9883,0,0.4098,0.0,US,missing_address_collision,1
S1-80183072,S2-253207501,0.9883,0,0.48,0.0,US,missing_address_collision,1
S1-788792054,S3-535169150,0.9883,0,0.5714,0.0,INDIA,missing_address_collision,1
S1-192983624,S2-509709586,0.9883,0,0.4247,0.0,US,missing_address_collision,1
S1-401668992,S2-939845737,0.9883,0,0.4262,0.0,US,missing_address_collision,1
S1-60689526,S2-568340053,0.9883,0,0.7189,0.0,INDIA,missing_address_collision,1
S1-185197727,S2-615433399,0.9883,0,0.855,0.0,US,same_name_diff_address,1
S1-692398377,S2-865465335,0.9883,0,0.855,0.0,US,same_name_diff_address,1
S1-995003713,S3-427829422,0.9883,0,0.855,0.0,US,same_name_diff_address,1
S1-917319904,S2-564485034,0.9883,0,0.855,0.0,US,same_name_diff_address,1
S1-807271710,S3-386111851,0.9883,0,0.855,0.0,INDIA,same_name_diff_address,1
S1-775512605,S2-417921182,0.9882,0,0.5,0.0,US,missing_address_collision,1
S1-430082819,S2-651842132,0.9882,0,0.566,0.0,INDIA,missing_address_collision,1
S1-666246241,S2-951894506,0.9882,0,0.532,0.0,INDIA,missing_address_collision,1
S1-804528894,S2-54940596,0.9882,0,0.5581,0.0,US,missing_address_collision,1
S1-883231877,S2-670957401,0.9882,0,0.4699,0.0,US,missing_address_collision,1
S1-21657509,S3-22762753,0.9882,0,0.9,0.855,INDIA,high_name_high_address_wrong_entity,1
S1-124690019,S2-651824422,0.9882,0,0.5429,0.0,US,missing_address_collision,1
S1-382359873,S2-961459225,0.9882,0,0.855,0.0,INDIA,same_name_diff_address,1
S1-11590211,S3-306292910,0.9882,0,0.6531,0.0,US,missing_address_collision,1
S1-50401705,S2-224671463,0.9882,0,0.4828,0.0,US,missing_address_collision,1
S1-35344192,S2-167775152,0.9882,0,0.5714,0.0,INDIA,missing_address_collision,1
S1-480513490,S2-124720967,0.9882,0,0.6541,0.0,US,missing_address_collision,1
S1-422362912,S3-438595934,0.9882,0,0.9474,0.8598,US,high_name_high_address_wrong_entity,1
S1-475850701,S2-164414270,0.9882,0,0.5388,0.0,US,missing_address_collision,1
S1-420364372,S2-461890098,0.9882,0,0.7238,0.0,US,missing_address_collision,1
S1-332608529,S2-604261128,0.9882,0,0.855,0.0,INDIA,same_name_diff_address,1
S1-83258631,S2-268919110,0.9882,0,0.5797,0.0,INDIA,missing_address_collision,1
S1-748657012,S2-527359463,0.9882,0,0.855,0.0,INDIA,same_name_diff_address,1
S1-262541454,S3-778375628,0.9882,0,0.855,0.0,INDIA,same_name_diff_address,1
S1-12926751,S2-507672801,0.9882,0,0.7308,0.0,INDIA,missing_address_collision,1
S1-794378676,S2-602092950,0.9882,0,0.55,0.0,INDIA,missing_address_collision,1
S1-585977458,S2-696075114,0.9882,0,0.855,0.0,US,same_name_diff_address,1
S1-245552080,S2-633711381,0.9882,0,0.855,0.0,INDIA,same_name_diff_address,1
S1-492503829,S2-173312640,0.9881,0,0.855,0.0,US,same_name_diff_address,1
S1-446108941,S2-965913035,0.9881,0,0.855,0.0,US,same_name_diff_address,1
S1-184564648,S2-772231694,0.9881,0,0.855,0.0,INDIA,same_name_diff_address,1
S1-133899427,S2-712812355,0.9881,0,0.855,0.0,US,same_name_diff_address,1
S1-738563575,S2-444795617,0.9881,0,0.44,0.0,INDIA,missing_address_collision,1
S1-181265612,S2-415248418,0.9881,0,0.855,0.0,US,same_name_diff_address,1
S1-185197727,S2-281757294,0.9881,0,0.855,0.0,US,same_name_diff_address,1
S1-968231343,S2-421502113,0.9881,0,0.855,0.0,US,same_name_diff_address,1
S1-405920331,S2-362710508,0.9881,0,0.5763,0.0,INDIA,missing_address_collision,1
S1-457542960,S2-271047182,0.9881,0,0.4364,0.0,US,missing_address_collision,1
S1-131918723,S2-725793655,0.9881,0,0.855,0.0,INDIA,same_name_diff_address,1
S1-642788972,S2-724839214,0.9881,0,0.855,0.0,US,same_name_diff_address,1
S1-107930742,S2-231660851,0.9881,0,0.45,0.0,US,missing_address_collision,1
S1-554512944,S2-746323110,0.9881,0,0.855,0.0,US,same_name_diff_address,1
S1-146334316,S2-309079448,0.9881,0,0.855,0.0,US,same_name_diff_address,1
S1-562264780,S2-321452375,0.9881,0,0.855,0.0,US,same_name_diff_address,1
S1-893317973,S2-775934611,0.9881,0,0.563,0.0,US,missing_address_collision,1
S1-458333229,S2-303715407,0.9881,0,0.4667,0.0,US,missing_address_collision,1
S1-68939231,S2-866952165,0.9881,0,0.855,0.0,INDIA,same_name_diff_address,1
S1-993446030,S2-410769146,0.9881,0,0.855,0.0,US,same_name_diff_address,1
S1-506699479,S2-2595582,0.9881,0,0.4677,0.0,US,missing_address_collision,1
S1-521768330,S2-837916049,0.9881,0,0.6176,0.0,US,missing_address_collision,1
S1-327628898,S3-558323214,0.9881,0,0.7464,0.0,INDIA,missing_address_collision,1
S1-382884135,S3-572450392,0.9881,0,0.855,0.0,US,same_name_diff_address,1
S1-543641292,S2-701517613,0.9881,0,0.5238,0.0,US,missing_address_collision,1
S1-816844407,S2-930030329,0.9881,0,0.855,0.0,US,same_name_diff_address,1
S1-696431821,S2-771463124,0.9881,0,0.5051,0.0,US,missing_address_collision,1
S1-514489668,S2-244171534,0.9881,0,0.4969,0.0,US,missing_address_collision,1
S1-649255879,S2-580637576,0.9881,0,0.855,0.0,US,same_name_diff_address,1
S1-290906704,S3-177660958,0.9881,0,0.855,0.0,INDIA,same_name_diff_address,1
S1-545506886,S2-372636555,0.9881,0,0.855,0.0,INDIA,same_name_diff_address,1
S1-288834496,S2-331983349,0.9881,0,0.5783,0.0,INDIA,missing_address_collision,1
S1-985953719,S2-226585379,0.9881,0,0.4171,0.0,US,missing_address_collision,1
S1-892325277,S2-955180937,0.9881,0,0.4545,0.0,US,missing_address_collision,1
S1-985953719,S2-211609778,0.9881,0,0.4275,0.0,US,missing_address_collision,1
S1-852471334,S2-890113622,0.9881,0,0.855,0.0,US,same_name_diff_address,1
S1-350033265,S2-526709011,0.9881,0,0.4049,0.0,US,missing_address_collision,1
S1-985953719,S2-575763446,0.9881,0,0.4171,0.0,US,missing_address_collision,1
S1-156447948,S2-496466546,0.9881,0,0.855,0.0,INDIA,same_name_diff_address,1
S1-861633762,S2-505041786,0.9881,0,0.855,0.0,US,same_name_diff_address,1
S1-950396054,S2-612053142,0.9881,0,0.45,0.0,US,missing_address_collision,1
S1-956560424,S2-28512154,0.9881,0,0.855,0.0,US,same_name_diff_address,1
S1-540086814,S2-713782440,0.9881,0,0.855,0.0,INDIA,same_name_diff_address,1
S1-827308611,S3-283961484,0.9881,0,0.855,0.0,INDIA,same_name_diff_address,1
S1-814401698,S2-796428966,0.9881,0,0.7265,0.0,INDIA,missing_address_collision,1
S1-986745603,S2-711304208,0.9881,0,0.855,0.0,US,same_name_diff_address,1
S1-982405882,S2-487440344,0.9881,0,0.855,0.0,US,same_name_diff_address,1
S1-928294952,S2-582274809,0.9881,0,0.5116,0.0,US,missing_address_collision,1
S1-715393417,S2-759122462,0.9881,0,0.855,0.0,US,same_name_diff_address,1
S1-75065982,S2-669012708,0.9881,0,0.855,0.0,US,same_name_diff_address,1
S1-426613237,S2-530403137,0.988,0,0.4776,0.0,US,missing_address_collision,1
S1-132478053,S2-780589318,0.988,0,0.855,0.0,US,same_name_diff_address,1
S1-840217127,S2-678829531,0.988,0,0.855,0.0,US,same_name_diff_address,1
S1-501366803,S2-881549747,0.988,0,0.855,0.0,US,same_name_diff_address,1
S1-618413526,S2-766031019,0.988,0,0.855,0.0,INDIA,same_name_diff_address,1
S1-648893413,S2-279559171,0.988,0,0.5574,0.0,INDIA,missing_address_collision,1
S1-792723063,S3-789067536,0.988,0,0.855,0.0,INDIA,same_name_diff_address,1
S1-382142356,S2-189628341,0.988,0,0.855,0.0,INDIA,same_name_diff_address,1
S1-645009495,S2-866904577,0.988,0,0.855,0.0,US,same_name_diff_address,1
S1-381454937,S2-615578908,0.988,0,0.855,0.0,US,same_name_diff_address,1
S1-402313603,S2-800717693,0.988,0,0.855,0.0,INDIA,same_name_diff_address,1
S1-949768425,S2-193016810,0.988,0,0.855,0.0,US,same_name_diff_address,1
S1-889967847,S2-507340631,0.988,0,0.855,0.0,INDIA,same_name_diff_address,1
S1-79193654,S2-68062138,0.988,0,0.855,0.0,US,same_name_diff_address,1
S1-399660795,S2-687997498,0.988,0,0.855,0.0,US,same_name_diff_address,1
S1-781052836,S2-870752703,0.988,0,0.855,0.0,INDIA,same_name_diff_address,1
S1-382884135,S2-499577100,0.988,0,0.855,0.0,US,same_name_diff_address,1
S1-451383123,S2-26921010,0.988,0,0.4878,0.0,US,missing_address_collision,1
S1-592223301,S2-989120328,0.988,0,0.855,0.0,INDIA,same_name_diff_address,1
S1-140266551,S2-613676133,0.988,0,0.5429,0.0,INDIA,missing_address_collision,1
S1-592020175,S2-50415415,0.988,0,0.855,0.0,US,same_name_diff_address,1
S1-724150941,S2-801343478,0.988,0,0.855,0.0,US,same_name_diff_address,1
S1-587220433,S2-926043000,0.988,0,0.855,0.0,US,same_name_diff_address,1
S1-95030982,S2-837849497,0.988,0,0.855,0.0,INDIA,same_name_diff_address,1
S1-172059488,S2-232880430,0.988,0,0.855,0.0,US,same_name_diff_address,1
S1-813399689,S2-851015171,0.988,0,0.855,0.0,INDIA,same_name_diff_address,1
S1-80231987,S2-859737543,0.988,0,0.855,0.0,US,same_name_diff_address,1
S1-381454937,S2-135552930,0.988,0,0.855,0.0,US,same_name_diff_address,1
S1-639466804,S2-608718041,0.988,0,0.855,0.0,US,same_name_diff_address,1
S1-862418587,S2-249451575,0.988,0,0.855,0.0,US,same_name_diff_address,1
S1-433743438,S2-883515443,0.988,0,0.855,0.0,INDIA,same_name_diff_address,1
S1-892855613,S2-204005084,0.988,0,0.855,0.0,INDIA,same_name_diff_address,1
S1-195266630,S2-380719560,0.988,0,0.855,0.0,INDIA,same_name_diff_address,1
S1-212811086,S2-443370613,0.988,0,0.855,0.0,US,same_name_diff_address,1
S1-410534830,S2-631929983,0.988,0,0.855,0.0,US,same_name_diff_address,1
S1-389163604,S2-410903893,0.988,0,0.855,0.0,US,same_name_diff_address,1
S1-989820688,S2-860659109,0.988,0,0.6,0.0,US,missing_address_collision,1
S1-784447275,S2-927388215,0.988,0,0.6,0.0,INDIA,missing_address_collision,1
S1-510090573,S2-858649133,0.988,0,0.855,0.0,US,same_name_diff_address,1
S1-340226992,S2-337524788,0.988,0,0.4957,0.0,US,missing_address_collision,1
S1-497094478,S2-903853344,0.988,0,0.855,0.0,US,same_name_diff_address,1
S1-723274681,S2-425471117,0.988,0,0.4407,0.0,US,missing_address_collision,1
S1-977424356,S2-778199328,0.988,0,0.855,0.0,US,same_name_diff_address,1
S1-331917824,S2-334672409,0.988,0,0.5763,0.0,INDIA,missing_address_collision,1
S1-230893861,S2-700161616,0.988,0,0.855,0.0,US,same_name_diff_address,1
S1-525723532,S2-798358746,0.988,0,0.855,0.0,US,same_name_diff_address,1
S1-165581292,S2-630418502,0.988,0,0.5714,0.0,INDIA,missing_address_collision,1
S1-596086550,S2-592642978,0.988,0,0.855,0.0,US,same_name_diff_address,1
S1-127216505,S2-786385213,0.988,0,0.855,0.0,US,same_name_diff_address,1
S1-359184234,S2-590304882,0.988,0,0.855,0.0,INDIA,same_name_diff_address,1
S1-135395587,S2-53365410,0.988,0,0.855,0.0,US,same_name_diff_address,1
S1-602628930,S2-62726503,0.988,0,0.855,0.0,US,same_name_diff_address,1
S1-255985657,S2-477597638,0.988,0,0.855,0.0,US,same_name_diff_address,1
S1-612367821,S2-907854210,0.988,0,0.855,0.0,US,same_name_diff_address,1
S1-604726438,S2-743831329,0.988,0,0.855,0.0,US,same_name_diff_address,1
S1-267030686,S2-152385396,0.9879,0,0.855,0.0,INDIA,same_name_diff_address,1
S1-783465555,S2-565853026,0.9879,0,0.855,0.0,US,same_name_diff_address,1
S1-975337292,S2-242231390,0.9879,0,0.855,0.0,US,same_name_diff_address,1
S1-713940018,S2-48319664,0.9879,0,0.4984,0.0,INDIA,missing_address_collision,1
S1-921755747,S2-529024988,0.9879,0,0.5278,0.0,US,missing_address_collision,1
S1-10621239,S3-660374541,0.9879,0,0.5161,0.0,INDIA,missing_address_collision,1
S1-143256092,S2-854924420,0.9879,0,0.4872,0.0,US,missing_address_collision,1
S1-255366451,S2-635552453,0.9879,0,0.5532,0.0,US,missing_address_collision,1
S1-307792872,S2-749955787,0.9879,0,0.855,0.0,US,same_name_diff_address,1
S1-433770166,S2-288568895,0.9879,0,0.855,0.0,US,same_name_diff_address,1
S1-719020702,S2-682578730,0.9879,0,0.4186,0.0,INDIA,missing_address_collision,1
S1-629358771,S2-572439270,0.9879,0,0.855,0.0,INDIA,same_name_diff_address,1
S1-681904670,S2-730218285,0.9879,0,0.855,0.0,INDIA,same_name_diff_address,1
S1-185359482,S2-52719602,0.9879,0,0.855,0.0,US,same_name_diff_address,1
S1-475471791,S2-985354802,0.9879,0,0.45,0.0,US,missing_address_collision,1
S1-285463888,S2-724867599,0.9879,0,0.5714,0.0,US,missing_address_collision,1
S1-535026637,S2-266169728,0.9879,0,0.4697,0.0,US,missing_address_collision,1
S1-56230983,S2-810714370,0.9879,0,0.855,0.0,US,same_name_diff_address,1
S1-984151146,S2-370643698,0.9879,0,0.4606,0.0,US,missing_address_collision,1
S1-433419997,S2-738579452,0.9879,0,0.5238,0.0,US,missing_address_collision,1
S1-92929456,S2-334425232,0.9879,0,0.5,0.0,US,missing_address_collision,1
S1-95347347,S2-231576900,0.9879,0,0.5182,0.0,US,missing_address_collision,1
S1-37603307,S2-236117987,0.9879,0,0.573,0.0,INDIA,missing_address_collision,1
S1-105819672,S2-523631257,0.9879,0,0.4701,0.0,US,missing_address_collision,1
S1-343803059,S2-220944013,0.9879,0,0.5278,0.0,INDIA,missing_address_collision,1
S1-54276084,S2-550878611,0.9879,0,0.5182,0.0,US,missing_address_collision,1
S1-26307968,S3-742809120,0.9879,0,0.855,0.0,US,same_name_diff_address,1
S1-352677620,S2-923151377,0.9879,0,0.4512,0.0,US,missing_address_collision,1
S1-776179336,S2-746594764,0.9879,0,0.5255,0.0,US,missing_address_collision,1
S1-126474955,S2-994073558,0.9879,0,0.855,0.0,US,same_name_diff_address,1
S1-501366803,S2-9524207,0.9879,0,0.475,0.0,US,missing_address_collision,1
S1-622222518,S2-735018114,0.9879,0,0.855,0.0,INDIA,same_name_diff_address,1
S1-860016624,S2-78761422,0.9879,0,0.5067,0.0,US,missing_address_collision,1
S1-916123218,S2-903950387,0.9879,0,0.4,0.0,INDIA,missing_address_collision,1
S1-751929384,S2-526611845,0.9879,0,0.5182,0.0,US,missing_address_collision,1
S1-963778507,S2-451179365,0.9879,0,0.4318,0.0,INDIA,missing_address_collision,1
S1-98042434,S2-431028841,0.9879,0,0.855,0.0,INDIA,same_name_diff_address,1
S1-847840990,S2-196687226,0.9879,0,0.5714,0.0,US,missing_address_collision,1
S1-438077763,S3-145137678,0.9879,0,0.76,0.0,INDIA,missing_address_collision,1
S1-321663500,S2-697434657,0.9878,0,0.5789,0.0,US,missing_address_collision,1
S1-855243157,S2-989205315,0.9878,0,0.855,0.0,US,same_name_diff_address,1
S1-448117930,S2-610759142,0.9878,0,0.855,0.0,US,same_name_diff_address,1
S1-637015436,S2-36509074,0.9878,0,0.855,0.0,INDIA,same_name_diff_address,1
S1-188385589,S2-803820161,0.9878,0,0.4889,0.0,US,missing_address_collision,1
S1-345114600,S2-693593771,0.9878,0,0.6909,0.0,INDIA,missing_address_collision,1
S1-220146119,S2-986839772,0.9878,0,0.855,0.0,INDIA,same_name_diff_address,1
S1-133712174,S2-849190793,0.9878,0,0.855,0.0,US,same_name_diff_address,1
S1-969587555,S3-895002203,0.9878,0,0.76,0.0,INDIA,missing_address_collision,1
S1-568913895,S2-204479707,0.9878,0,0.855,0.0,US,same_name_diff_address,1
S1-648836485,S2-131578951,0.9878,0,0.855,0.0,US,same_name_diff_address,1
S1-680474382,S2-338541028,0.9878,0,0.855,0.0,US,same_name_diff_address,1
S1-635927393,S2-901137474,0.9878,0,0.855,0.0,US,same_name_diff_address,1
S1-334687295,S2-641184612,0.9878,0,0.7238,0.0,INDIA,missing_address_collision,1
S1-626396562,S2-147001680,0.9878,0,0.5,0.0,US,missing_address_collision,1
S1-559551681,S2-918281576,0.9878,0,0.855,0.0,US,same_name_diff_address,1
S1-424936201,S2-390829195,0.9878,0,0.855,0.0,US,same_name_diff_address,1
S1-847896774,S2-999122572,0.9878,0,0.4643,0.0,US,missing_address_collision,1
S1-389965506,S2-697434657,0.9878,0,0.5789,0.0,US,missing_address_collision,1
S1-953860270,S2-570358348,0.9878,0,0.855,0.0,INDIA,same_name_diff_address,1
S1-887618717,S2-175498989,0.9878,0,0.855,0.0,INDIA,same_name_diff_address,1
S1-554947123,S2-730218285,0.9878,0,0.855,0.0,US,same_name_diff_address,1
S1-547533640,S2-526573436,0.9878,0,0.665,0.0,INDIA,missing_address_collision,1
S1-268254431,S2-995759354,0.9878,0,0.855,0.0,US,same_name_diff_address,1
S1-645089650,S2-860943475,0.9878,0,0.5306,0.0,INDIA,missing_address_collision,1
S1-837354839,S2-148476855,0.9878,0,0.5938,0.0,INDIA,missing_address_collision,1
S1-640361650,S2-334919680,0.9878,0,0.5641,0.0,US,missing_address_collision,1
S1-761430900,S2-36324487,0.9878,0,0.855,0.0,US,same_name_diff_address,1
S1-446108941,S2-712263947,0.9877,0,0.855,0.0,US,same_name_diff_address,1
S1-85287498,S2-33432498,0.9877,0,0.4957,0.0,US,missing_address_collision,1
S1-191652563,S2-692847028,0.9877,0,0.6107,0.0,US,missing_address_collision,1
S1-75950678,S2-562641498,0.9877,0,0.5778,0.0,INDIA,missing_address_collision,1
S1-47851168,S2-960680879,0.9877,0,0.855,0.0,US,same_name_diff_address,1
S1-45580577,S2-45986142,0.9877,0,0.855,0.0,INDIA,same_name_diff_address,1
S1-944263629,S2-378574853,0.9877,0,0.855,0.0,US,same_name_diff_address,1
S1-218472316,S2-597340546,0.9877,0,0.4957,0.0,US,missing_address_collision,1
S1-191333640,S2-788355502,0.9877,0,0.5388,0.0,US,missing_address_collision,1
S1-508382843,S2-679291902,0.9877,0,0.5554,0.0,INDIA,missing_address_collision,1
S1-758138559,S2-785446478,0.9877,0,0.5897,0.0,US,missing_address_collision,1
S1-698864034,S2-758602014,0.9877,0,0.6,0.0,US,missing_address_collision,1
S1-296411097,S2-128619335,0.9877,0,0.5115,0.0,US,missing_address_collision,1
S1-592291789,S2-943953560,0.9877,0,0.855,0.0,INDIA,same_name_diff_address,1
S1-343192202,S2-181121196,0.9877,0,0.855,0.0,INDIA,same_name_diff_address,1
S1-896335794,S2-957695322,0.9877,0,0.4848,0.0,US,missing_address_collision,1
S1-989135964,S2-200275227,0.9877,0,0.4935,0.0,US,missing_address_collision,1
S1-10834227,S2-584675635,0.9877,0,0.6162,0.0,US,missing_address_collision,1
S1-38231886,S2-943953560,0.9877,0,0.855,0.0,INDIA,same_name_diff_address,1
S1-443414530,S2-284054811,0.9877,0,0.5714,0.0,US,missing_address_collision,1
S1-635927393,S2-54454540,0.9877,0,0.4595,0.0,US,missing_address_collision,1
S1-469889329,S2-550738788,0.9877,0,0.3563,0.0,INDIA,missing_address_collision,1
S1-16891609,S2-967474155,0.9877,0,0.5067,0.0,US,missing_address_collision,1
S1-726447448,S2-594715803,0.9877,0,0.57,0.0,US,missing_address_collision,1
S1-533130079,S2-148268601,0.9877,0,0.5926,0.0,INDIA,missing_address_collision,1
S1-15934845,S2-514097500,0.9877,0,0.5911,0.0,US,missing_address_collision,1
S1-594972700,S2-367298377,0.9877,0,0.855,0.0,US,same_name_diff_address,1
S1-640732819,S2-297581857,0.9877,0,0.5867,0.0,INDIA,missing_address_collision,1
S1-166626599,S2-252011922,0.9877,0,0.855,0.0,US,same_name_diff_address,1
S1-901465998,S2-793641801,0.9877,0,0.7521,0.0,INDIA,missing_address_collision,1
S1-682566226,S2-457376156,0.9877,0,0.855,0.0,INDIA,same_name_diff_address,1
S1-464889389,S2-255095783,0.9877,0,0.4945,0.0,US,missing_address_collision,1
S1-700652828,S2-770770744,0.9877,0,0.855,0.0,US,same_name_diff_address,1
S1-490584236,S2-726122026,0.9877,0,0.855,0.0,INDIA,same_name_diff_address,1
S1-182536846,S2-912313676,0.9877,0,0.5023,0.0,US,missing_address_collision,1
S1-561372066,S3-623697271,0.9877,0,0.855,0.0,INDIA,same_name_diff_address,1
S1-334539148,S2-605759678,0.9877,0,0.6333,0.0,INDIA,missing_address_collision,1
S1-521768330,S2-863841413,0.9877,0,0.855,0.0,US,same_name_diff_address,1
S1-731807919,S2-576405534,0.9877,0,0.4884,0.0,US,missing_address_collision,1
S1-276017608,S2-961513509,0.9877,0,0.4658,0.0,US,missing_address_collision,1
S1-205619455,S2-788590410,0.9877,0,0.855,0.0,INDIA,same_name_diff_address,1
S1-808464988,S2-645055322,0.9877,0,0.4969,0.0,US,missing_address_collision,1
S1-302492078,S3-9806249,0.9877,0,0.0,0.95,INDIA,same_address_diff_name,1
S1-278273389,S3-55423518,0.9876,0,0.855,0.0,INDIA,same_name_diff_address,1
S1-341336911,S2-989120328,0.9876,0,0.855,0.0,INDIA,same_name_diff_address,1
S1-890390299,S2-731061377,0.9876,0,0.475,0.0,US,missing_address_collision,1
S1-473011333,S2-345940885,0.9876,0,0.6333,0.0,US,missing_address_collision,1
S1-212811086,S2-859737543,0.9876,0,0.57,0.0,US,missing_address_collision,1
S1-861258331,S2-639492250,0.9876,0,0.5873,0.0,US,missing_address_collision,1
S1-700652828,S2-266159680,0.9876,0,0.5588,0.0,US,missing_address_collision,1
S1-11586807,S2-938411775,0.9876,0,0.5019,0.0,US,missing_address_collision,1
S1-422492135,S2-69756611,0.9876,0,0.855,0.0,INDIA,same_name_diff_address,1
S1-60400673,S3-905081894,0.9876,0,0.855,0.0,INDIA,same_name_diff_address,1
S1-947508013,S3-10361676,0.9876,0,0.855,0.0,INDIA,same_name_diff_address,1
S1-346066946,S2-672983697,0.9876,0,0.4444,0.0,US,missing_address_collision,1
S1-437070393,S2-32753517,0.9876,0,0.5155,0.0,US,missing_address_collision,1
S1-51452968,S2-486167570,0.9876,0,0.7458,0.0,INDIA,missing_address_collision,1
S1-751975963,S2-516727982,0.9876,0,0.5744,0.0,US,missing_address_collision,1
S1-110142906,S2-637165573,0.9876,0,0.855,0.0,INDIA,same_name_diff_address,1
S1-135412256,S2-36619905,0.9876,0,0.3845,0.0,US,missing_address_collision,1
S1-806879810,S2-204996738,0.9876,0,0.475,0.0,US,missing_address_collision,1
S1-653961414,S2-46652177,0.9876,0,0.5463,0.0,US,missing_address_collision,1
S1-924992016,S2-371969761,0.9876,0,0.855,0.0,US,same_name_diff_address,1
S1-341514538,S2-796084500,0.9876,0,0.855,0.0,US,same_name_diff_address,1
S1-798750942,S2-955372170,0.9876,0,0.855,0.0,INDIA,same_name_diff_address,1
S1-652739531,S2-133190532,0.9875,0,0.855,0.0,US,same_name_diff_address,1
S1-921755747,S2-527530998,0.9875,0,0.855,0.0,US,same_name_diff_address,1
S1-386686644,S2-951587141,0.9875,0,0.855,0.0,US,same_name_diff_address,1
S1-403585529,S2-133193810,0.9875,0,0.855,0.0,INDIA,same_name_diff_address,1
S1-303613843,S3-126483694,0.9875,0,0.855,0.0,US,same_name_diff_address,1
S1-232781355,S2-282193939,0.9875,0,0.855,0.0,INDIA,same_name_diff_address,1
S1-160151329,S2-326556074,0.9875,0,0.855,0.0,US,same_name_diff_address,1
S1-226136219,S2-884643569,0.9875,0,0.855,0.0,INDIA,same_name_diff_address,1
S1-835400374,S2-288906265,0.9875,0,0.57,0.0,INDIA,missing_address_collision,1
S1-411196291,S2-187636379,0.9875,0,0.855,0.0,INDIA,same_name_diff_address,1
S1-156329432,S2-696679515,0.9875,0,0.855,0.0,US,same_name_diff_address,1
S1-602855159,S2-447863992,0.9875,0,0.5846,0.0,US,missing_address_collision,1
S1-222442869,S2-462845485,0.9875,0,0.855,0.0,INDIA,same_name_diff_address,1
S1-492381675,S2-523778720,0.9875,0,0.855,0.0,US,same_name_diff_address,1
S1-381454937,S2-59440345,0.9875,0,0.6045,0.0,US,missing_address_collision,1
S1-162395264,S2-370243472,0.9875,0,0.855,0.0,INDIA,same_name_diff_address,1
S1-79819778,S2-992052595,0.9875,0,0.855,0.0,US,same_name_diff_address,1
S1-50401705,S2-776546820,0.9875,0,0.855,0.0,US,same_name_diff_address,1
S1-254004803,S2-971117185,0.9875,0,0.855,0.0,US,same_name_diff_address,1
S1-76738019,S2-547163907,0.9875,0,0.855,0.0,US,same_name_diff_address,1
S1-236855956,S3-450234686,0.9874,0,0.7568,0.0,INDIA,missing_address_collision,1
S1-619520513,S2-56034937,0.9874,0,0.6196,0.0,INDIA,missing_address_collision,1
S1-651911804,S2-147904331,0.9874,0,0.855,0.0,US,same_name_diff_address,1
S1-238874031,S2-239624059,0.9874,0,0.855,0.0,INDIA,same_name_diff_address,1
S1-414313193,S2-419291158,0.9874,0,0.5344,0.0,US,missing_address_collision,1
S1-875258920,S2-250391505,0.9874,0,0.855,0.0,US,same_name_diff_address,1
S1-198167315,S2-741842368,0.9874,0,0.855,0.0,US,same_name_diff_address,1
S1-93000435,S2-11430991,0.9874,0,0.855,0.0,INDIA,same_name_diff_address,1
S1-646682925,S2-860540469,0.9874,0,0.5098,0.0,INDIA,missing_address_collision,1
S1-758774487,S2-122272781,0.9874,0,0.549,0.0,US,missing_address_collision,1
S1-118042613,S2-387160968,0.9874,0,0.855,0.0,US,same_name_diff_address,1
S1-54678697,S2-153044818,0.9874,0,0.855,0.0,US,same_name_diff_address,1
S1-303692217,S2-398886687,0.9874,0,0.855,0.0,INDIA,same_name_diff_address,1
S1-579210779,S2-375943718,0.9874,0,0.855,0.0,US,same_name_diff_address,1
S1-821076361,S3-184582404,0.9874,0,0.855,0.0,US,same_name_diff_address,1
S1-14621937,S2-754369001,0.9874,0,0.5135,0.0,US,missing_address_collision,1
S1-512640712,S2-594530661,0.9874,0,0.855,0.0,US,same_name_diff_address,1
S1-943381955,S2-503507169,0.9874,0,0.4634,0.0,US,missing_address_collision,1
S1-257672216,S2-767369599,0.9874,0,0.855,0.0,US,same_name_diff_address,1
S1-584123256,S2-781876418,0.9874,0,0.855,0.0,US,same_name_diff_address,1
S1-228443573,S2-380060406,0.9874,0,0.855,0.0,US,same_name_diff_address,1
S1-23145651,S2-731877349,0.9874,0,0.855,0.0,US,same_name_diff_address,1
S1-766649963,S2-542391285,0.9874,0,0.855,0.0,US,same_name_diff_address,1
S1-33929525,S2-162585801,0.9874,0,0.855,0.0,US,same_name_diff_address,1
S1-663988061,S2-99610597,0.9874,0,0.5517,0.0,US,missing_address_collision,1
S1-834460729,S2-728847336,0.9874,0,0.855,0.0,US,same_name_diff_address,1
S1-196449543,S2-945576963,0.9874,0,0.6175,0.0,US,missing_address_collision,1
S1-683999279,S2-567847134,0.9874,0,0.855,0.0,US,same_name_diff_address,1
S1-948592755,S2-311232578,0.9874,0,0.855,0.0,INDIA,same_name_diff_address,1
S1-96101477,S2-992295868,0.9874,0,0.855,0.0,US,same_name_diff_address,1
S1-605068268,S2-362764248,0.9874,0,0.855,0.0,US,same_name_diff_address,1
S1-206901289,S2-40674270,0.9874,0,0.855,0.0,US,same_name_diff_address,1
S1-840856254,S2-150920143,0.9873,0,0.855,0.0,INDIA,same_name_diff_address,1
S1-661329930,S2-895273990,0.9873,0,0.4976,0.0,US,missing_address_collision,1
S1-162769467,S2-770922550,0.9873,0,0.4,0.0,INDIA,missing_address_collision,1
S1-382857756,S2-488187697,0.9873,0,0.5019,0.0,US,missing_address_collision,1
S1-386686644,S2-722259965,0.9873,0,0.855,0.0,US,same_name_diff_address,1
S1-735082870,S2-904472053,0.9873,0,0.4897,0.0,US,missing_address_collision,1
S1-554512944,S2-942235368,0.9873,0,0.5344,0.0,US,missing_address_collision,1
S1-44595509,S2-848982291,0.9873,0,0.5185,0.0,US,missing_address_collision,1
S1-554512944,S2-115712906,0.9873,0,0.5344,0.0,US,missing_address_collision,1
S1-841666229,S2-685686143,0.9873,0,0.5141,0.0,US,missing_address_collision,1
S1-906130210,S2-6346342,0.9873,0,0.4988,0.0,US,missing_address_collision,1
S1-443414530,S2-16671937,0.9873,0,0.4851,0.0,US,missing_address_collision,1
S1-392048433,S2-109821539,0.9873,0,0.5429,0.0,US,missing_address_collision,1
S1-506341156,S2-817725349,0.9873,0,0.4819,0.0,US,missing_address_collision,1
S1-688238695,S2-469613126,0.9873,0,0.855,0.0,INDIA,same_name_diff_address,1
S1-852642164,S3-440016690,0.9873,0,0.6426,0.0,INDIA,missing_address_collision,1
S1-244247140,S3-307724319,0.9873,0,0.7878,0.0,INDIA,missing_address_collision,1
S1-102853901,S2-995880456,0.9873,0,0.6635,0.0,INDIA,missing_address_collision,1
S1-323244799,S2-294910202,0.9873,0,0.5429,0.0,INDIA,missing_address_collision,1
S1-608115869,S2-467424733,0.9873,0,0.855,0.0,INDIA,same_name_diff_address,1
S1-382255290,S2-986736257,0.9873,0,0.855,0.0,US,same_name_diff_address,1
S1-981682450,S2-896289186,0.9873,0,0.855,0.0,US,same_name_diff_address,1
S1-964801822,S2-371969761,0.9873,0,0.4957,0.0,US,missing_address_collision,1
S1-62307506,S3-541063990,0.9873,0,0.855,0.0,US,same_name_diff_address,1
S1-143187732,S2-582492278,0.9873,0,0.5098,0.0,US,missing_address_collision,1
S1-129146280,S2-525927386,0.9873,0,0.855,0.0,US,same_name_diff_address,1
S1-103244608,S3-201752782,0.9873,0,0.5484,0.0,US,missing_address_collision,1
S1-988560086,S2-562687977,0.9873,0,0.4719,0.0,US,missing_address_collision,1
S1-962069609,S3-868949024,0.9873,0,0.855,0.0,US,same_name_diff_address,1
S1-520051065,S2-695066464,0.9873,0,0.4727,0.0,US,missing_address_collision,1
S1-829491879,S2-276182702,0.9872,0,0.56,0.0,INDIA,missing_address_collision,1
S1-26255447,S3-902173304,0.9872,0,0.855,0.0,INDIA,same_name_diff_address,1
S1-399637617,S2-799739980,0.9872,0,0.4324,0.0,US,missing_address_collision,1
S1-872028809,S2-172261664,0.9872,0,0.5238,0.0,US,missing_address_collision,1
S1-467987991,S2-542082788,0.9872,0,0.4923,0.0,US,missing_address_collision,1
S1-26778028,S2-522056070,0.9872,0,0.5846,0.0,US,missing_address_collision,1
S1-203720906,S2-338984713,0.9872,0,0.6102,0.0,INDIA,missing_address_collision,1
S1-194145091,S2-646571885,0.9872,0,0.5652,0.0,US,missing_address_collision,1
S1-599271624,S2-715872062,0.9872,0,0.855,0.0,US,same_name_diff_address,1
S1-565764826,S2-519925494,0.9872,0,0.5115,0.0,INDIA,missing_address_collision,1
S1-242271326,S2-418033252,0.9872,0,0.855,0.0,US,same_name_diff_address,1
S1-241980760,S2-840014869,0.9872,0,0.855,0.0,US,same_name_diff_address,1
S1-19431567,S2-432275153,0.9872,0,0.855,0.0,US,same_name_diff_address,1
S1-98384595,S2-425575642,0.9872,0,0.855,0.0,US,same_name_diff_address,1
S1-829987702,S2-282197342,0.9872,0,0.855,0.0,US,same_name_diff_address,1
S1-263698845,S2-410167233,0.9872,0,0.855,0.0,US,same_name_diff_address,1
S1-641127006,S2-64958670,0.9872,0,0.68,0.0,INDIA,missing_address_collision,1
S1-986089492,S2-213695978,0.9872,0,0.855,0.0,US,same_name_diff_address,1
S1-613909745,S2-539593715,0.9872,0,0.855,0.0,US,same_name_diff_address,1
S1-270207537,S2-711699902,0.9872,0,0.583,0.0,US,missing_address_collision,1
S1-624315725,S2-460581818,0.9872,0,0.855,0.0,US,same_name_diff_address,1
S1-217720436,S2-428585706,0.9872,0,0.855,0.0,INDIA,same_name_diff_address,1
S1-803870632,S2-243356370,0.9872,0,0.855,0.0,INDIA,same_name_diff_address,1
S1-955770991,S2-850290620,0.9872,0,0.855,0.0,US,same_name_diff_address,1
S1-500446051,S2-482046176,0.9872,0,0.5556,0.0,US,missing_address_collision,1
S1-186303441,S2-625075781,0.9872,0,0.855,0.0,INDIA,same_name_diff_address,1
S1-392048433,S2-330047662,0.9872,0,0.5882,0.0,US,missing_address_collision,1
S1-628796257,S2-448841073,0.9872,0,0.855,0.0,US,same_name_diff_address,1
S1-184700531,S3-66107042,0.9872,0,0.7671,0.0,INDIA,missing_address_collision,1
S1-606672574,S2-627269333,0.9872,0,0.5388,0.0,US,missing_address_collision,1
S1-606090856,S2-78413837,0.9872,0,0.855,0.0,US,same_name_diff_address,1
S1-657454667,S2-165365961,0.9872,0,0.855,0.0,US,same_name_diff_address,1
S1-749903420,S2-150448980,0.9872,0,0.855,0.0,US,same_name_diff_address,1
S1-824806831,S2-627366700,0.9872,0,0.855,0.0,INDIA,same_name_diff_address,1
S1-671661238,S2-146317265,0.9872,0,0.855,0.0,US,same_name_diff_address,1
S1-61067811,S2-178918040,0.9872,0,0.6742,0.0,INDIA,missing_address_collision,1
S1-339702488,S2-459438745,0.9872,0,0.5424,0.0,US,missing_address_collision,1
S1-79707013,S2-723677177,0.9872,0,0.855,0.0,US,same_name_diff_address,1
S1-394689280,S2-683928339,0.9872,0,0.855,0.0,US,same_name_diff_address,1
S1-681379831,S2-696345022,0.9872,0,0.5135,0.0,US,missing_address_collision,1
S1-57337862,S3-656170598,0.9872,0,0.855,0.0,US,same_name_diff_address,1
S1-203720906,S2-71986460,0.9872,0,0.5569,0.0,INDIA,missing_address_collision,1
S1-870736235,S2-56071900,0.9872,0,0.855,0.0,US,same_name_diff_address,1
S1-633107584,S3-864249935,0.9872,0,0.855,0.0,US,same_name_diff_address,1
S1-728597698,S2-928160107,0.9871,0,0.855,0.0,US,same_name_diff_address,1
S1-57995279,S2-809072751,0.9871,0,0.855,0.0,US,same_name_diff_address,1
S1-364902556,S2-187379771,0.9871,0,0.855,0.0,US,same_name_diff_address,1
S1-958348798,S2-524253395,0.9871,0,0.855,0.0,US,same_name_diff_address,1
S1-429119327,S2-579685971,0.9871,0,0.5588,0.0,US,missing_address_collision,1
S1-123948394,S2-477884261,0.9871,0,0.855,0.0,US,same_name_diff_address,1
S1-15979828,S2-267635070,0.9871,0,0.855,0.0,US,same_name_diff_address,1
S1-243373845,S2-569872,0.9871,0,0.855,0.0,US,same_name_diff_address,1
S1-156468838,S2-169257524,0.9871,0,0.855,0.0,US,same_name_diff_address,1
S1-622796527,S2-445969494,0.9871,0,0.855,0.0,US,same_name_diff_address,1
S1-923963692,S2-933849534,0.9871,0,0.855,0.0,US,same_name_diff_address,1
S1-75292770,S2-996773066,0.9871,0,0.855,0.0,US,same_name_diff_address,1
S1-628664325,S2-821378679,0.9871,0,0.855,0.0,US,same_name_diff_address,1
S1-682596369,S2-85594044,0.9871,0,0.855,0.0,US,same_name_diff_address,1
S1-126340833,S2-238388254,0.9871,0,0.855,0.0,US,same_name_diff_address,1
S1-393833765,S3-556610296,0.9871,0,0.6333,0.0,INDIA,missing_address_collision,1
S1-789220035,S2-700896406,0.9871,0,0.855,0.0,US,same_name_diff_address,1
S1-834826342,S2-815070945,0.9871,0,0.855,0.0,INDIA,same_name_diff_address,1
S1-834826342,S2-359952321,0.9871,0,0.855,0.0,INDIA,same_name_diff_address,1
S1-809750410,S2-140006950,0.9871,0,0.855,0.0,US,same_name_diff_address,1
S1-410892386,S2-187716973,0.9871,0,0.855,0.0,US,same_name_diff_address,1
S1-125149268,S2-790902585,0.9871,0,0.855,0.0,US,same_name_diff_address,1
S1-261793141,S2-447042545,0.9871,0,0.486,0.0,US,missing_address_collision,1
S1-345762666,S2-889828768,0.9871,0,0.855,0.0,US,same_name_diff_address,1
S1-932003413,S2-851099966,0.9871,0,0.855,0.0,INDIA,same_name_diff_address,1
S1-470902837,S2-343133767,0.9871,0,0.5385,0.0,INDIA,missing_address_collision,1
S1-4944642,S2-11849689,0.9871,0,0.4561,0.0,US,missing_address_collision,1
S1-532599279,S2-586311529,0.9871,0,0.855,0.0,US,same_name_diff_address,1
S1-604665206,S2-55739377,0.9871,0,0.855,0.0,US,same_name_diff_address,1
S1-38089680,S2-584128049,0.9871,0,0.855,0.0,US,same_name_diff_address,1
S1-237121867,S2-560150884,0.9871,0,0.855,0.0,US,same_name_diff_address,1
S1-359802971,S2-865149586,0.9871,0,0.4361,0.0,US,missing_address_collision,1
S1-977424356,S3-708137868,0.9871,0,0.855,0.0,US,same_name_diff_address,1
S1-983847659,S2-652409487,0.9871,0,0.855,0.0,US,same_name_diff_address,1
S1-279132761,S2-535979246,0.9871,0,0.855,0.0,US,same_name_diff_address,1
S1-948533244,S2-305704366,0.9871,0,0.6269,0.0,INDIA,missing_address_collision,1
S1-288631095,S2-368909348,0.9871,0,0.855,0.0,INDIA,same_name_diff_address,1
S1-105451287,S2-643673307,0.9871,0,0.5333,0.0,US,missing_address_collision,1
S1-15934845,S2-922225761,0.9871,0,0.855,0.0,US,same_name_diff_address,1
S1-198727287,S2-914123347,0.9871,0,0.855,0.0,INDIA,same_name_diff_address,1
S1-751372181,S2-192906551,0.9871,0,0.855,0.0,US,same_name_diff_address,1
S1-556219438,S2-246827151,0.9871,0,0.855,0.0,INDIA,same_name_diff_address,1
S1-594972700,S2-875448483,0.9871,0,0.855,0.0,US,same_name_diff_address,1
S1-160151329,S2-944829652,0.9871,0,0.855,0.0,US,same_name_diff_address,1
S1-918604432,S2-704915504,0.9871,0,0.855,0.0,US,same_name_diff_address,1
S1-872028809,S2-723222150,0.9871,0,0.855,0.0,US,same_name_diff_address,1
S1-948592755,S2-107190104,0.9871,0,0.5833,0.0,INDIA,missing_address_collision,1
S1-953830310,S2-417650570,0.9871,0,0.855,0.0,INDIA,same_name_diff_address,1
S1-627942187,S2-404802370,0.9871,0,0.855,0.0,US,same_name_diff_address,1
S1-211594196,S2-119789020,0.9871,0,0.855,0.0,INDIA,same_name_diff_address,1
S1-250543170,S2-189859274,0.9871,0,0.6212,0.0,INDIA,missing_address_collision,1
S1-661858870,S2-949335075,0.987,0,0.855,0.0,US,same_name_diff_address,1
S1-902698555,S2-52281693,0.987,0,0.855,0.0,US,same_name_diff_address,1
S1-584123256,S2-340885358,0.987,0,0.855,0.0,US,same_name_diff_address,1
S1-366293186,S3-637920409,0.987,0,0.6435,0.0,INDIA,missing_address_collision,1
S1-777943225,S2-28760867,0.987,0,0.855,0.0,US,same_name_diff_address,1
S1-957522859,S2-621063647,0.987,0,0.855,0.0,INDIA,same_name_diff_address,1
S1-501401437,S2-402840335,0.987,0,0.855,0.0,US,same_name_diff_address,1
S1-644181454,S2-458856796,0.987,0,0.855,0.0,US,same_name_diff_address,1
S1-275770521,S2-552647347,0.987,0,0.855,0.0,US,same_name_diff_address,1
S1-96319536,S2-668774644,0.987,0,0.855,0.0,US,same_name_diff_address,1
S1-386799495,S2-623377821,0.987,0,0.855,0.0,US,same_name_diff_address,1
S1-961695536,S2-464997068,0.987,0,0.855,0.0,US,same_name_diff_address,1
S1-94760187,S2-9268532,0.987,0,0.855,0.0,US,same_name_diff_address,1
S1-386799495,S2-122034330,0.987,0,0.855,0.0,US,same_name_diff_address,1
S1-904206685,S2-325836520,0.987,0,0.855,0.0,US,same_name_diff_address,1
S1-789364713,S2-791916513,0.987,0,0.855,0.0,INDIA,same_name_diff_address,1
S1-726778170,S2-593051228,0.987,0,0.855,0.0,US,same_name_diff_address,1
S1-486511981,S2-783808396,0.987,0,0.855,0.0,US,same_name_diff_address,1
S1-742167318,S2-287241449,0.987,0,0.855,0.0,US,same_name_diff_address,1
S1-867477149,S2-824559137,0.987,0,0.855,0.0,INDIA,same_name_diff_address,1
S1-261793141,S2-797704890,0.987,0,0.4071,0.0,US,missing_address_collision,1
S1-801447285,S2-147755578,0.987,0,0.855,0.0,US,same_name_diff_address,1
S1-945768278,S2-274992453,0.987,0,0.855,0.0,INDIA,same_name_diff_address,1
S1-983315800,S2-315000856,0.987,0,0.855,0.0,US,same_name_diff_address,1
S1-38089680,S2-752394242,0.987,0,0.855,0.0,US,same_name_diff_address,1
S1-215177900,S2-974728408,0.987,0,0.855,0.0,US,same_name_diff_address,1
S1-771512643,S2-741968175,0.987,0,0.855,0.0,INDIA,same_name_diff_address,1
S1-907609163,S2-31147163,0.987,0,0.855,0.0,US,same_name_diff_address,1
S1-806879810,S2-224834843,0.987,0,0.855,0.0,US,same_name_diff_address,1
S1-886351991,S2-562595748,0.987,0,0.4138,0.0,INDIA,missing_address_collision,1
S1-164446819,S2-979337398,0.987,0,0.5489,0.0,US,missing_address_collision,1
S1-306800529,S2-321452375,0.987,0,0.855,0.0,US,same_name_diff_address,1
S1-165131160,S2-71892877,0.987,0,0.855,0.0,US,same_name_diff_address,1
S1-902698555,S2-403433985,0.987,0,0.855,0.0,US,same_name_diff_address,1
S1-716526758,S2-947154449,0.987,0,0.855,0.0,US,same_name_diff_address,1
S1-140266551,S2-292203869,0.987,0,0.855,0.0,INDIA,same_name_diff_address,1
S1-299434695,S2-527530998,0.987,0,0.855,0.0,US,same_name_diff_address,1
S1-549172475,S2-724790819,0.987,0,0.855,0.0,US,same_name_diff_address,1
S1-140491869,S2-284388165,0.987,0,0.855,0.0,US,same_name_diff_address,1
S1-526148442,S2-138137291,0.987,0,0.855,0.0,US,same_name_diff_address,1
S1-969086774,S2-857381029,0.987,0,0.855,0.0,US,same_name_diff_address,1
S1-858011921,S2-879775888,0.987,0,0.855,0.0,US,same_name_diff_address,1
S1-609484556,S2-625740900,0.987,0,0.855,0.0,US,same_name_diff_address,1
S1-633247349,S2-929686457,0.987,0,0.855,0.0,US,same_name_diff_address,1
S1-19709148,S2-376671655,0.987,0,0.855,0.0,INDIA,same_name_diff_address,1
S1-143490079,S2-150292067,0.987,0,0.855,0.0,US,same_name_diff_address,1
S1-360759686,S2-364913143,0.987,0,0.4681,0.0,US,missing_address_collision,1
S1-5371565,S2-277757226,0.987,0,0.855,0.0,US,same_name_diff_address,1
S1-501060853,S2-248588282,0.987,0,0.855,0.0,US,same_name_diff_address,1
S1-985953719,S2-23002328,0.987,0,0.855,0.0,US,same_name_diff_address,1
S1-149673885,S2-159143572,0.987,0,0.4706,0.0,US,missing_address_collision,1
S1-802975790,S2-754247052,0.987,0,0.855,0.0,US,same_name_diff_address,1
S1-672288059,S2-279751122,0.987,0,0.855,0.0,US,same_name_diff_address,1
S1-646836562,S2-869439563,0.987,0,0.855,0.0,US,same_name_diff_address,1
S1-704910163,S2-349553370,0.987,0,0.855,0.0,INDIA,same_name_diff_address,1
S1-784630717,S2-768795437,0.987,0,0.855,0.0,INDIA,same_name_diff_address,1
S1-314431449,S2-538679606,0.987,0,0.855,0.0,US,same_name_diff_address,1
S1-669984442,S2-214314132,0.987,0,0.5,0.0,INDIA,missing_address_collision,1
S1-639466804,S2-469976509,0.987,0,0.855,0.0,US,same_name_diff_address,1
S1-614063219,S2-629362020,0.987,0,0.855,0.0,US,same_name_diff_address,1
S1-994562678,S2-355500697,0.987,0,0.855,0.0,INDIA,same_name_diff_address,1
S1-554947123,S2-490237091,0.987,0,0.5846,0.0,US,missing_address_collision,1
S1-205792125,S2-582739357,0.987,0,0.855,0.0,US,same_name_diff_address,1
S1-941211728,S2-699676694,0.987,0,0.855,0.0,US,same_name_diff_address,1
S1-959968859,S2-996607512,0.987,0,0.855,0.0,US,same_name_diff_address,1
S1-744807257,S2-851475282,0.987,0,0.855,0.0,INDIA,same_name_diff_address,1
S1-321093577,S2-91489040,0.987,0,0.4056,0.0,US,missing_address_collision,1
S1-558527282,S2-103307402,0.987,0,0.855,0.0,INDIA,same_name_diff_address,1
S1-651911804,S2-401214880,0.987,0,0.855,0.0,US,same_name_diff_address,1
S1-509173875,S2-316705054,0.9869,0,0.5262,0.0,INDIA,missing_address_collision,1
S1-870275626,S2-197892615,0.9869,0,0.855,0.0,INDIA,same_name_diff_address,1
S1-698205190,S3-967892240,0.9869,0,0.855,0.0,US,same_name_diff_address,1
S1-518755139,S2-615966527,0.9869,0,0.855,0.0,INDIA,same_name_diff_address,1
S1-949571028,S2-781689702,0.9869,0,0.855,0.0,US,same_name_diff_address,1
S1-698205190,S3-452481600,0.9869,0,0.855,0.0,US,same_name_diff_address,1
S1-707664380,S2-622145841,0.9869,0,0.855,0.0,US,same_name_diff_address,1
S1-325361845,S2-99048243,0.9869,0,0.855,0.0,US,same_name_diff_address,1
S1-594484457,S2-260424597,0.9869,0,0.855,0.0,US,same_name_diff_address,1
S1-167786139,S2-378626335,0.9869,0,0.855,0.0,INDIA,same_name_diff_address,1
S1-474178268,S2-639142670,0.9869,0,0.855,0.0,US,same_name_diff_address,1
S1-282466909,S2-30092263,0.9869,0,0.855,0.0,US,same_name_diff_address,1
S1-117231640,S2-169657343,0.9869,0,0.855,0.0,US,same_name_diff_address,1
S1-240389338,S2-480954065,0.9869,0,0.6107,0.0,US,missing_address_collision,1
S1-653961414,S2-84782426,0.9869,0,0.5225,0.0,US,missing_address_collision,1
S1-866812329,S2-823316626,0.9869,0,0.4848,0.0,US,missing_address_collision,1
S1-896515649,S2-355065838,0.9869,0,0.855,0.0,US,same_name_diff_address,1
S1-238056065,S2-566566838,0.9869,0,0.5783,0.0,US,missing_address_collision,1
S1-932942894,S2-909377951,0.9869,0,0.855,0.0,US,same_name_diff_address,1
S1-526417055,S3-333901785,0.9869,0,0.855,0.0,US,same_name_diff_address,1
S1-26307968,S3-315002330,0.9869,0,0.855,0.0,US,same_name_diff_address,1
S1-765037628,S2-973022960,0.9869,0,0.855,0.0,US,same_name_diff_address,1
S1-737204534,S2-424941083,0.9869,0,0.855,0.0,US,same_name_diff_address,1
S1-884610555,S2-952265843,0.9869,0,0.855,0.0,US,same_name_diff_address,1
S1-963716392,S2-559080902,0.9869,0,0.855,0.0,US,same_name_diff_address,1
S1-495590246,S2-850925024,0.9869,0,0.855,0.0,INDIA,same_name_diff_address,1
S1-674132530,S2-626535767,0.9869,0,0.855,0.0,US,same_name_diff_address,1
S1-21103015,S2-635823768,0.9869,0,0.855,0.0,US,same_name_diff_address,1
S1-763512331,S2-716946126,0.9869,0,0.4872,0.0,US,missing_address_collision,1
S1-873849701,S2-535693060,0.9869,0,0.855,0.0,US,same_name_diff_address,1
S1-736234754,S2-987592451,0.9869,0,0.6107,0.0,INDIA,missing_address_collision,1
S1-708846079,S2-869964400,0.9869,0,0.6196,0.0,INDIA,missing_address_collision,1
S1-955770991,S2-264237808,0.9869,0,0.855,0.0,US,same_name_diff_address,1
S1-392731643,S2-198501755,0.9869,0,0.855,0.0,US,same_name_diff_address,1
S1-10621239,S2-242165207,0.9869,0,0.855,0.0,INDIA,same_name_diff_address,1
S1-814094524,S2-670327733,0.9869,0,0.855,0.0,INDIA,same_name_diff_address,1
S1-161509414,S2-839677052,0.9869,0,0.855,0.0,US,same_name_diff_address,1
S1-451383123,S2-904472053,0.9869,0,0.855,0.0,US,same_name_diff_address,1
S1-547562707,S2-187119127,0.9869,0,0.855,0.0,US,same_name_diff_address,1
S1-99007394,S2-437051665,0.9869,0,0.855,0.0,US,same_name_diff_address,1
S1-556186965,S2-551168288,0.9869,0,0.855,0.0,US,same_name_diff_address,1
S1-963311162,S2-243708813,0.9869,0,0.855,0.0,US,same_name_diff_address,1
S1-443346928,S2-429408762,0.9869,0,0.855,0.0,US,same_name_diff_address,1
S1-715393417,S2-629662632,0.9869,0,0.855,0.0,US,same_name_diff_address,1
S1-433419997,S2-897597019,0.9869,0,0.7,0.0,US,missing_address_collision,1
S1-492866747,S2-503742983,0.9869,0,0.855,0.0,US,same_name_diff_address,1
S1-68835594,S2-528080762,0.9869,0,0.855,0.0,US,same_name_diff_address,1
S1-262415768,S2-246930402,0.9869,0,0.855,0.0,US,same_name_diff_address,1
S1-133336522,S2-263879122,0.9868,0,0.855,0.0,INDIA,same_name_diff_address,1
S1-397498202,S2-308222417,0.9868,0,0.6333,0.0,US,missing_address_collision,1
S1-463001178,S2-70521653,0.9868,0,0.855,0.0,US,same_name_diff_address,1
S1-94458472,S2-764382118,0.9868,0,0.6667,0.0,INDIA,missing_address_collision,1
S1-422362912,S2-70009557,0.9868,0,0.855,0.0,US,same_name_diff_address,1
S1-320181892,S3-470153167,0.9868,0,0.5833,0.0,INDIA,missing_address_collision,1
S1-900744607,S2-387868262,0.9868,0,0.855,0.0,INDIA,same_name_diff_address,1
S1-111710851,S2-137896681,0.9868,0,0.855,0.0,US,same_name_diff_address,1
S1-834506462,S2-641607005,0.9868,0,0.57,0.0,INDIA,missing_address_collision,1
S1-745165081,S2-917241504,0.9868,0,0.4567,0.0,US,missing_address_collision,1
S1-266059046,S2-323028649,0.9868,0,0.855,0.0,US,same_name_diff_address,1
S1-720741418,S2-74476331,0.9868,0,0.855,0.0,US,same_name_diff_address,1
S1-605221148,S2-723222150,0.9868,0,0.855,0.0,US,same_name_diff_address,1
S1-803898460,S3-718595835,0.9868,0,0.5085,0.0,US,missing_address_collision,1
S1-257672216,S2-171959621,0.9868,0,0.855,0.0,US,same_name_diff_address,1
S1-94458472,S2-344462712,0.9868,0,0.4407,0.0,INDIA,missing_address_collision,1
S1-318174497,S2-935543344,0.9868,0,0.4928,0.0,US,missing_address_collision,1
S1-496860025,S2-384198832,0.9868,0,0.855,0.0,INDIA,same_name_diff_address,1
S1-604818168,S2-336270713,0.9868,0,0.457,0.0,US,missing_address_collision,1
S1-239384693,S2-433265018,0.9868,0,0.855,0.0,INDIA,same_name_diff_address,1
S1-824806831,S2-281135369,0.9868,0,0.6592,0.0,INDIA,missing_address_collision,1
S1-165581292,S2-161450580,0.9868,0,0.855,0.0,INDIA,same_name_diff_address,1
S1-28733915,S2-509803233,0.9868,0,0.855,0.0,INDIA,same_name_diff_address,1
S1-303333430,S2-806896527,0.9868,0,0.855,0.0,US,same_name_diff_address,1
S1-599063071,S2-901327931,0.9868,0,0.4255,0.0,US,missing_address_collision,1
S1-767613510,S2-3867001,0.9868,0,0.855,0.0,INDIA,same_name_diff_address,1
S1-321748315,S2-892255506,0.9868,0,0.5569,0.0,INDIA,missing_address_collision,1
S1-986089492,S2-129754152,0.9868,0,0.855,0.0,US,same_name_diff_address,1
S1-88693666,S2-864311582,0.9868,0,0.855,0.0,US,same_name_diff_address,1
S1-566353143,S2-183034836,0.9867,0,0.855,0.0,US,same_name_diff_address,1
S1-188224522,S2-435525673,0.9867,0,0.855,0.0,INDIA,same_name_diff_address,1
S1-19659675,S2-452992850,0.9867,0,0.547,0.0,US,missing_address_collision,1
S1-896639760,S2-291651122,0.9867,0,0.4259,0.0,US,missing_address_collision,1
S1-1401069,S2-918556821,0.9867,0,0.855,0.0,US,same_name_diff_address,1
S1-625180609,S2-421432053,0.9867,0,0.855,0.0,INDIA,same_name_diff_address,1
S1-996357554,S2-434508853,0.9867,0,0.855,0.0,US,same_name_diff_address,1
S1-79707013,S2-629323995,0.9867,0,0.855,0.0,US,same_name_diff_address,1
S1-50401705,S2-257536653,0.9867,0,0.381,0.0,US,missing_address_collision,1
S1-242529959,S2-978259050,0.9867,0,0.855,0.0,US,same_name_diff_address,1
S1-184483954,S2-372511396,0.9867,0,0.6564,0.0,INDIA,missing_address_collision,1
S1-583324918,S2-299077970,0.9867,0,0.855,0.0,US,same_name_diff_address,1
S1-449128211,S2-970607804,0.9867,0,0.3725,0.0,INDIA,missing_address_collision,1
S1-493767627,S3-322560796,0.9867,0,0.855,0.0,INDIA,same_name_diff_address,1
S1-684634237,S2-298049994,0.9867,0,0.855,0.0,INDIA,same_name_diff_address,1
S1-344967141,S2-890283669,0.9867,0,0.4222,0.0,US,missing_address_collision,1
S1-678641240,S2-357596134,0.9867,0,0.855,0.0,US,same_name_diff_address,1
S1-584665815,S2-71870480,0.9867,0,0.855,0.0,INDIA,same_name_diff_address,1
S1-33824155,S2-985090575,0.9867,0,0.855,0.0,US,same_name_diff_address,1
S1-575667948,S2-160845560,0.9867,0,0.855,0.0,US,same_name_diff_address,1
S1-126251355,S2-904559692,0.9867,0,0.855,0.0,US,same_name_diff_address,1
S1-334472800,S2-682660453,0.9867,0,0.855,0.0,INDIA,same_name_diff_address,1
S1-951166558,S2-974663701,0.9867,0,0.855,0.0,US,same_name_diff_address,1
S1-433419997,S2-413248005,0.9867,0,0.855,0.0,US,same_name_diff_address,1
S1-724150941,S2-715829537,0.9867,0,0.475,0.0,US,missing_address_collision,1
S1-189233544,S2-738126856,0.9867,0,0.4638,0.0,US,missing_address_collision,1
S1-949199510,S2-296933706,0.9867,0,0.5818,0.0,INDIA,missing_address_collision,1
S1-437376255,S2-303851129,0.9867,0,0.855,0.0,INDIA,same_name_diff_address,1
S1-790766886,S2-526221748,0.9867,0,0.855,0.0,INDIA,same_name_diff_address,1
S1-174747762,S3-869431158,0.9867,0,0.855,0.0,US,same_name_diff_address,1
S1-893578666,S3-36324199,0.9867,0,0.855,0.0,US,same_name_diff_address,1
S1-156326596,S2-717683603,0.9867,0,0.5736,0.0,INDIA,missing_address_collision,1
S1-746820600,S3-335685182,0.9867,0,0.855,0.0,INDIA,same_name_diff_address,1
S1-577441760,S2-683726574,0.9867,0,0.855,0.0,US,same_name_diff_address,1
S1-114934152,S2-261082583,0.9867,0,0.7389,0.0,INDIA,missing_address_collision,1
S1-675256628,S2-886619915,0.9867,0,0.855,0.0,US,same_name_diff_address,1
S1-573626009,S2-954878629,0.9867,0,0.855,0.0,US,same_name_diff_address,1
S1-587239943,S2-483456642,0.9867,0,0.855,0.0,INDIA,same_name_diff_address,1
S1-868594435,S2-778856885,0.9867,0,0.855,0.0,INDIA,same_name_diff_address,1
S1-725866160,S2-756283883,0.9867,0,0.855,0.0,US,same_name_diff_address,1
S1-229203396,S2-811351051,0.9867,0,0.855,0.0,US,same_name_diff_address,1
S1-603418105,S2-837939746,0.9867,0,0.855,0.0,INDIA,same_name_diff_address,1
S1-426670352,S2-273293218,0.9867,0,0.855,0.0,US,same_name_diff_address,1
S1-965643522,S2-158962093,0.9866,0,0.549,0.0,INDIA,missing_address_collision,1
S1-372107745,S2-994775794,0.9866,0,0.855,0.0,INDIA,same_name_diff_address,1
S1-791012744,S2-405305458,0.9866,0,0.855,0.0,INDIA,same_name_diff_address,1
S1-673219419,S2-469280017,0.9866,0,0.855,0.0,INDIA,same_name_diff_address,1
S1-936802274,S2-549648579,0.9866,0,0.855,0.0,US,same_name_diff_address,1
S1-940007088,S2-855404242,0.9866,0,0.855,0.0,US,same_name_diff_address,1
S1-212621203,S2-42658812,0.9866,0,0.4071,0.0,US,missing_address_collision,1
S1-620628278,S2-134768407,0.9866,0,0.855,0.0,INDIA,same_name_diff_address,1
S1-257535907,S2-967811977,0.9866,0,0.855,0.0,US,same_name_diff_address,1
S1-5371565,S2-29851374,0.9866,0,0.855,0.0,US,same_name_diff_address,1
S1-736541715,S2-455939758,0.9866,0,0.855,0.0,INDIA,same_name_diff_address,1
S1-900744607,S2-124837546,0.9866,0,0.855,0.0,INDIA,same_name_diff_address,1
S1-59750594,S2-479492647,0.9866,0,0.4425,0.0,US,missing_address_collision,1
S1-572394118,S2-817986494,0.9866,0,0.4307,0.0,US,missing_address_collision,1
S1-280191124,S2-564059404,0.9866,0,0.855,0.0,INDIA,same_name_diff_address,1
S1-13128439,S2-89188025,0.9866,0,0.5926,0.0,US,missing_address_collision,1
S1-249824832,S2-474373049,0.9866,0,0.855,0.0,US,same_name_diff_address,1
S1-479441156,S2-57078059,0.9866,0,0.855,0.0,INDIA,same_name_diff_address,1
S1-817152886,S2-662273504,0.9866,0,0.4318,0.0,US,missing_address_collision,1
S1-517886248,S3-289003072,0.9866,0,0.855,0.0,INDIA,same_name_diff_address,1
S1-173702927,S2-178530068,0.9866,0,0.855,0.0,US,same_name_diff_address,1
S1-586070295,S2-788231436,0.9866,0,0.855,0.0,US,same_name_diff_address,1
S1-857770415,S2-60143088,0.9866,0,0.855,0.0,US,same_name_diff_address,1
S1-674132530,S2-765275636,0.9866,0,0.855,0.0,US,same_name_diff_address,1
S1-624853217,S2-150986492,0.9866,0,0.855,0.0,US,same_name_diff_address,1
S1-432036816,S2-995880456,0.9866,0,0.855,0.0,US,same_name_diff_address,1
S1-932717690,S2-670982877,0.9866,0,0.4419,0.0,INDIA,missing_address_collision,1
S1-298764126,S2-86378503,0.9866,0,0.855,0.0,US,same_name_diff_address,1
S1-657593553,S2-944030991,0.9866,0,0.855,0.0,US,same_name_diff_address,1
S1-368510792,S2-619332763,0.9866,0,0.855,0.0,US,same_name_diff_address,1
S1-416751794,S2-144695031,0.9866,0,0.855,0.0,INDIA,same_name_diff_address,1
S1-925904259,S2-320317223,0.9866,0,0.855,0.0,US,same_name_diff_address,1
S1-181661921,S2-959702434,0.9866,0,0.57,0.0,INDIA,missing_address_collision,1
S1-801447285,S2-105265257,0.9865,0,0.4167,0.0,US,missing_address_collision,1
S1-613026427,S2-612053142,0.9865,0,0.4507,0.0,US,missing_address_collision,1
S1-506699479,S2-686015643,0.9865,0,0.855,0.0,US,same_name_diff_address,1
S1-49141450,S2-21141595,0.9865,0,0.855,0.0,US,same_name_diff_address,1
S1-421199511,S2-279235303,0.9865,0,0.5833,0.0,US,missing_address_collision,1
S1-811531903,S2-196253290,0.9865,0,0.855,0.0,INDIA,same_name_diff_address,1
S1-745165081,S2-704667746,0.9865,0,0.855,0.0,US,same_name_diff_address,1
S1-322796434,S2-507137979,0.9865,0,0.855,0.0,US,same_name_diff_address,1
S1-295650782,S2-877739552,0.9865,0,0.855,0.0,INDIA,same_name_diff_address,1
S1-704495491,S2-448761287,0.9865,0,0.5089,0.0,US,missing_address_collision,1
S1-254988678,S2-679046111,0.9865,0,0.855,0.0,US,same_name_diff_address,1
S1-366175693,S2-919662731,0.9865,0,0.855,0.0,INDIA,same_name_diff_address,1
S1-368636355,S2-787162805,0.9865,0,0.855,0.0,INDIA,same_name_diff_address,1
S1-910933659,S2-809826638,0.9865,0,0.4543,0.0,INDIA,missing_address_collision,1
S1-585977458,S2-604297018,0.9865,0,0.855,0.0,US,same_name_diff_address,1
S1-59250304,S3-641433844,0.9865,0,0.707,0.0,INDIA,missing_address_collision,1
S1-343192202,S2-103085663,0.9865,0,0.855,0.0,INDIA,same_name_diff_address,1
S1-692882172,S2-703436164,0.9865,0,0.855,0.0,INDIA,same_name_diff_address,1
S1-745538741,S2-351379036,0.9865,0,0.855,0.0,INDIA,same_name_diff_address,1
S1-837806188,S2-23318320,0.9865,0,0.6628,0.0,INDIA,missing_address_collision,1
S1-959843240,S2-992295868,0.9865,0,0.855,0.0,US,same_name_diff_address,1
S1-117182649,S3-259398021,0.9865,0,0.566,0.0,INDIA,missing_address_collision,1
S1-4546651,S2-601571692,0.9865,0,0.4333,0.0,INDIA,missing_address_collision,1
S1-823915004,S2-363913406,0.9865,0,0.855,0.0,INDIA,same_name_diff_address,1
S1-200667387,S2-205903179,0.9865,0,0.4385,0.0,US,missing_address_collision,1
S1-819998991,S2-525245730,0.9865,0,0.855,0.0,US,same_name_diff_address,1
S1-13740049,S2-645541825,0.9865,0,0.855,0.0,INDIA,same_name_diff_address,1
S1-161813396,S2-551568428,0.9865,0,0.855,0.0,US,same_name_diff_address,1
S1-834602215,S2-919129491,0.9865,0,0.855,0.0,US,same_name_diff_address,1
S1-244073202,S2-261998964,0.9865,0,0.5153,0.0,US,missing_address_collision,1
S1-368636355,S2-830511564,0.9865,0,0.5542,0.0,INDIA,missing_address_collision,1
S1-110890522,S3-761426242,0.9865,0,0.6951,0.0,INDIA,missing_address_collision,1
S1-599131114,S2-332725413,0.9865,0,0.5588,0.0,US,missing_address_collision,1
S1-344967141,S3-852715108,0.9865,0,0.38,0.0,US,missing_address_collision,1
S1-230524166,S2-449300964,0.9865,0,0.855,0.0,US,same_name_diff_address,1
S1-950901627,S2-349590124,0.9865,0,0.4773,0.0,US,missing_address_collision,1
S1-281130497,S2-460581818,0.9864,0,0.855,0.0,US,same_name_diff_address,1
S1-729360626,S2-678040359,0.9864,0,0.855,0.0,US,same_name_diff_address,1
S1-869996259,S2-456473571,0.9864,0,0.855,0.0,US,same_name_diff_address,1
S1-142124620,S2-394316698,0.9864,0,0.855,0.0,US,same_name_diff_address,1
S1-585255607,S2-692599328,0.9864,0,0.855,0.0,US,same_name_diff_address,1
S1-509171506,S2-75783197,0.9864,0,0.855,0.0,US,same_name_diff_address,1
S1-862418587,S2-813433370,0.9864,0,0.855,0.0,US,same_name_diff_address,1
S1-790766886,S2-122601836,0.9864,0,0.6435,0.0,INDIA,missing_address_collision,1
S1-598513377,S3-142419956,0.9864,0,0.855,0.8354,INDIA,high_name_high_address_wrong_entity,1
S1-161813396,S2-821378679,0.9864,0,0.855,0.0,US,same_name_diff_address,1
S1-433770166,S2-371122035,0.9864,0,0.855,0.0,US,same_name_diff_address,1
S1-158098205,S2-897663517,0.9864,0,0.855,0.0,INDIA,same_name_diff_address,1
S1-715393417,S2-910824730,0.9864,0,0.855,0.0,US,same_name_diff_address,1
S1-921569596,S2-724647958,0.9864,0,0.855,0.0,US,same_name_diff_address,1
S1-108560779,S2-969057072,0.9864,0,0.855,0.0,INDIA,same_name_diff_address,1
S1-291677987,S2-924635198,0.9864,0,0.855,0.0,US,same_name_diff_address,1
S1-80183072,S2-472398573,0.9864,0,0.855,0.0,US,same_name_diff_address,1
S1-244101592,S2-983445615,0.9864,0,0.855,0.0,INDIA,same_name_diff_address,1
S1-834826342,S2-947885656,0.9864,0,0.855,0.0,INDIA,same_name_diff_address,1
S1-966179715,S2-903293965,0.9864,0,0.855,0.0,INDIA,same_name_diff_address,1
S1-788609444,S2-344464358,0.9864,0,0.855,0.0,US,same_name_diff_address,1
S1-981682450,S2-839451942,0.9864,0,0.855,0.0,US,same_name_diff_address,1
S1-379291774,S2-510999816,0.9864,0,0.855,0.0,US,same_name_diff_address,1
S1-50198821,S2-895292310,0.9864,0,0.855,0.0,US,same_name_diff_address,1
S1-191709085,S2-246487798,0.9864,0,0.855,0.0,US,same_name_diff_address,1
S1-790934041,S2-863721825,0.9864,0,0.855,0.0,US,same_name_diff_address,1
S1-152964811,S2-330749748,0.9864,0,0.855,0.0,US,same_name_diff_address,1
S1-206333722,S2-416198931,0.9864,0,0.855,0.0,US,same_name_diff_address,1
S1-925853913,S2-141417291,0.9864,0,0.855,0.0,US,same_name_diff_address,1
S1-625484557,S2-669355437,0.9864,0,0.855,0.0,US,same_name_diff_address,1
S1-680474382,S2-789990734,0.9864,0,0.855,0.0,US,same_name_diff_address,1
S1-701973838,S2-462919842,0.9864,0,0.855,0.0,US,same_name_diff_address,1
S1-765490588,S2-635096497,0.9864,0,0.855,0.0,US,same_name_diff_address,1
S1-158289548,S2-433730607,0.9864,0,0.855,0.0,INDIA,same_name_diff_address,1
S1-788609444,S2-855123106,0.9864,0,0.855,0.0,US,same_name_diff_address,1
S1-167284834,S2-625513205,0.9864,0,0.427,0.0,US,missing_address_collision,1
S1-122799344,S2-981125926,0.9864,0,0.855,0.0,US,same_name_diff_address,1
S1-265689305,S2-769839615,0.9864,0,0.855,0.0,US,same_name_diff_address,1
S1-185197727,S2-722348280,0.9864,0,0.855,0.0,US,same_name_diff_address,1
S1-79346332,S2-889784577,0.9864,0,0.855,0.0,US,same_name_diff_address,1
S1-510745714,S2-269652493,0.9864,0,0.855,0.0,US,same_name_diff_address,1
S1-539448237,S2-76294066,0.9864,0,0.855,0.0,US,same_name_diff_address,1
S1-274587839,S2-593436100,0.9864,0,0.855,0.0,US,same_name_diff_address,1
S1-283968999,S2-716802814,0.9864,0,0.855,0.0,US,same_name_diff_address,1
S1-727505118,S2-875612452,0.9864,0,0.5769,0.0,INDIA,missing_address_collision,1
S1-429180351,S2-537075085,0.9864,0,0.855,0.0,INDIA,same_name_diff_address,1
S1-170834484,S2-566951868,0.9863,0,0.855,0.0,US,same_name_diff_address,1
S1-858011921,S2-948854005,0.9863,0,0.5278,0.0,US,missing_address_collision,1
S1-198918102,S2-703144835,0.9863,0,0.855,0.0,INDIA,same_name_diff_address,1
S1-400072777,S3-448635114,0.9863,0,0.6667,0.0,INDIA,missing_address_collision,1
S1-683999279,S2-378545606,0.9863,0,0.475,0.0,US,missing_address_collision,1
S1-649867448,S2-707467362,0.9863,0,0.855,0.0,US,same_name_diff_address,1
S1-341555496,S2-420941235,0.9863,0,0.855,0.0,US,same_name_diff_address,1
S1-75292770,S2-326556074,0.9863,0,0.855,0.0,US,same_name_diff_address,1
S1-337480574,S2-529837069,0.9863,0,0.855,0.0,US,same_name_diff_address,1
S1-981682450,S2-230201099,0.9863,0,0.855,0.0,US,same_name_diff_address,1
S1-984225334,S2-218352739,0.9863,0,0.4727,0.0,US,missing_address_collision,1
S1-984225334,S2-145963867,0.9863,0,0.855,0.0,US,same_name_diff_address,1
S1-305240952,S2-464780985,0.9863,0,0.5127,0.0,US,missing_address_collision,1
S1-902698555,S2-783726686,0.9863,0,0.855,0.0,US,same_name_diff_address,1
S1-198167315,S2-819371448,0.9863,0,0.4486,0.0,US,missing_address_collision,1
S1-152964811,S2-324843928,0.9863,0,0.855,0.0,US,same_name_diff_address,1
S1-659049170,S2-412624675,0.9863,0,0.855,0.0,US,same_name_diff_address,1
S1-855871750,S2-600751940,0.9863,0,0.855,0.0,US,same_name_diff_address,1
S1-864925494,S2-159421380,0.9863,0,0.855,0.0,INDIA,same_name_diff_address,1
S1-944589171,S2-38337005,0.9863,0,0.5122,0.0,US,missing_address_collision,1
S1-816844407,S2-389165001,0.9863,0,0.855,0.0,US,same_name_diff_address,1
S1-185203613,S3-95335854,0.9863,0,0.855,0.0,US,same_name_diff_address,1
S1-633815601,S2-326298823,0.9863,0,0.5938,0.0,US,missing_address_collision,1
S1-943381955,S2-30606695,0.9863,0,0.486,0.0,US,missing_address_collision,1
S1-742691081,S2-8132081,0.9863,0,0.855,0.0,US,same_name_diff_address,1
S1-846018599,S2-329843387,0.9863,0,0.3843,0.0,US,missing_address_collision,1
S1-649255879,S2-647965262,0.9863,0,0.855,0.0,US,same_name_diff_address,1
S1-660798027,S2-773733130,0.9863,0,0.855,0.0,US,same_name_diff_address,1
S1-342317077,S2-699829147,0.9863,0,0.855,0.0,US,same_name_diff_address,1
S1-621770287,S2-288177780,0.9863,0,0.5157,0.0,US,missing_address_collision,1
S1-930753477,S3-734440555,0.9863,0,0.855,0.0,INDIA,same_name_diff_address,1
S1-597302427,S2-156466823,0.9863,0,0.855,0.0,US,same_name_diff_address,1
S1-347016573,S2-344532163,0.9863,0,0.5089,0.0,US,missing_address_collision,1
S1-156468838,S2-902448214,0.9863,0,0.855,0.0,US,same_name_diff_address,1
S1-501401437,S2-517824204,0.9863,0,0.855,0.0,US,same_name_diff_address,1
S1-898399793,S2-20767827,0.9863,0,0.855,0.0,US,same_name_diff_address,1
S1-146334316,S2-751563100,0.9863,0,0.855,0.0,US,same_name_diff_address,1
S1-471833051,S2-542597208,0.9863,0,0.855,0.0,INDIA,same_name_diff_address,1
S1-281033619,S2-566183805,0.9863,0,0.855,0.0,INDIA,same_name_diff_address,1
S1-624853217,S2-221146073,0.9863,0,0.855,0.0,US,same_name_diff_address,1
S1-437376255,S2-960469475,0.9863,0,0.855,0.0,INDIA,same_name_diff_address,1
S1-963778507,S2-683147034,0.9863,0,0.5246,0.0,INDIA,missing_address_collision,1
S1-897147209,S2-444979347,0.9863,0,0.855,0.0,US,same_name_diff_address,1
S1-780058196,S2-404602962,0.9863,0,0.855,0.0,US,same_name_diff_address,1
S1-707653174,S2-692599328,0.9863,0,0.855,0.0,US,same_name_diff_address,1
S1-745992419,S2-181770557,0.9863,0,0.855,0.0,US,same_name_diff_address,1
S1-282928931,S2-514750312,0.9863,0,0.855,0.0,US,same_name_diff_address,1
S1-407743282,S2-593926390,0.9863,0,0.855,0.0,US,same_name_diff_address,1
S1-88385021,S2-668764989,0.9863,0,0.855,0.0,INDIA,same_name_diff_address,1
S1-433770166,S2-139511895,0.9863,0,0.855,0.0,US,same_name_diff_address,1
S1-791185772,S2-499464098,0.9863,0,0.855,0.0,US,same_name_diff_address,1
S1-807446034,S2-1109778,0.9863,0,0.5302,0.0,US,missing_address_collision,1
S1-111749802,S2-302483282,0.9863,0,0.855,0.0,US,same_name_diff_address,1
S1-337610024,S2-245126354,0.9863,0,0.855,0.0,INDIA,same_name_diff_address,1
S1-107202293,S2-924466079,0.9863,0,0.855,0.0,US,same_name_diff_address,1
S1-240647457,S2-345152867,0.9863,0,0.494,0.0,US,missing_address_collision,1
S1-603174293,S2-317510777,0.9863,0,0.855,0.0,US,same_name_diff_address,1
S1-165976889,S2-155203965,0.9863,0,0.855,0.0,US,same_name_diff_address,1
S1-474215720,S2-110349601,0.9863,0,0.855,0.0,US,same_name_diff_address,1
S1-223652440,S2-175507565,0.9863,0,0.855,0.0,US,same_name_diff_address,1
S1-132565513,S2-74176128,0.9863,0,0.855,0.0,INDIA,same_name_diff_address,1
S1-138668148,S2-276793477,0.9863,0,0.4825,0.0,US,missing_address_collision,1
S1-71482984,S2-759501686,0.9863,0,0.855,0.0,US,same_name_diff_address,1
S1-123049449,S2-668040999,0.9863,0,0.6333,0.0,INDIA,missing_address_collision,1
S1-644151710,S2-371224926,0.9863,0,0.855,0.0,INDIA,same_name_diff_address,1
S1-134567930,S2-695288261,0.9863,0,0.855,0.0,US,same_name_diff_address,1
S1-587674455,S2-155660830,0.9863,0,0.855,0.0,US,same_name_diff_address,1
S1-568913895,S2-676740422,0.9863,0,0.855,0.0,US,same_name_diff_address,1
S1-743800232,S2-691092683,0.9863,0,0.855,0.0,INDIA,same_name_diff_address,1
S1-273038383,S2-440742566,0.9863,0,0.4946,0.0,US,missing_address_collision,1
S1-454399211,S2-239978494,0.9863,0,0.855,0.0,US,same_name_diff_address,1
S1-784447275,S2-519371414,0.9863,0,0.855,0.0,INDIA,same_name_diff_address,1
S1-804280252,S2-677518196,0.9863,0,0.855,0.0,US,same_name_diff_address,1
S1-337429034,S2-567443039,0.9863,0,0.855,0.0,US,same_name_diff_address,1
S1-180270487,S2-554668366,0.9863,0,0.855,0.0,US,same_name_diff_address,1
S1-323105388,S2-677522915,0.9863,0,0.855,0.0,INDIA,same_name_diff_address,1
S1-261328716,S2-640150251,0.9863,0,0.5216,0.0,US,missing_address_collision,1
S1-262415768,S2-792481229,0.9863,0,0.5278,0.0,US,missing_address_collision,1
S1-320181892,S2-460689914,0.9863,0,0.855,0.0,INDIA,same_name_diff_address,1
S1-812603884,S2-629185991,0.9863,0,0.4706,0.0,US,missing_address_collision,1
S1-71524759,S3-169325939,0.9863,0,0.855,0.0,INDIA,same_name_diff_address,1
S1-108067613,S2-407527833,0.9863,0,0.4606,0.0,US,missing_address_collision,1
S1-108067613,S2-164526698,0.9863,0,0.4242,0.0,US,missing_address_collision,1
S1-94458472,S2-422143338,0.9863,0,0.855,0.0,INDIA,same_name_diff_address,1
S1-980477796,S2-993744308,0.9863,0,0.537,0.0,US,missing_address_collision,1
S1-240389338,S2-41864347,0.9863,0,0.855,0.0,US,same_name_diff_address,1
S1-152155110,S2-656973690,0.9863,0,0.855,0.0,INDIA,same_name_diff_address,1
S1-743800232,S2-403323152,0.9863,0,0.855,0.0,INDIA,same_name_diff_address,1
S1-550633082,S2-582227088,0.9863,0,0.855,0.0,US,same_name_diff_address,1
S1-662392587,S2-669012708,0.9863,0,0.855,0.0,US,same_name_diff_address,1
S1-977067589,S2-5693328,0.9863,0,0.4918,0.0,US,missing_address_collision,1
S1-25591429,S2-216303701,0.9863,0,0.855,0.0,US,same_name_diff_address,1
S1-354218869,S2-134301319,0.9862,0,0.855,0.0,US,same_name_diff_address,1
S1-422841779,S2-983750056,0.9862,0,0.855,0.0,US,same_name_diff_address,1
S1-951822333,S2-957175957,0.9862,0,0.855,0.0,INDIA,same_name_diff_address,1
S1-875258920,S2-161133645,0.9862,0,0.855,0.0,US,same_name_diff_address,1
S1-429439057,S2-223158081,0.9862,0,0.855,0.0,US,same_name_diff_address,1
S1-849120246,S2-541044517,0.9862,0,0.855,0.0,US,same_name_diff_address,1
S1-272765017,S2-382065346,0.9862,0,0.855,0.0,US,same_name_diff_address,1
S1-512539726,S2-281864495,0.9862,0,0.855,0.0,US,same_name_diff_address,1
S1-85287498,S2-114849738,0.9862,0,0.855,0.0,US,same_name_diff_address,1
S1-469292886,S2-792748387,0.9862,0,0.855,0.0,US,same_name_diff_address,1
S1-633815601,S2-353205439,0.9862,0,0.855,0.0,US,same_name_diff_address,1
S1-806742504,S2-504588100,0.9862,0,0.855,0.0,US,same_name_diff_address,1
S1-98384595,S2-278463403,0.9862,0,0.855,0.0,US,same_name_diff_address,1
S1-655830277,S2-123873754,0.9862,0,0.6897,0.0,INDIA,missing_address_collision,1
S1-943381955,S2-869893333,0.9862,0,0.855,0.0,US,same_name_diff_address,1
S1-981682450,S2-218176938,0.9862,0,0.5938,0.0,US,missing_address_collision,1
S1-50198821,S2-621184697,0.9862,0,0.855,0.0,US,same_name_diff_address,1
S1-307792872,S2-681794160,0.9862,0,0.855,0.0,US,same_name_diff_address,1
S1-622796527,S2-710799680,0.9862,0,0.855,0.0,US,same_name_diff_address,1
S1-882107194,S2-346650945,0.9862,0,0.855,0.0,US,same_name_diff_address,1
S1-188906309,S2-12994173,0.9862,0,0.855,0.0,US,same_name_diff_address,1
S1-908831133,S2-470091849,0.9862,0,0.855,0.0,US,same_name_diff_address,1
S1-171682575,S2-440276182,0.9862,0,0.855,0.0,US,same_name_diff_address,1
S1-496165399,S2-767585545,0.9862,0,0.855,0.0,US,same_name_diff_address,1
S1-478124474,S2-667995221,0.9862,0,0.855,0.0,US,same_name_diff_address,1
S1-201445003,S2-724952138,0.9862,0,0.855,0.0,INDIA,same_name_diff_address,1
S1-835023573,S2-633489796,0.9862,0,0.4878,0.0,US,missing_address_collision,1
S1-442819553,S2-602193017,0.9862,0,0.855,0.0,INDIA,same_name_diff_address,1
S1-424251146,S2-885564811,0.9862,0,0.855,0.0,US,same_name_diff_address,1
S1-851335813,S2-751744392,0.9862,0,0.855,0.0,US,same_name_diff_address,1
S1-134835437,S2-122859587,0.9862,0,0.855,0.0,US,same_name_diff_address,1
S1-94760187,S2-968496236,0.9862,0,0.855,0.0,US,same_name_diff_address,1
S1-134835437,S2-281864495,0.9862,0,0.855,0.0,US,same_name_diff_address,1
S1-767875356,S2-475944160,0.9862,0,0.855,0.0,US,same_name_diff_address,1
S1-135412256,S2-471764742,0.9862,0,0.855,0.0,US,same_name_diff_address,1
S1-887618717,S2-214935798,0.9862,0,0.855,0.0,INDIA,same_name_diff_address,1
S1-223652440,S2-395108784,0.9862,0,0.855,0.0,US,same_name_diff_address,1
S1-382284347,S2-706627931,0.9862,0,0.855,0.0,US,same_name_diff_address,1
S1-906130210,S2-302055763,0.9862,0,0.855,0.0,US,same_name_diff_address,1
S1-200667387,S2-224978065,0.9862,0,0.855,0.0,US,same_name_diff_address,1
S1-983967542,S3-981074758,0.9862,0,0.8444,0.855,INDIA,high_name_high_address_wrong_entity,1
S1-276017608,S2-861023215,0.9862,0,0.855,0.0,US,same_name_diff_address,1
S1-266624899,S2-985354802,0.9862,0,0.475,0.0,US,missing_address_collision,1
S1-681323519,S2-841135649,0.9862,0,0.855,0.0,US,same_name_diff_address,1
S1-401668992,S2-223022605,0.9862,0,0.855,0.0,US,same_name_diff_address,1
S1-645403526,S2-405923790,0.9862,0,0.855,0.0,US,same_name_diff_address,1
S1-956560424,S2-426344268,0.9862,0,0.855,0.0,US,same_name_diff_address,1
S1-559773226,S2-705742921,0.9862,0,0.855,0.0,US,same_name_diff_address,1
S1-578845780,S2-216367341,0.9862,0,0.855,0.0,US,same_name_diff_address,1
S1-758800585,S2-579685971,0.9862,0,0.855,0.0,US,same_name_diff_address,1
S1-280619430,S2-865490532,0.9862,0,0.855,0.0,US,same_name_diff_address,1
S1-885685342,S2-647094895,0.9862,0,0.855,0.0,US,same_name_diff_address,1
S1-907050374,S2-740949674,0.9862,0,0.6723,0.0,INDIA,missing_address_collision,1
S1-949768425,S2-514548462,0.9862,0,0.855,0.0,US,same_name_diff_address,1
S1-981355503,S2-244296251,0.9862,0,0.855,0.0,US,same_name_diff_address,1
S1-392048433,S2-438373148,0.9862,0,0.855,0.0,US,same_name_diff_address,1
S1-123280032,S2-418700129,0.9862,0,0.855,0.0,US,same_name_diff_address,1
S1-577033022,S2-351121038,0.9862,0,0.855,0.0,US,same_name_diff_address,1
S1-363326804,S2-511271984,0.9862,0,0.855,0.0,INDIA,same_name_diff_address,1
S1-737100510,S2-383146005,0.9862,0,0.855,0.0,INDIA,same_name_diff_address,1
S1-719830108,S2-843525648,0.9862,0,0.855,0.0,US,same_name_diff_address,1
S1-526767649,S2-94712007,0.9862,0,0.855,0.0,US,same_name_diff_address,1
S1-398291113,S2-20760011,0.9862,0,0.855,0.0,INDIA,same_name_diff_address,1
S1-506888143,S2-266658733,0.9862,0,0.855,0.0,INDIA,same_name_diff_address,1
S1-809987984,S2-92351294,0.9862,0,0.855,0.0,US,same_name_diff_address,1
S1-434585544,S2-524738691,0.9862,0,0.855,0.0,US,same_name_diff_address,1
S1-127216505,S2-56161362,0.9862,0,0.855,0.0,US,same_name_diff_address,1
S1-484190203,S2-991978665,0.9862,0,0.855,0.0,US,same_name_diff_address,1
S1-396851602,S2-30609651,0.9862,0,0.855,0.0,US,same_name_diff_address,1
S1-592165227,S2-225204885,0.9862,0,0.855,0.0,US,same_name_diff_address,1
S1-239384693,S2-346218095,0.9862,0,0.855,0.0,INDIA,same_name_diff_address,1
S1-301410817,S2-342393685,0.9862,0,0.855,0.0,US,same_name_diff_address,1
S1-240389338,S2-595115405,0.9862,0,0.855,0.0,US,same_name_diff_address,1
S1-476376722,S2-116845987,0.9862,0,0.855,0.0,US,same_name_diff_address,1
S1-892355286,S2-465437972,0.9862,0,0.855,0.0,INDIA,same_name_diff_address,1
S1-176042931,S2-589198423,0.9862,0,0.855,0.0,US,same_name_diff_address,1
S1-701905848,S2-939581356,0.9862,0,0.665,0.0,INDIA,missing_address_collision,1
S1-538583967,S2-720832238,0.9862,0,0.855,0.0,US,same_name_diff_address,1
S1-501401967,S2-173181252,0.9862,0,0.855,0.0,INDIA,same_name_diff_address,1
S1-917102645,S2-608444749,0.9862,0,0.5,0.0,US,missing_address_collision,1
S1-373913465,S2-610142343,0.9862,0,0.855,0.0,US,same_name_diff_address,1
S1-18574119,S2-565138825,0.9862,0,0.855,0.0,US,same_name_diff_address,1
S1-206333722,S2-246255628,0.9862,0,0.855,0.0,US,same_name_diff_address,1
S1-303462634,S2-432066922,0.9862,0,0.855,0.0,US,same_name_diff_address,1
S1-638426870,S2-723688468,0.9862,0,0.855,0.0,US,same_name_diff_address,1
S1-457542960,S2-991655594,0.9862,0,0.855,0.0,US,same_name_diff_address,1
S1-953860270,S2-365187047,0.9862,0,0.855,0.0,INDIA,same_name_diff_address,1
S1-7204381,S2-36258633,0.9862,0,0.855,0.0,US,same_name_diff_address,1
S1-774308250,S2-779478378,0.9862,0,0.855,0.0,INDIA,same_name_diff_address,1
S1-266059046,S2-880685691,0.9862,0,0.855,0.0,US,same_name_diff_address,1
S1-603739603,S2-403310643,0.9862,0,0.855,0.0,US,same_name_diff_address,1
S1-18574119,S2-245748879,0.9862,0,0.855,0.0,US,same_name_diff_address,1
S1-215350150,S2-565965219,0.9862,0,0.855,0.0,US,same_name_diff_address,1
S1-383735269,S2-364520258,0.9862,0,0.7078,0.0,INDIA,missing_address_collision,1
S1-539448237,S2-96418928,0.9862,0,0.855,0.0,US,same_name_diff_address,1
S1-710839297,S2-101770272,0.9862,0,0.855,0.0,US,same_name_diff_address,1
S1-97441547,S2-134301319,0.9862,0,0.855,0.0,US,same_name_diff_address,1
S1-920523644,S3-303226777,0.9862,0,0.855,0.0,US,same_name_diff_address,1
S1-685448245,S2-852817285,0.9862,0,0.855,0.0,US,same_name_diff_address,1
S1-779079867,S2-853633476,0.9862,0,0.855,0.0,US,same_name_diff_address,1
S1-650527809,S2-655299789,0.9862,0,0.855,0.0,US,same_name_diff_address,1
S1-95030982,S3-949319897,0.9861,0,0.5778,0.0,INDIA,missing_address_collision,1
S1-354218869,S2-42377384,0.9861,0,0.6429,0.0,US,missing_address_collision,1
S1-500446051,S2-93232933,0.9861,0,0.475,0.0,US,missing_address_collision,1
S1-350059105,S2-973865533,0.9861,0,0.6,0.0,INDIA,missing_address_collision,1
S1-283686371,S2-273344646,0.9861,0,0.4634,0.0,US,missing_address_collision,1
S1-531731190,S2-500473929,0.9861,0,0.4701,0.0,US,missing_address_collision,1
S1-224968432,S2-105508646,0.9861,0,0.4068,0.0,US,missing_address_collision,1
S1-667215690,S2-896734551,0.9861,0,0.855,0.0,US,same_name_diff_address,1
S1-501296174,S2-244332487,0.9861,0,0.387,0.0,INDIA,missing_address_collision,1
S1-531208492,S2-608090062,0.9861,0,0.4,0.0,US,missing_address_collision,1
S1-165500502,S2-393644184,0.9861,0,0.7022,0.0,INDIA,missing_address_collision,1
S1-996134559,S2-469025396,0.9861,0,0.7022,0.0,US,missing_address_collision,1
S1-156468838,S2-481577785,0.9861,0,0.4337,0.0,US,missing_address_collision,1
S1-950396054,S3-16105010,0.9861,0,0.855,0.0,US,same_name_diff_address,1
S1-489634314,S2-200545085,0.9861,0,0.855,0.0,INDIA,same_name_diff_address,1
S1-202511266,S2-650102409,0.986,0,0.7308,0.0,US,missing_address_collision,1
S1-258137306,S2-920865260,0.986,0,0.855,0.0,US,same_name_diff_address,1
S1-531208492,S2-551803420,0.986,0,0.855,0.0,US,same_name_diff_address,1
S1-22190421,S2-253788012,0.986,0,0.5466,0.0,US,missing_address_collision,1
S1-712192564,S3-824514238,0.986,0,0.855,0.0,US,same_name_diff_address,1
S1-638571423,S2-89638420,0.986,0,0.855,0.0,US,same_name_diff_address,1
S1-546808066,S3-857387829,0.986,0,0.6426,0.0,US,missing_address_collision,1
S1-582094001,S2-762331512,0.986,0,0.855,0.0,US,same_name_diff_address,1
S1-918179351,S2-661073622,0.986,0,0.5768,0.0,INDIA,missing_address_collision,1
S1-532599279,S2-821401593,0.986,0,0.6045,0.0,US,missing_address_collision,1
S1-833647400,S2-154410203,0.986,0,0.855,0.0,US,same_name_diff_address,1
S1-801459261,S2-691092683,0.986,0,0.5915,0.0,INDIA,missing_address_collision,1
S1-353047817,S2-671259667,0.986,0,0.855,0.0,INDIA,same_name_diff_address,1
S1-566476892,S2-240568347,0.986,0,0.855,0.0,INDIA,same_name_diff_address,1
S1-597283255,S2-721758818,0.986,0,0.855,0.0,US,same_name_diff_address,1
S1-25591429,S2-622493529,0.986,0,0.855,0.0,US,same_name_diff_address,1
S1-426670352,S2-809844142,0.986,0,0.855,0.0,US,same_name_diff_address,1
S1-597785899,S2-391593276,0.986,0,0.855,0.0,INDIA,same_name_diff_address,1
S1-850875949,S3-623111982,0.986,0,0.855,0.0,US,same_name_diff_address,1
S1-323096597,S2-887326349,0.986,0,0.4839,0.0,US,missing_address_collision,1
S1-698205190,S3-723456067,0.986,0,0.855,0.0,US,same_name_diff_address,1
S1-533691931,S2-351402392,0.986,0,0.855,0.0,US,same_name_diff_address,1
S1-57087077,S2-585780347,0.986,0,0.5542,0.0,US,missing_address_collision,1
S1-719733498,S2-241710752,0.986,0,0.5481,0.0,INDIA,missing_address_collision,1
S1-531208492,S2-770719067,0.986,0,0.855,0.0,US,same_name_diff_address,1
S1-539448237,S2-888271038,0.986,0,0.855,0.0,US,same_name_diff_address,1
S1-792109958,S2-669344281,0.986,0,0.4402,0.0,US,missing_address_collision,1
S1-490584236,S2-673753581,0.986,0,0.6,0.0,INDIA,missing_address_collision,1
S1-510090573,S2-531977723,0.9859,0,0.855,0.0,US,same_name_diff_address,1
S1-45587989,S2-316247588,0.9859,0,0.532,0.0,US,missing_address_collision,1
S1-243357028,S2-671870806,0.9859,0,0.56,0.0,US,missing_address_collision,1
S1-195098122,S2-565580672,0.9859,0,0.855,0.0,US,same_name_diff_address,1
S1-31491209,S2-707034550,0.9859,0,0.5429,0.0,US,missing_address_collision,1
S1-816844407,S2-251577054,0.9859,0,0.532,0.0,US,missing_address_collision,1
S1-290677075,S3-779414574,0.9859,0,0.6197,0.0,INDIA,missing_address_collision,1
S1-637227575,S2-215964028,0.9859,0,0.481,0.0,US,missing_address_collision,1
S1-19419441,S2-695879345,0.9859,0,0.855,0.0,US,same_name_diff_address,1
S1-208395731,S2-161642334,0.9859,0,0.5041,0.0,INDIA,missing_address_collision,1
S1-123064316,S2-787468302,0.9859,0,0.5278,0.0,US,missing_address_collision,1
S1-563190421,S2-622813222,0.9859,0,0.855,0.0,US,same_name_diff_address,1
S1-633107584,S2-500141125,0.9859,0,0.5161,0.0,US,missing_address_collision,1
S1-649867448,S2-741879199,0.9859,0,0.855,0.0,US,same_name_diff_address,1
S1-139868041,S2-420793468,0.9859,0,0.855,0.0,US,same_name_diff_address,1
S1-908831133,S2-208690250,0.9859,0,0.855,0.0,US,same_name_diff_address,1
S1-402244570,S2-609371891,0.9859,0,0.855,0.0,US,same_name_diff_address,1
S1-985443452,S2-399462487,0.9859,0,0.855,0.0,US,same_name_diff_address,1
S1-78769572,S2-251867870,0.9859,0,0.5098,0.0,US,missing_address_collision,1
S1-560865881,S2-693378150,0.9859,0,0.6204,0.0,INDIA,missing_address_collision,1
S1-710839297,S2-904438825,0.9859,0,0.855,0.0,US,same_name_diff_address,1
S1-420933872,S2-129492134,0.9859,0,0.855,0.0,US,same_name_diff_address,1
S1-10295748,S3-784017507,0.9859,0,0.855,0.0,US,same_name_diff_address,1
S1-999536733,S2-679291902,0.9859,0,0.521,0.0,INDIA,missing_address_collision,1
S1-7860935,S2-721018947,0.9859,0,0.5887,0.0,INDIA,missing_address_collision,1
S1-328976294,S2-620649717,0.9859,0,0.4286,0.0,INDIA,missing_address_collision,1
S1-185681800,S2-492068556,0.9859,0,0.855,0.0,US,same_name_diff_address,1
S1-210545696,S2-301369150,0.9859,0,0.6,0.0,US,missing_address_collision,1
S1-999536733,S2-700309048,0.9859,0,0.855,0.0,INDIA,same_name_diff_address,1
S1-996134559,S2-432603961,0.9859,0,0.5393,0.0,US,missing_address_collision,1
S1-410892386,S2-603933273,0.9859,0,0.4856,0.0,US,missing_address_collision,1
S1-839074907,S2-283318682,0.9859,0,0.4298,0.0,US,missing_address_collision,1
S1-620115870,S2-102397549,0.9859,0,0.855,0.0,US,same_name_diff_address,1
S1-644355041,S2-102753185,0.9859,0,0.5195,0.0,US,missing_address_collision,1
S1-741568000,S2-780665609,0.9859,0,0.855,0.0,INDIA,same_name_diff_address,1
S1-862418587,S2-81269059,0.9859,0,0.5306,0.0,US,missing_address_collision,1
S1-727060823,S2-782603917,0.9859,0,0.855,0.0,US,same_name_diff_address,1
S1-857997243,S2-750496799,0.9859,0,0.4675,0.0,US,missing_address_collision,1
S1-237180424,S2-364022164,0.9859,0,0.4644,0.0,US,missing_address_collision,1
S1-912080038,S2-430537596,0.9859,0,0.855,0.0,US,same_name_diff_address,1
S1-743897851,S2-700133640,0.9859,0,0.4545,0.0,US,missing_address_collision,1
S1-476433173,S2-206520793,0.9859,0,0.855,0.0,INDIA,same_name_diff_address,1
S1-626328538,S2-99716778,0.9859,0,0.5344,0.0,US,missing_address_collision,1
S1-237180424,S2-45555545,0.9859,0,0.4719,0.0,US,missing_address_collision,1
S1-204797129,S2-692946442,0.9859,0,0.855,0.0,INDIA,same_name_diff_address,1
S1-108067613,S2-617410346,0.9859,0,0.855,0.0,US,same_name_diff_address,1
S1-649255879,S2-881832124,0.9859,0,0.5457,0.0,US,missing_address_collision,1
S1-201863439,S2-485268662,0.9859,0,0.4468,0.0,US,missing_address_collision,1
S1-119661148,S2-139250721,0.9859,0,0.5,0.0,US,missing_address_collision,1
S1-301410817,S2-115904867,0.9859,0,0.5029,0.0,US,missing_address_collision,1
S1-575667948,S2-122859587,0.9859,0,0.855,0.0,US,same_name_diff_address,1
S1-602085489,S2-945718936,0.9859,0,0.855,0.0,INDIA,same_name_diff_address,1
S1-695602908,S2-856809816,0.9859,0,0.6333,0.0,US,missing_address_collision,1
S1-653961414,S2-391930474,0.9859,0,0.4307,0.0,US,missing_address_collision,1
S1-522718201,S2-223652799,0.9859,0,0.855,0.0,US,same_name_diff_address,1
S1-662425102,S2-532249834,0.9859,0,0.5128,0.0,US,missing_address_collision,1
S1-454399211,S2-686843176,0.9859,0,0.475,0.0,US,missing_address_collision,1
S1-984624524,S2-366241893,0.9859,0,0.5,0.0,US,missing_address_collision,1
S1-510899078,S2-688556952,0.9859,0,0.429,0.0,US,missing_address_collision,1
S1-934543770,S2-798356090,0.9859,0,0.4847,0.0,US,missing_address_collision,1
S1-247093232,S2-559550570,0.9859,0,0.4457,0.0,US,missing_address_collision,1
S1-166082575,S2-30775897,0.9858,0,0.855,0.0,US,same_name_diff_address,1
S1-132452858,S3-674920147,0.9858,0,0.855,0.0,US,same_name_diff_address,1
S1-457993113,S2-965691909,0.9858,0,0.855,0.0,INDIA,same_name_diff_address,1
S1-457993113,S2-560603274,0.9858,0,0.855,0.0,INDIA,same_name_diff_address,1
S1-327331088,S2-508463588,0.9858,0,0.855,0.0,INDIA,same_name_diff_address,1
S1-559515595,S3-82804114,0.9858,0,0.855,0.0,US,same_name_diff_address,1
S1-745213577,S2-414594593,0.9858,0,0.855,0.0,INDIA,same_name_diff_address,1
S1-932995946,S2-712589020,0.9858,0,0.855,0.0,US,same_name_diff_address,1
S1-130937174,S2-447820942,0.9858,0,0.475,0.0,INDIA,missing_address_collision,1
S1-354113772,S2-723396695,0.9858,0,0.855,0.0,INDIA,same_name_diff_address,1
S1-698745776,S2-385299099,0.9858,0,0.5797,0.0,US,missing_address_collision,1
S1-500575929,S2-699732214,0.9858,0,0.855,0.0,INDIA,same_name_diff_address,1
S1-44501980,S2-705266503,0.9858,0,0.855,0.0,US,same_name_diff_address,1
S1-871488095,S2-656612259,0.9858,0,0.855,0.0,INDIA,same_name_diff_address,1
S1-762682480,S2-323028649,0.9858,0,0.855,0.0,US,same_name_diff_address,1
S1-71482984,S2-478991604,0.9858,0,0.6,0.0,US,missing_address_collision,1
S1-762682480,S2-285491211,0.9858,0,0.5,0.0,US,missing_address_collision,1
S1-305851704,S2-88330520,0.9858,0,0.855,0.0,INDIA,same_name_diff_address,1
S1-576637678,S2-696816725,0.9858,0,0.855,0.0,US,same_name_diff_address,1
S1-157613814,S2-4581194,0.9858,0,0.5,0.0,INDIA,missing_address_collision,1
S1-950901627,S2-617396427,0.9858,0,0.855,0.0,US,same_name_diff_address,1
S1-608134357,S3-379551812,0.9858,0,0.855,0.0,US,same_name_diff_address,1
S1-675514688,S2-215015609,0.9858,0,0.855,0.0,INDIA,same_name_diff_address,1
S1-872931331,S2-794880702,0.9858,0,0.855,0.0,INDIA,same_name_diff_address,1
S1-374563630,S2-868960584,0.9858,0,0.855,0.0,US,same_name_diff_address,1
S1-393272182,S2-516565421,0.9858,0,0.855,0.0,INDIA,same_name_diff_address,1
S1-650404784,S2-861190160,0.9858,0,0.4537,0.0,US,missing_address_collision,1
S1-490450682,S2-936247349,0.9858,0,0.855,0.0,US,same_name_diff_address,1
S1-830982341,S2-960415023,0.9858,0,0.5614,0.0,US,missing_address_collision,1
S1-684800546,S2-735958712,0.9858,0,0.855,0.0,INDIA,same_name_diff_address,1
S1-531117628,S2-945597762,0.9858,0,0.5614,0.0,INDIA,missing_address_collision,1
S1-941118938,S2-229962462,0.9858,0,0.6107,0.0,US,missing_address_collision,1
S1-869996259,S2-571047005,0.9858,0,0.855,0.0,US,same_name_diff_address,1
S1-552135078,S2-728630466,0.9858,0,0.855,0.0,US,same_name_diff_address,1
S1-613026427,S2-732365069,0.9858,0,0.855,0.0,US,same_name_diff_address,1
S1-747761416,S2-888404950,0.9858,0,0.5573,0.0,US,missing_address_collision,1
S1-887426967,S2-841196478,0.9858,0,0.4957,0.0,US,missing_address_collision,1
S1-685226388,S2-711544782,0.9858,0,0.4872,0.0,INDIA,missing_address_collision,1
S1-510090573,S2-728934397,0.9858,0,0.6477,0.0,US,missing_address_collision,1
S1-646503619,S2-47152502,0.9858,0,0.6786,0.0,INDIA,missing_address_collision,1
S1-38080555,S3-806270794,0.9858,0,0.5833,0.0,INDIA,missing_address_collision,1
S1-293651588,S2-698609047,0.9858,0,0.5783,0.0,INDIA,missing_address_collision,1
S1-298764126,S2-984645961,0.9858,0,0.494,0.0,US,missing_address_collision,1
S1-339648461,S2-873818727,0.9858,0,0.855,0.0,INDIA,same_name_diff_address,1
S1-518755139,S2-500192225,0.9858,0,0.855,0.0,INDIA,same_name_diff_address,1
S1-313627444,S2-587920956,0.9858,0,0.855,0.0,US,same_name_diff_address,1
S1-593027994,S3-791606885,0.9858,0,0.855,0.0,US,same_name_diff_address,1
S1-7374633,S2-356866481,0.9858,0,0.855,0.0,INDIA,same_name_diff_address,1
S1-476433173,S2-878265936,0.9858,0,0.855,0.0,INDIA,same_name_diff_address,1
S1-552600390,S2-45326712,0.9858,0,0.38,0.0,US,missing_address_collision,1
S1-841083584,S2-648135665,0.9858,0,0.855,0.0,INDIA,same_name_diff_address,1
S1-595962744,S2-298113014,0.9858,0,0.855,0.0,INDIA,same_name_diff_address,1
S1-79193654,S2-328884242,0.9858,0,0.855,0.0,US,same_name_diff_address,1
S1-31854493,S2-323477089,0.9858,0,0.855,0.0,US,same_name_diff_address,1
S1-599271624,S3-815854397,0.9857,0,0.855,0.0,US,same_name_diff_address,1
S1-783557483,S2-733511741,0.9857,0,0.5971,0.0,INDIA,missing_address_collision,1
S1-166253399,S2-60612989,0.9857,0,0.5881,0.0,US,missing_address_collision,1
S1-610653547,S2-663303939,0.9857,0,0.855,0.0,US,same_name_diff_address,1
S1-512522397,S2-218352739,0.9857,0,0.5,0.0,US,missing_address_collision,1
S1-116625119,S2-621659586,0.9857,0,0.855,0.0,INDIA,same_name_diff_address,1
S1-649255879,S2-860776439,0.9857,0,0.855,0.0,US,same_name_diff_address,1
S1-402234415,S2-765585304,0.9857,0,0.855,0.0,INDIA,same_name_diff_address,1
S1-606596508,S2-492752434,0.9857,0,0.855,0.0,INDIA,same_name_diff_address,1
S1-355984862,S2-689038588,0.9857,0,0.855,0.0,INDIA,same_name_diff_address,1
S1-7755386,S2-486264655,0.9857,0,0.7022,0.0,INDIA,missing_address_collision,1
S1-480698568,S2-607146301,0.9857,0,0.6107,0.0,US,missing_address_collision,1
S1-874271241,S2-68062138,0.9857,0,0.855,0.0,US,same_name_diff_address,1
S1-532500045,S2-662156239,0.9857,0,0.4872,0.0,US,missing_address_collision,1
S1-25591429,S3-626774379,0.9857,0,0.5149,0.0,US,missing_address_collision,1
S1-539588886,S2-181210307,0.9857,0,0.57,0.0,INDIA,missing_address_collision,1
S1-754743419,S3-458837088,0.9857,0,0.855,0.0,INDIA,same_name_diff_address,1
S1-150392184,S2-532182791,0.9857,0,0.855,0.0,INDIA,same_name_diff_address,1
S1-453531765,S2-954791912,0.9857,0,0.494,0.0,US,missing_address_collision,1
S1-947317834,S2-835304985,0.9857,0,0.855,0.0,US,same_name_diff_address,1
S1-617716383,S2-580983677,0.9857,0,0.855,0.0,INDIA,same_name_diff_address,1
S1-935959981,S2-364802372,0.9857,0,0.5,0.0,US,missing_address_collision,1
S1-360392555,S2-758964049,0.9856,0,0.4354,0.0,INDIA,missing_address_collision,1
S1-531002503,S3-450051875,0.9856,0,0.459,0.0,US,missing_address_collision,1
S1-505062551,S2-374636322,0.9856,0,0.855,0.0,INDIA,same_name_diff_address,1
S1-226885090,S2-97406126,0.9856,0,0.855,0.0,US,same_name_diff_address,1
S1-135412130,S2-718887293,0.9856,0,0.5366,0.0,US,missing_address_collision,1
S1-526329919,S2-551437841,0.9856,0,0.4419,0.0,US,missing_address_collision,1
S1-520238151,S2-324905662,0.9856,0,0.855,0.0,US,same_name_diff_address,1
S1-965892785,S2-527605123,0.9856,0,0.855,0.0,US,same_name_diff_address,1
S1-706091947,S2-816111254,0.9856,0,0.855,0.0,US,same_name_diff_address,1
S1-426547616,S2-913511962,0.9856,0,0.855,0.0,US,same_name_diff_address,1
S1-850875949,S2-462215731,0.9856,0,0.855,0.0,US,same_name_diff_address,1
S1-96101477,S2-617641532,0.9856,0,0.855,0.0,US,same_name_diff_address,1
S1-745165081,S2-323759709,0.9856,0,0.855,0.0,US,same_name_diff_address,1
S1-143498862,S2-965246669,0.9856,0,0.855,0.0,US,same_name_diff_address,1
S1-96101477,S2-287423923,0.9856,0,0.855,0.0,US,same_name_diff_address,1
S1-879338749,S3-141053659,0.9856,0,0.855,0.0,US,same_name_diff_address,1
S1-992616766,S3-463326916,0.9856,0,0.6685,0.0,INDIA,missing_address_collision,1
S1-301814657,S2-686628119,0.9856,0,0.5971,0.0,INDIA,missing_address_collision,1
S1-915504235,S3-494454575,0.9856,0,0.855,0.0,US,same_name_diff_address,1
S1-524591279,S2-162116425,0.9856,0,0.6531,0.0,INDIA,missing_address_collision,1
S1-786432018,S2-644558768,0.9856,0,0.855,0.0,US,same_name_diff_address,1
S1-153274835,S2-597694348,0.9856,0,0.855,0.0,US,same_name_diff_address,1
S1-889128750,S2-407325960,0.9856,0,0.855,0.0,INDIA,same_name_diff_address,1
S1-928519168,S2-172984649,0.9856,0,0.855,0.0,US,same_name_diff_address,1
S1-34475618,S2-999549582,0.9856,0,0.855,0.0,INDIA,same_name_diff_address,1
S1-610653547,S2-197930564,0.9856,0,0.855,0.0,US,same_name_diff_address,1
S1-903869941,S2-592047118,0.9856,0,0.855,0.0,INDIA,same_name_diff_address,1
S1-724390275,S2-221512603,0.9856,0,0.855,0.0,US,same_name_diff_address,1
S1-717491165,S2-843150125,0.9856,0,0.855,0.0,INDIA,same_name_diff_address,1
S1-836345555,S2-404217497,0.9856,0,0.855,0.0,INDIA,same_name_diff_address,1
S1-580489500,S2-851001416,0.9856,0,0.57,0.0,INDIA,missing_address_collision,1
S1-533324804,S2-127480798,0.9856,0,0.855,0.0,US,same_name_diff_address,1
S1-410103567,S2-891510075,0.9856,0,0.855,0.0,US,same_name_diff_address,1
S1-410103567,S3-432082266,0.9855,0,0.855,0.0,US,same_name_diff_address,1
S1-801459261,S2-403323152,0.9855,0,0.6333,0.0,INDIA,missing_address_collision,1
S1-586070295,S2-97507162,0.9855,0,0.855,0.0,US,same_name_diff_address,1
S1-610492943,S2-797535854,0.9855,0,0.855,0.0,US,same_name_diff_address,1
S1-79000834,S2-395690566,0.9855,0,0.855,0.0,INDIA,same_name_diff_address,1
S1-463518971,S2-570150668,0.9855,0,0.855,0.0,US,same_name_diff_address,1
S1-156839945,S2-720004230,0.9855,0,0.855,0.0,INDIA,same_name_diff_address,1
S1-206333722,S2-319539084,0.9855,0,0.5102,0.0,US,missing_address_collision,1
S1-360759686,S2-621399167,0.9855,0,0.855,0.0,US,same_name_diff_address,1
S1-720741418,S2-702933894,0.9855,0,0.855,0.0,US,same_name_diff_address,1
S1-228443573,S2-614802227,0.9855,0,0.855,0.0,US,same_name_diff_address,1
S1-361709990,S3-615928433,0.9855,0,0.855,0.0,INDIA,same_name_diff_address,1
S1-882107194,S2-630685810,0.9855,0,0.855,0.0,US,same_name_diff_address,1
S1-459572709,S2-542239237,0.9855,0,0.855,0.0,US,same_name_diff_address,1
S1-726729343,S2-93624478,0.9855,0,0.855,0.0,US,same_name_diff_address,1
S1-958348798,S2-554785331,0.9855,0,0.855,0.0,US,same_name_diff_address,1
S1-492503829,S2-173638959,0.9855,0,0.855,0.0,US,same_name_diff_address,1
S1-874966137,S2-189628341,0.9855,0,0.855,0.0,INDIA,same_name_diff_address,1
S1-865121380,S3-129628368,0.9855,0,0.855,0.0,US,same_name_diff_address,1
S1-855197906,S2-772792215,0.9855,0,0.855,0.0,INDIA,same_name_diff_address,1
S1-942472505,S2-923519347,0.9855,0,0.855,0.0,US,same_name_diff_address,1
S1-285508962,S2-51895260,0.9855,0,0.855,0.0,INDIA,same_name_diff_address,1
S1-475896838,S2-37581536,0.9855,0,0.5672,0.0,US,missing_address_collision,1
S1-38563014,S2-997469218,0.9855,0,0.855,0.0,US,same_name_diff_address,1
S1-135709146,S3-724095045,0.9855,0,1.0,0.2769,INDIA,same_name_diff_address,1
S1-918179351,S2-382006842,0.9855,0,0.855,0.0,INDIA,same_name_diff_address,1
S1-225850726,S3-421610464,0.9855,0,0.6786,0.0,INDIA,missing_address_collision,1
S1-830896005,S2-732563789,0.9855,0,0.855,0.0,US,same_name_diff_address,1
S1-454991843,S2-34950797,0.9855,0,0.855,0.0,US,same_name_diff_address,1
S1-725674440,S2-329212291,0.9855,0,0.855,0.0,INDIA,same_name_diff_address,1
S1-471833051,S2-552038256,0.9855,0,0.5161,0.0,INDIA,missing_address_collision,1
S1-932995946,S2-604368538,0.9855,0,0.855,0.0,US,same_name_diff_address,1
S1-837817917,S2-28396497,0.9855,0,0.855,0.0,INDIA,same_name_diff_address,1
S1-731807919,S2-424420171,0.9855,0,0.855,0.0,US,same_name_diff_address,1
S1-735506697,S3-157766029,0.9855,0,0.8404,0.285,INDIA,franchise_duplicate_collision,1
S1-637909862,S2-262545602,0.9855,0,0.855,0.0,US,same_name_diff_address,1
S1-585724676,S3-365480265,0.9855,0,0.855,0.0,INDIA,same_name_diff_address,1
S1-45229115,S3-366187802,0.9855,0,0.5352,0.0,US,missing_address_collision,1
S1-896639760,S2-763846534,0.9854,0,0.855,0.0,US,same_name_diff_address,1
S1-636811829,S2-959434230,0.9854,0,0.855,0.0,US,same_name_diff_address,1
S1-34475618,S2-41539429,0.9854,0,0.855,0.0,INDIA,same_name_diff_address,1
S1-959968859,S2-859609665,0.9854,0,0.855,0.0,US,same_name_diff_address,1
S1-221867613,S2-741521777,0.9854,0,0.855,0.0,INDIA,same_name_diff_address,1
S1-28229932,S2-678738523,0.9854,0,0.855,0.0,US,same_name_diff_address,1
S1-79193654,S2-278940385,0.9854,0,0.855,0.0,US,same_name_diff_address,1
S1-770398904,S3-965350904,0.9854,0,0.855,0.0,INDIA,same_name_diff_address,1
S1-155387732,S2-858039751,0.9854,0,0.855,0.0,US,same_name_diff_address,1
S1-191652563,S3-146292312,0.9854,0,0.855,0.0,US,same_name_diff_address,1
S1-804006465,S2-62488324,0.9854,0,0.4898,0.0,US,missing_address_collision,1
S1-89585719,S2-924132640,0.9854,0,0.4453,0.0,US,missing_address_collision,1
S1-512539726,S2-122859587,0.9854,0,0.855,0.0,US,same_name_diff_address,1
S1-107930742,S2-284388165,0.9854,0,0.855,0.0,US,same_name_diff_address,1
S1-731917795,S2-131113484,0.9854,0,0.855,0.0,INDIA,same_name_diff_address,1
S1-550633082,S2-827907308,0.9854,0,0.5,0.0,US,missing_address_collision,1
S1-410534830,S2-169656859,0.9854,0,0.855,0.0,US,same_name_diff_address,1
S1-646682925,S2-221615271,0.9854,0,0.855,0.0,INDIA,same_name_diff_address,1
S1-88693666,S2-94652065,0.9854,0,0.4851,0.0,US,missing_address_collision,1
S1-546643464,S2-748518586,0.9854,0,0.855,0.0,INDIA,same_name_diff_address,1
S1-725674440,S2-869980432,0.9854,0,0.855,0.0,INDIA,same_name_diff_address,1
S1-453531765,S2-614101531,0.9854,0,0.855,0.0,US,same_name_diff_address,1
S1-143498862,S2-123438745,0.9854,0,0.855,0.0,US,same_name_diff_address,1
S1-356731829,S2-959103396,0.9854,0,0.855,0.0,US,same_name_diff_address,1
S1-435922268,S2-10595048,0.9854,0,0.855,0.0,US,same_name_diff_address,1
S1-159149524,S2-563000232,0.9854,0,0.855,0.0,US,same_name_diff_address,1
S1-947317834,S2-16809379,0.9854,0,0.855,0.0,US,same_name_diff_address,1
S1-376818486,S2-184231686,0.9854,0,0.855,0.0,INDIA,same_name_diff_address,1
S1-786608482,S2-671946459,0.9854,0,0.855,0.0,US,same_name_diff_address,1
S1-763512331,S2-482386369,0.9854,0,0.6045,0.0,US,missing_address_collision,1
S1-804280252,S2-446379529,0.9854,0,0.855,0.0,US,same_name_diff_address,1
S1-420933872,S2-254729223,0.9854,0,0.855,0.0,US,same_name_diff_address,1
S1-451383123,S2-857815608,0.9854,0,0.855,0.0,US,same_name_diff_address,1
S1-162819293,S2-733024927,0.9854,0,0.855,0.0,US,same_name_diff_address,1
S1-696877546,S2-127480798,0.9854,0,0.855,0.0,US,same_name_diff_address,1
S1-901139433,S2-960263365,0.9854,0,0.855,0.0,US,same_name_diff_address,1
S1-638426870,S2-621207374,0.9854,0,0.855,0.0,US,same_name_diff_address,1
S1-887938528,S2-218761501,0.9854,0,0.855,0.0,INDIA,same_name_diff_address,1
S1-370197164,S2-763129125,0.9854,0,0.5359,0.0,US,missing_address_collision,1
S1-812136612,S2-969936332,0.9854,0,0.855,0.0,INDIA,same_name_diff_address,1
S1-443414530,S2-817873959,0.9854,0,0.855,0.0,US,same_name_diff_address,1
S1-593069328,S2-623789842,0.9854,0,0.855,0.0,US,same_name_diff_address,1
S1-945768278,S2-672356250,0.9854,0,0.855,0.0,INDIA,same_name_diff_address,1
S1-638279206,S2-386509742,0.9854,0,0.855,0.0,US,same_name_diff_address,1
S1-608134357,S2-951658742,0.9854,0,0.855,0.0,US,same_name_diff_address,1
S1-162142106,S2-947154449,0.9854,0,0.855,0.0,US,same_name_diff_address,1
S1-541129285,S2-870752703,0.9854,0,0.855,0.0,INDIA,same_name_diff_address,1
S1-149673885,S2-310469809,0.9854,0,0.855,0.0,US,same_name_diff_address,1
S1-212621203,S2-68930365,0.9854,0,0.855,0.0,US,same_name_diff_address,1
S1-9632820,S2-571970327,0.9854,0,0.855,0.0,US,same_name_diff_address,1
S1-860183686,S2-251923188,0.9853,0,0.855,0.0,US,same_name_diff_address,1
S1-140266551,S3-449033303,0.9853,0,0.5542,0.0,INDIA,missing_address_collision,1
S1-542064928,S2-589135406,0.9853,0,0.855,0.0,US,same_name_diff_address,1
S1-193367091,S2-130249823,0.9853,0,0.4071,0.0,US,missing_address_collision,1
S1-22995011,S2-47972203,0.9853,0,0.855,0.0,US,same_name_diff_address,1
S1-552135078,S2-722011265,0.9853,0,0.855,0.0,US,same_name_diff_address,1
S1-587220433,S2-499061523,0.9853,0,0.855,0.0,US,same_name_diff_address,1
S1-634633256,S2-664464562,0.9853,0,0.855,0.0,US,same_name_diff_address,1
S1-506586052,S2-364459865,0.9853,0,0.6275,0.0,INDIA,missing_address_collision,1
S1-801447285,S2-651387578,0.9853,0,0.855,0.0,US,same_name_diff_address,1
S1-627231411,S2-880353624,0.9853,0,0.5172,0.0,INDIA,missing_address_collision,1
S1-547190702,S2-633230289,0.9853,0,0.6296,0.0,US,missing_address_collision,1
S1-154485928,S2-354273049,0.9853,0,0.5909,0.0,US,missing_address_collision,1
S1-841605151,S2-903778774,0.9853,0,0.4957,0.0,INDIA,missing_address_collision,1
S1-474707996,S3-377058290,0.9853,0,0.855,0.0,US,same_name_diff_address,1
S1-98384595,S2-211836795,0.9853,0,0.855,0.0,US,same_name_diff_address,1
S1-218472316,S2-605042410,0.9853,0,0.855,0.0,US,same_name_diff_address,1
S1-912276930,S2-285899603,0.9853,0,0.855,0.0,US,same_name_diff_address,1
S1-820228206,S2-487004990,0.9853,0,0.855,0.0,INDIA,same_name_diff_address,1
S1-811311911,S2-819783873,0.9853,0,0.4545,0.0,US,missing_address_collision,1
S1-610492943,S2-808994163,0.9853,0,0.855,0.0,US,same_name_diff_address,1
S1-687096271,S3-99087838,0.9853,0,0.6071,0.0,INDIA,missing_address_collision,1
S1-769153049,S2-895952652,0.9853,0,0.4045,0.0,US,missing_address_collision,1
S1-534914158,S2-894811482,0.9853,0,0.855,0.0,INDIA,same_name_diff_address,1
S1-8058622,S2-108312980,0.9853,0,0.855,0.0,US,same_name_diff_address,1
S1-917319904,S2-318415941,0.9853,0,0.855,0.0,US,same_name_diff_address,1
S1-529969845,S2-910570724,0.9853,0,0.4586,0.0,US,missing_address_collision,1
S1-96639873,S2-568141388,0.9853,0,0.425,0.0,US,missing_address_collision,1
S1-22960111,S2-655674496,0.9853,0,0.855,0.0,US,same_name_diff_address,1
S1-105842143,S2-543058922,0.9853,0,0.855,0.0,INDIA,same_name_diff_address,1
S1-918830010,S2-581702343,0.9853,0,0.855,0.0,US,same_name_diff_address,1
S1-637015436,S2-664557301,0.9853,0,0.855,0.0,INDIA,same_name_diff_address,1
S1-977067589,S2-802865559,0.9853,0,0.855,0.0,US,same_name_diff_address,1
S1-910933659,S3-278073949,0.9853,0,0.855,0.0,INDIA,same_name_diff_address,1
S1-244627157,S2-586283737,0.9852,0,0.855,0.0,INDIA,same_name_diff_address,1
S1-713940018,S2-272275357,0.9852,0,0.0857,0.855,INDIA,same_address_diff_name,1
S1-1401069,S2-568802267,0.9852,0,0.855,0.0,US,same_name_diff_address,1
S1-117231640,S2-788520874,0.9852,0,0.5352,0.0,US,missing_address_collision,1
S1-231637572,S2-968779067,0.9852,0,0.4762,0.0,US,missing_address_collision,1
S1-154446696,S2-324022433,0.9852,0,0.608,0.0,INDIA,missing_address_collision,1
S1-977778253,S3-559354589,0.9852,0,0.855,0.0,INDIA,same_name_diff_address,1
S1-678641240,S2-263544200,0.9852,0,0.4878,0.0,US,missing_address_collision,1
S1-339724614,S2-107381874,0.9852,0,0.855,0.0,INDIA,same_name_diff_address,1
S1-175229549,S2-294010272,0.9852,0,0.855,0.0,INDIA,same_name_diff_address,1
S1-855197906,S3-702312317,0.9852,0,0.855,0.0,INDIA,same_name_diff_address,1
S1-566081128,S2-995991702,0.9852,0,0.5625,0.0,INDIA,missing_address_collision,1
S1-556219438,S2-567087930,0.9852,0,0.855,0.0,INDIA,same_name_diff_address,1
S1-298764126,S2-546153154,0.9852,0,0.5417,0.0,US,missing_address_collision,1
S1-219664953,S3-189412543,0.9852,0,0.855,0.0,US,same_name_diff_address,1
S1-226158603,S2-706627931,0.9852,0,0.855,0.0,US,same_name_diff_address,1
S1-887071797,S3-517365783,0.9851,0,0.855,0.0,US,same_name_diff_address,1
S1-126171225,S2-262224632,0.9851,0,0.608,0.0,INDIA,missing_address_collision,1
S1-110804564,S2-840269842,0.9851,0,0.855,0.0,INDIA,same_name_diff_address,1
S1-814094524,S3-141098890,0.9851,0,0.855,0.0,INDIA,same_name_diff_address,1
S1-193755057,S2-851635102,0.9851,0,0.4815,0.0,US,missing_address_collision,1
S1-906130210,S3-570950173,0.9851,0,0.855,0.0,US,same_name_diff_address,1
S1-118042613,S2-33573281,0.9851,0,0.855,0.0,US,same_name_diff_address,1
S1-620214655,S2-30321249,0.9851,0,0.4807,0.0,US,missing_address_collision,1
S1-135968384,S2-142864678,0.9851,0,0.855,0.0,US,same_name_diff_address,1
S1-244368299,S2-513842592,0.9851,0,0.855,0.0,US,same_name_diff_address,1
S1-549094706,S2-678587859,0.9851,0,0.6175,0.0,INDIA,missing_address_collision,1
S1-104538360,S2-110354360,0.9851,0,0.5588,0.0,INDIA,missing_address_collision,1
S1-604726438,S2-103238124,0.9851,0,0.5051,0.0,US,missing_address_collision,1
S1-638571423,S2-892611320,0.9851,0,0.855,0.0,US,same_name_diff_address,1
S1-640718490,S2-611369177,0.9851,0,0.6786,0.0,INDIA,missing_address_collision,1
S1-268911340,S2-367280929,0.9851,0,0.5098,0.0,INDIA,missing_address_collision,1
S1-658164791,S2-697473033,0.9851,0,0.855,0.0,US,same_name_diff_address,1
S1-909517313,S2-35483915,0.9851,0,0.5135,0.0,US,missing_address_collision,1
S1-771495334,S2-461871218,0.9851,0,0.5231,0.0,US,missing_address_collision,1
S1-657593553,S2-936806170,0.9851,0,0.855,0.0,US,same_name_diff_address,1
S1-200419614,S3-926056190,0.9851,0,0.608,0.0,US,missing_address_collision,1
S1-896639760,S2-197294539,0.9851,0,0.5429,0.0,US,missing_address_collision,1
S1-446113320,S2-775691599,0.9851,0,0.855,0.0,US,same_name_diff_address,1
S1-283686371,S2-568802267,0.9851,0,0.855,0.0,US,same_name_diff_address,1
S1-564094945,S2-732677364,0.9851,0,0.855,0.0,US,same_name_diff_address,1
S1-396820092,S2-489371836,0.9851,0,0.4127,0.0,US,missing_address_collision,1
S1-240539666,S2-114837261,0.9851,0,0.855,0.0,INDIA,same_name_diff_address,1
S1-548123186,S2-251292029,0.9851,0,0.6045,0.0,US,missing_address_collision,1
S1-10891086,S3-791680556,0.9851,0,0.4615,0.0,INDIA,missing_address_collision,1
S1-208214828,S2-252464039,0.9851,0,0.4851,0.0,US,missing_address_collision,1
S1-820635360,S2-994461604,0.9851,0,0.5263,0.0,US,missing_address_collision,1
S1-498639454,S2-671516291,0.9851,0,0.4508,0.0,INDIA,missing_address_collision,1
S1-835400374,S2-474026180,0.9851,0,0.475,0.0,INDIA,missing_address_collision,1
S1-93801453,S3-686506521,0.9851,0,1.0,0.855,INDIA,high_name_high_address_wrong_entity,1
S1-31963029,S2-223666218,0.9851,0,0.855,0.0,INDIA,same_name_diff_address,1
S1-351701250,S3-942578260,0.9851,0,0.7407,0.0,INDIA,missing_address_collision,1
S1-705610110,S2-182059850,0.9851,0,0.5115,0.0,US,missing_address_collision,1
S1-126474955,S2-233859065,0.9851,0,0.4508,0.0,US,missing_address_collision,1
S1-292217259,S2-781747740,0.9851,0,0.7125,0.0,INDIA,missing_address_collision,1
S1-392218831,S2-660240870,0.9851,0,0.4407,0.0,US,missing_address_collision,1
S1-554947123,S2-819667895,0.9851,0,0.855,0.0,US,same_name_diff_address,1
S1-194742555,S2-986842500,0.9851,0,0.5846,0.0,INDIA,missing_address_collision,1
S1-599271624,S2-576702613,0.9851,0,0.855,0.0,US,same_name_diff_address,1
S1-11590211,S3-555648739,0.9851,0,0.855,0.0,US,same_name_diff_address,1
S1-723099624,S2-201921421,0.9851,0,0.855,0.0,INDIA,same_name_diff_address,1
S1-406773726,S2-710643318,0.9851,0,0.57,0.0,INDIA,missing_address_collision,1
S1-700941776,S3-207892464,0.9851,0,0.855,0.0,INDIA,same_name_diff_address,1
S1-460862597,S2-255799882,0.9851,0,0.475,0.0,INDIA,missing_address_collision,1
S1-789692121,S2-719886937,0.9851,0,0.5,0.0,US,missing_address_collision,1
S1-559041895,S2-111192912,0.9851,0,0.6667,0.0,INDIA,missing_address_collision,1
S1-108560779,S2-271730055,0.9851,0,0.855,0.0,INDIA,same_name_diff_address,1
S1-394191447,S2-758040231,0.985,0,0.855,0.0,INDIA,same_name_diff_address,1
S1-168650789,S2-843547342,0.985,0,0.855,0.0,US,same_name_diff_address,1
S1-256342895,S2-342358242,0.985,0,0.4318,0.0,INDIA,missing_address_collision,1
S1-769896828,S2-463189483,0.985,0,0.623,0.0,INDIA,missing_address_collision,1
S1-597988890,S2-763833180,0.985,0,0.855,0.0,US,same_name_diff_address,1
S1-860183686,S2-772891858,0.985,0,0.855,0.0,US,same_name_diff_address,1
S1-333026900,S3-556568917,0.985,0,0.5429,0.0,INDIA,missing_address_collision,1
S1-723274681,S2-884328292,0.985,0,0.4524,0.0,US,missing_address_collision,1
S1-222523226,S2-88860542,0.985,0,0.4194,0.0,US,missing_address_collision,1
S1-53076219,S2-856409213,0.985,0,0.855,0.0,INDIA,same_name_diff_address,1
S1-41856075,S2-789915396,0.985,0,0.855,0.0,US,same_name_diff_address,1
S1-952591423,S2-617878917,0.985,0,0.6,0.0,US,missing_address_collision,1
S1-216958690,S2-395486399,0.985,0,0.855,0.0,INDIA,same_name_diff_address,1
S1-448418237,S2-937420061,0.985,0,0.855,0.0,INDIA,same_name_diff_address,1
S1-920210928,S2-257055670,0.985,0,0.855,0.0,US,same_name_diff_address,1
S1-569300855,S2-912420573,0.985,0,0.855,0.0,INDIA,same_name_diff_address,1
S1-862604873,S2-415651158,0.985,0,0.4737,0.0,US,missing_address_collision,1
S1-928850582,S2-148456144,0.985,0,0.855,0.0,US,same_name_diff_address,1
S1-921755747,S2-156157089,0.985,0,0.855,0.0,US,same_name_diff_address,1
S1-633107584,S2-785285597,0.985,0,0.5641,0.0,US,missing_address_collision,1
S1-726729343,S2-290690450,0.985,0,0.4457,0.0,US,missing_address_collision,1
S1-258616083,S2-330645346,0.985,0,0.855,0.0,US,same_name_diff_address,1
S1-119661148,S2-473906753,0.985,0,0.4632,0.0,US,missing_address_collision,1
S1-53076219,S2-690953529,0.985,0,0.855,0.0,INDIA,same_name_diff_address,1
S1-907609163,S3-352726586,0.985,0,0.855,0.0,US,same_name_diff_address,1
S1-316603442,S2-978221326,0.985,0,0.566,0.0,US,missing_address_collision,1
S1-187465015,S2-904964725,0.985,0,0.5957,0.0,INDIA,missing_address_collision,1
S1-511029944,S2-480288407,0.985,0,0.4614,0.0,US,missing_address_collision,1
S1-258493132,S2-440276182,0.985,0,0.4124,0.0,US,missing_address_collision,1
S1-785633657,S2-975728616,0.985,0,0.6333,0.0,US,missing_address_collision,1
S1-587674455,S2-279019989,0.985,0,0.855,0.0,US,same_name_diff_address,1
S1-640263677,S2-601571692,0.985,0,0.4672,0.0,INDIA,missing_address_collision,1
S1-457086435,S2-910570724,0.985,0,0.4478,0.0,US,missing_address_collision,1
S1-356731829,S2-388591485,0.985,0,0.4543,0.0,US,missing_address_collision,1
S1-197309305,S2-878742248,0.985,0,0.6296,0.0,INDIA,missing_address_collision,1
S1-332463028,S2-325056908,0.985,0,0.855,0.0,INDIA,same_name_diff_address,1
S1-477844235,S2-748696793,0.985,0,0.6364,0.0,INDIA,missing_address_collision,1
S1-852471334,S2-799987490,0.985,0,0.46,0.0,US,missing_address_collision,1
S1-134787978,S2-982250883,0.985,0,0.855,0.0,US,same_name_diff_address,1
S1-310956934,S2-811335143,0.985,0,0.855,0.0,US,same_name_diff_address,1
S1-949984535,S2-446295232,0.985,0,0.855,0.0,US,same_name_diff_address,1
S1-113166882,S2-367757642,0.985,0,0.5918,0.0,INDIA,missing_address_collision,1
S1-692882172,S2-22455162,0.985,0,0.609,0.0,INDIA,missing_address_collision,1
S1-565652879,S2-997304207,0.985,0,0.6017,0.0,INDIA,missing_address_collision,1
S1-412104506,S2-235560104,0.985,0,0.855,0.0,US,same_name_diff_address,1
S1-256700826,S2-223780959,0.985,0,0.855,0.0,US,same_name_diff_address,1
S1-526417055,S2-496987275,0.985,0,0.4672,0.0,US,missing_address_collision,1
S1-956667559,S3-226027288,0.985,0,0.855,0.0,US,same_name_diff_address,1
S1-831637909,S2-337573974,0.985,0,0.855,0.0,INDIA,same_name_diff_address,1
S1-276033393,S2-16700428,0.985,0,0.4606,0.0,US,missing_address_collision,1
S1-578532947,S2-128482156,0.985,0,0.6,0.0,US,missing_address_collision,1
S1-701223302,S2-852817285,0.985,0,0.6071,0.0,US,missing_address_collision,1
S1-566710238,S2-811820376,0.985,0,0.855,0.0,INDIA,same_name_diff_address,1
S1-97441547,S2-42377384,0.985,0,0.6173,0.0,US,missing_address_collision,1
S1-925853913,S2-101846020,0.985,0,0.855,0.0,US,same_name_diff_address,1
S1-681379831,S2-369940659,0.985,0,0.6329,0.0,US,missing_address_collision,1
S1-61067811,S2-208895261,0.985,0,0.6224,0.0,INDIA,missing_address_collision,1
S1-226136219,S2-242231390,0.985,0,0.5873,0.0,INDIA,missing_address_collision,1
S1-244101592,S2-755080033,0.985,0,0.6045,0.0,INDIA,missing_address_collision,1
S1-699637152,S2-398536168,0.9849,0,0.5714,0.0,US,missing_address_collision,1
S1-477347461,S2-760280717,0.9849,0,0.6861,0.0,INDIA,missing_address_collision,1
S1-437376255,S2-234278680,0.9849,0,0.855,0.0,INDIA,same_name_diff_address,1
S1-132137106,S2-437364142,0.9849,0,0.5965,0.0,INDIA,missing_address_collision,1
S1-786926603,S2-661115735,0.9849,0,0.855,0.0,US,same_name_diff_address,1
S1-402991301,S2-187281519,0.9849,0,0.855,0.0,INDIA,same_name_diff_address,1
S1-396851602,S2-646270764,0.9849,0,0.855,0.0,US,same_name_diff_address,1
S1-962507039,S3-307566998,0.9849,0,0.855,0.0,INDIA,same_name_diff_address,1
S1-991845511,S2-545898834,0.9849,0,0.855,0.0,US,same_name_diff_address,1
S1-276017608,S2-150107182,0.9849,0,0.855,0.0,US,same_name_diff_address,1
S1-167284834,S2-568802267,0.9849,0,0.855,0.0,US,same_name_diff_address,1
S1-809987984,S2-756574575,0.9849,0,0.855,0.0,US,same_name_diff_address,1
S1-809987984,S2-2766030,0.9849,0,0.855,0.0,US,same_name_diff_address,1
S1-50204577,S2-805143436,0.9849,0,0.5104,0.0,US,missing_address_collision,1
S1-204749074,S2-845723395,0.9849,0,0.855,0.0,INDIA,same_name_diff_address,1
S1-392731643,S2-71234879,0.9849,0,0.855,0.0,US,same_name_diff_address,1
S1-392731643,S2-86218486,0.9849,0,0.855,0.0,US,same_name_diff_address,1
S1-886968368,S2-139028038,0.9849,0,0.855,0.0,US,same_name_diff_address,1
S1-161932706,S2-540795984,0.9849,0,0.855,0.0,US,same_name_diff_address,1
S1-542064928,S2-682670340,0.9849,0,0.4494,0.0,US,missing_address_collision,1
S1-260331731,S2-971117185,0.9849,0,0.855,0.0,US,same_name_diff_address,1
S1-442172289,S3-34001449,0.9849,0,0.6333,0.0,INDIA,missing_address_collision,1
S1-233485264,S2-613428319,0.9849,0,0.475,0.0,INDIA,missing_address_collision,1
S1-633247349,S2-104335366,0.9849,0,0.855,0.0,US,same_name_diff_address,1
S1-368756424,S2-479551104,0.9849,0,0.4976,0.0,US,missing_address_collision,1
S1-620826223,S2-369927690,0.9849,0,0.5714,0.0,INDIA,missing_address_collision,1
S1-816547204,S2-844353808,0.9849,0,0.5128,0.0,INDIA,missing_address_collision,1
S1-905445194,S2-996965532,0.9849,0,0.6234,0.0,INDIA,missing_address_collision,1
S1-499135454,S2-127642085,0.9849,0,0.5455,0.0,US,missing_address_collision,1
S1-388739688,S2-803290446,0.9849,0,0.855,0.0,US,same_name_diff_address,1
S1-663369851,S3-12362918,0.9849,0,0.855,0.0,INDIA,same_name_diff_address,1
S1-744807257,S2-500853373,0.9849,0,0.855,0.0,INDIA,same_name_diff_address,1
S1-989226563,S2-894388828,0.9849,0,0.855,0.0,US,same_name_diff_address,1
S1-573035188,S3-270196480,0.9849,0,0.855,0.0,INDIA,same_name_diff_address,1
S1-685226388,S2-852795191,0.9849,0,0.5517,0.0,INDIA,missing_address_collision,1
S1-573334128,S2-873818727,0.9849,0,0.855,0.0,US,same_name_diff_address,1
S1-757888719,S2-633044100,0.9849,0,0.5127,0.0,US,missing_address_collision,1
S1-162308130,S2-564344422,0.9849,0,0.855,0.0,INDIA,same_name_diff_address,1
S1-462107641,S2-360811790,0.9849,0,0.475,0.0,INDIA,missing_address_collision,1
S1-80132985,S2-171357556,0.9849,0,0.5333,0.0,US,missing_address_collision,1
S1-373187673,S2-586319154,0.9849,0,0.855,0.0,INDIA,same_name_diff_address,1
S1-276033393,S2-773400419,0.9849,0,0.855,0.0,US,same_name_diff_address,1
S1-212586722,S2-76058865,0.9849,0,0.855,0.0,US,same_name_diff_address,1
S1-128581012,S2-61029088,0.9848,0,0.5306,0.0,US,missing_address_collision,1
S1-88026155,S2-259005298,0.9848,0,0.6333,0.0,INDIA,missing_address_collision,1
S1-220146119,S3-811989040,0.9848,0,0.4836,0.0,INDIA,missing_address_collision,1
S1-626630167,S3-584425749,0.9848,0,0.855,0.0,US,same_name_diff_address,1
S1-829215639,S3-163490642,0.9848,0,0.5283,0.0,INDIA,missing_address_collision,1
S1-149673885,S2-127087599,0.9848,0,0.855,0.0,US,same_name_diff_address,1
S1-360928451,S2-354870283,0.9848,0,0.855,0.0,US,same_name_diff_address,1
S1-777410350,S2-606566291,0.9848,0,0.855,0.0,INDIA,same_name_diff_address,1
S1-44306388,S2-351241967,0.9848,0,0.855,0.0,US,same_name_diff_address,1
S1-529969845,S2-468157320,0.9848,0,0.4098,0.0,US,missing_address_collision,1
S1-168258572,S2-76523914,0.9848,0,0.855,0.0,INDIA,same_name_diff_address,1
S1-577836055,S2-38297637,0.9848,0,0.5764,0.0,INDIA,missing_address_collision,1
S1-768661557,S2-593436100,0.9848,0,0.855,0.0,US,same_name_diff_address,1
S1-538583967,S2-463684245,0.9848,0,0.5306,0.0,US,missing_address_collision,1
S1-234599671,S2-985305724,0.9848,0,0.855,0.0,US,same_name_diff_address,1
S1-613909745,S3-783216504,0.9848,0,0.855,0.0,US,same_name_diff_address,1
S1-162769467,S2-390788774,0.9848,0,0.3929,0.0,INDIA,missing_address_collision,1
S1-633247349,S3-72739095,0.9848,0,0.855,0.0,US,same_name_diff_address,1
S1-409917135,S2-475417524,0.9848,0,0.855,0.0,US,same_name_diff_address,1
S1-947317834,S2-465039341,0.9848,0,0.855,0.0,US,same_name_diff_address,1
S1-294292508,S2-405268162,0.9848,0,0.855,0.0,US,same_name_diff_address,1
S1-160151329,S2-996773066,0.9848,0,0.855,0.0,US,same_name_diff_address,1
S1-108067613,S2-467186911,0.9848,0,0.855,0.0,US,same_name_diff_address,1
S1-304629528,S3-202701124,0.9848,0,0.855,0.0,US,same_name_diff_address,1
S1-593069328,S2-621600466,0.9848,0,0.855,0.0,US,same_name_diff_address,1
S1-33824155,S2-846721899,0.9848,0,0.5744,0.0,US,missing_address_collision,1
S1-311871598,S3-138349617,0.9848,0,0.855,0.0,INDIA,same_name_diff_address,1
S1-830896005,S2-530440051,0.9848,0,0.855,0.0,US,same_name_diff_address,1
S1-353819686,S2-257512764,0.9848,0,0.855,0.0,US,same_name_diff_address,1
S1-160279977,S2-73908470,0.9848,0,0.855,0.0,INDIA,same_name_diff_address,1
S1-460331675,S2-773343823,0.9848,0,0.855,0.0,INDIA,same_name_diff_address,1
S1-817021376,S2-698470718,0.9848,0,0.6275,0.0,US,missing_address_collision,1
S1-850534051,S2-593436100,0.9848,0,0.855,0.0,US,same_name_diff_address,1
S1-815403916,S2-260696101,0.9848,0,0.6154,0.0,US,missing_address_collision,1
S1-986745603,S2-562943118,0.9848,0,0.855,0.0,US,same_name_diff_address,1
S1-354512284,S2-345451734,0.9848,0,0.855,0.0,INDIA,same_name_diff_address,1
S1-599063071,S2-441143999,0.9848,0,0.56,0.0,US,missing_address_collision,1
S1-428215061,S2-250798771,0.9848,0,0.7207,0.0,US,missing_address_collision,1
S1-21657509,S2-895617455,0.9848,0,0.855,0.0,INDIA,same_name_diff_address,1
S1-107930742,S2-674765436,0.9848,0,0.855,0.0,US,same_name_diff_address,1
S1-382884135,S2-961882016,0.9847,0,0.4442,0.0,US,missing_address_collision,1
S1-698745776,S2-116751358,0.9847,0,0.855,0.0,US,same_name_diff_address,1
S1-529969845,S2-177541118,0.9847,0,0.855,0.0,US,same_name_diff_address,1
S1-279132761,S2-912021078,0.9847,0,0.855,0.0,US,same_name_diff_address,1
S1-75772408,S2-639854051,0.9847,0,0.5405,0.0,US,missing_address_collision,1
S1-259084347,S2-134184698,0.9847,0,0.855,0.0,INDIA,same_name_diff_address,1
S1-376658238,S2-813844609,0.9847,0,0.855,0.0,US,same_name_diff_address,1
S1-777502989,S2-752394242,0.9847,0,0.57,0.0,US,missing_address_collision,1
S1-389163604,S2-647209677,0.9847,0,0.855,0.0,US,same_name_diff_address,1
S1-252553121,S2-468185314,0.9847,0,0.855,0.0,US,same_name_diff_address,1
S1-860016624,S2-204775966,0.9847,0,0.855,0.0,US,same_name_diff_address,1
S1-226577385,S2-656887441,0.9847,0,0.855,0.0,US,same_name_diff_address,1
S1-369699499,S2-763319156,0.9847,0,0.855,0.0,US,same_name_diff_address,1
S1-407743282,S2-813312419,0.9847,0,0.855,0.0,US,same_name_diff_address,1
S1-852357559,S2-431576110,0.9847,0,0.5672,0.0,US,missing_address_collision,1
S1-506341156,S2-87346937,0.9847,0,0.855,0.0,US,same_name_diff_address,1
S1-912276930,S2-690899585,0.9847,0,0.855,0.0,US,same_name_diff_address,1
S1-174720059,S2-126452159,0.9847,0,0.4969,0.0,US,missing_address_collision,1
S1-610384820,S2-772485316,0.9847,0,0.855,0.0,US,same_name_diff_address,1
S1-366175693,S2-695083584,0.9847,0,0.855,0.0,INDIA,same_name_diff_address,1
S1-638571423,S2-871203844,0.9847,0,0.855,0.0,US,same_name_diff_address,1
S1-320181892,S3-117704133,0.9847,0,0.855,0.0,INDIA,same_name_diff_address,1
S1-440815903,S2-323028649,0.9847,0,0.855,0.0,US,same_name_diff_address,1
S1-449689520,S2-630032900,0.9847,0,0.855,0.0,US,same_name_diff_address,1
S1-414313193,S2-961240982,0.9847,0,0.855,0.0,US,same_name_diff_address,1
S1-414313193,S2-217230465,0.9847,0,0.855,0.0,US,same_name_diff_address,1
S1-237571138,S2-238573307,0.9847,0,0.855,0.0,US,same_name_diff_address,1
S1-650553612,S2-8991081,0.9847,0,0.5182,0.0,INDIA,missing_address_collision,1
S1-181406837,S2-871200827,0.9847,0,0.549,0.0,INDIA,missing_address_collision,1
S1-320139934,S2-719060955,0.9847,0,0.855,0.0,US,same_name_diff_address,1
S1-638426870,S2-187379771,0.9847,0,0.855,0.0,US,same_name_diff_address,1
S1-890650883,S2-419627941,0.9847,0,0.4872,0.0,US,missing_address_collision,1
S1-698745776,S2-406515007,0.9847,0,0.855,0.0,US,same_name_diff_address,1
S1-321574845,S2-167184038,0.9847,0,0.855,0.0,INDIA,same_name_diff_address,1
S1-840217127,S2-435085453,0.9847,0,0.855,0.0,US,same_name_diff_address,1
S1-841605151,S2-700763389,0.9847,0,0.5041,0.0,INDIA,missing_address_collision,1
S1-605307017,S2-112767152,0.9847,0,0.855,0.0,US,same_name_diff_address,1
S1-533130079,S2-908676462,0.9847,0,0.5569,0.0,INDIA,missing_address_collision,1
S1-270207537,S2-652409487,0.9847,0,0.855,0.0,US,same_name_diff_address,1
S1-236371764,S2-799813934,0.9847,0,0.855,0.0,US,same_name_diff_address,1
S1-707895344,S2-287888382,0.9847,0,0.855,0.0,US,same_name_diff_address,1
S1-535229406,S2-531977723,0.9847,0,0.855,0.0,US,same_name_diff_address,1
S1-857770415,S2-3397001,0.9847,0,0.855,0.0,US,same_name_diff_address,1
S1-963168542,S2-978043013,0.9847,0,0.855,0.0,US,same_name_diff_address,1
S1-812958106,S2-23219309,0.9847,0,0.6477,0.0,INDIA,missing_address_collision,1
S1-235771556,S2-465717705,0.9846,0,0.855,0.0,US,same_name_diff_address,1
S1-212621203,S2-380768370,0.9846,0,0.855,0.0,US,same_name_diff_address,1
S1-406262894,S2-792139362,0.9846,0,0.855,0.0,US,same_name_diff_address,1
S1-135098815,S2-2904478,0.9846,0,0.855,0.0,US,same_name_diff_address,1
S1-123893547,S2-35976621,0.9846,0,0.855,0.0,US,same_name_diff_address,1
S1-280092169,S2-527474513,0.9846,0,0.5157,0.0,US,missing_address_collision,1
S1-171950504,S3-445332820,0.9846,0,0.855,0.0,INDIA,same_name_diff_address,1
S1-778010074,S3-729223665,0.9846,0,0.855,0.0,US,same_name_diff_address,1
S1-901139433,S2-35621172,0.9846,0,0.855,0.0,US,same_name_diff_address,1
S1-123893547,S2-752468662,0.9846,0,0.855,0.0,US,same_name_diff_address,1
S1-554737211,S2-486376777,0.9846,0,0.855,0.0,US,same_name_diff_address,1
S1-237571138,S2-249756717,0.9846,0,0.855,0.0,US,same_name_diff_address,1
S1-874271241,S2-278940385,0.9846,0,0.855,0.0,US,same_name_diff_address,1
S1-788679579,S2-465356447,0.9846,0,0.855,0.0,US,same_name_diff_address,1
S1-325671119,S2-648508876,0.9846,0,0.855,0.0,US,same_name_diff_address,1
S1-173806507,S2-66465595,0.9846,0,0.855,0.0,US,same_name_diff_address,1
S1-638426870,S2-987922425,0.9846,0,0.855,0.0,US,same_name_diff_address,1
S1-44595509,S2-912692237,0.9846,0,0.855,0.0,US,same_name_diff_address,1
S1-623669159,S2-10827840,0.9846,0,0.6667,0.0,INDIA,missing_address_collision,1
S1-788366857,S2-973344340,0.9846,0,0.5412,0.0,US,missing_address_collision,1
S1-898945966,S2-277691400,0.9846,0,0.855,0.0,US,same_name_diff_address,1
S1-49023897,S2-938411775,0.9846,0,0.855,0.0,US,same_name_diff_address,1
S1-80132985,S2-302140231,0.9846,0,0.855,0.0,US,same_name_diff_address,1
S1-649255879,S2-43729147,0.9846,0,0.855,0.0,US,same_name_diff_address,1
S1-802738269,S3-410275784,0.9846,0,0.5714,0.0,US,missing_address_collision,1
S1-748671581,S2-431035756,0.9846,0,0.855,0.0,US,same_name_diff_address,1
S1-254988678,S2-642935106,0.9846,0,0.855,0.0,US,same_name_diff_address,1
S1-674087795,S2-446682559,0.9846,0,0.5897,0.0,US,missing_address_collision,1
S1-382284347,S2-750102859,0.9846,0,0.855,0.0,US,same_name_diff_address,1
S1-59750594,S2-541438010,0.9846,0,0.855,0.0,US,same_name_diff_address,1
S1-735739593,S2-878692784,0.9846,0,0.855,0.0,US,same_name_diff_address,1
S1-339823330,S2-676734387,0.9846,0,0.4543,0.0,US,missing_address_collision,1
S1-526767649,S2-225204885,0.9846,0,0.855,0.0,US,same_name_diff_address,1
S1-962831768,S2-198910314,0.9846,0,0.5373,0.0,INDIA,missing_address_collision,1
S1-435224261,S2-807382054,0.9846,0,0.855,0.0,US,same_name_diff_address,1
S1-866173096,S3-382281609,0.9846,0,0.6786,0.0,INDIA,missing_address_collision,1
S1-593069328,S2-498511624,0.9846,0,0.855,0.0,US,same_name_diff_address,1
S1-25151150,S2-965854421,0.9846,0,0.575,0.0,US,missing_address_collision,1
S1-832995813,S2-751196312,0.9846,0,0.855,0.0,US,same_name_diff_address,1
S1-539448237,S2-488250811,0.9846,0,0.855,0.0,US,same_name_diff_address,1
S1-617231110,S2-695737850,0.9846,0,0.855,0.0,US,same_name_diff_address,1
S1-923272267,S2-660978228,0.9846,0,0.855,0.0,US,same_name_diff_address,1
S1-410534830,S2-388092917,0.9846,0,0.855,0.0,US,same_name_diff_address,1
S1-68835594,S2-553927115,0.9846,0,0.855,0.0,US,same_name_diff_address,1
S1-729799358,S3-424441146,0.9846,0,0.855,0.0,INDIA,same_name_diff_address,1
S1-751700657,S2-189628341,0.9846,0,0.855,0.0,INDIA,same_name_diff_address,1
S1-980477796,S2-137814191,0.9846,0,0.475,0.0,US,missing_address_collision,1
S1-195098122,S3-816018481,0.9845,0,0.855,0.0,US,same_name_diff_address,1
S1-259084347,S2-878763840,0.9845,0,0.855,0.0,INDIA,same_name_diff_address,1
S1-752320772,S2-290785579,0.9845,0,0.5574,0.0,US,missing_address_collision,1
S1-171682575,S2-665751946,0.9845,0,0.5091,0.0,US,missing_address_collision,1
S1-120504416,S2-836349705,0.9845,0,0.475,0.0,US,missing_address_collision,1
S1-313942684,S2-11040372,0.9845,0,0.5667,0.0,INDIA,missing_address_collision,1
S1-565980342,S2-291305597,0.9845,0,0.855,0.0,US,same_name_diff_address,1
S1-245678725,S2-649711336,0.9845,0,0.6545,0.0,INDIA,missing_address_collision,1
S1-330576007,S2-514664479,0.9845,0,0.575,0.0,INDIA,missing_address_collision,1
S1-882446763,S2-361620449,0.9845,0,0.855,0.0,US,same_name_diff_address,1
S1-181661921,S2-147627734,0.9845,0,0.6552,0.0,INDIA,missing_address_collision,1
S1-675978853,S2-934991297,0.9845,0,0.855,0.0,INDIA,same_name_diff_address,1
S1-625180609,S2-453366982,0.9845,0,0.5481,0.0,INDIA,missing_address_collision,1
S1-767442740,S2-952566363,0.9845,0,0.855,0.0,INDIA,same_name_diff_address,1
S1-979083477,S2-444516208,0.9845,0,0.6333,0.0,INDIA,missing_address_collision,1
S1-841605151,S2-711585474,0.9844,0,0.4643,0.0,INDIA,missing_address_collision,1
S1-263698845,S2-267071315,0.9844,0,0.855,0.0,US,same_name_diff_address,1
S1-438304732,S2-453445638,0.9844,0,0.855,0.0,INDIA,same_name_diff_address,1
S1-840217127,S3-135037239,0.9844,0,0.55,0.0,US,missing_address_collision,1
S1-592291789,S2-666132238,0.9844,0,0.855,0.0,INDIA,same_name_diff_address,1
S1-627716765,S2-111192912,0.9844,0,0.646,0.0,INDIA,missing_address_collision,1
S1-740641617,S3-190175406,0.9844,0,0.855,0.0,US,same_name_diff_address,1
S1-783557483,S3-540053229,0.9844,0,0.855,0.0,INDIA,same_name_diff_address,1
S1-261410346,S2-600598481,0.9844,0,0.5,0.0,US,missing_address_collision,1
S1-520051065,S2-602066809,0.9843,0,0.5846,0.0,US,missing_address_collision,1
S1-770398904,S3-432123024,0.9843,0,0.5366,0.0,INDIA,missing_address_collision,1
S1-442172289,S3-642863196,0.9843,0,0.6154,0.0,INDIA,missing_address_collision,1
S1-114268922,S3-653925585,0.9843,0,0.855,0.0,US,same_name_diff_address,1
S1-955298517,S2-525245730,0.9843,0,0.855,0.0,US,same_name_diff_address,1
S1-453172072,S2-266810666,0.9843,0,0.4583,0.0,US,missing_address_collision,1
S1-949178788,S2-172102161,0.9843,0,0.5909,0.0,US,missing_address_collision,1
S1-241787832,S2-130755887,0.9843,0,0.5588,0.0,US,missing_address_collision,1
S1-729888462,S3-944406199,0.9843,0,0.855,0.0,INDIA,same_name_diff_address,1
S1-713144918,S3-133691295,0.9843,0,0.855,0.0,US,same_name_diff_address,1
S1-44159772,S3-38704338,0.9843,0,0.855,0.0,US,same_name_diff_address,1
S1-208214828,S2-705833274,0.9843,0,0.5854,0.0,US,missing_address_collision,1
S1-573035188,S3-597913579,0.9843,0,0.855,0.0,INDIA,same_name_diff_address,1
S1-428448063,S2-289703347,0.9843,0,0.6,0.0,US,missing_address_collision,1
S1-163042454,S2-137727876,0.9843,0,0.855,0.0,INDIA,same_name_diff_address,1
S1-595286465,S2-415477440,0.9843,0,0.855,0.0,US,same_name_diff_address,1
S1-986751950,S2-378039189,0.9843,0,0.665,0.0,US,missing_address_collision,1
S1-403585529,S2-487004990,0.9843,0,0.6441,0.0,INDIA,missing_address_collision,1
S1-644072556,S3-587701051,0.9842,0,0.855,0.0,US,same_name_diff_address,1
S1-874271241,S2-717732215,0.9842,0,0.855,0.0,US,same_name_diff_address,1
S1-585064034,S2-519096122,0.9842,0,0.855,0.0,US,same_name_diff_address,1
S1-307428848,S3-731763932,0.9842,0,0.855,0.0,US,same_name_diff_address,1
S1-892325277,S3-999210500,0.9842,0,0.855,0.0,US,same_name_diff_address,1
S1-115209958,S2-937841373,0.9842,0,0.855,0.0,US,same_name_diff_address,1
S1-203720906,S2-973234467,0.9842,0,0.855,0.0,INDIA,same_name_diff_address,1
S1-163369137,S2-63140583,0.9842,0,0.855,0.0,INDIA,same_name_diff_address,1
S1-365053463,S2-599598569,0.9842,0,0.855,0.0,INDIA,same_name_diff_address,1
S1-952591423,S2-944193912,0.9842,0,0.5238,0.0,US,missing_address_collision,1
S1-125151476,S2-323709127,0.9842,0,0.855,0.0,US,same_name_diff_address,1
S1-645089650,S2-982869001,0.9842,0,0.855,0.0,INDIA,same_name_diff_address,1
S1-568811342,S2-42606227,0.9842,0,0.4222,0.0,US,missing_address_collision,1
S1-782713637,S2-189848105,0.9842,0,0.855,0.0,US,same_name_diff_address,1
S1-22960111,S2-825375312,0.9842,0,0.5915,0.0,US,missing_address_collision,1
S1-279863064,S2-521384296,0.9842,0,0.855,0.0,US,same_name_diff_address,1
S1-303211479,S3-384920441,0.9842,0,0.855,0.0,US,same_name_diff_address,1
S1-628925717,S2-685868523,0.9842,0,0.855,0.0,INDIA,same_name_diff_address,1
S1-88215373,S2-906451992,0.9842,0,0.855,0.0,INDIA,same_name_diff_address,1
S1-835023573,S2-474612034,0.9842,0,0.855,0.0,US,same_name_diff_address,1
S1-669521244,S2-814788144,0.9842,0,0.6333,0.0,US,missing_address_collision,1
S1-961962987,S3-331712802,0.9842,0,0.855,0.0,INDIA,same_name_diff_address,1
S1-203720906,S2-585651826,0.9841,0,0.855,0.0,INDIA,same_name_diff_address,1
S1-840482273,S2-137749896,0.9841,0,0.855,0.0,INDIA,same_name_diff_address,1
S1-5371565,S2-604906956,0.9841,0,0.4318,0.0,US,missing_address_collision,1
S1-224691744,S2-467444324,0.9841,0,0.4103,0.0,US,missing_address_collision,1
S1-968847178,S2-726976471,0.9841,0,0.855,0.0,INDIA,same_name_diff_address,1
S1-565220158,S2-546344185,0.9841,0,0.4898,0.0,INDIA,missing_address_collision,1
S1-857979167,S2-524738691,0.9841,0,0.4658,0.0,US,missing_address_collision,1
S1-637015436,S2-817004038,0.9841,0,0.4508,0.0,INDIA,missing_address_collision,1
S1-850249245,S3-878657147,0.9841,0,0.855,0.0,US,same_name_diff_address,1
S1-428448063,S2-591450929,0.9841,0,0.48,0.0,US,missing_address_collision,1
S1-448001363,S2-183234369,0.9841,0,0.4586,0.0,US,missing_address_collision,1
S1-393833765,S3-289817040,0.984,0,0.855,0.0,INDIA,same_name_diff_address,1
S1-110890522,S3-931510583,0.984,0,0.5262,0.0,INDIA,missing_address_collision,1
S1-196752228,S3-954290624,0.984,0,0.855,0.0,INDIA,same_name_diff_address,1
S1-811706018,S2-892641995,0.984,0,0.855,0.0,US,same_name_diff_address,1
S1-579210779,S2-44579771,0.984,0,0.5542,0.0,US,missing_address_collision,1
S1-116625119,S2-203604499,0.984,0,0.6426,0.0,INDIA,missing_address_collision,1
S1-42435927,S3-925088924,0.984,0,0.855,0.0,US,same_name_diff_address,1
S1-638426870,S2-496314666,0.984,0,0.855,0.0,US,same_name_diff_address,1
S1-563190421,S2-287241449,0.984,0,0.855,0.0,US,same_name_diff_address,1
S1-396851602,S2-291666489,0.984,0,0.855,0.0,US,same_name_diff_address,1
S1-109671314,S2-878420076,0.984,0,0.4976,0.0,US,missing_address_collision,1
S1-888511657,S2-290294403,0.984,0,0.4914,0.0,US,missing_address_collision,1
S1-776968091,S3-616107917,0.984,0,0.855,0.0,INDIA,same_name_diff_address,1
S1-177626036,S3-770910559,0.984,0,0.855,0.0,INDIA,same_name_diff_address,1
S1-837361835,S2-440097544,0.984,0,0.855,0.0,US,same_name_diff_address,1
S1-108067613,S2-425683905,0.984,0,0.855,0.0,US,same_name_diff_address,1
S1-725674440,S2-867238598,0.984,0,0.855,0.0,INDIA,same_name_diff_address,1
S1-760215345,S2-979924875,0.984,0,0.855,0.0,US,same_name_diff_address,1
S1-256700826,S2-666963613,0.984,0,0.4976,0.0,US,missing_address_collision,1
S1-835200542,S3-990864167,0.984,0,0.4727,0.0,INDIA,missing_address_collision,1
S1-2496448,S2-659988897,0.9839,0,0.5295,0.0,INDIA,missing_address_collision,1
S1-942237861,S3-476677186,0.9839,0,0.855,0.0,US,same_name_diff_address,1
S1-821729525,S2-260192293,0.9839,0,0.4365,0.0,US,missing_address_collision,1
S1-415242088,S2-288418708,0.9839,0,0.5161,0.0,US,missing_address_collision,1
S1-440815903,S2-285491211,0.9839,0,0.5135,0.0,US,missing_address_collision,1
S1-186921761,S2-836057123,0.9839,0,0.855,0.0,INDIA,same_name_diff_address,1
S1-162613866,S3-143709870,0.9839,0,0.855,0.0,INDIA,same_name_diff_address,1
S1-214641601,S2-5825131,0.9839,0,0.855,0.0,INDIA,same_name_diff_address,1
S1-226885090,S2-767469433,0.9839,0,0.5217,0.0,US,missing_address_collision,1
S1-665737114,S2-129886570,0.9839,0,0.5161,0.0,US,missing_address_collision,1
S1-921755747,S2-628350899,0.9839,0,0.5263,0.0,US,missing_address_collision,1
S1-418166798,S2-907958581,0.9839,0,0.5455,0.0,US,missing_address_collision,1
S1-995003713,S2-330028296,0.9839,0,0.5185,0.0,US,missing_address_collision,1
S1-597512195,S2-725260919,0.9839,0,0.4667,0.0,INDIA,missing_address_collision,1
S1-177919655,S2-454722199,0.9839,0,0.5098,0.0,US,missing_address_collision,1
S1-769489723,S2-293267556,0.9839,0,0.5344,0.0,US,missing_address_collision,1
S1-39590912,S2-162378715,0.9839,0,0.5294,0.0,US,missing_address_collision,1
S1-747761416,S2-164058523,0.9839,0,0.5067,0.0,US,missing_address_collision,1
S1-939641545,S2-912021078,0.9839,0,0.855,0.0,US,same_name_diff_address,1
S1-15934845,S2-275781729,0.9839,0,0.4889,0.0,US,missing_address_collision,1
S1-937589919,S2-122633504,0.9839,0,0.5625,0.0,US,missing_address_collision,1
S1-171458244,S3-758636208,0.9839,0,0.855,0.0,INDIA,same_name_diff_address,1
S1-96101477,S2-709291200,0.9839,0,0.6609,0.0,US,missing_address_collision,1
S1-194316206,S2-331510638,0.9839,0,0.5306,0.0,US,missing_address_collision,1
S1-954317610,S2-384630431,0.9839,0,0.5641,0.0,US,missing_address_collision,1
S1-543283289,S2-824340117,0.9839,0,0.6706,0.0,US,missing_address_collision,1
S1-944828003,S2-103904128,0.9839,0,0.4948,0.0,US,missing_address_collision,1
S1-666246241,S2-397963663,0.9839,0,0.475,0.0,INDIA,missing_address_collision,1
S1-942237861,S3-680728738,0.9839,0,0.855,0.0,US,same_name_diff_address,1
S1-97622407,S2-152944583,0.9839,0,0.4984,0.0,US,missing_address_collision,1
S1-892855613,S2-380428889,0.9839,0,0.5089,0.0,INDIA,missing_address_collision,1
S1-968768196,S2-30299605,0.9839,0,0.5067,0.0,US,missing_address_collision,1
S1-382284347,S2-488433898,0.9839,0,0.5182,0.0,US,missing_address_collision,1
S1-964258674,S2-869185081,0.9839,0,0.4578,0.0,US,missing_address_collision,1
S1-772337486,S2-44281796,0.9838,0,0.855,0.0,US,same_name_diff_address,1
S1-103912908,S2-436830912,0.9838,0,0.475,0.0,US,missing_address_collision,1
S1-733725299,S2-508703346,0.9838,0,0.6333,0.0,INDIA,missing_address_collision,1
S1-914501875,S2-506782632,0.9838,0,0.4385,0.0,US,missing_address_collision,1
S1-809750410,S2-52961253,0.9838,0,0.6216,0.0,US,missing_address_collision,1
S1-456013920,S2-812300282,0.9838,0,0.466,0.0,US,missing_address_collision,1
S1-23639585,S3-811916900,0.9838,0,0.6038,0.0,US,missing_address_collision,1
S1-295650782,S2-935851828,0.9838,0,0.855,0.0,INDIA,same_name_diff_address,1
S1-381454937,S2-145408540,0.9838,0,0.855,0.0,US,same_name_diff_address,1
S1-745165081,S2-988456250,0.9838,0,0.4043,0.0,US,missing_address_collision,1
S1-124645496,S2-284627246,0.9838,0,0.5882,0.0,US,missing_address_collision,1
S1-876593202,S2-900999232,0.9838,0,0.855,0.0,US,same_name_diff_address,1
S1-748449582,S2-148334583,0.9837,0,0.5625,0.0,INDIA,missing_address_collision,1
S1-890043347,S2-668808915,0.9837,0,0.5,0.0,US,missing_address_collision,1
S1-259084347,S2-559220803,0.9837,0,0.855,0.0,INDIA,same_name_diff_address,1
S1-191652563,S2-597946498,0.9837,0,0.5135,0.0,US,missing_address_collision,1
S1-599271624,S2-292430707,0.9837,0,0.5143,0.0,US,missing_address_collision,1
S1-949571028,S2-817725349,0.9837,0,0.4813,0.0,US,missing_address_collision,1
S1-731917795,S2-34410442,0.9837,0,0.855,0.0,INDIA,same_name_diff_address,1
S1-5371565,S2-341324196,0.9837,0,0.855,0.0,US,same_name_diff_address,1
S1-983847659,S2-551568428,0.9837,0,0.6,0.0,US,missing_address_collision,1
S1-28127325,S2-702274414,0.9837,0,0.855,0.0,INDIA,same_name_diff_address,1
S1-624853217,S2-902807827,0.9837,0,0.855,0.0,US,same_name_diff_address,1
S1-650404784,S2-183520157,0.9837,0,0.4549,0.0,US,missing_address_collision,1
S1-177482011,S2-338541028,0.9837,0,0.5169,0.0,US,missing_address_collision,1
S1-206333722,S2-10763270,0.9837,0,0.52,0.0,US,missing_address_collision,1
S1-229127105,S2-983691106,0.9837,0,0.52,0.0,US,missing_address_collision,1
S1-323244799,S3-316428121,0.9837,0,0.4643,0.0,INDIA,missing_address_collision,1
S1-942237861,S2-782108910,0.9837,0,0.5241,0.0,US,missing_address_collision,1
S1-229127105,S2-842532517,0.9837,0,0.52,0.0,US,missing_address_collision,1
S1-952591423,S2-607582833,0.9837,0,0.52,0.0,US,missing_address_collision,1
S1-190791871,S2-983580010,0.9837,0,0.5517,0.0,US,missing_address_collision,1
S1-850884813,S2-477055842,0.9837,0,0.855,0.0,INDIA,same_name_diff_address,1
S1-781794123,S2-592222724,0.9837,0,0.4762,0.0,INDIA,missing_address_collision,1
S1-924992016,S2-355501607,0.9837,0,0.855,0.0,US,same_name_diff_address,1
S1-791185772,S2-310758318,0.9837,0,0.4926,0.0,US,missing_address_collision,1
S1-348937887,S2-11948869,0.9837,0,0.855,0.0,INDIA,same_name_diff_address,1
S1-851549908,S2-915350452,0.9837,0,0.1161,0.95,INDIA,same_address_diff_name,1
S1-240647457,S2-52461599,0.9837,0,0.5146,0.0,US,missing_address_collision,1
S1-216806816,S2-138603852,0.9837,0,0.5263,0.0,US,missing_address_collision,1
S1-345762666,S2-678500776,0.9837,0,0.855,0.0,US,same_name_diff_address,1
S1-251052816,S2-343842806,0.9837,0,0.4903,0.0,US,missing_address_collision,1
S1-251052816,S2-22832190,0.9837,0,0.4903,0.0,US,missing_address_collision,1
S1-400188272,S2-880496929,0.9837,0,0.855,0.0,US,same_name_diff_address,1
S1-296304920,S2-598926214,0.9837,0,0.855,0.0,INDIA,same_name_diff_address,1
S1-11590211,S2-156902421,0.9837,0,0.855,0.0,US,same_name_diff_address,1
S1-230214597,S2-99611140,0.9837,0,0.855,0.0,US,same_name_diff_address,1
S1-311711872,S2-523776282,0.9837,0,0.5556,0.0,US,missing_address_collision,1
S1-661249855,S2-602537882,0.9837,0,0.5957,0.0,INDIA,missing_address_collision,1
S1-729360626,S2-203604496,0.9837,0,0.855,0.0,US,same_name_diff_address,1
S1-414313193,S2-939332832,0.9837,0,0.855,0.0,US,same_name_diff_address,1
S1-128047522,S2-443856173,0.9837,0,0.5455,0.0,INDIA,missing_address_collision,1
S1-511542073,S2-497416904,0.9837,0,0.5455,0.0,US,missing_address_collision,1
S1-897147209,S2-841064217,0.9837,0,0.855,0.0,US,same_name_diff_address,1
S1-150181778,S2-321423098,0.9837,0,0.4817,0.0,US,missing_address_collision,1
S1-126567630,S2-511689534,0.9837,0,0.5344,0.0,INDIA,missing_address_collision,1
S1-953529266,S2-864017594,0.9837,0,0.855,0.0,US,same_name_diff_address,1
S1-276033393,S2-202244354,0.9837,0,0.5135,0.0,US,missing_address_collision,1
S1-98093504,S2-51908158,0.9837,0,0.4483,0.0,US,missing_address_collision,1
S1-714022223,S2-955312633,0.9837,0,0.855,0.0,US,same_name_diff_address,1
S1-22960111,S2-843675353,0.9837,0,0.5344,0.0,US,missing_address_collision,1
S1-817021376,S2-792500150,0.9837,0,0.855,0.0,US,same_name_diff_address,1
S1-296411097,S2-270394721,0.9837,0,0.5019,0.0,US,missing_address_collision,1
S1-74807963,S2-577558652,0.9837,0,0.5217,0.0,US,missing_address_collision,1
S1-737204534,S2-806551545,0.9837,0,0.5182,0.0,US,missing_address_collision,1
S1-966801851,S2-401474311,0.9837,0,0.855,0.0,US,same_name_diff_address,1
S1-803972039,S2-278495483,0.9837,0,0.537,0.0,US,missing_address_collision,1
S1-5371565,S2-453726344,0.9836,0,0.855,0.0,US,same_name_diff_address,1
S1-661858870,S2-921429283,0.9836,0,0.855,0.0,US,same_name_diff_address,1
S1-862491517,S2-439925024,0.9836,0,0.855,0.0,INDIA,same_name_diff_address,1
S1-234599671,S2-61029088,0.9836,0,0.855,0.0,US,same_name_diff_address,1
S1-267103486,S2-105110106,0.9836,0,0.855,0.0,INDIA,same_name_diff_address,1
S1-396820092,S2-333924748,0.9836,0,0.855,0.0,US,same_name_diff_address,1
S1-396439074,S2-884488345,0.9836,0,0.5263,0.0,INDIA,missing_address_collision,1
S1-754333697,S2-479789482,0.9836,0,0.5055,0.0,US,missing_address_collision,1
S1-862604873,S2-71160153,0.9836,0,0.855,0.0,US,same_name_diff_address,1
S1-883231877,S2-316151645,0.9836,0,0.855,0.0,US,same_name_diff_address,1
S1-965892785,S2-113546131,0.9836,0,0.855,0.0,US,same_name_diff_address,1
S1-650404784,S2-660919960,0.9836,0,0.855,0.0,US,same_name_diff_address,1
S1-342317077,S2-879801359,0.9836,0,0.855,0.0,US,same_name_diff_address,1
S1-33469092,S2-819965838,0.9836,0,0.855,0.0,US,same_name_diff_address,1
S1-820895902,S2-315000856,0.9836,0,0.4667,0.0,INDIA,missing_address_collision,1
S1-586783409,S2-797117187,0.9836,0,0.5965,0.0,INDIA,missing_address_collision,1
S1-449576342,S2-524909958,0.9836,0,0.855,0.0,US,same_name_diff_address,1
S1-449576342,S2-620363865,0.9836,0,0.855,0.0,US,same_name_diff_address,1
S1-692398377,S2-316705054,0.9836,0,0.855,0.0,US,same_name_diff_address,1
S1-559551681,S2-722011265,0.9836,0,0.855,0.0,US,same_name_diff_address,1
S1-392731643,S2-933697557,0.9836,0,0.855,0.0,US,same_name_diff_address,1
S1-332463028,S2-23042475,0.9836,0,0.855,0.0,INDIA,same_name_diff_address,1
S1-317833306,S2-809844142,0.9836,0,0.855,0.0,US,same_name_diff_address,1
S1-613909745,S2-548034353,0.9836,0,0.855,0.0,US,same_name_diff_address,1
S1-744392625,S2-90409745,0.9836,0,0.855,0.0,US,same_name_diff_address,1
S1-529969845,S2-302487977,0.9836,0,0.855,0.0,US,same_name_diff_address,1
S1-958348798,S2-489956746,0.9836,0,0.855,0.0,US,same_name_diff_address,1
S1-30152432,S2-427631891,0.9836,0,0.4773,0.0,US,missing_address_collision,1
S1-707752878,S2-160147762,0.9836,0,0.855,0.0,US,same_name_diff_address,1
S1-165108414,S2-628048429,0.9836,0,0.855,0.0,US,same_name_diff_address,1
S1-608134357,S2-597566489,0.9836,0,0.5484,0.0,US,missing_address_collision,1
S1-989820688,S2-722976762,0.9836,0,0.4308,0.0,US,missing_address_collision,1
S1-676679470,S2-90409745,0.9836,0,0.855,0.0,US,same_name_diff_address,1
S1-897147209,S2-158615339,0.9836,0,0.855,0.0,US,same_name_diff_address,1
S1-469889329,S2-769162010,0.9836,0,0.3638,0.0,INDIA,missing_address_collision,1
S1-511029944,S2-705073717,0.9836,0,0.855,0.0,US,same_name_diff_address,1
S1-37725687,S2-681594465,0.9836,0,0.855,0.0,US,same_name_diff_address,1
S1-173702927,S2-19585419,0.9836,0,0.855,0.0,US,same_name_diff_address,1
S1-240756409,S2-365112381,0.9836,0,0.855,0.0,US,same_name_diff_address,1
S1-542064928,S2-345976624,0.9836,0,0.855,0.0,US,same_name_diff_address,1
S1-453172072,S2-844875609,0.9836,0,0.855,0.0,US,same_name_diff_address,1
S1-596416441,S2-24949933,0.9836,0,0.5854,0.0,INDIA,missing_address_collision,1
S1-94760187,S2-570279011,0.9836,0,0.855,0.0,US,same_name_diff_address,1
S1-824161327,S2-17280930,0.9836,0,0.855,0.0,US,same_name_diff_address,1
S1-729360626,S2-829293736,0.9836,0,0.4694,0.0,US,missing_address_collision,1
S1-675256079,S3-240744681,0.9836,0,0.5581,0.0,INDIA,missing_address_collision,1
S1-353819686,S2-975364978,0.9836,0,0.855,0.0,US,same_name_diff_address,1
S1-845939719,S2-244074793,0.9836,0,0.855,0.0,US,same_name_diff_address,1
S1-371629388,S2-271518054,0.9836,0,0.855,0.0,US,same_name_diff_address,1
S1-762847590,S3-879379024,0.9835,0,0.5789,0.0,US,missing_address_collision,1
S1-505616748,S2-333400118,0.9835,0,0.6045,0.0,INDIA,missing_address_collision,1
S1-908831133,S2-11643627,0.9835,0,0.4545,0.0,US,missing_address_collision,1
S1-596086550,S2-532198359,0.9835,0,0.855,0.0,US,same_name_diff_address,1
S1-899724369,S2-242231390,0.9835,0,0.4828,0.0,INDIA,missing_address_collision,1
S1-414313193,S2-551561756,0.9835,0,0.855,0.0,US,same_name_diff_address,1
S1-511542073,S2-584128049,0.9835,0,0.5561,0.0,US,missing_address_collision,1
S1-724102059,S2-422899723,0.9835,0,0.5938,0.0,INDIA,missing_address_collision,1
S1-962900992,S2-325338540,0.9835,0,0.5115,0.0,US,missing_address_collision,1
S1-278067194,S3-266570384,0.9835,0,0.855,0.0,INDIA,same_name_diff_address,1
S1-626328538,S3-330363725,0.9835,0,0.855,0.0,US,same_name_diff_address,1
S1-414119513,S2-400628621,0.9835,0,0.4957,0.0,US,missing_address_collision,1
S1-462107641,S2-122081236,0.9835,0,0.855,0.0,INDIA,same_name_diff_address,1
S1-543739922,S2-936774899,0.9835,0,0.5067,0.0,US,missing_address_collision,1
S1-368756424,S2-287569168,0.9835,0,0.3897,0.0,US,missing_address_collision,1
S1-696727914,S3-596436877,0.9835,0,0.5429,0.0,US,missing_address_collision,1
S1-781065477,S2-223145550,0.9835,0,0.6333,0.0,INDIA,missing_address_collision,1
S1-995609145,S2-365704543,0.9835,0,0.5922,0.0,INDIA,missing_address_collision,1
S1-732245339,S2-609075462,0.9835,0,0.5366,0.0,US,missing_address_collision,1
S1-986089492,S2-356497679,0.9835,0,0.855,0.0,US,same_name_diff_address,1
S1-541606313,S3-906792910,0.9834,0,0.855,0.0,US,same_name_diff_address,1
S1-928850582,S2-948856059,0.9834,0,0.855,0.0,US,same_name_diff_address,1
S1-339823330,S2-333001929,0.9834,0,0.855,0.0,US,same_name_diff_address,1
S1-744807257,S2-419687314,0.9834,0,0.855,0.0,INDIA,same_name_diff_address,1
S1-589550564,S3-782069679,0.9834,0,0.855,0.0,US,same_name_diff_address,1
S1-285508962,S2-172256431,0.9834,0,0.5,0.0,INDIA,missing_address_collision,1
S1-946122113,S2-388936165,0.9834,0,0.5,0.0,US,missing_address_collision,1
S1-912729366,S2-136427336,0.9834,0,0.855,0.0,US,same_name_diff_address,1
S1-798750942,S2-792297882,0.9834,0,0.4,0.0,INDIA,missing_address_collision,1
S1-834828567,S2-988799842,0.9834,0,0.855,0.0,INDIA,same_name_diff_address,1
S1-397498202,S2-377726556,0.9834,0,0.57,0.0,US,missing_address_collision,1
S1-493735014,S2-345089754,0.9834,0,0.855,0.0,US,same_name_diff_address,1
S1-547190702,S2-501297827,0.9834,0,0.855,0.0,US,same_name_diff_address,1
S1-561535989,S2-395452567,0.9834,0,0.48,0.0,US,missing_address_collision,1
S1-681990695,S2-880496929,0.9834,0,0.855,0.0,US,same_name_diff_address,1
S1-208395731,S3-898004735,0.9834,0,0.5079,0.0,INDIA,missing_address_collision,1
S1-478124474,S2-35632519,0.9834,0,0.855,0.0,US,same_name_diff_address,1
S1-709047931,S2-975728616,0.9834,0,0.855,0.0,US,same_name_diff_address,1
S1-54276084,S3-234211374,0.9834,0,0.6032,0.0,US,missing_address_collision,1
S1-996340761,S2-774658050,0.9834,0,0.855,0.0,US,same_name_diff_address,1
S1-609753897,S2-373721896,0.9834,0,0.855,0.0,US,same_name_diff_address,1
S1-905850193,S2-121980815,0.9834,0,0.4653,0.0,US,missing_address_collision,1
S1-223058167,S2-642512538,0.9834,0,0.855,0.0,US,same_name_diff_address,1
S1-989820688,S3-566131857,0.9834,0,0.5614,0.0,US,missing_address_collision,1
S1-691095839,S2-481125394,0.9834,0,0.5253,0.0,US,missing_address_collision,1
S1-831637909,S2-180598452,0.9834,0,0.4706,0.0,INDIA,missing_address_collision,1
S1-185203613,S2-279797532,0.9834,0,0.475,0.0,US,missing_address_collision,1
S1-374054552,S2-766518231,0.9834,0,0.566,0.0,INDIA,missing_address_collision,1
S1-975785369,S2-351150672,0.9833,0,0.855,0.0,INDIA,same_name_diff_address,1
S1-313627444,S2-904813052,0.9833,0,0.6058,0.0,US,missing_address_collision,1
S1-117182649,S2-491432501,0.9833,0,0.4906,0.0,INDIA,missing_address_collision,1
S1-355421656,S2-668774644,0.9833,0,0.563,0.0,US,missing_address_collision,1
S1-382284347,S2-772061852,0.9833,0,0.495,0.0,US,missing_address_collision,1
S1-334472800,S2-59163754,0.9833,0,0.5306,0.0,INDIA,missing_address_collision,1
S1-20056011,S2-872811687,0.9833,0,0.855,0.0,US,same_name_diff_address,1
S1-337063274,S2-854825261,0.9833,0,0.6196,0.0,US,missing_address_collision,1
S1-920523644,S2-932118302,0.9833,0,0.5561,0.0,US,missing_address_collision,1
S1-566476892,S2-534601723,0.9833,0,0.5758,0.0,INDIA,missing_address_collision,1
S1-393719726,S2-730594424,0.9833,0,0.6045,0.0,US,missing_address_collision,1
S1-1664330,S2-735388780,0.9833,0,0.5161,0.0,INDIA,missing_address_collision,1
S1-96547492,S2-618875403,0.9833,0,0.6506,0.0,INDIA,missing_address_collision,1
S1-127747693,S3-920354805,0.9832,0,0.4878,0.0,US,missing_address_collision,1
S1-195432335,S2-448442372,0.9832,0,0.855,0.0,INDIA,same_name_diff_address,1
S1-563591610,S2-328728054,0.9832,0,0.855,0.0,US,same_name_diff_address,1
S1-303692217,S2-277021410,0.9832,0,0.4186,0.0,INDIA,missing_address_collision,1
S1-957835142,S2-866577594,0.9832,0,0.855,0.0,US,same_name_diff_address,1
S1-563190421,S2-238980762,0.9832,0,0.855,0.0,US,same_name_diff_address,1
S1-219664953,S2-514857536,0.9832,0,0.855,0.0,US,same_name_diff_address,1
S1-556219438,S2-52526597,0.9832,0,0.855,0.0,INDIA,same_name_diff_address,1
S1-85520731,S2-552024458,0.9832,0,0.855,0.0,US,same_name_diff_address,1
S1-785633657,S2-413719672,0.9832,0,0.855,0.0,US,same_name_diff_address,1
S1-962900992,S2-873392627,0.9832,0,0.855,0.0,US,same_name_diff_address,1
S1-207626382,S2-316050595,0.9832,0,0.4267,0.0,US,missing_address_collision,1
S1-627942187,S3-996000398,0.9832,0,0.855,0.0,US,same_name_diff_address,1
S1-223058167,S2-27898034,0.9832,0,0.466,0.0,US,missing_address_collision,1
S1-122914628,S2-830230418,0.9832,0,0.4628,0.0,US,missing_address_collision,1
S1-344989796,S2-593317038,0.9832,0,0.855,0.0,INDIA,same_name_diff_address,1
S1-794378676,S2-362404440,0.9832,0,0.5882,0.0,INDIA,missing_address_collision,1
S1-822644009,S2-767039913,0.9832,0,0.855,0.0,INDIA,same_name_diff_address,1
S1-533324804,S2-652238675,0.9832,0,0.855,0.0,US,same_name_diff_address,1
S1-326872794,S2-790963988,0.9832,0,0.4957,0.0,INDIA,missing_address_collision,1
S1-646121436,S2-241002736,0.9832,0,0.855,0.0,INDIA,same_name_diff_address,1
S1-307403760,S3-467232870,0.9831,0,0.855,0.0,INDIA,same_name_diff_address,1
S1-791185772,S2-345092554,0.9831,0,0.375,0.0,US,missing_address_collision,1
S1-317577279,S2-782617980,0.9831,0,0.5417,0.0,INDIA,missing_address_collision,1
S1-135395587,S2-785904200,0.9831,0,0.4615,0.0,US,missing_address_collision,1
S1-957046259,S2-940169625,0.9831,0,0.5714,0.0,US,missing_address_collision,1
S1-438304732,S2-66117857,0.9831,0,0.855,0.0,INDIA,same_name_diff_address,1
S1-175395304,S2-773559465,0.9831,0,0.5182,0.0,INDIA,missing_address_collision,1
S1-370197164,S2-167184108,0.9831,0,0.5225,0.0,US,missing_address_collision,1
S1-468435591,S2-839129247,0.9831,0,0.5098,0.0,US,missing_address_collision,1
S1-45777952,S2-56160878,0.9831,0,0.5532,0.0,US,missing_address_collision,1
S1-493219467,S3-215337187,0.9831,0,0.855,0.0,US,same_name_diff_address,1
S1-221686697,S2-954671829,0.9831,0,0.5089,0.0,INDIA,missing_address_collision,1
S1-186921761,S2-48491584,0.9831,0,0.5045,0.0,INDIA,missing_address_collision,1
S1-230214597,S2-180359512,0.9831,0,0.5614,0.0,US,missing_address_collision,1
S1-138627567,S2-441592101,0.9831,0,0.532,0.0,INDIA,missing_address_collision,1
S1-282928931,S2-996061356,0.9831,0,0.5,0.0,US,missing_address_collision,1
S1-829215639,S2-600052627,0.9831,0,0.5,0.0,INDIA,missing_address_collision,1
S1-570073092,S2-673876287,0.9831,0,0.855,0.0,INDIA,same_name_diff_address,1
S1-403585529,S2-717352168,0.9831,0,0.5116,0.0,INDIA,missing_address_collision,1
S1-754333697,S2-273240302,0.9831,0,0.5,0.0,US,missing_address_collision,1
S1-369699499,S2-101255875,0.9831,0,0.4706,0.0,US,missing_address_collision,1
S1-642788972,S2-954440904,0.9831,0,0.5246,0.0,US,missing_address_collision,1
S1-501803279,S2-958072271,0.9831,0,0.5846,0.0,US,missing_address_collision,1
S1-92173581,S2-457817844,0.983,0,0.4906,0.0,INDIA,missing_address_collision,1
S1-48791462,S2-354496624,0.983,0,0.4583,0.0,INDIA,missing_address_collision,1
S1-590209612,S2-588467807,0.983,0,0.6477,0.0,INDIA,missing_address_collision,1
S1-685226388,S2-986057188,0.983,0,0.5182,0.0,INDIA,missing_address_collision,1
S1-700515265,S2-186967233,0.983,0,0.5357,0.0,INDIA,missing_address_collision,1
S1-794484965,S3-709501410,0.983,0,0.5714,0.0,US,missing_address_collision,1
S1-433770166,S2-222529945,0.983,0,0.4447,0.0,US,missing_address_collision,1
S1-177764089,S2-905852187,0.983,0,0.4681,0.0,INDIA,missing_address_collision,1
S1-754846327,S2-378574853,0.983,0,0.6706,0.0,US,missing_address_collision,1
S1-320181892,S3-180081108,0.983,0,0.52,0.0,INDIA,missing_address_collision,1
S1-276926227,S3-243132157,0.983,0,0.855,0.0,INDIA,same_name_diff_address,1
S1-234599671,S2-786544473,0.9829,0,0.855,0.0,US,same_name_diff_address,1
S1-441866783,S2-364046798,0.9829,0,0.5047,0.0,INDIA,missing_address_collision,1
S1-820228206,S2-133193810,0.9829,0,0.855,0.0,INDIA,same_name_diff_address,1
S1-38231886,S2-666132238,0.9829,0,0.855,0.0,INDIA,same_name_diff_address,1
S1-759390373,S2-362404440,0.9829,0,0.608,0.0,INDIA,missing_address_collision,1
S1-244368299,S2-782215823,0.9829,0,0.855,0.0,US,same_name_diff_address,1
S1-776776971,S2-663913320,0.9829,0,0.5333,0.0,US,missing_address_collision,1
S1-893606359,S2-83779031,0.9829,0,0.6333,0.0,INDIA,missing_address_collision,1
S1-495116900,S3-286616310,0.9829,0,0.4653,0.0,INDIA,missing_address_collision,1
S1-784630717,S2-244260285,0.9829,0,0.5185,0.0,INDIA,missing_address_collision,1
S1-408506510,S2-343133767,0.9829,0,0.38,0.0,INDIA,missing_address_collision,1
S1-212880311,S2-950252612,0.9829,0,0.5429,0.0,US,missing_address_collision,1
S1-397360733,S2-41810651,0.9829,0,0.855,0.0,US,same_name_diff_address,1
S1-437376255,S2-496967703,0.9829,0,0.6621,0.0,INDIA,missing_address_collision,1
S1-253296928,S2-294277816,0.9829,0,0.573,0.0,INDIA,missing_address_collision,1
S1-900952209,S2-256299600,0.9829,0,0.6909,0.0,INDIA,missing_address_collision,1
S1-23378233,S2-766518231,0.9828,0,0.566,0.0,INDIA,missing_address_collision,1
S1-149359581,S3-857252854,0.9828,0,0.5466,0.0,US,missing_address_collision,1
S1-18815502,S3-645081724,0.9828,0,0.855,0.0,INDIA,same_name_diff_address,1
S1-399660795,S3-788291,0.9828,0,0.6333,0.0,US,missing_address_collision,1
S1-284894770,S2-400287578,0.9828,0,0.4825,0.0,US,missing_address_collision,1
S1-406773726,S2-577471983,0.9828,0,0.6147,0.0,INDIA,missing_address_collision,1
S1-185203613,S2-203553235,0.9828,0,0.4651,0.0,US,missing_address_collision,1
S1-936071729,S2-873256795,0.9828,0,0.855,0.0,INDIA,same_name_diff_address,1
S1-278067194,S3-395016531,0.9828,0,0.855,0.0,INDIA,same_name_diff_address,1
S1-785633657,S2-773171594,0.9828,0,0.4762,0.0,US,missing_address_collision,1
S1-923324526,S2-231194359,0.9828,0,0.855,0.0,INDIA,same_name_diff_address,1
S1-369699499,S3-407998704,0.9828,0,0.5818,0.0,US,missing_address_collision,1
S1-44159772,S3-668397372,0.9828,0,0.855,0.0,US,same_name_diff_address,1
S1-489478422,S2-572349891,0.9828,0,0.575,0.0,INDIA,missing_address_collision,1
S1-602855159,S2-673167932,0.9827,0,0.5588,0.0,US,missing_address_collision,1
S1-657593553,S2-744804340,0.9827,0,0.855,0.0,US,same_name_diff_address,1
S1-955298517,S2-381675978,0.9827,0,0.5527,0.0,US,missing_address_collision,1
S1-126340833,S2-369772758,0.9827,0,0.855,0.0,US,same_name_diff_address,1
S1-32217872,S3-388974063,0.9827,0,0.475,0.0,US,missing_address_collision,1
S1-886968368,S2-537209845,0.9827,0,0.55,0.0,US,missing_address_collision,1
S1-448748340,S2-517765295,0.9827,0,0.855,0.0,US,same_name_diff_address,1
S1-985953719,S2-439624890,0.9826,0,0.855,0.0,US,same_name_diff_address,1
S1-751929384,S2-761537624,0.9826,0,0.5217,0.0,US,missing_address_collision,1
S1-725346641,S3-123798821,0.9826,0,0.5,0.0,US,missing_address_collision,1
S1-512522397,S2-598061265,0.9826,0,0.5357,0.0,US,missing_address_collision,1
S1-44595509,S2-118240182,0.9826,0,0.4746,0.0,US,missing_address_collision,1
S1-977083993,S2-695831505,0.9826,0,0.5417,0.0,INDIA,missing_address_collision,1
S1-336730386,S2-414419115,0.9826,0,0.5115,0.0,INDIA,missing_address_collision,1
S1-156805936,S2-135108721,0.9826,0,0.5429,0.0,US,missing_address_collision,1
S1-571966529,S2-572486268,0.9826,0,0.4831,0.0,INDIA,missing_address_collision,1
S1-326872794,S2-496744930,0.9826,0,0.4957,0.0,INDIA,missing_address_collision,1
S1-707712333,S2-759478526,0.9826,0,0.4872,0.0,INDIA,missing_address_collision,1
S1-185203613,S2-625490309,0.9826,0,0.5143,0.0,US,missing_address_collision,1
S1-575667948,S2-813320709,0.9826,0,0.563,0.0,US,missing_address_collision,1
S1-414119513,S2-491632670,0.9826,0,0.5067,0.0,US,missing_address_collision,1
S1-917102645,S2-159562550,0.9826,0,0.855,0.0,US,same_name_diff_address,1
S1-235771556,S2-356272542,0.9826,0,0.4839,0.0,US,missing_address_collision,1
S1-212621203,S2-139792150,0.9826,0,0.4946,0.0,US,missing_address_collision,1
S1-791185772,S2-167231946,0.9826,0,0.4926,0.0,US,missing_address_collision,1
S1-331882473,S2-515262399,0.9826,0,0.475,0.0,INDIA,missing_address_collision,1
S1-221720905,S2-496744930,0.9826,0,0.475,0.0,INDIA,missing_address_collision,1
S1-960385949,S2-856931990,0.9826,0,0.5051,0.0,INDIA,missing_address_collision,1
S1-143498862,S2-154537798,0.9826,0,0.475,0.0,US,missing_address_collision,1
S1-960385949,S2-266906415,0.9826,0,0.5051,0.0,INDIA,missing_address_collision,1
S1-670867217,S2-581418891,0.9826,0,0.5098,0.0,INDIA,missing_address_collision,1
S1-299167932,S2-757596766,0.9826,0,0.5455,0.0,US,missing_address_collision,1
S1-40387662,S2-472414902,0.9826,0,0.5246,0.0,INDIA,missing_address_collision,1
S1-320181892,S2-259981762,0.9826,0,0.5089,0.0,INDIA,missing_address_collision,1
S1-259084347,S2-248104951,0.9826,0,0.4865,0.0,INDIA,missing_address_collision,1
S1-285463888,S2-325136304,0.9826,0,0.4667,0.0,US,missing_address_collision,1
S1-353718026,S2-169398738,0.9826,0,0.5127,0.0,US,missing_address_collision,1
S1-116766631,S3-416231109,0.9826,0,0.855,0.0,US,same_name_diff_address,1
S1-706443745,S2-182624276,0.9826,0,0.4365,0.0,US,missing_address_collision,1
S1-115365543,S2-31681131,0.9826,0,0.5182,0.0,US,missing_address_collision,1
S1-368756424,S2-919739933,0.9826,0,0.5135,0.0,US,missing_address_collision,1
S1-146334316,S2-867034949,0.9826,0,0.4935,0.0,US,missing_address_collision,1
S1-323894338,S2-751563100,0.9826,0,0.5377,0.0,US,missing_address_collision,1
S1-455896977,S2-766383543,0.9826,0,0.4416,0.0,INDIA,missing_address_collision,1
S1-557389298,S2-54167079,0.9825,0,0.4255,0.0,US,missing_address_collision,1
S1-701973838,S2-788810436,0.9825,0,0.5588,0.0,US,missing_address_collision,1
S1-569300855,S3-299903712,0.9825,0,0.855,0.0,INDIA,same_name_diff_address,1
S1-538583967,S2-346687094,0.9825,0,0.5241,0.0,US,missing_address_collision,1
S1-403501666,S2-608090062,0.9825,0,0.44,0.0,US,missing_address_collision,1
S1-806445586,S2-895039796,0.9825,0,0.4561,0.0,INDIA,missing_address_collision,1
S1-837354839,S2-516843028,0.9825,0,0.5556,0.0,INDIA,missing_address_collision,1
S1-117231640,S2-203177179,0.9825,0,0.855,0.0,US,same_name_diff_address,1
S1-644355041,S2-779629847,0.9825,0,0.4903,0.0,US,missing_address_collision,1
S1-331917824,S2-10446075,0.9825,0,0.5429,0.0,INDIA,missing_address_collision,1
S1-84642863,S2-792234846,0.9825,0,0.475,0.0,US,missing_address_collision,1
S1-811311911,S2-817620221,0.9825,0,0.4681,0.0,US,missing_address_collision,1
S1-995003713,S2-821463363,0.9825,0,0.4614,0.0,US,missing_address_collision,1
S1-140075737,S2-805917304,0.9825,0,0.855,0.0,US,same_name_diff_address,1
S1-455074274,S2-687220722,0.9825,0,0.5424,0.0,US,missing_address_collision,1
S1-371629388,S2-412986911,0.9825,0,0.5157,0.0,US,missing_address_collision,1
S1-681154997,S2-354496624,0.9825,0,0.4265,0.0,INDIA,missing_address_collision,1
S1-117231640,S2-679672694,0.9825,0,0.5232,0.0,US,missing_address_collision,1
S1-319102767,S2-86906795,0.9825,0,0.5556,0.0,INDIA,missing_address_collision,1
S1-319102767,S2-129666808,0.9825,0,0.5556,0.0,INDIA,missing_address_collision,1
S1-957046259,S2-460781700,0.9825,0,0.5263,0.0,US,missing_address_collision,1
S1-957046259,S2-428180212,0.9825,0,0.5263,0.0,US,missing_address_collision,1
S1-56865544,S2-650674734,0.9825,0,0.5241,0.0,INDIA,missing_address_collision,1
S1-572810919,S2-276714361,0.9825,0,0.5278,0.0,US,missing_address_collision,1
S1-466805986,S2-893863116,0.9825,0,0.5398,0.0,US,missing_address_collision,1
S1-535026637,S2-693213843,0.9825,0,0.5195,0.0,US,missing_address_collision,1
S1-201863439,S2-93657864,0.9825,0,0.4783,0.0,US,missing_address_collision,1
S1-719807711,S2-368608388,0.9825,0,0.5161,0.0,US,missing_address_collision,1
S1-117197143,S2-718342418,0.9825,0,0.5172,0.0,US,missing_address_collision,1
S1-220350257,S2-516137440,0.9825,0,0.466,0.0,US,missing_address_collision,1
S1-499534037,S2-657902331,0.9825,0,0.5291,0.0,US,missing_address_collision,1
S1-669984442,S2-360946312,0.9825,0,0.4706,0.0,INDIA,missing_address_collision,1
S1-492212560,S2-42195020,0.9825,0,0.5484,0.0,INDIA,missing_address_collision,1
S1-735082870,S2-155184955,0.9824,0,0.5176,0.0,US,missing_address_collision,1
S1-961351914,S2-102522388,0.9824,0,0.855,0.0,INDIA,same_name_diff_address,1
S1-122500575,S2-926747630,0.9824,0,0.5846,0.0,INDIA,missing_address_collision,1
S1-362696994,S3-356680943,0.9824,0,0.5854,0.0,INDIA,missing_address_collision,1
S1-838837276,S3-596198055,0.9824,0,0.855,0.0,US,same_name_diff_address,1
S1-692619260,S2-363544375,0.9824,0,0.855,0.0,INDIA,same_name_diff_address,1
S1-161932706,S2-266010977,0.9824,0,0.855,0.0,US,same_name_diff_address,1
S1-968768196,S3-218294486,0.9824,0,0.6107,0.0,US,missing_address_collision,1
S1-786475480,S3-371319419,0.9824,0,0.855,0.0,US,same_name_diff_address,1
S1-344989796,S2-132637703,0.9824,0,0.855,0.0,INDIA,same_name_diff_address,1
S1-146155333,S3-223001983,0.9824,0,0.855,0.0,US,same_name_diff_address,1
S1-657593553,S2-311630921,0.9824,0,0.855,0.0,US,same_name_diff_address,1
S1-759589213,S2-827639235,0.9824,0,0.855,0.0,US,same_name_diff_address,1
S1-552600390,S2-326314582,0.9824,0,0.855,0.0,US,same_name_diff_address,1
S1-565900586,S2-372912463,0.9824,0,0.4898,0.0,US,missing_address_collision,1
S1-107594716,S2-220812878,0.9824,0,0.855,0.0,US,same_name_diff_address,1
S1-735082870,S2-26921010,0.9824,0,0.506,0.0,US,missing_address_collision,1
S1-496504824,S2-878249158,0.9824,0,0.5098,0.0,US,missing_address_collision,1
S1-122500575,S2-983830914,0.9824,0,0.5846,0.0,INDIA,missing_address_collision,1
S1-328604040,S2-928160107,0.9823,0,0.5672,0.0,US,missing_address_collision,1
S1-956667559,S2-174306782,0.9823,0,0.5429,0.0,US,missing_address_collision,1
S1-554512944,S2-666485816,0.9823,0,0.5897,0.0,US,missing_address_collision,1
S1-438304732,S2-83276400,0.9823,0,0.4156,0.0,INDIA,missing_address_collision,1
S1-33936646,S3-705159839,0.9823,0,0.5111,0.0,US,missing_address_collision,1
S1-267425424,S2-50926529,0.9823,0,0.855,0.0,INDIA,same_name_diff_address,1
S1-240336779,S2-342665726,0.9823,0,0.5216,0.0,US,missing_address_collision,1
S1-812899883,S2-297324501,0.9823,0,0.475,0.0,US,missing_address_collision,1
S1-45229115,S2-82929091,0.9823,0,0.4597,0.0,US,missing_address_collision,1
S1-373913465,S2-258748593,0.9822,0,0.563,0.0,US,missing_address_collision,1
S1-577441760,S2-786633934,0.9822,0,0.855,0.0,US,same_name_diff_address,1
S1-689360119,S2-958085198,0.9822,0,0.4825,0.0,US,missing_address_collision,1
S1-825434688,S2-202772568,0.9822,0,0.855,0.0,INDIA,same_name_diff_address,1
S1-829987702,S2-911161731,0.9822,0,0.855,0.0,US,same_name_diff_address,1
S1-525144342,S2-652642027,0.9822,0,0.5714,0.0,INDIA,missing_address_collision,1
S1-760069665,S2-621900933,0.9822,0,0.3742,0.0,US,missing_address_collision,1
S1-34198125,S2-954671829,0.9822,0,0.475,0.0,INDIA,missing_address_collision,1
S1-275480996,S2-162928076,0.9822,0,0.4815,0.0,INDIA,missing_address_collision,1
S1-855019805,S2-401957233,0.9822,0,0.5655,0.0,US,missing_address_collision,1
S1-402313603,S2-958871022,0.9822,0,0.456,0.0,INDIA,missing_address_collision,1
S1-489478422,S2-505166781,0.9822,0,0.855,0.0,INDIA,same_name_diff_address,1
S1-283168072,S2-51328044,0.9822,0,0.5,0.0,US,missing_address_collision,1
S1-170834484,S2-271840567,0.9822,0,0.532,0.0,US,missing_address_collision,1
S1-140999876,S2-627383553,0.9822,0,0.855,0.0,US,same_name_diff_address,1
S1-453728931,S2-19824830,0.9822,0,0.855,0.0,US,same_name_diff_address,1
S1-91958220,S2-722011265,0.9822,0,0.4957,0.0,US,missing_address_collision,1
S1-339702488,S2-721758818,0.9822,0,0.429,0.0,US,missing_address_collision,1
S1-303462634,S2-188317943,0.9822,0,0.5816,0.0,US,missing_address_collision,1
S1-640668144,S3-613988994,0.9822,0,0.855,0.0,US,same_name_diff_address,1
S1-178548476,S3-112938942,0.9822,0,0.5455,0.0,INDIA,missing_address_collision,1
S1-699237188,S2-515811774,0.9822,0,0.4606,0.0,US,missing_address_collision,1
S1-720906521,S2-40339227,0.9822,0,0.4,0.0,INDIA,missing_address_collision,1
S1-787808641,S2-47039980,0.9822,0,0.475,0.0,US,missing_address_collision,1
S1-245552080,S2-402725512,0.9821,0,0.855,0.0,INDIA,same_name_diff_address,1
S1-155005948,S2-944833926,0.9821,0,0.5887,0.0,US,missing_address_collision,1
S1-164446819,S2-502036809,0.9821,0,0.521,0.0,US,missing_address_collision,1
S1-522308109,S2-571183793,0.9821,0,0.5915,0.0,US,missing_address_collision,1
S1-336795003,S2-800743154,0.9821,0,0.5172,0.0,INDIA,missing_address_collision,1
S1-209434212,S2-981114188,0.9821,0,0.855,0.0,US,same_name_diff_address,1
S1-700941776,S2-547017673,0.9821,0,0.5542,0.0,INDIA,missing_address_collision,1
S1-504893133,S2-496910141,0.9821,0,0.5481,0.0,US,missing_address_collision,1
S1-162068258,S2-494590412,0.9821,0,0.5278,0.0,INDIA,missing_address_collision,1
S1-12926751,S2-419895645,0.9821,0,0.5185,0.0,INDIA,missing_address_collision,1
S1-806742504,S2-414419115,0.9821,0,0.57,0.0,US,missing_address_collision,1
S1-166082575,S2-349655561,0.9821,0,0.5102,0.0,US,missing_address_collision,1
S1-601239137,S2-544173314,0.9821,0,0.5283,0.0,INDIA,missing_address_collision,1
S1-352225109,S2-646232803,0.9821,0,0.4361,0.0,US,missing_address_collision,1
S1-824570513,S2-525229584,0.9821,0,0.5344,0.0,INDIA,missing_address_collision,1
S1-764246295,S2-895537717,0.9821,0,0.5556,0.0,INDIA,missing_address_collision,1
S1-87706252,S2-321680243,0.9821,0,0.5172,0.0,INDIA,missing_address_collision,1
S1-871340820,S2-539868911,0.9821,0,0.5388,0.0,US,missing_address_collision,1
S1-381032800,S2-697536121,0.9821,0,0.5938,0.0,INDIA,missing_address_collision,1
S1-145797724,S2-508866995,0.9821,0,0.5377,0.0,INDIA,missing_address_collision,1
S1-399660795,S2-816643326,0.9821,0,0.6333,0.0,US,missing_address_collision,1
S1-334023016,S2-801108139,0.9821,0,0.4957,0.0,US,missing_address_collision,1
S1-481851119,S3-48606608,0.9821,0,0.5455,0.0,US,missing_address_collision,1
S1-283495365,S2-580107090,0.9821,0,0.5041,0.0,INDIA,missing_address_collision,1
S1-458231992,S2-417731879,0.982,0,0.4957,0.0,US,missing_address_collision,1
S1-925853913,S2-668525633,0.982,0,0.4667,0.0,US,missing_address_collision,1
S1-804528894,S2-357384171,0.982,0,0.4865,0.0,US,missing_address_collision,1
S1-449128211,S2-924389161,0.982,0,0.418,0.0,INDIA,missing_address_collision,1
S1-267549164,S2-654560388,0.982,0,0.5195,0.0,US,missing_address_collision,1
S1-839074907,S2-155611091,0.982,0,0.4478,0.0,US,missing_address_collision,1
S1-137885551,S2-695997330,0.982,0,0.4865,0.0,US,missing_address_collision,1
S1-870711349,S2-242249304,0.982,0,0.4354,0.0,US,missing_address_collision,1
S1-130937174,S3-190943692,0.982,0,0.855,0.0,INDIA,same_name_diff_address,1
S1-56230983,S2-37790282,0.982,0,0.4471,0.0,US,missing_address_collision,1
S1-192983624,S3-124569582,0.982,0,0.4821,0.0,US,missing_address_collision,1
S1-181265612,S3-513764717,0.982,0,0.4948,0.0,US,missing_address_collision,1
S1-101433356,S2-448761287,0.982,0,0.475,0.0,US,missing_address_collision,1
S1-375913756,S3-299332306,0.982,0,0.4259,0.0,INDIA,missing_address_collision,1
S1-983847659,S2-821378679,0.982,0,0.4872,0.0,US,missing_address_collision,1
S1-187465015,S2-122081236,0.9819,0,0.855,0.0,INDIA,same_name_diff_address,1
S1-764102392,S2-161297926,0.9819,0,0.475,0.0,US,missing_address_collision,1
S1-361709990,S3-997894609,0.9819,0,0.855,0.0,INDIA,same_name_diff_address,1
S1-578054594,S2-163855308,0.9819,0,0.4385,0.0,INDIA,missing_address_collision,1
S1-395153217,S2-656992770,0.9819,0,0.5,0.0,INDIA,missing_address_collision,1
S1-636051160,S2-780959731,0.9819,0,0.475,0.0,US,missing_address_collision,1
S1-824806831,S2-921536095,0.9819,0,0.5329,0.0,INDIA,missing_address_collision,1
S1-321748315,S3-236781607,0.9819,0,0.5172,0.0,INDIA,missing_address_collision,1
S1-796081325,S3-862773252,0.9819,0,0.5287,0.0,US,missing_address_collision,1
S1-648790175,S2-863560151,0.9819,0,0.4318,0.0,US,missing_address_collision,1
S1-734672431,S2-143135358,0.9819,0,0.855,0.0,INDIA,same_name_diff_address,1
S1-945253253,S2-454592632,0.9819,0,0.5155,0.0,INDIA,missing_address_collision,1
S1-624853217,S2-716676048,0.9819,0,0.4037,0.0,US,missing_address_collision,1
S1-134249804,S2-126335722,0.9818,0,0.459,0.0,US,missing_address_collision,1
S1-405328455,S2-131143275,0.9818,0,0.5041,0.0,INDIA,missing_address_collision,1
S1-177764089,S2-955180937,0.9818,0,0.4653,0.0,INDIA,missing_address_collision,1
S1-457086435,S2-468157320,0.9818,0,0.4433,0.0,US,missing_address_collision,1
S1-761209076,S2-124908218,0.9818,0,0.537,0.0,INDIA,missing_address_collision,1
S1-221763690,S2-270188479,0.9818,0,0.4821,0.0,US,missing_address_collision,1
S1-982636761,S2-174928503,0.9818,0,0.5463,0.0,US,missing_address_collision,1
S1-741568000,S2-220827555,0.9818,0,0.383,0.0,INDIA,missing_address_collision,1
S1-942993942,S2-912021078,0.9818,0,0.855,0.0,US,same_name_diff_address,1
S1-585060036,S2-35483915,0.9818,0,0.5,0.0,US,missing_address_collision,1
S1-167505335,S2-127163812,0.9818,0,0.4836,0.0,INDIA,missing_address_collision,1
S1-434638836,S2-705769452,0.9818,0,0.5153,0.0,INDIA,missing_address_collision,1
S1-149720679,S2-667455743,0.9818,0,0.574,0.0,US,missing_address_collision,1
S1-811209479,S2-440576513,0.9818,0,0.4108,0.0,US,missing_address_collision,1
S1-105842143,S2-564134701,0.9817,0,0.855,0.0,INDIA,same_name_diff_address,1
S1-443414530,S3-261247014,0.9817,0,0.4914,0.0,US,missing_address_collision,1
S1-493225060,S2-383537513,0.9817,0,0.5,0.0,US,missing_address_collision,1
S1-252701475,S2-921087589,0.9817,0,0.5063,0.0,US,missing_address_collision,1
S1-267103486,S2-683271490,0.9817,0,0.855,0.0,INDIA,same_name_diff_address,1
S1-175408075,S2-529286705,0.9816,0,0.5516,0.0,US,missing_address_collision,1
S1-429119327,S2-405268162,0.9816,0,0.4727,0.0,US,missing_address_collision,1
S1-92349042,S2-780066693,0.9816,0,0.439,0.0,US,missing_address_collision,1
S1-87706252,S2-697149188,0.9816,0,0.5527,0.0,INDIA,missing_address_collision,1
S1-189935382,S2-941291664,0.9816,0,0.4141,0.0,US,missing_address_collision,1
S1-153530639,S3-63788945,0.9816,0,0.5377,0.0,US,missing_address_collision,1
S1-915421122,S2-875935263,0.9816,0,0.4333,0.0,INDIA,missing_address_collision,1
S1-626328538,S2-182405139,0.9816,0,0.4385,0.0,US,missing_address_collision,1
S1-158294693,S2-9122081,0.9816,0,0.4092,0.0,INDIA,missing_address_collision,1
S1-867991646,S2-551777623,0.9816,0,0.5588,0.0,INDIA,missing_address_collision,1
S1-812899883,S2-192325586,0.9816,0,0.4606,0.0,US,missing_address_collision,1
S1-716596465,S2-472328147,0.9816,0,0.4262,0.0,US,missing_address_collision,1
S1-824875225,S2-339484168,0.9816,0,0.5726,0.0,INDIA,missing_address_collision,1
S1-200667387,S2-880483039,0.9816,0,0.5036,0.0,US,missing_address_collision,1
S1-817152886,S2-599815519,0.9816,0,0.4571,0.0,US,missing_address_collision,1
S1-196449543,S3-383201795,0.9816,0,0.6175,0.0,US,missing_address_collision,1
S1-932297664,S2-933738718,0.9816,0,0.4014,0.0,US,missing_address_collision,1
S1-850595185,S2-654290952,0.9816,0,0.4606,0.0,US,missing_address_collision,1
S1-577961419,S2-110696864,0.9816,0,0.3851,0.0,US,missing_address_collision,1
S1-552135078,S3-561467630,0.9816,0,0.5312,0.0,US,missing_address_collision,1
S1-918314838,S2-79794127,0.9816,0,0.48,0.0,US,missing_address_collision,1
S1-683999279,S2-634584077,0.9816,0,0.456,0.0,US,missing_address_collision,1
S1-749953993,S2-706300727,0.9815,0,0.5818,0.0,INDIA,missing_address_collision,1
S1-999030260,S2-316151645,0.9815,0,0.5143,0.0,US,missing_address_collision,1
S1-541838585,S2-470170672,0.9815,0,0.475,0.0,US,missing_address_collision,1
S1-15934845,S2-585966602,0.9815,0,0.4831,0.0,US,missing_address_collision,1
S1-78297311,S2-25589043,0.9815,0,0.4946,0.0,US,missing_address_collision,1
S1-865596938,S2-296159080,0.9815,0,0.1029,0.855,INDIA,same_address_diff_name,1
S1-548457360,S2-316151645,0.9815,0,0.4886,0.0,US,missing_address_collision,1
S1-886968368,S2-956939706,0.9814,0,0.4198,0.0,US,missing_address_collision,1
S1-917102645,S2-189247068,0.9814,0,0.5385,0.0,US,missing_address_collision,1
S1-686401901,S2-173858477,0.9814,0,0.3729,0.0,US,missing_address_collision,1
S1-50431976,S2-767432946,0.9814,0,0.855,0.0,US,same_name_diff_address,1
S1-944589171,S2-971491435,0.9813,0,0.532,0.0,US,missing_address_collision,1
S1-751975963,S2-52730422,0.9813,0,0.4878,0.0,US,missing_address_collision,1
S1-915504235,S2-436889010,0.9813,0,0.52,0.0,US,missing_address_collision,1
S1-963778507,S2-69160517,0.9813,0,0.5241,0.0,INDIA,missing_address_collision,1
S1-432938357,S2-266950519,0.9813,0,0.5816,0.0,US,missing_address_collision,1
S1-564094945,S2-507238061,0.9813,0,0.5344,0.0,US,missing_address_collision,1
S1-366293186,S2-274395165,0.9813,0,0.4918,0.0,INDIA,missing_address_collision,1
S1-422362912,S2-936188256,0.9813,0,0.5238,0.0,US,missing_address_collision,1
S1-658164791,S2-296975349,0.9813,0,0.4691,0.0,US,missing_address_collision,1
S1-226158603,S2-643647022,0.9813,0,0.5275,0.0,US,missing_address_collision,1
S1-964801822,S2-607251716,0.9813,0,0.4903,0.0,US,missing_address_collision,1
S1-491836606,S2-939566135,0.9813,0,0.5089,0.0,INDIA,missing_address_collision,1
S1-487977715,S2-76240274,0.9813,0,0.5185,0.0,US,missing_address_collision,1
S1-79819778,S2-698729121,0.9813,0,0.5,0.0,US,missing_address_collision,1
S1-28229932,S2-441943554,0.9813,0,0.855,0.0,US,same_name_diff_address,1
S1-153530639,S2-60009281,0.9813,0,0.516,0.0,US,missing_address_collision,1
S1-461121015,S2-458526522,0.9813,0,0.4528,0.0,US,missing_address_collision,1
S1-819686009,S2-462516561,0.9813,0,0.5344,0.0,US,missing_address_collision,1
S1-206333722,S2-334953722,0.9813,0,0.5051,0.0,US,missing_address_collision,1
S1-25254409,S2-366241893,0.9813,0,0.4815,0.0,US,missing_address_collision,1
S1-340514413,S2-600598481,0.9813,0,0.5429,0.0,US,missing_address_collision,1
S1-674132530,S2-509569976,0.9813,0,0.5262,0.0,US,missing_address_collision,1
S1-237121867,S3-670102729,0.9813,0,0.4433,0.0,US,missing_address_collision,1
S1-164539411,S2-297525990,0.9813,0,0.4783,0.0,US,missing_address_collision,1
S1-230893861,S2-75135556,0.9813,0,0.4831,0.0,US,missing_address_collision,1
S1-822268380,S2-449621898,0.9813,0,0.4614,0.0,US,missing_address_collision,1
S1-466805986,S2-751833322,0.9813,0,0.5429,0.0,US,missing_address_collision,1
S1-841666229,S2-593108393,0.9813,0,0.5152,0.0,US,missing_address_collision,1
S1-615971607,S2-629427321,0.9813,0,0.486,0.0,US,missing_address_collision,1
S1-584092122,S2-981267276,0.9813,0,0.855,0.0,INDIA,same_name_diff_address,1
S1-230214597,S2-537037334,0.9813,0,0.4375,0.0,US,missing_address_collision,1
S1-230214597,S2-285875533,0.9813,0,0.532,0.0,US,missing_address_collision,1
S1-981220234,S2-614503474,0.9813,0,0.5395,0.0,US,missing_address_collision,1
S1-68939231,S2-968431686,0.9813,0,0.5182,0.0,INDIA,missing_address_collision,1
S1-558083112,S2-973865533,0.9813,0,0.5135,0.0,INDIA,missing_address_collision,1
S1-956560424,S2-10136434,0.9813,0,0.5,0.0,US,missing_address_collision,1
S1-208214828,S2-903238154,0.9813,0,0.4222,0.0,US,missing_address_collision,1
S1-697438282,S2-25180721,0.9813,0,0.5146,0.0,US,missing_address_collision,1
S1-336033654,S2-648737290,0.9813,0,0.4685,0.0,US,missing_address_collision,1
S1-799763124,S2-373146481,0.9813,0,0.5278,0.0,INDIA,missing_address_collision,1
S1-128064649,S2-673457198,0.9813,0,0.855,0.0,US,same_name_diff_address,1
S1-375143705,S2-715303644,0.9813,0,0.4857,0.0,INDIA,missing_address_collision,1
S1-116460531,S2-512891075,0.9812,0,0.5089,0.0,US,missing_address_collision,1
S1-186921761,S2-218259118,0.9812,0,0.855,0.0,INDIA,same_name_diff_address,1
S1-867942126,S2-12778693,0.9812,0,0.5161,0.0,US,missing_address_collision,1
S1-778010074,S2-236278890,0.9812,0,0.4851,0.0,US,missing_address_collision,1
S1-784059496,S2-236278890,0.9812,0,0.4851,0.0,US,missing_address_collision,1
S1-855871750,S2-362984092,0.9812,0,0.4944,0.0,US,missing_address_collision,1
S1-595286465,S2-513922675,0.9812,0,0.5,0.0,US,missing_address_collision,1
S1-707653174,S2-254215155,0.9812,0,0.4528,0.0,US,missing_address_collision,1
S1-501203872,S2-836435976,0.9812,0,0.4957,0.0,INDIA,missing_address_collision,1
S1-991487198,S2-227739823,0.9812,0,0.4653,0.0,US,missing_address_collision,1
S1-170934192,S2-447976943,0.9812,0,0.5,0.0,US,missing_address_collision,1
S1-429119327,S2-821264817,0.9812,0,0.4923,0.0,US,missing_address_collision,1
S1-355055851,S2-866208484,0.9812,0,0.5091,0.0,INDIA,missing_address_collision,1
S1-466805986,S2-321292253,0.9812,0,0.5429,0.0,US,missing_address_collision,1
S1-725866124,S2-184530629,0.9812,0,0.4988,0.0,US,missing_address_collision,1
S1-483576223,S2-137942545,0.9812,0,0.4348,0.0,US,missing_address_collision,1
S1-886968368,S2-26839351,0.9812,0,0.4681,0.0,US,missing_address_collision,1
S1-711193579,S2-335637439,0.9812,0,0.5255,0.0,INDIA,missing_address_collision,1
S1-45229115,S2-46772323,0.9812,0,0.4839,0.0,US,missing_address_collision,1
S1-785633657,S2-438001849,0.9812,0,0.4549,0.0,US,missing_address_collision,1
S1-488635972,S2-57575385,0.9812,0,0.5,0.0,INDIA,missing_address_collision,1
S1-230524166,S2-438019744,0.9812,0,0.5429,0.0,US,missing_address_collision,1
S1-459742987,S2-733973177,0.9812,0,0.4644,0.0,US,missing_address_collision,1
S1-510899078,S2-509216177,0.9812,0,0.537,0.0,US,missing_address_collision,1
S1-285937131,S2-763354899,0.9812,0,0.5063,0.0,US,missing_address_collision,1
S1-968231343,S2-722657017,0.9812,0,0.4574,0.0,US,missing_address_collision,1
S1-861633762,S2-977138673,0.9812,0,0.4903,0.0,US,missing_address_collision,1
S1-421404084,S3-681258782,0.9811,0,0.5385,0.0,INDIA,missing_address_collision,1
S1-453172072,S2-215578617,0.9811,0,0.475,0.0,US,missing_address_collision,1
S1-545043982,S2-176307110,0.9811,0,0.5333,0.0,US,missing_address_collision,1
S1-170528844,S3-369114984,0.9811,0,0.4049,0.0,US,missing_address_collision,1
S1-453172072,S2-345293518,0.9811,0,0.475,0.0,US,missing_address_collision,1
S1-170934192,S2-831982899,0.9811,0,0.475,0.0,US,missing_address_collision,1
S1-346665753,S2-877157710,0.9811,0,0.429,0.0,INDIA,missing_address_collision,1
S1-547562707,S2-221253152,0.9811,0,0.5366,0.0,US,missing_address_collision,1
S1-910933659,S2-246925906,0.981,0,0.6742,0.0,INDIA,missing_address_collision,1
S1-959968859,S2-874383220,0.981,0,0.4298,0.0,US,missing_address_collision,1
S1-145797724,S2-318497502,0.981,0,0.9677,0.95,INDIA,high_name_high_address_wrong_entity,1
S1-863186587,S2-214596443,0.981,0,0.4406,0.0,US,missing_address_collision,1
S1-388132837,S3-566285854,0.981,0,0.855,0.0,US,same_name_diff_address,1
S1-156839945,S2-48491584,0.981,0,0.4876,0.0,INDIA,missing_address_collision,1
S1-319536702,S3-260750169,0.981,0,0.9355,0.8563,INDIA,high_name_high_address_wrong_entity,1
S1-33824155,S3-889041085,0.981,0,0.6609,0.0,US,missing_address_collision,1
S1-918179351,S2-867540493,0.9809,0,0.5823,0.0,INDIA,missing_address_collision,1
S1-392048433,S2-478914191,0.9809,0,0.6333,0.0,US,missing_address_collision,1
S1-615971607,S2-11645668,0.9809,0,0.5481,0.0,US,missing_address_collision,1
S1-658230833,S2-21529068,0.9809,0,0.5481,0.0,US,missing_address_collision,1
S1-604880604,S2-663114043,0.9809,0,0.57,0.0,INDIA,missing_address_collision,1
S1-887426967,S2-296708296,0.9809,0,0.475,0.0,US,missing_address_collision,1
S1-266501793,S2-600528987,0.9809,0,0.4471,0.0,US,missing_address_collision,1
S1-568913895,S2-600923701,0.9809,0,0.6045,0.0,US,missing_address_collision,1
S1-652161143,S2-184626671,0.9809,0,0.5783,0.0,US,missing_address_collision,1
S1-33469092,S2-748346140,0.9809,0,0.4614,0.0,US,missing_address_collision,1
S1-422362912,S2-435203554,0.9809,0,0.5561,0.0,US,missing_address_collision,1
S1-894262824,S2-338603155,0.9809,0,0.4524,0.0,US,missing_address_collision,1
S1-546808066,S2-85077851,0.9809,0,0.5905,0.0,US,missing_address_collision,1
S1-819989651,S2-126217359,0.9809,0,0.4831,0.0,INDIA,missing_address_collision,1
S1-600939501,S2-730420613,0.9809,0,0.5185,0.0,INDIA,missing_address_collision,1
S1-305851704,S2-672806037,0.9809,0,0.57,0.0,INDIA,missing_address_collision,1
S1-229340727,S2-639517850,0.9809,0,0.6333,0.0,INDIA,missing_address_collision,1
S1-68061632,S2-567403339,0.9809,0,0.57,0.0,US,missing_address_collision,1
S1-824866474,S2-274348328,0.9809,0,0.4615,0.0,INDIA,missing_address_collision,1
S1-769396937,S3-729045142,0.9808,0,0.5161,0.2864,INDIA,medium_collision,1
S1-906130210,S3-636793389,0.9808,0,0.486,0.0,US,missing_address_collision,1
S1-884610555,S2-290633997,0.9808,0,0.4385,0.0,US,missing_address_collision,1
S1-688837276,S3-768998364,0.9808,0,0.5104,0.0,INDIA,missing_address_collision,1
S1-603739603,S3-787538481,0.9808,0,0.5383,0.0,US,missing_address_collision,1
S1-217720436,S2-940704098,0.9808,0,0.6426,0.0,INDIA,missing_address_collision,1
S1-273494161,S2-801155004,0.9808,0,0.4491,0.0,INDIA,missing_address_collision,1
S1-641767808,S3-80324548,0.9808,0,0.5241,0.0,US,missing_address_collision,1
S1-252637491,S3-625364975,0.9808,0,0.4817,0.0,US,missing_address_collision,1
S1-379044829,S2-626595006,0.9808,0,0.6468,0.0,INDIA,missing_address_collision,1
S1-444343135,S3-318875953,0.9808,0,0.5104,0.0,US,missing_address_collision,1
S1-491314914,S2-596415549,0.9808,0,0.4534,0.0,US,missing_address_collision,1
S1-888248930,S2-252513883,0.9807,0,0.4444,0.0,INDIA,missing_address_collision,1
S1-340360406,S2-566621038,0.9807,0,0.4865,0.0,US,missing_address_collision,1
S1-622893279,S2-795708769,0.9807,0,0.475,0.0,INDIA,missing_address_collision,1
S1-13139309,S2-246907298,0.9807,0,0.5182,0.0,INDIA,missing_address_collision,1
S1-492381675,S2-823731743,0.9807,0,0.4634,0.0,US,missing_address_collision,1
S1-603739603,S3-848600170,0.9807,0,0.5429,0.0,US,missing_address_collision,1
S1-680474382,S2-725370515,0.9807,0,0.55,0.0,US,missing_address_collision,1
S1-226136219,S2-242184452,0.9807,0,0.5067,0.0,INDIA,missing_address_collision,1
S1-148967826,S2-650364957,0.9807,0,0.5312,0.0,US,missing_address_collision,1
S1-655830277,S2-303938154,0.9807,0,0.5182,0.0,INDIA,missing_address_collision,1
S1-199021658,S2-57939884,0.9807,0,0.5918,0.0,US,missing_address_collision,1
S1-495274324,S2-627131564,0.9807,0,0.5489,0.0,INDIA,missing_address_collision,1
S1-531002503,S2-459867097,0.9807,0,0.5106,0.0,US,missing_address_collision,1
S1-776968091,S2-189611463,0.9806,0,0.4957,0.0,INDIA,missing_address_collision,1
S1-434638836,S2-529966775,0.9806,0,0.4825,0.0,INDIA,missing_address_collision,1
S1-801290441,S2-327404443,0.9806,0,0.4644,0.0,INDIA,missing_address_collision,1
S1-577961419,S2-32426328,0.9806,0,0.4614,0.0,US,missing_address_collision,1
S1-4321229,S2-208170880,0.9806,0,0.5,0.0,INDIA,missing_address_collision,1
S1-753594679,S2-917419328,0.9806,0,0.4681,0.0,US,missing_address_collision,1
S1-125149268,S2-831987336,0.9806,0,0.5241,0.0,US,missing_address_collision,1
S1-871340820,S2-926236738,0.9806,0,0.4508,0.0,US,missing_address_collision,1
S1-105451287,S2-166678732,0.9806,0,0.5344,0.0,US,missing_address_collision,1
S1-604880604,S2-702853235,0.9806,0,0.6186,0.0,INDIA,missing_address_collision,1
S1-896639760,S2-818188679,0.9806,0,0.475,0.0,US,missing_address_collision,1
S1-905161828,S2-907310614,0.9806,0,0.5463,0.0,INDIA,missing_address_collision,1
S1-235771556,S2-446574671,0.9805,0,0.532,0.0,US,missing_address_collision,1
S1-826536378,S2-78413837,0.9805,0,0.48,0.0,US,missing_address_collision,1
S1-304515325,S2-774832609,0.9805,0,0.5429,0.0,US,missing_address_collision,1
S1-37675836,S2-850293687,0.9805,0,0.5429,0.0,INDIA,missing_address_collision,1
S1-278067194,S2-530341553,0.9805,0,0.4516,0.0,INDIA,missing_address_collision,1
S1-206333722,S2-327951328,0.9805,0,0.4851,0.0,US,missing_address_collision,1
S1-80132985,S2-391183160,0.9805,0,0.4333,0.0,US,missing_address_collision,1
S1-290935369,S3-941648538,0.9805,0,0.5897,0.0,US,missing_address_collision,1
S1-629758457,S2-754243056,0.9805,0,0.457,0.0,INDIA,missing_address_collision,1
S1-504532004,S2-242930625,0.9805,0,0.4957,0.0,US,missing_address_collision,1
S1-783643913,S2-864666419,0.9804,0,0.6909,0.0,INDIA,missing_address_collision,1
S1-186921761,S2-592047118,0.9804,0,0.855,0.0,INDIA,same_name_diff_address,1
S1-254877483,S3-626567381,0.9804,0,0.4299,0.0,US,missing_address_collision,1
S1-771495334,S2-280867088,0.9804,0,0.413,0.0,US,missing_address_collision,1
S1-313116408,S2-748133208,0.9804,0,0.5057,0.0,US,missing_address_collision,1
S1-801459261,S2-624185987,0.9804,0,0.0645,1.0,INDIA,same_address_diff_name,1
S1-576433057,S2-93232933,0.9804,0,0.4333,0.0,US,missing_address_collision,1
S1-424685613,S2-484237096,0.9804,0,0.4471,0.0,US,missing_address_collision,1
S1-492866747,S2-914695830,0.9804,0,0.4444,0.0,US,missing_address_collision,1
S1-301410817,S3-955215288,0.9804,0,0.4773,0.0,US,missing_address_collision,1
S1-506886989,S2-110128650,0.9804,0,0.4903,0.0,INDIA,missing_address_collision,1
S1-244182322,S2-378136260,0.9804,0,0.5637,0.0,US,missing_address_collision,1
S1-594484457,S2-958085198,0.9804,0,0.4672,0.0,US,missing_address_collision,1
S1-68061632,S3-259598667,0.9803,0,0.5481,0.0,US,missing_address_collision,1
S1-978834712,S2-977332890,0.9803,0,0.4194,0.0,INDIA,missing_address_collision,1
S1-526148442,S2-557150305,0.9803,0,0.4222,0.0,US,missing_address_collision,1
S1-840856254,S2-208576927,0.9803,0,0.5532,0.0,INDIA,missing_address_collision,1
S1-963119800,S2-850291975,0.9803,0,0.4574,0.0,US,missing_address_collision,1
S1-966035887,S2-242179145,0.9803,0,0.5489,0.0,INDIA,missing_address_collision,1
S1-655830277,S3-928226460,0.9803,0,0.7,0.0,INDIA,missing_address_collision,1
S1-426864556,S2-621997868,0.9803,0,0.5881,0.0,INDIA,missing_address_collision,1
S1-286550145,S2-712210281,0.9803,0,0.475,0.0,INDIA,missing_address_collision,1
S1-917102645,S2-770441988,0.9803,0,0.4597,0.0,US,missing_address_collision,1
S1-17573984,S2-522886891,0.9803,0,0.4411,0.0,INDIA,missing_address_collision,1
S1-784630717,S2-471136277,0.9802,0,0.5922,0.0,INDIA,missing_address_collision,1
S1-962900992,S2-641356102,0.9801,0,0.4574,0.0,US,missing_address_collision,1
S1-577836055,S2-256457263,0.9801,0,0.5938,0.0,INDIA,missing_address_collision,1
S1-929490178,S2-96819901,0.9801,0,0.5952,0.0,INDIA,missing_address_collision,1
S1-88207531,S3-242785914,0.9801,0,0.5,0.0,US,missing_address_collision,1
S1-362696994,S2-801420527,0.9801,0,0.5489,0.0,INDIA,missing_address_collision,1
S1-256700826,S2-302587378,0.9801,0,0.38,0.0,US,missing_address_collision,1
S1-126474955,S2-908060403,0.9801,0,0.5278,0.0,US,missing_address_collision,1
S1-909947471,S2-558361888,0.9801,0,0.4776,0.0,US,missing_address_collision,1
S1-817021376,S2-376223516,0.98,0,0.4586,0.0,US,missing_address_collision,1
S1-118540881,S2-905514371,0.98,0,0.5516,0.0,US,missing_address_collision,1
S1-181192084,S3-424818201,0.98,0,0.475,0.0,INDIA,missing_address_collision,1
S1-989638444,S3-660236701,0.98,0,0.855,0.0,INDIA,same_name_diff_address,1
S1-293651588,S2-693193720,0.98,0,0.6045,0.0,INDIA,missing_address_collision,1
S1-887938528,S2-292117243,0.98,0,0.4746,0.0,INDIA,missing_address_collision,1
S1-966712269,S2-326036707,0.98,0,0.6,0.0,US,missing_address_collision,1
S1-346066946,S2-169258365,0.98,0,0.5758,0.0,US,missing_address_collision,1
S1-112362429,S2-122081236,0.98,0,0.562,0.0,INDIA,missing_address_collision,1
S1-767894405,S2-817641394,0.98,0,0.9818,0.8889,US,high_name_high_address_wrong_entity,1
S1-75198017,S2-321514661,0.98,0,0.6,0.0,US,missing_address_collision,1
S1-33469092,S2-195329769,0.98,0,0.397,0.0,US,missing_address_collision,1
S1-819698672,S2-631522566,0.9799,0,0.5,0.0,US,missing_address_collision,1
S1-109207697,S2-773559465,0.9799,0,0.4282,0.0,INDIA,missing_address_collision,1
S1-307792872,S2-398305048,0.9799,0,0.5225,0.0,US,missing_address_collision,1
S1-759499959,S2-569229912,0.9799,0,0.5429,0.0,US,missing_address_collision,1
S1-940349110,S2-922311707,0.9799,0,0.5429,0.0,INDIA,missing_address_collision,1
S1-475829731,S2-905949391,0.9799,0,0.4957,0.0,US,missing_address_collision,1
S1-633910680,S2-878949819,0.9799,0,0.5359,0.0,US,missing_address_collision,1
S1-437433228,S2-947689592,0.9799,0,0.5,0.0,US,missing_address_collision,1
S1-591161933,S2-654370644,0.9799,0,0.383,0.0,INDIA,missing_address_collision,1
S1-698864034,S2-22997316,0.9799,0,0.5135,0.0,US,missing_address_collision,1
S1-132565513,S2-903486381,0.9799,0,0.4938,0.0,INDIA,missing_address_collision,1
S1-624186525,S2-310598115,0.9799,0,0.4821,0.0,INDIA,missing_address_collision,1
S1-749250871,S3-746483714,0.9799,0,0.475,0.0,INDIA,missing_address_collision,1
S1-833647400,S2-986521851,0.9799,0,0.5429,0.0,US,missing_address_collision,1
S1-232429196,S3-734304792,0.9799,0,0.855,0.0,US,same_name_diff_address,1
S1-122914628,S2-7259960,0.9799,0,0.5359,0.0,US,missing_address_collision,1
S1-946122113,S2-846260488,0.9799,0,0.486,0.0,US,missing_address_collision,1
S1-88040414,S2-970347251,0.9799,0,0.38,0.0,US,missing_address_collision,1
S1-746707902,S2-229112747,0.9799,0,0.4746,0.0,US,missing_address_collision,1
S1-170934192,S2-661868005,0.9799,0,0.4644,0.0,US,missing_address_collision,1
S1-704495491,S2-216156243,0.9799,0,0.4843,0.0,US,missing_address_collision,1
S1-334409077,S2-504588100,0.9799,0,0.5302,0.0,US,missing_address_collision,1
S1-542064928,S2-485990664,0.9799,0,0.5278,0.0,US,missing_address_collision,1
S1-725866160,S2-36357972,0.9799,0,0.5,0.0,US,missing_address_collision,1
S1-387003987,S2-373578802,0.9799,0,0.5,0.0,INDIA,missing_address_collision,1
S1-431421756,S2-917426437,0.9799,0,0.5182,0.0,US,missing_address_collision,1
S1-920523644,S2-423382208,0.9799,0,0.537,0.0,US,missing_address_collision,1
S1-476376722,S2-27150889,0.9799,0,0.5115,0.0,US,missing_address_collision,1
S1-476376722,S2-324092477,0.9799,0,0.5106,0.0,US,missing_address_collision,1
S1-512522397,S2-89995432,0.9799,0,0.4407,0.0,US,missing_address_collision,1
S1-232173426,S2-788622773,0.9799,0,0.4928,0.0,US,missing_address_collision,1
S1-850827800,S2-189333462,0.9799,0,0.4903,0.0,US,missing_address_collision,1
S1-223652440,S2-482608907,0.9799,0,0.479,0.0,US,missing_address_collision,1
S1-572519209,S2-142962044,0.9799,0,0.5067,0.0,US,missing_address_collision,1
S1-88207531,S2-953769891,0.9799,0,0.4677,0.0,US,missing_address_collision,1
S1-887426967,S2-788581694,0.9799,0,0.4957,0.0,US,missing_address_collision,1
S1-710839297,S2-279079685,0.9799,0,0.5014,0.0,US,missing_address_collision,1
S1-942237861,S2-354427913,0.9799,0,0.5019,0.0,US,missing_address_collision,1
S1-979660374,S2-601343838,0.9799,0,0.525,0.0,INDIA,missing_address_collision,1
S1-872931331,S2-263347445,0.9799,0,0.5352,0.0,INDIA,missing_address_collision,1
S1-897032402,S3-601515165,0.9798,0,0.855,0.0,INDIA,same_name_diff_address,1
S1-199954286,S2-277642292,0.9798,0,0.5,0.0,INDIA,missing_address_collision,1
S1-156518717,S2-461769248,0.9798,0,0.5115,0.0,INDIA,missing_address_collision,1
S1-693196138,S2-946252028,0.9798,0,0.4286,0.0,INDIA,missing_address_collision,1
S1-349375698,S2-119750070,0.9798,0,0.4508,0.0,INDIA,missing_address_collision,1
S1-224330918,S3-56192520,0.9798,0,0.855,0.0,INDIA,same_name_diff_address,1
S1-105842143,S2-575275576,0.9798,0,0.4638,0.0,INDIA,missing_address_collision,1
S1-261094580,S3-391167470,0.9798,0,0.6222,0.0,US,missing_address_collision,1
S1-956560424,S2-902237099,0.9797,0,0.475,0.0,US,missing_address_collision,1
S1-595286465,S2-215462100,0.9797,0,0.4872,0.0,US,missing_address_collision,1
S1-300139539,S2-164414270,0.9797,0,0.4878,0.0,US,missing_address_collision,1
S1-390370489,S2-756698145,0.9797,0,0.5241,0.0,INDIA,missing_address_collision,1
S1-4944642,S2-627383553,0.9797,0,0.4912,0.0,US,missing_address_collision,1
S1-339724614,S2-594912472,0.9797,0,0.4471,0.0,INDIA,missing_address_collision,1
S1-98093504,S2-431899207,0.9797,0,0.475,0.0,US,missing_address_collision,1
S1-649867448,S2-94921115,0.9797,0,0.4457,0.0,US,missing_address_collision,1
S1-295491540,S2-665816691,0.9797,0,0.5377,0.0,INDIA,missing_address_collision,1
S1-473927490,S2-869204696,0.9797,0,0.475,0.0,INDIA,missing_address_collision,1
S1-56865544,S2-120330457,0.9797,0,0.4672,0.0,INDIA,missing_address_collision,1
S1-474943749,S2-178426217,0.9797,0,0.5157,0.0,US,missing_address_collision,1
S1-597988890,S2-489663410,0.9797,0,0.4494,0.0,US,missing_address_collision,1
S1-85520731,S2-618409937,0.9797,0,0.475,0.0,US,missing_address_collision,1
S1-844542394,S2-159209565,0.9797,0,0.475,0.0,US,missing_address_collision,1
S1-38089680,S2-50513004,0.9797,0,0.5395,0.0,US,missing_address_collision,1
S1-861258331,S2-865468474,0.9797,0,0.5153,0.0,US,missing_address_collision,1
S1-667251952,S2-369122796,0.9797,0,0.5248,0.0,US,missing_address_collision,1
S1-723274681,S2-468647802,0.9797,0,0.4444,0.0,US,missing_address_collision,1
S1-981220234,S2-627346423,0.9797,0,0.5115,0.0,US,missing_address_collision,1
S1-554512944,S2-325606088,0.9797,0,0.4651,0.0,US,missing_address_collision,1
S1-465191966,S2-181454678,0.9797,0,0.4333,0.0,INDIA,missing_address_collision,1
S1-590683619,S2-478339371,0.9797,0,0.4571,0.0,US,missing_address_collision,1
S1-194316206,S2-10067487,0.9797,0,0.4471,0.0,US,missing_address_collision,1
S1-679271386,S2-744948214,0.9797,0,0.4407,0.0,INDIA,missing_address_collision,1
S1-999030260,S2-792421020,0.9797,0,0.4425,0.0,US,missing_address_collision,1
S1-328604040,S2-742301337,0.9797,0,0.5128,0.0,US,missing_address_collision,1
S1-342317077,S2-816900839,0.9797,0,0.95,0.875,US,high_name_high_address_wrong_entity,1
S1-776776971,S2-769412760,0.9797,0,0.5067,0.0,US,missing_address_collision,1
S1-53076219,S2-699307837,0.9797,0,0.4483,0.0,INDIA,missing_address_collision,1
S1-765490588,S2-157219941,0.9797,0,0.4918,0.0,US,missing_address_collision,1
S1-169948608,S2-857571395,0.9797,0,0.5063,0.0,US,missing_address_collision,1
S1-92929456,S2-913891462,0.9797,0,0.4821,0.0,US,missing_address_collision,1
S1-675256628,S2-658432284,0.9797,0,0.5344,0.0,US,missing_address_collision,1
S1-45450432,S2-409238062,0.9797,0,0.4385,0.0,INDIA,missing_address_collision,1
S1-861376140,S2-990542574,0.9797,0,0.4935,0.0,US,missing_address_collision,1
S1-816844407,S2-611844315,0.9797,0,0.4634,0.0,US,missing_address_collision,1
S1-412651796,S2-112666109,0.9797,0,0.475,0.0,US,missing_address_collision,1
S1-678893412,S3-565830514,0.9796,0,0.855,0.0,US,same_name_diff_address,1
S1-366293186,S3-649048005,0.9796,0,0.5918,0.0,INDIA,missing_address_collision,1
S1-802738269,S3-916502196,0.9796,0,0.855,0.0,US,same_name_diff_address,1
S1-130421416,S2-596249913,0.9796,0,0.4643,0.0,US,missing_address_collision,1
S1-659854073,S3-700424346,0.9796,0,0.855,0.0,US,same_name_diff_address,1
S1-697158192,S2-991655594,0.9796,0,0.5,0.0,US,missing_address_collision,1
S1-762847590,S3-398148523,0.9796,0,0.855,0.0,US,same_name_diff_address,1
S1-38321566,S2-206060322,0.9795,0,0.0615,1.0,INDIA,same_address_diff_name,1
S1-716526758,S2-786613899,0.9795,0,0.4545,0.0,US,missing_address_collision,1
S1-165976889,S2-40910417,0.9795,0,0.5205,0.0,US,missing_address_collision,1
S1-31217946,S2-276713385,0.9795,0,0.4507,0.0,US,missing_address_collision,1
S1-981220234,S2-139729523,0.9795,0,0.5429,0.0,US,missing_address_collision,1
S1-60689526,S3-914488442,0.9795,0,0.7189,0.0,INDIA,missing_address_collision,1
S1-159327967,S2-953025254,0.9795,0,0.4586,0.0,US,missing_address_collision,1
S1-928850582,S2-503247883,0.9795,0,0.4948,0.0,US,missing_address_collision,1
S1-138668148,S2-757641270,0.9795,0,0.475,0.0,US,missing_address_collision,1
S1-676679470,S3-266757077,0.9795,0,0.5294,0.0,US,missing_address_collision,1
S1-21934113,S2-195365522,0.9795,0,0.475,0.0,US,missing_address_collision,1
S1-496504824,S2-135138599,0.9795,0,0.4615,0.0,US,missing_address_collision,1
S1-275973968,S2-860503460,0.9795,0,0.4644,0.0,US,missing_address_collision,1
S1-223665542,S2-349475840,0.9795,0,0.456,0.0,US,missing_address_collision,1
S1-811311911,S2-507211684,0.9795,0,0.5263,0.0,US,missing_address_collision,1
S1-637909862,S2-263665880,0.9795,0,0.5429,0.0,US,missing_address_collision,1
S1-649255879,S2-339746727,0.9795,0,0.5267,0.0,US,missing_address_collision,1
S1-660798027,S2-220928249,0.9795,0,0.5014,0.0,US,missing_address_collision,1
S1-830595809,S2-762086240,0.9795,0,0.5309,0.0,US,missing_address_collision,1
S1-262415768,S2-311296084,0.9795,0,0.4222,0.0,US,missing_address_collision,1
S1-458231992,S2-239014003,0.9795,0,0.5182,0.0,US,missing_address_collision,1
S1-188906309,S2-401752217,0.9795,0,0.5098,0.0,US,missing_address_collision,1
S1-73418645,S2-766330841,0.9795,0,0.4914,0.0,INDIA,missing_address_collision,1
S1-624853217,S2-931911729,0.9795,0,0.456,0.0,US,missing_address_collision,1
S1-604034290,S2-838203866,0.9794,0,0.5115,0.0,US,missing_address_collision,1
S1-54678697,S3-987743554,0.9794,0,0.855,0.0,US,same_name_diff_address,1
S1-594705740,S2-154488432,0.9794,0,0.475,0.0,INDIA,missing_address_collision,1
S1-753856972,S2-137228264,0.9794,0,0.6196,0.0,US,missing_address_collision,1
S1-658230833,S2-38225081,0.9794,0,0.532,0.0,US,missing_address_collision,1
S1-256933797,S2-137303964,0.9794,0,0.55,0.0,US,missing_address_collision,1
S1-582013723,S2-161992848,0.9794,0,0.425,0.0,US,missing_address_collision,1
S1-36024585,S2-662074073,0.9794,0,0.5287,0.0,US,missing_address_collision,1
S1-855197906,S2-91915041,0.9794,0,0.5783,0.0,INDIA,missing_address_collision,1
S1-844026727,S2-325188465,0.9794,0,0.4615,0.0,US,missing_address_collision,1
S1-145797724,S2-886416400,0.9794,0,0.6333,0.0,INDIA,missing_address_collision,1
S1-969086774,S2-365635310,0.9794,0,0.5846,0.0,US,missing_address_collision,1
S1-521257626,S2-564310831,0.9794,0,0.5,0.0,US,missing_address_collision,1
S1-184564648,S2-113016504,0.9794,0,0.5793,0.0,INDIA,missing_address_collision,1
S1-454587778,S2-31548729,0.9794,0,0.5897,0.0,INDIA,missing_address_collision,1
S1-398527429,S2-968302118,0.9794,0,0.6253,0.0,INDIA,missing_address_collision,1
S1-426670352,S3-614732055,0.9794,0,0.855,0.0,US,same_name_diff_address,1
S1-422362912,S2-344081470,0.9794,0,0.57,0.0,US,missing_address_collision,1
S1-429733373,S3-599524755,0.9793,0,0.855,0.0,US,same_name_diff_address,1
S1-700515265,S2-524273745,0.9793,0,0.4906,0.0,INDIA,missing_address_collision,1
S1-460331675,S2-901643872,0.9793,0,0.5115,0.0,INDIA,missing_address_collision,1
S1-879979296,S2-274348328,0.9793,0,0.4706,0.0,INDIA,missing_address_collision,1
S1-631947319,S2-279559171,0.9793,0,0.5333,0.0,INDIA,missing_address_collision,1
S1-525144342,S2-600907459,0.9793,0,0.5089,0.0,INDIA,missing_address_collision,1
S1-701905848,S2-505760370,0.9793,0,0.5135,0.0,INDIA,missing_address_collision,1
S1-928071548,S2-415852647,0.9793,0,0.4926,0.0,INDIA,missing_address_collision,1
S1-1664330,S2-220263386,0.9793,0,0.4444,0.0,INDIA,missing_address_collision,1
S1-603046952,S2-940984013,0.9793,0,0.4878,0.0,INDIA,missing_address_collision,1
S1-547533640,S2-328419040,0.9793,0,0.5182,0.0,INDIA,missing_address_collision,1
S1-47453459,S2-687300205,0.9792,0,0.5667,0.0,US,missing_address_collision,1
S1-31491209,S2-747892881,0.9792,0,0.5067,0.0,US,missing_address_collision,1
S1-117182649,S3-826312005,0.9792,0,0.95,0.9209,INDIA,high_name_high_address_wrong_entity,1
S1-318174497,S2-125321240,0.9792,0,0.5649,0.0,US,missing_address_collision,1
S1-127747693,S2-955312633,0.9792,0,0.4442,0.0,US,missing_address_collision,1
S1-626396562,S2-751833322,0.9792,0,0.5011,0.0,US,missing_address_collision,1
S1-621770287,S2-491632670,0.9792,0,0.4658,0.0,US,missing_address_collision,1
S1-456013920,S2-428337229,0.9792,0,0.4606,0.0,US,missing_address_collision,1
S1-124027494,S2-399899922,0.9792,0,0.5764,0.0,US,missing_address_collision,1
S1-264716749,S2-696504681,0.9792,0,0.65,0.0,US,missing_address_collision,1
S1-100060178,S2-210653530,0.9792,0,0.4866,0.0,US,missing_address_collision,1
S1-746707902,S2-491233102,0.9792,0,0.525,0.0,US,missing_address_collision,1
S1-112362429,S2-360811790,0.9792,0,0.5216,0.0,INDIA,missing_address_collision,1
S1-332463028,S2-755616611,0.9792,0,0.4343,0.0,INDIA,missing_address_collision,1
S1-846060201,S3-582402228,0.9791,0,0.855,0.0,INDIA,same_name_diff_address,1
S1-744807257,S3-248082082,0.9791,0,0.855,0.0,INDIA,same_name_diff_address,1
S1-369699499,S3-916439245,0.9791,0,0.5926,0.0,US,missing_address_collision,1
S1-860016624,S3-802876111,0.9791,0,0.4447,0.0,US,missing_address_collision,1
S1-981355503,S2-931900907,0.9791,0,0.4,0.0,US,missing_address_collision,1
S1-31852247,S3-908054113,0.9791,0,0.855,0.0,INDIA,same_name_diff_address,1
S1-342321823,S3-620556848,0.9791,0,0.855,0.0,US,same_name_diff_address,1
S1-510899078,S3-160619915,0.9791,0,0.855,0.0,US,same_name_diff_address,1
S1-422783313,S2-253971816,0.9791,0,0.4653,0.0,US,missing_address_collision,1
S1-839234049,S3-867001631,0.9791,0,0.5135,0.0,US,missing_address_collision,1
S1-744807257,S3-151685657,0.9791,0,0.855,0.0,INDIA,same_name_diff_address,1
S1-471833051,S3-55479559,0.9791,0,0.855,0.0,INDIA,same_name_diff_address,1
S1-855871750,S3-88443065,0.9791,0,0.4649,0.0,US,missing_address_collision,1
S1-524167535,S3-925773773,0.9791,0,0.464,0.0,US,missing_address_collision,1
S1-866173096,S3-885268865,0.9791,0,0.5429,0.0,INDIA,missing_address_collision,1
S1-466805986,S2-147001680,0.9791,0,0.5163,0.0,US,missing_address_collision,1
S1-187930648,S2-287888382,0.979,0,0.5846,0.0,US,missing_address_collision,1
S1-218472316,S2-610099323,0.979,0,0.4681,0.0,US,missing_address_collision,1
S1-33469092,S2-378693402,0.979,0,0.425,0.0,US,missing_address_collision,1
S1-342321823,S2-913091813,0.979,0,0.5216,0.0,US,missing_address_collision,1
S1-524591279,S3-277136788,0.979,0,0.855,0.0,INDIA,same_name_diff_address,1
S1-631947319,S2-520186870,0.979,0,0.475,0.0,INDIA,missing_address_collision,1
S1-73418645,S2-154449504,0.979,0,0.4831,0.0,INDIA,missing_address_collision,1
S1-679271386,S3-977960950,0.9789,0,0.855,0.0,INDIA,same_name_diff_address,1
S1-824161327,S3-522214100,0.9789,0,0.875,0.9,US,high_name_high_address_wrong_entity,1
S1-200884405,S3-263291007,0.9789,0,0.855,0.0,INDIA,same_name_diff_address,1
S1-526417055,S3-833794676,0.9789,0,0.855,0.0,US,same_name_diff_address,1
S1-455765942,S2-431730005,0.9789,0,0.4,0.0,INDIA,missing_address_collision,1
S1-862604873,S3-987743554,0.9789,0,0.855,0.0,US,same_name_diff_address,1
S1-468708152,S2-702558904,0.9788,0,0.5823,0.0,INDIA,missing_address_collision,1
S1-966035887,S2-976183888,0.9788,0,0.5744,0.0,INDIA,missing_address_collision,1
S1-42188065,S3-502690458,0.9788,0,0.4792,0.0,US,missing_address_collision,1
S1-476376722,S2-149793104,0.9788,0,0.4597,0.0,US,missing_address_collision,1
S1-463618136,S2-485414990,0.9788,0,0.3732,0.0,INDIA,missing_address_collision,1
S1-501366803,S3-75983527,0.9788,0,0.491,0.0,US,missing_address_collision,1
S1-118540881,S2-779629847,0.9788,0,0.4843,0.0,US,missing_address_collision,1
S1-620432454,S2-295037618,0.9788,0,0.4329,0.0,US,missing_address_collision,1
S1-126474955,S2-759897191,0.9788,0,0.48,0.0,US,missing_address_collision,1
S1-255366451,S2-354230816,0.9788,0,0.4259,0.0,US,missing_address_collision,1
S1-850249245,S3-282364948,0.9788,0,0.855,0.0,US,same_name_diff_address,1
S1-704748798,S2-476165630,0.9788,0,0.6119,0.0,INDIA,missing_address_collision,1
S1-940007088,S2-750911069,0.9788,0,0.4043,0.0,US,missing_address_collision,1
S1-706502670,S2-737131285,0.9788,0,0.5675,0.0,INDIA,missing_address_collision,1
S1-561535989,S3-564516613,0.9787,0,0.4019,0.0,US,missing_address_collision,1
S1-160245764,S3-180173867,0.9787,0,0.855,0.0,INDIA,same_name_diff_address,1
S1-94059155,S3-213998085,0.9787,0,0.855,0.0,US,same_name_diff_address,1
S1-509173875,S2-865465335,0.9787,0,0.4375,0.0,INDIA,missing_address_collision,1
S1-401668992,S2-182405139,0.9787,0,0.4164,0.0,US,missing_address_collision,1
S1-59250304,S3-98456796,0.9786,0,0.855,0.0,INDIA,same_name_diff_address,1
S1-560756161,S2-577685249,0.9786,0,0.475,0.0,INDIA,missing_address_collision,1
S1-143498862,S2-477944652,0.9786,0,0.5278,0.0,US,missing_address_collision,1
S1-628796257,S2-824752915,0.9786,0,0.4722,0.0,US,missing_address_collision,1
S1-964258674,S3-21819349,0.9785,0,0.855,0.0,US,same_name_diff_address,1
S1-995609145,S2-692158022,0.9785,0,0.475,0.0,INDIA,missing_address_collision,1
S1-203720906,S3-93454388,0.9785,0,0.6071,0.0,INDIA,missing_address_collision,1
S1-125151476,S3-321537397,0.9785,0,0.855,0.0,US,same_name_diff_address,1
S1-1520803,S3-229724383,0.9784,0,0.855,0.0,INDIA,same_name_diff_address,1
S1-402991301,S2-360946312,0.9784,0,0.4762,0.0,INDIA,missing_address_collision,1
S1-900952209,S3-18680329,0.9784,0,0.855,0.0,INDIA,same_name_diff_address,1
S1-993709599,S3-598177520,0.9783,0,0.855,0.0,US,same_name_diff_address,1
S1-591836636,S2-915639265,0.9783,0,0.4385,0.0,US,missing_address_collision,1
S1-449989938,S2-891287716,0.9783,0,0.4831,0.0,US,missing_address_collision,1
S1-703347806,S2-762949899,0.9783,0,0.4318,0.0,US,missing_address_collision,1
S1-495580826,S2-310089291,0.9783,0,0.5091,0.0,US,missing_address_collision,1
S1-763512331,S2-556369088,0.9783,0,0.413,0.0,US,missing_address_collision,1
S1-932307063,S2-86129632,0.9783,0,0.4886,0.0,US,missing_address_collision,1
S1-956667559,S2-550026385,0.9783,0,0.4802,0.0,US,missing_address_collision,1
S1-132823997,S2-974826432,0.9783,0,0.4672,0.0,INDIA,missing_address_collision,1
S1-715393417,S2-276927714,0.9783,0,0.4705,0.0,US,missing_address_collision,1
S1-182610804,S2-236860886,0.9783,0,0.4361,0.0,US,missing_address_collision,1
S1-995609145,S2-283410576,0.9783,0,0.475,0.0,INDIA,missing_address_collision,1
S1-123948394,S2-167909698,0.9782,0,0.4614,0.0,US,missing_address_collision,1
S1-964258674,S2-308880337,0.9782,0,0.4598,0.0,US,missing_address_collision,1
S1-806329900,S2-381875106,0.9782,0,0.4903,0.0,US,missing_address_collision,1
S1-640361650,S2-490422448,0.9782,0,0.4286,0.0,US,missing_address_collision,1
S1-921918763,S2-600907459,0.9782,0,0.4333,0.0,INDIA,missing_address_collision,1
S1-303462634,S2-125678028,0.9782,0,0.4419,0.0,US,missing_address_collision,1
S1-355984862,S3-89725217,0.9782,0,0.855,0.0,INDIA,same_name_diff_address,1
S1-844749294,S3-48658819,0.9782,0,0.855,0.0,US,same_name_diff_address,1
S1-147021962,S2-466439246,0.9782,0,0.4828,0.0,US,missing_address_collision,1
S1-66009918,S3-241704053,0.9781,0,0.5079,0.0,US,missing_address_collision,1
S1-220041596,S3-770478217,0.9781,0,0.5429,0.0,US,missing_address_collision,1
S1-332608529,S2-873767988,0.9781,0,0.4211,0.0,INDIA,missing_address_collision,1
S1-781794123,S2-619254022,0.9781,0,0.5,0.0,INDIA,missing_address_collision,1
S1-726729343,S3-801701900,0.9781,0,0.4878,0.0,US,missing_address_collision,1
S1-247093232,S3-825317968,0.9781,0,0.4578,0.0,US,missing_address_collision,1
S1-38170833,S3-45173788,0.978,0,0.855,0.0,US,same_name_diff_address,1
S1-39682966,S3-624073349,0.978,0,0.855,0.0,US,same_name_diff_address,1
S1-43223578,S3-921996540,0.978,0,0.855,0.0,INDIA,same_name_diff_address,1
S1-987411166,S2-287012467,0.978,0,0.0465,1.0,INDIA,same_address_diff_name,1
S1-668945438,S2-773486700,0.978,0,0.0656,1.0,INDIA,same_address_diff_name,1
S1-81401734,S3-367284468,0.978,0,0.855,0.0,INDIA,same_name_diff_address,1
S1-3458818,S2-171975433,0.978,0,0.665,0.0,INDIA,missing_address_collision,1
S1-215350150,S3-91700488,0.978,0,0.5505,0.0,US,missing_address_collision,1
S1-94059155,S3-721795849,0.9779,0,0.4545,0.0,US,missing_address_collision,1
S1-256700826,S2-805283537,0.9779,0,0.4419,0.0,US,missing_address_collision,1
S1-382284347,S2-849026245,0.9779,0,0.429,0.0,US,missing_address_collision,1
S1-165586909,S2-130948846,0.9779,0,0.3886,0.0,INDIA,missing_address_collision,1
S1-134249804,S2-613490662,0.9779,0,0.4385,0.0,US,missing_address_collision,1
S1-422841779,S2-890357315,0.9779,0,0.4222,0.0,US,missing_address_collision,1
S1-117231640,S2-437899034,0.9779,0,0.4453,0.0,US,missing_address_collision,1
S1-493219467,S2-256353009,0.9779,0,0.466,0.0,US,missing_address_collision,1
S1-573626009,S2-392101686,0.9779,0,0.4586,0.0,US,missing_address_collision,1
S1-609484556,S2-641720865,0.9779,0,0.4471,0.0,US,missing_address_collision,1
S1-187008292,S2-780074360,0.9779,0,0.4368,0.0,US,missing_address_collision,1
S1-138906190,S2-152116061,0.9779,0,0.4304,0.0,US,missing_address_collision,1
S1-475896838,S3-259333845,0.9779,0,0.5405,0.0,US,missing_address_collision,1
S1-991270582,S2-787390821,0.9779,0,0.4,0.0,INDIA,missing_address_collision,1
S1-323354133,S2-701424734,0.9779,0,0.0909,0.8571,INDIA,same_address_diff_name,1
S1-812899883,S2-452636976,0.9779,0,0.429,0.0,US,missing_address_collision,1
S1-295650782,S3-900305365,0.9778,0,0.855,0.0,INDIA,same_name_diff_address,1
S1-663369851,S3-278276321,0.9778,0,0.855,0.0,INDIA,same_name_diff_address,1
S1-876599608,S2-115773451,0.9778,0,0.4354,0.0,US,missing_address_collision,1
S1-165976889,S3-698506873,0.9778,0,0.5232,0.0,US,missing_address_collision,1
S1-453172072,S2-542633853,0.9778,0,0.4354,0.0,US,missing_address_collision,1
S1-869996259,S3-721089508,0.9778,0,0.855,0.0,US,same_name_diff_address,1
S1-1401069,S3-272434695,0.9778,0,0.855,0.0,US,same_name_diff_address,1
S1-178548476,S3-623280318,0.9778,0,0.4737,0.0,INDIA,missing_address_collision,1
S1-649583296,S3-809115386,0.9778,0,0.855,0.0,US,same_name_diff_address,1
S1-584080246,S3-571395020,0.9778,0,0.855,0.0,US,same_name_diff_address,1
S1-788609444,S2-289617005,0.9777,0,0.4578,0.0,US,missing_address_collision,1
S1-993446030,S2-700616486,0.9777,0,0.4349,0.0,US,missing_address_collision,1
S1-166758145,S2-979337398,0.9777,0,0.4856,0.0,US,missing_address_collision,1
S1-784905662,S2-764606539,0.9777,0,0.48,0.0,US,missing_address_collision,1
S1-484781077,S2-604755524,0.9777,0,0.4918,0.0,US,missing_address_collision,1
S1-300842153,S2-744496572,0.9777,0,0.4471,0.0,US,missing_address_collision,1
S1-185203613,S2-559801530,0.9777,0,0.4783,0.0,US,missing_address_collision,1
S1-206333722,S2-355470622,0.9777,0,0.486,0.0,US,missing_address_collision,1
S1-477320136,S2-13430817,0.9777,0,0.5278,0.0,US,missing_address_collision,1
S1-369711048,S2-664409022,0.9777,0,0.5085,0.0,US,missing_address_collision,1
S1-999030260,S2-477159622,0.9777,0,0.4343,0.0,US,missing_address_collision,1
S1-965892785,S2-173168813,0.9777,0,0.4,0.0,US,missing_address_collision,1
S1-896968807,S3-394521475,0.9777,0,0.4407,0.0,US,missing_address_collision,1
S1-860016624,S2-758897408,0.9777,0,0.4433,0.0,US,missing_address_collision,1
S1-603174293,S2-685376568,0.9777,0,0.5312,0.0,US,missing_address_collision,1
S1-624186525,S2-658696980,0.9777,0,0.475,0.0,INDIA,missing_address_collision,1
S1-608134357,S2-285794444,0.9777,0,0.4634,0.0,US,missing_address_collision,1
S1-835200542,S2-68062138,0.9777,0,0.4644,0.0,INDIA,missing_address_collision,1
S1-531191907,S3-553711993,0.9777,0,0.855,0.0,INDIA,same_name_diff_address,1
S1-887958855,S2-328760423,0.9777,0,0.4903,0.0,INDIA,missing_address_collision,1
S1-999270628,S2-970277524,0.9777,0,0.4307,0.0,US,missing_address_collision,1
S1-952060638,S2-17710080,0.9777,0,0.5047,0.0,US,missing_address_collision,1
S1-577441760,S2-647940077,0.9777,0,0.4171,0.0,US,missing_address_collision,1
S1-285463888,S2-44322599,0.9777,0,0.475,0.0,US,missing_address_collision,1
S1-967029692,S2-899038833,0.9777,0,0.4807,0.0,US,missing_address_collision,1
S1-993709599,S2-114447638,0.9777,0,0.4976,0.0,US,missing_address_collision,1
S1-14840381,S2-394171515,0.9777,0,0.4976,0.0,US,missing_address_collision,1
S1-820979598,S2-213931567,0.9777,0,0.4565,0.0,US,missing_address_collision,1
S1-937475383,S3-241394754,0.9777,0,0.4457,0.0,US,missing_address_collision,1
S1-821729525,S2-650979973,0.9777,0,0.4894,0.0,US,missing_address_collision,1
S1-157773599,S2-276793477,0.9777,0,0.456,0.0,US,missing_address_collision,1
S1-646984539,S2-932151229,0.9777,0,0.5014,0.0,US,missing_address_collision,1
S1-116460531,S2-753335814,0.9777,0,0.5014,0.0,US,missing_address_collision,1
S1-234599671,S2-4248658,0.9777,0,0.4667,0.0,US,missing_address_collision,1
S1-193489675,S2-46660897,0.9777,0,0.475,0.0,US,missing_address_collision,1
S1-223441953,S2-370108652,0.9777,0,0.5359,0.0,US,missing_address_collision,1
S1-530976519,S2-139314454,0.9777,0,0.4644,0.0,US,missing_address_collision,1
S1-339823330,S2-796956670,0.9777,0,0.466,0.0,US,missing_address_collision,1
S1-537678260,S2-791938579,0.9777,0,0.4354,0.0,US,missing_address_collision,1
S1-872062946,S2-706910452,0.9777,0,0.4318,0.0,US,missing_address_collision,1
S1-192983624,S2-339510982,0.9777,0,0.4156,0.0,US,missing_address_collision,1
S1-989820688,S2-328169505,0.9777,0,0.4324,0.0,US,missing_address_collision,1
S1-748671581,S2-123463244,0.9777,0,0.4737,0.0,US,missing_address_collision,1
S1-237571138,S2-479468465,0.9777,0,0.4307,0.0,US,missing_address_collision,1
S1-508551251,S2-858636423,0.9777,0,0.4361,0.0,INDIA,missing_address_collision,1
S1-846018599,S3-175018814,0.9777,0,0.855,0.0,US,same_name_diff_address,1
S1-508551251,S2-297358171,0.9777,0,0.4825,0.0,INDIA,missing_address_collision,1
S1-353819686,S2-917341369,0.9777,0,0.4385,0.0,US,missing_address_collision,1
S1-162819293,S2-83842928,0.9777,0,0.4089,0.0,US,missing_address_collision,1
S1-165108414,S2-517981098,0.9777,0,0.3984,0.0,US,missing_address_collision,1
S1-572394118,S2-940050948,0.9777,0,0.456,0.0,US,missing_address_collision,1
S1-604726438,S3-113870947,0.9776,0,0.855,0.0,US,same_name_diff_address,1
S1-448418237,S2-982612712,0.9776,0,0.4108,0.0,INDIA,missing_address_collision,1
S1-873744622,S3-200365703,0.9776,0,0.4561,0.0,INDIA,missing_address_collision,1
S1-949275381,S3-114178251,0.9776,0,0.8732,0.8085,INDIA,high_name_high_address_wrong_entity,1
S1-807566741,S2-67278809,0.9776,0,0.475,0.0,INDIA,missing_address_collision,1
S1-180270487,S3-640194194,0.9776,0,0.855,0.0,US,same_name_diff_address,1
S1-854187025,S3-737448582,0.9776,0,0.5588,0.0,US,missing_address_collision,1
S1-884508214,S2-707790985,0.9776,0,0.4926,0.0,INDIA,missing_address_collision,1
S1-14621937,S2-204717176,0.9775,0,0.4318,0.0,US,missing_address_collision,1
S1-862604873,S2-468916740,0.9775,0,0.3636,0.0,US,missing_address_collision,1
S1-86546785,S2-605406714,0.9775,0,0.383,0.0,INDIA,missing_address_collision,1
S1-143728430,S2-670067329,0.9775,0,0.3768,0.0,INDIA,missing_address_collision,1
S1-865121380,S3-557919155,0.9774,0,0.855,0.0,US,same_name_diff_address,1
S1-320181892,S3-283089740,0.9774,0,0.566,0.0,INDIA,missing_address_collision,1
S1-248868566,S3-323825062,0.9774,0,0.5019,0.0,INDIA,missing_address_collision,1
S1-777502989,S3-364337524,0.9774,0,0.855,0.0,US,same_name_diff_address,1
S1-39682966,S3-184703393,0.9774,0,0.855,0.0,US,same_name_diff_address,1
S1-830594809,S2-390161100,0.9773,0,0.4634,0.0,US,missing_address_collision,1
S1-394791164,S2-834904757,0.9773,0,0.6742,0.285,INDIA,medium_collision,1
S1-405920331,S3-38236541,0.9773,0,0.5205,0.0,INDIA,missing_address_collision,1
S1-46483520,S2-429002273,0.9772,0,0.4265,0.0,US,missing_address_collision,1
S1-739504504,S2-779497853,0.9772,0,0.4894,0.0,US,missing_address_collision,1
S1-492503829,S2-30801327,0.9772,0,0.4302,0.0,US,missing_address_collision,1
S1-917102645,S2-989980363,0.9772,0,0.4433,0.0,US,missing_address_collision,1
S1-420364372,S2-860779898,0.9772,0,0.4821,0.0,US,missing_address_collision,1
S1-789220035,S3-254252653,0.9772,0,0.855,0.0,US,same_name_diff_address,1
S1-176042931,S3-786884898,0.9772,0,0.855,0.0,US,same_name_diff_address,1
S1-804528894,S2-742941887,0.9772,0,0.4265,0.0,US,missing_address_collision,1
S1-499135454,S3-403259481,0.9772,0,0.855,0.0,US,same_name_diff_address,1
S1-563591610,S2-4641560,0.9772,0,0.5153,0.0,US,missing_address_collision,1
S1-307792872,S2-629918023,0.9772,0,0.4318,0.0,US,missing_address_collision,1
S1-887426967,S2-304388180,0.9771,0,0.4385,0.0,US,missing_address_collision,1
S1-947356787,S2-440421593,0.9771,0,0.4528,0.0,US,missing_address_collision,1
S1-196449543,S3-901643379,0.9771,0,0.855,0.0,US,same_name_diff_address,1
S1-232429196,S3-211259017,0.9771,0,0.855,0.0,US,same_name_diff_address,1
S1-597219057,S3-502367927,0.9771,0,0.855,0.0,INDIA,same_name_diff_address,1
S1-272765017,S3-888380547,0.9771,0,0.855,0.0,US,same_name_diff_address,1
S1-531267870,S3-561138787,0.9771,0,0.855,0.0,US,same_name_diff_address,1
S1-975785369,S3-734813244,0.9771,0,0.855,0.0,INDIA,same_name_diff_address,1
S1-168528296,S3-333131705,0.9771,0,0.855,0.0,US,same_name_diff_address,1
S1-329322580,S3-7622120,0.9771,0,0.855,0.0,US,same_name_diff_address,1
S1-327613436,S2-567848404,0.977,0,0.4211,0.0,INDIA,missing_address_collision,1
S1-968847178,S2-877157710,0.977,0,0.4343,0.0,INDIA,missing_address_collision,1
S1-653354931,S2-39972524,0.977,0,0.4675,0.0,US,missing_address_collision,1
S1-649583296,S3-870415248,0.977,0,0.855,0.0,US,same_name_diff_address,1
S1-462725140,S3-496680471,0.9769,0,0.5146,0.0,INDIA,missing_address_collision,1
S1-737204534,S3-968406966,0.9769,0,0.855,0.0,US,same_name_diff_address,1
S1-318174497,S3-143626447,0.9769,0,0.855,0.0,US,same_name_diff_address,1
S1-28733915,S3-204838325,0.9769,0,0.855,0.0,INDIA,same_name_diff_address,1
S1-723274681,S2-847808160,0.9769,0,0.3793,0.0,US,missing_address_collision,1
S1-406773726,S2-638486916,0.9769,0,0.4825,0.0,INDIA,missing_address_collision,1
S1-602790590,S2-173701894,0.9769,0,0.4222,0.0,INDIA,missing_address_collision,1
S1-239651824,S2-556372395,0.9769,0,0.4653,0.0,INDIA,missing_address_collision,1
S1-192983624,S3-933066452,0.9769,0,0.855,0.0,US,same_name_diff_address,1
S1-304629528,S3-267318259,0.9769,0,0.855,0.0,US,same_name_diff_address,1
S1-824993074,S2-723326188,0.9769,0,0.4419,0.0,US,missing_address_collision,1
S1-460497980,S3-540186209,0.9769,0,0.855,0.0,US,same_name_diff_address,1
S1-501401437,S2-343711124,0.9769,0,0.4528,0.0,US,missing_address_collision,1
S1-675514688,S3-611633328,0.9769,0,0.855,0.0,INDIA,same_name_diff_address,1
S1-517835486,S2-860516116,0.9769,0,0.4537,0.0,INDIA,missing_address_collision,1
S1-490993233,S3-701174976,0.9769,0,0.855,0.0,US,same_name_diff_address,1
S1-340399401,S3-123564971,0.9768,0,0.2,1.0,INDIA,same_address_diff_name,1
S1-326714833,S3-715307960,0.9767,0,0.5961,0.0,US,missing_address_collision,1
S1-170934192,S3-376947042,0.9766,0,0.5783,0.0,US,missing_address_collision,1
S1-486511981,S3-488564085,0.9765,0,0.855,0.0,US,same_name_diff_address,1
S1-33469092,S2-283898545,0.9765,0,0.4092,0.0,US,missing_address_collision,1
S1-150556023,S3-700501145,0.9765,0,0.6017,0.0,INDIA,missing_address_collision,1
S1-999536733,S2-494697727,0.9765,0,0.1,1.0,INDIA,same_address_diff_name,1
S1-324834148,S3-694078393,0.9764,0,0.6,0.0,INDIA,missing_address_collision,1
S1-824993074,S3-428986836,0.9764,0,0.4508,0.0,US,missing_address_collision,1
S1-621770287,S3-31537970,0.9764,0,0.5157,0.0,US,missing_address_collision,1
S1-609753897,S2-403143745,0.9764,0,0.3912,0.0,US,missing_address_collision,1
S1-228516092,S3-619084506,0.9763,0,0.855,0.0,INDIA,same_name_diff_address,1
S1-985443452,S3-447499113,0.9763,0,0.855,0.0,US,same_name_diff_address,1
S1-812185623,S2-528168906,0.9762,0,0.4211,0.0,US,missing_address_collision,1
S1-870275626,S2-522458168,0.9762,0,0.4416,0.0,INDIA,missing_address_collision,1
S1-403501666,S2-895098236,0.9762,0,0.397,0.0,US,missing_address_collision,1
S1-33073356,S3-694477491,0.9762,0,0.855,0.0,US,same_name_diff_address,1
S1-925904259,S2-460380881,0.9762,0,0.4524,0.0,US,missing_address_collision,1
S1-332067503,S2-345976624,0.9762,0,0.475,0.0,US,missing_address_collision,1
S1-657593553,S2-530089502,0.9762,0,0.4043,0.0,US,missing_address_collision,1
S1-126340833,S2-231047340,0.9762,0,0.4507,0.0,US,missing_address_collision,1
S1-583324918,S2-704427428,0.9762,0,0.4691,0.0,US,missing_address_collision,1
S1-979933656,S2-517737342,0.9762,0,0.4549,0.0,US,missing_address_collision,1
S1-555687192,S2-759992691,0.9762,0,0.6,0.0,US,missing_address_collision,1
S1-124645496,S2-551487115,0.9762,0,0.4071,0.0,US,missing_address_collision,1
S1-529568044,S2-608689104,0.9762,0,0.4545,0.0,INDIA,missing_address_collision,1
S1-230973943,S3-934528023,0.9762,0,0.855,0.0,INDIA,same_name_diff_address,1
S1-356371014,S2-275955661,0.9762,0,0.5429,0.0,INDIA,missing_address_collision,1
S1-591836636,S2-476411676,0.9762,0,0.475,0.0,US,missing_address_collision,1
S1-731807919,S2-982136036,0.9762,0,0.4578,0.0,US,missing_address_collision,1
S1-565220158,S2-52761856,0.9762,0,0.3977,0.0,INDIA,missing_address_collision,1
S1-335664404,S3-471186597,0.9762,0,0.855,0.0,INDIA,same_name_diff_address,1
S1-177482011,S2-789990734,0.9762,0,0.425,0.0,US,missing_address_collision,1
S1-744392625,S2-90343847,0.9762,0,0.4634,0.0,US,missing_address_collision,1
S1-570123825,S3-976156853,0.9762,0,0.855,0.0,US,same_name_diff_address,1
S1-526329919,S2-256054935,0.9762,0,0.4516,0.0,US,missing_address_collision,1
S1-672288059,S2-631950174,0.9762,0,0.4545,0.0,US,missing_address_collision,1
S1-28619519,S2-911402545,0.9762,0,0.4545,0.0,US,missing_address_collision,1
S1-812185623,S3-14976400,0.9762,0,0.855,0.0,US,same_name_diff_address,1
S1-160245764,S3-853669563,0.9762,0,0.855,0.0,INDIA,same_name_diff_address,1
S1-279863064,S2-100827023,0.9762,0,0.4349,0.0,US,missing_address_collision,1
S1-339956855,S2-654560388,0.9762,0,0.4549,0.0,US,missing_address_collision,1
S1-792109958,S3-157131606,0.9762,0,0.855,0.0,US,same_name_diff_address,1
S1-666760880,S2-643507273,0.9762,0,0.4574,0.0,US,missing_address_collision,1
S1-292979013,S3-640803367,0.9762,0,0.855,0.0,US,same_name_diff_address,1
S1-477347461,S2-227766681,0.9762,0,0.466,0.0,INDIA,missing_address_collision,1
S1-66009918,S2-680912887,0.9762,0,0.4524,0.0,US,missing_address_collision,1
S1-388739688,S2-263121854,0.9762,0,0.4643,0.0,US,missing_address_collision,1
S1-415406721,S2-558788546,0.9762,0,0.4598,0.0,US,missing_address_collision,1
S1-13740049,S3-465060139,0.9762,0,0.855,0.0,INDIA,same_name_diff_address,1
S1-443414530,S2-831822564,0.9762,0,0.4043,0.0,US,missing_address_collision,1
S1-871402309,S3-900079719,0.9761,0,0.5614,0.0,INDIA,missing_address_collision,1
S1-680908691,S3-268717872,0.9761,0,0.855,0.0,INDIA,same_name_diff_address,1
S1-455074274,S3-596436877,0.9761,0,0.52,0.0,US,missing_address_collision,1
S1-560865881,S3-956929932,0.9761,0,0.855,0.0,INDIA,same_name_diff_address,1
S1-937475383,S3-890478359,0.976,0,0.855,0.0,US,same_name_diff_address,1
S1-445878411,S3-350971064,0.976,0,0.855,0.0,US,same_name_diff_address,1
S1-986342656,S3-689014723,0.976,0,0.855,0.0,INDIA,same_name_diff_address,1
S1-933620636,S3-612883815,0.9759,0,0.855,0.0,US,same_name_diff_address,1
S1-351944053,S2-424455282,0.9759,0,1.0,0.855,INDIA,high_name_high_address_wrong_entity,1
S1-475954873,S3-506260660,0.9758,0,0.855,0.0,US,same_name_diff_address,1
S1-353718026,S3-996287447,0.9758,0,0.855,0.0,US,same_name_diff_address,1
S1-160151329,S3-810957564,0.9758,0,0.855,0.0,US,same_name_diff_address,1
S1-956667559,S3-710913864,0.9758,0,0.855,0.0,US,same_name_diff_address,1
S1-781474931,S2-699656214,0.9758,0,0.4578,0.0,US,missing_address_collision,1
S1-953860270,S3-53371753,0.9758,0,0.855,0.0,INDIA,same_name_diff_address,1
S1-307403760,S3-654923931,0.9758,0,0.855,0.0,INDIA,same_name_diff_address,1
S1-984773924,S3-493883568,0.9758,0,0.855,0.0,INDIA,same_name_diff_address,1
S1-320181892,S3-695541024,0.9758,0,0.855,0.0,INDIA,same_name_diff_address,1
S1-448001363,S3-349199144,0.9758,0,0.855,0.0,US,same_name_diff_address,1
S1-892308754,S3-52867252,0.9758,0,0.5649,0.0,US,missing_address_collision,1
S1-201281490,S3-677272333,0.9758,0,0.855,0.0,US,same_name_diff_address,1
S1-449989938,S3-107831508,0.9757,0,0.4433,0.0,US,missing_address_collision,1
S1-717722567,S3-703199557,0.9757,0,0.855,0.0,US,same_name_diff_address,1
S1-676679470,S2-903776624,0.9757,0,0.4,0.0,US,missing_address_collision,1
S1-717722567,S3-414791061,0.9757,0,0.855,0.0,US,same_name_diff_address,1
S1-526767649,S3-351741953,0.9757,0,0.855,0.0,US,same_name_diff_address,1
S1-810492984,S2-39200567,0.9757,0,0.413,0.0,US,missing_address_collision,1
S1-474287071,S3-153936818,0.9757,0,0.855,0.0,US,same_name_diff_address,1
S1-435224261,S3-803214807,0.9757,0,0.4646,0.0,US,missing_address_collision,1
S1-729799358,S3-452753567,0.9757,0,0.5,0.0,INDIA,missing_address_collision,1
S1-185203613,S3-907192474,0.9757,0,0.855,0.0,US,same_name_diff_address,1
S1-611156000,S3-226072302,0.9757,0,0.855,0.0,INDIA,same_name_diff_address,1
S1-636051160,S3-115478014,0.9757,0,0.855,0.0,US,same_name_diff_address,1
S1-443666098,S3-278994339,0.9757,0,0.855,0.0,US,same_name_diff_address,1
S1-71482984,S3-263901953,0.9757,0,0.4843,0.0,US,missing_address_collision,1
S1-448001363,S3-152978548,0.9757,0,0.855,0.0,US,same_name_diff_address,1
S1-128581012,S2-47736533,0.9757,0,0.5295,0.0,US,missing_address_collision,1
S1-50198821,S3-952968625,0.9757,0,0.855,0.0,US,same_name_diff_address,1
S1-195639698,S3-805518523,0.9757,0,0.7302,0.0,INDIA,missing_address_collision,1
S1-19431567,S3-608362817,0.9757,0,0.855,0.0,US,same_name_diff_address,1
S1-448001363,S2-393906475,0.9757,0,0.4406,0.0,US,missing_address_collision,1
S1-339823330,S3-455662342,0.9757,0,0.5182,0.0,US,missing_address_collision,1
S1-411705129,S3-165235173,0.9757,0,0.625,0.0,US,missing_address_collision,1
S1-664468641,S3-725589832,0.9757,0,0.855,0.0,US,same_name_diff_address,1
S1-839234049,S3-956439701,0.9757,0,0.855,0.0,US,same_name_diff_address,1
S1-371629388,S3-866300728,0.9757,0,0.855,0.0,US,same_name_diff_address,1
S1-227092798,S3-134517148,0.9757,0,0.855,0.0,US,same_name_diff_address,1
S1-907013928,S2-341113889,0.9757,0,0.4524,0.0,US,missing_address_collision,1
S1-345762666,S3-175159190,0.9757,0,0.855,0.0,US,same_name_diff_address,1
S1-989820688,S3-934273878,0.9757,0,0.855,0.0,US,same_name_diff_address,1
S1-358994673,S3-690937347,0.9757,0,0.855,0.0,US,same_name_diff_address,1
S1-232466717,S3-764205486,0.9757,0,0.5862,0.0,INDIA,missing_address_collision,1
S1-589124628,S3-161315137,0.9757,0,0.855,0.0,US,same_name_diff_address,1
S1-917102645,S2-151781099,0.9756,0,0.5182,0.0,US,missing_address_collision,1
S1-543641292,S3-338933993,0.9755,0,0.855,0.0,US,same_name_diff_address,1
S1-163042454,S2-35777147,0.9754,0,0.413,0.0,INDIA,missing_address_collision,1
S1-903148042,S3-565069004,0.9754,0,0.855,0.0,US,same_name_diff_address,1
S1-395153217,S3-20348548,0.9754,0,0.855,0.0,INDIA,same_name_diff_address,1
S1-143256092,S3-583610923,0.9753,0,0.855,0.0,US,same_name_diff_address,1
S1-648137293,S3-990838652,0.9753,0,0.855,0.0,US,same_name_diff_address,1
S1-256342895,S3-69930985,0.9753,0,0.855,0.0,INDIA,same_name_diff_address,1
S1-335664404,S3-875382870,0.9753,0,0.855,0.0,INDIA,same_name_diff_address,1
S1-791185772,S3-701183220,0.9753,0,0.855,0.0,US,same_name_diff_address,1
S1-447365474,S3-761892363,0.9753,0,0.5217,0.0,US,missing_address_collision,1
S1-307428848,S3-247981705,0.9753,0,0.855,0.0,US,same_name_diff_address,1
S1-792723063,S3-893976437,0.9753,0,0.855,0.0,INDIA,same_name_diff_address,1
S1-989403826,S3-952186608,0.9752,0,0.4056,0.0,US,missing_address_collision,1
S1-705610110,S3-771272062,0.9751,0,0.855,0.0,US,same_name_diff_address,1
S1-993324329,S3-25069141,0.9751,0,0.855,0.0,INDIA,same_name_diff_address,1
S1-485100609,S3-976919737,0.9751,0,0.855,0.0,US,same_name_diff_address,1
S1-900689221,S3-557676580,0.9751,0,0.855,0.0,US,same_name_diff_address,1
S1-282684084,S3-736440545,0.9751,0,0.855,0.0,INDIA,same_name_diff_address,1
S1-368756424,S3-169572532,0.9751,0,0.855,0.0,US,same_name_diff_address,1
S1-346066946,S2-368941105,0.9751,0,0.3851,0.0,US,missing_address_collision,1
S1-794541621,S3-300943062,0.9751,0,0.855,0.0,INDIA,same_name_diff_address,1
S1-937589919,S2-317780410,0.9751,0,0.4,0.0,US,missing_address_collision,1
S1-492503829,S2-423474045,0.975,0,0.4049,0.0,US,missing_address_collision,1
S1-63312227,S3-41905435,0.975,0,0.855,0.0,INDIA,same_name_diff_address,1
S1-905161828,S2-485604981,0.975,0,0.4262,0.0,INDIA,missing_address_collision,1
S1-232466717,S3-252562274,0.9749,0,0.5484,0.0,INDIA,missing_address_collision,1
S1-332067503,S3-530427450,0.9749,0,0.6094,0.0,US,missing_address_collision,1
S1-685293877,S2-475559276,0.9749,0,0.3563,0.0,INDIA,missing_address_collision,1
S1-185203613,S3-129005103,0.9749,0,0.5938,0.0,US,missing_address_collision,1
S1-619205688,S3-265469195,0.9749,0,0.855,0.0,INDIA,same_name_diff_address,1
S1-225111219,S3-57175279,0.9749,0,0.5302,0.0,US,missing_address_collision,1
S1-347021185,S3-851028198,0.9748,0,0.4117,0.0,US,missing_address_collision,1
S1-747122445,S3-688345820,0.9748,0,0.855,0.0,US,same_name_diff_address,1
S1-893578666,S3-20671972,0.9748,0,0.5758,0.0,US,missing_address_collision,1
S1-609925867,S3-634419054,0.9747,0,0.855,0.0,INDIA,same_name_diff_address,1
S1-748657012,S3-927532778,0.9747,0,0.855,0.0,INDIA,same_name_diff_address,1
S1-704885264,S3-574677229,0.9747,0,0.855,0.0,INDIA,same_name_diff_address,1
S1-171950504,S3-712192549,0.9747,0,0.855,0.0,INDIA,same_name_diff_address,1
S1-223058167,S2-771982655,0.9746,0,0.5588,0.0,US,missing_address_collision,1
S1-657493941,S2-516645815,0.9746,0,0.3654,0.0,INDIA,missing_address_collision,1
S1-721585414,S3-230490049,0.9745,0,0.855,0.0,INDIA,same_name_diff_address,1
S1-869633282,S3-443788037,0.9745,0,0.855,0.0,US,same_name_diff_address,1
S1-922605993,S3-451274426,0.9745,0,0.855,0.0,INDIA,same_name_diff_address,1
S1-885845779,S3-49843156,0.9745,0,0.855,0.0,INDIA,same_name_diff_address,1
S1-846018599,S3-651641406,0.9745,0,0.855,0.0,US,same_name_diff_address,1
S1-555296440,S3-324098658,0.9745,0,0.855,0.0,US,same_name_diff_address,1
S1-513850683,S3-233504457,0.9745,0,0.855,0.0,INDIA,same_name_diff_address,1
S1-911379891,S3-667513422,0.9745,0,0.4984,0.0,INDIA,missing_address_collision,1
S1-829293002,S2-133788152,0.9745,0,0.9,0.801,INDIA,high_name_high_address_wrong_entity,1
S1-454399211,S3-359895325,0.9745,0,0.4831,0.0,US,missing_address_collision,1
S1-884610555,S3-240762682,0.9745,0,0.855,0.0,US,same_name_diff_address,1
S1-4321229,S3-878992536,0.9745,0,0.855,0.0,INDIA,same_name_diff_address,1
S1-282928931,S2-832108937,0.9744,0,0.4092,0.0,US,missing_address_collision,1
S1-959968859,S2-318048685,0.9744,0,0.4,0.0,US,missing_address_collision,1
S1-706091947,S3-857392127,0.9743,0,0.5106,0.0,US,missing_address_collision,1
S1-337610024,S3-920051270,0.9743,0,0.855,0.0,INDIA,same_name_diff_address,1
S1-459435409,S3-22282680,0.9743,0,0.5393,0.0,US,missing_address_collision,1
S1-589869250,S3-96531531,0.9743,0,0.855,0.0,US,same_name_diff_address,1
S1-724102059,S3-967653651,0.9742,0,0.6129,0.0,INDIA,missing_address_collision,1
S1-857770415,S3-868952977,0.9742,0,0.5607,0.0,US,missing_address_collision,1
S1-292979013,S3-735647606,0.9741,0,0.44,0.0,US,missing_address_collision,1
S1-587220433,S3-137606382,0.9741,0,0.855,0.0,US,same_name_diff_address,1
S1-345762666,S3-520506820,0.9741,0,0.855,0.0,US,same_name_diff_address,1
S1-984875899,S3-360991009,0.9741,0,0.475,0.0,INDIA,missing_address_collision,1
S1-950901627,S3-730766762,0.9741,0,0.4419,0.0,US,missing_address_collision,1
S1-562264780,S3-365600309,0.974,0,0.5881,0.0,US,missing_address_collision,1
S1-905850193,S3-594353391,0.974,0,0.57,0.0,US,missing_address_collision,1
S1-107186563,S2-46479435,0.9739,0,0.1,0.8769,INDIA,same_address_diff_name,1
S1-510899078,S3-853058117,0.9739,0,0.57,0.0,US,missing_address_collision,1
S1-677508517,S3-559083728,0.9738,0,0.855,0.0,US,same_name_diff_address,1
S1-153530639,S3-80015084,0.9738,0,0.6587,0.0,US,missing_address_collision,1
S1-96489524,S3-662239828,0.9738,0,0.9,0.855,INDIA,high_name_high_address_wrong_entity,1
S1-248232918,S3-517269363,0.9737,0,0.855,0.0,US,same_name_diff_address,1
S1-71086611,S3-319811347,0.9737,0,0.855,0.2842,INDIA,same_name_diff_address,1
S1-33756531,S3-505352758,0.9736,0,0.8143,0.8721,INDIA,high_name_high_address_wrong_entity,1
S1-692619260,S3-401338436,0.9736,0,0.855,0.0,INDIA,same_name_diff_address,1
S1-452070150,S2-130703773,0.9736,0,0.4543,0.0,INDIA,missing_address_collision,1
S1-744807257,S3-808016400,0.9735,0,0.855,0.0,INDIA,same_name_diff_address,1
S1-806329900,S2-847704239,0.9735,0,0.8708,0.95,US,high_name_high_address_wrong_entity,1
S1-243373845,S3-260891904,0.9735,0,0.855,0.0,US,same_name_diff_address,1
S1-118042613,S3-487013232,0.9735,0,0.855,0.0,US,same_name_diff_address,1
S1-830982341,S3-284759422,0.9735,0,0.56,0.0,US,missing_address_collision,1
S1-486842512,S3-433681138,0.9734,0,0.5882,0.0,INDIA,missing_address_collision,1
S1-119397247,S3-783503668,0.9734,0,0.5098,0.0,INDIA,missing_address_collision,1
S1-545043982,S2-772357445,0.9733,0,0.8894,0.95,US,high_name_high_address_wrong_entity,1
S1-778726773,S3-836206939,0.9733,0,0.855,0.0,INDIA,same_name_diff_address,1
S1-554737211,S3-648700196,0.9733,0,0.855,0.0,US,same_name_diff_address,1
S1-265689305,S3-450634185,0.9733,0,0.855,0.0,US,same_name_diff_address,1
S1-61067811,S3-290164368,0.9732,0,0.6531,0.0,INDIA,missing_address_collision,1
S1-342321823,S3-839789801,0.9732,0,0.4385,0.0,US,missing_address_collision,1
S1-452070150,S3-529354355,0.9732,0,0.855,0.0,INDIA,same_name_diff_address,1
S1-909541833,S3-109469763,0.9731,0,0.855,0.0,US,same_name_diff_address,1
S1-334539148,S3-200980092,0.9731,0,0.855,0.0,INDIA,same_name_diff_address,1
S1-489664056,S3-60172950,0.9731,0,0.855,0.0,US,same_name_diff_address,1
S1-928272149,S3-810957564,0.9731,0,0.855,0.0,US,same_name_diff_address,1
S1-37255744,S3-247425324,0.9731,0,0.855,0.0,US,same_name_diff_address,1
S1-235771556,S3-787025061,0.9731,0,0.855,0.0,US,same_name_diff_address,1
S1-274688325,S3-810464049,0.9729,0,0.855,0.0,INDIA,same_name_diff_address,1
S1-963778507,S3-471672252,0.9729,0,0.855,0.0,INDIA,same_name_diff_address,1
S1-477627448,S3-747174409,0.9729,0,0.855,0.0,US,same_name_diff_address,1
S1-325671119,S3-708026267,0.9729,0,0.855,0.0,US,same_name_diff_address,1
S1-725866160,S3-125287699,0.9729,0,0.5714,0.0,US,missing_address_collision,1
S1-905180955,S3-859468357,0.9729,0,0.855,0.0,US,same_name_diff_address,1
S1-460497980,S3-134986435,0.9729,0,0.855,0.0,US,same_name_diff_address,1
S1-155387732,S3-844439503,0.9729,0,0.855,0.0,US,same_name_diff_address,1
S1-352225109,S3-934007015,0.9729,0,0.855,0.0,US,same_name_diff_address,1
S1-18574119,S3-790582813,0.9729,0,0.855,0.0,US,same_name_diff_address,1
S1-94760187,S3-710967393,0.9729,0,0.855,0.0,US,same_name_diff_address,1
S1-891569014,S3-621035097,0.9729,0,0.855,0.0,US,same_name_diff_address,1
S1-492503829,S3-725731853,0.9728,0,0.4354,0.0,US,missing_address_collision,1
S1-733753777,S3-869949057,0.9728,0,0.5278,0.0,INDIA,missing_address_collision,1
S1-985443452,S3-869225306,0.9727,0,0.855,0.0,US,same_name_diff_address,1
S1-116766631,S3-227121151,0.9726,0,0.855,0.0,US,same_name_diff_address,1
S1-392731643,S3-205546742,0.9725,0,0.855,0.0,US,same_name_diff_address,1
S1-581012378,S3-721954585,0.9724,0,0.855,0.0,INDIA,same_name_diff_address,1
S1-616876855,S3-129675147,0.9723,0,0.486,0.0,US,missing_address_collision,1
S1-853994746,S3-940346054,0.9723,0,0.4935,0.0,US,missing_address_collision,1
S1-745165081,S3-728187316,0.9723,0,0.855,0.0,US,same_name_diff_address,1
S1-121855602,S3-211288451,0.9722,0,0.5455,0.0,INDIA,missing_address_collision,1
S1-890390299,S3-3502943,0.9722,0,0.5614,0.0,US,missing_address_collision,1
S1-675256628,S3-167377146,0.9722,0,0.5278,0.0,US,missing_address_collision,1
S1-944183703,S3-804751798,0.972,0,0.5383,0.0,US,missing_address_collision,1
S1-710426359,S3-758035795,0.972,0,0.52,0.0,US,missing_address_collision,1
S1-215720147,S3-287657240,0.972,0,0.5,0.0,INDIA,missing_address_collision,1
S1-422362912,S3-303551047,0.972,0,0.5714,0.0,US,missing_address_collision,1
S1-346066946,S3-579175501,0.972,0,0.5352,0.0,US,missing_address_collision,1
S1-488847484,S3-52756949,0.972,0,0.4813,0.0,US,missing_address_collision,1
S1-834602215,S3-499908826,0.9719,0,0.5135,0.0,US,missing_address_collision,1
S1-785344103,S3-212226329,0.9719,0,0.855,0.0,INDIA,same_name_diff_address,1
S1-149359581,S3-619308373,0.9717,0,0.4878,0.0,US,missing_address_collision,1
S1-493735014,S3-136436011,0.9716,0,0.855,0.0,US,same_name_diff_address,1
S1-836229579,S3-144773847,0.9716,0,0.5868,0.0,INDIA,missing_address_collision,1
S1-204797129,S3-775163066,0.9716,0,0.5542,0.0,INDIA,missing_address_collision,1
S1-493735014,S3-176084123,0.9716,0,0.855,0.0,US,same_name_diff_address,1
S1-28127325,S3-182187271,0.9714,0,0.855,0.0,INDIA,same_name_diff_address,1
S1-679271386,S3-135465927,0.9714,0,0.5091,0.0,INDIA,missing_address_collision,1
S1-9133482,S3-443522460,0.9714,0,0.855,0.0,US,same_name_diff_address,1
S1-778726773,S3-526244290,0.9714,0,0.4737,0.0,INDIA,missing_address_collision,1
S1-473854953,S3-149108562,0.9713,0,0.597,0.0,INDIA,missing_address_collision,1
S1-279863064,S3-598177520,0.9713,0,0.855,0.0,US,same_name_diff_address,1
S1-382741522,S3-860158166,0.9713,0,0.5783,0.0,INDIA,missing_address_collision,1
S1-701905848,S3-790708665,0.9713,0,0.5152,0.0,INDIA,missing_address_collision,1
S1-554737211,S3-424882689,0.9712,0,0.855,0.0,US,same_name_diff_address,1
S1-945317564,S3-712766569,0.9712,0,0.57,0.0,US,missing_address_collision,1
S1-546643464,S3-174208589,0.9712,0,0.855,0.0,INDIA,same_name_diff_address,1
S1-271476402,S3-699928394,0.9712,0,0.4222,0.0,US,missing_address_collision,1
S1-139477608,S3-553914198,0.9711,0,0.5758,0.0,INDIA,missing_address_collision,1
S1-961976869,S3-896701029,0.9711,0,0.6259,0.0,INDIA,missing_address_collision,1
S1-917256053,S3-39368816,0.9711,0,0.855,0.0,US,same_name_diff_address,1
S1-554512944,S3-182929146,0.971,0,0.4926,0.0,US,missing_address_collision,1
S1-543739922,S3-316417004,0.971,0,0.4615,0.0,US,missing_address_collision,1
S1-210215156,S3-904379258,0.971,0,0.4672,0.0,INDIA,missing_address_collision,1
S1-718466467,S3-585657267,0.9709,0,0.475,0.0,INDIA,missing_address_collision,1
S1-680484866,S3-582453072,0.9708,0,0.855,0.0,US,same_name_diff_address,1
S1-37823226,S3-540932090,0.9708,0,0.855,0.0,US,same_name_diff_address,1
S1-873395440,S3-76201771,0.9707,0,0.855,0.0,US,same_name_diff_address,1
S1-38080555,S3-553711993,0.9707,0,0.5225,0.0,INDIA,missing_address_collision,1
S1-697768747,S3-87212861,0.9707,0,0.475,0.0,INDIA,missing_address_collision,1
S1-879338749,S3-142080944,0.9705,0,0.8649,0.9017,US,high_name_high_address_wrong_entity,1
S1-811652153,S3-52275847,0.9705,0,0.4571,0.0,US,missing_address_collision,1
S1-94458472,S3-522729766,0.9705,0,0.4478,0.0,INDIA,missing_address_collision,1
S1-916309495,S3-439549005,0.9703,0,0.5542,0.0,US,missing_address_collision,1
S1-38080555,S3-241483899,0.9702,0,0.5,0.0,INDIA,missing_address_collision,1
S1-838009214,S3-109469763,0.9702,0,0.4789,0.0,US,missing_address_collision,1
S1-839234049,S3-414718190,0.9702,0,0.4783,0.0,US,missing_address_collision,1
S1-627589164,S3-360534662,0.9702,0,0.5405,0.0,INDIA,missing_address_collision,1
S1-989266524,S3-27387813,0.9702,0,0.4615,0.0,US,missing_address_collision,1
S1-346066946,S3-945432999,0.9702,0,0.5172,0.0,US,missing_address_collision,1
S1-963168542,S3-164756183,0.9702,0,0.5161,0.0,US,missing_address_collision,1
S1-71482984,S3-478889414,0.9701,0,0.855,0.0,US,same_name_diff_address,1
S1-417533512,S3-538150369,0.97,0,0.4685,0.0,INDIA,missing_address_collision,1
S1-872089580,S3-312919007,0.97,0,0.5424,0.0,INDIA,missing_address_collision,1
S1-778703567,S3-531482426,0.9699,0,0.5455,0.0,INDIA,missing_address_collision,1
S1-143435416,S2-227436616,0.9698,0,1.0,0.8,INDIA,high_name_high_address_wrong_entity,1
S1-841605151,S3-332721397,0.9698,0,0.5,0.0,INDIA,missing_address_collision,1
S1-712192564,S3-516451886,0.9698,0,0.5153,0.0,US,missing_address_collision,1
S1-675256628,S3-237132532,0.9698,0,0.5278,0.0,US,missing_address_collision,1
S1-983967542,S3-940383753,0.9698,0,0.5818,0.0,INDIA,missing_address_collision,1
S1-339823330,S3-123723638,0.9697,0,0.486,0.0,US,missing_address_collision,1
S1-996720628,S3-43934822,0.9696,0,0.4113,0.0,US,missing_address_collision,1
S1-389901880,S3-471555358,0.9694,0,0.5971,0.0,INDIA,missing_address_collision,1
S1-388132837,S3-355659691,0.9694,0,0.5672,0.0,US,missing_address_collision,1
S1-22288969,S3-250369134,0.9692,0,0.5365,0.0,US,missing_address_collision,1
S1-677508517,S3-778971693,0.9691,0,0.4889,0.0,US,missing_address_collision,1
S1-714838445,S3-12316490,0.9688,0,0.375,0.0,INDIA,missing_address_collision,1
S1-861508208,S3-981248023,0.9688,0,0.4746,0.0,INDIA,missing_address_collision,1
S1-863186587,S3-182929146,0.9682,0,0.397,0.0,US,missing_address_collision,1
S1-448001363,S3-153585633,0.9681,0,0.4308,0.0,US,missing_address_collision,1
S1-477320136,S3-932704729,0.968,0,0.475,0.0,US,missing_address_collision,1
S1-725866160,S3-583403247,0.968,0,0.5208,0.0,US,missing_address_collision,1
S1-59250304,S3-552975443,0.968,0,0.5278,0.0,INDIA,missing_address_collision,1
S1-806329900,S3-787288603,0.968,0,0.5,0.0,US,missing_address_collision,1
S1-983995772,S3-168333729,0.968,0,0.5182,0.0,US,missing_address_collision,1
S1-298764126,S3-423465624,0.968,0,0.5182,0.0,US,missing_address_collision,1
S1-98042434,S3-498893025,0.9678,0,0.5971,0.0,INDIA,missing_address_collision,1
S1-143256092,S3-525254776,0.9677,0,0.5067,0.0,US,missing_address_collision,1
S1-978377630,S3-159703222,0.9677,0,0.5365,0.0,INDIA,missing_address_collision,1
S1-861633762,S3-964018692,0.9677,0,0.5182,0.0,US,missing_address_collision,1
S1-645009495,S3-438913205,0.9677,0,0.5106,0.0,US,missing_address_collision,1
S1-615330564,S3-86868594,0.9677,0,0.4906,0.0,US,missing_address_collision,1
S1-692619260,S3-717788619,0.9677,0,0.5036,0.0,INDIA,missing_address_collision,1
S1-170934192,S3-335819746,0.9677,0,0.5,0.0,US,missing_address_collision,1
S1-925137851,S3-350098473,0.9677,0,0.5225,0.0,US,missing_address_collision,1
S1-589870079,S3-917133830,0.9677,0,0.5029,0.0,US,missing_address_collision,1
S1-321748315,S3-119266060,0.9673,0,0.4865,0.0,INDIA,missing_address_collision,1
S1-764102392,S3-486094859,0.9673,0,0.4865,0.0,US,missing_address_collision,1
S1-176042931,S3-123512443,0.9673,0,0.4667,0.0,US,missing_address_collision,1
S1-778703567,S3-816815574,0.9672,0,0.5909,0.0,INDIA,missing_address_collision,1
S1-230214597,S3-243945728,0.9672,0,0.6333,0.0,US,missing_address_collision,1
S1-539588886,S3-327929307,0.9672,0,0.6107,0.0,INDIA,missing_address_collision,1
S1-399660795,S3-4750507,0.9672,0,0.6333,0.0,US,missing_address_collision,1
S1-717722567,S3-217907292,0.9672,0,0.6107,0.0,US,missing_address_collision,1
S1-717491165,S3-958786288,0.9669,0,0.6333,0.0,INDIA,missing_address_collision,1
S1-733029832,S3-412267004,0.9668,0,0.9183,0.8589,INDIA,high_name_high_address_wrong_entity,1
S1-676679470,S3-557406251,0.9668,0,0.4903,0.0,US,missing_address_collision,1
S1-444126445,S3-362601804,0.9666,0,0.4314,0.0,US,missing_address_collision,1
S1-657997343,S3-670154435,0.9666,0,0.5081,0.0,US,missing_address_collision,1
S1-395406060,S3-373422304,0.9665,0,0.532,0.0,INDIA,missing_address_collision,1
S1-915504235,S3-88428023,0.9665,0,0.5182,0.0,US,missing_address_collision,1
S1-572810919,S3-769980719,0.9665,0,0.5392,0.0,US,missing_address_collision,1
S1-25117519,S3-830681350,0.9665,0,0.5182,0.0,US,missing_address_collision,1
S1-76738019,S3-945256954,0.9664,0,0.4171,0.0,US,missing_address_collision,1
S1-743897851,S3-629523524,0.9664,0,0.4643,0.0,US,missing_address_collision,1
S1-80183072,S3-537881203,0.9664,0,0.4792,0.0,US,missing_address_collision,1
S1-746933665,S3-33042161,0.9663,0,0.5278,0.0,INDIA,missing_address_collision,1
S1-661815311,S3-594199897,0.9663,0,0.449,0.0,INDIA,missing_address_collision,1
S1-333026900,S3-266196162,0.9662,0,0.5607,0.0,INDIA,missing_address_collision,1
S1-119397247,S3-469258320,0.966,0,0.6531,0.0,INDIA,missing_address_collision,1
S1-143187732,S3-626398584,0.9659,0,0.4302,0.0,US,missing_address_collision,1
S1-966035887,S3-658907738,0.9659,0,0.6069,0.0,INDIA,missing_address_collision,1
S1-745213577,S3-618185293,0.9659,0,0.4318,0.0,INDIA,missing_address_collision,1
S1-130421416,S3-688199443,0.9657,0,0.4151,0.0,US,missing_address_collision,1
S1-918830010,S3-561467630,0.9656,0,0.4856,0.0,US,missing_address_collision,1
S1-529162879,S3-299470742,0.9656,0,0.4945,0.0,US,missing_address_collision,1
S1-894851849,S3-571137641,0.9654,0,0.8313,0.8536,INDIA,high_name_high_address_wrong_entity,1
S1-885150249,S2-611600991,0.9654,0,0.0984,0.855,INDIA,same_address_diff_name,1
S1-630404316,S3-719153033,0.9651,0,0.4926,0.0,US,missing_address_collision,1
S1-611156000,S3-934093849,0.9648,0,0.4878,0.0,INDIA,missing_address_collision,1
S1-22190421,S3-17652267,0.9648,0,0.5051,0.0,US,missing_address_collision,1
S1-339823330,S3-380421630,0.9648,0,0.4706,0.0,US,missing_address_collision,1
S1-97441547,S3-60072822,0.9648,0,0.5115,0.0,US,missing_address_collision,1
S1-949984535,S3-551208356,0.9648,0,0.4419,0.0,US,missing_address_collision,1
S1-215350150,S3-711701816,0.9648,0,0.4646,0.0,US,missing_address_collision,1
S1-98094375,S3-542646222,0.9644,0,0.4957,0.0,US,missing_address_collision,1
S1-532784493,S3-464705524,0.9643,0,0.5532,0.0,US,missing_address_collision,1
S1-531731190,S3-672709119,0.9639,0,0.4082,0.0,US,missing_address_collision,1
S1-836229579,S3-640148270,0.9639,0,0.4508,0.0,INDIA,missing_address_collision,1
S1-334559969,S3-364795378,0.9637,0,0.429,0.24,INDIA,medium_collision,1
S1-2927871,S3-177491547,0.9636,0,0.5569,0.0,INDIA,missing_address_collision,1
S1-187008292,S3-571509816,0.9634,0,0.4866,0.0,US,missing_address_collision,1
S1-148967826,S3-304306583,0.9634,0,0.4578,0.0,US,missing_address_collision,1
S1-217931530,S3-48242195,0.9629,0,0.4222,0.0,INDIA,missing_address_collision,1
S1-130421416,S3-197190728,0.9629,0,0.475,0.0,US,missing_address_collision,1
S1-473854953,S3-991000205,0.9626,0,0.8308,0.891,INDIA,high_name_high_address_wrong_entity,1
S1-710839297,S3-207470370,0.9622,0,0.3958,0.0,US,missing_address_collision,1
S1-653961414,S3-708079618,0.9618,0,0.5263,0.0,US,missing_address_collision,1
S1-717346534,S3-392101857,0.9618,0,0.4821,0.0,US,missing_address_collision,1
S1-751975963,S3-833189226,0.9618,0,0.4471,0.0,US,missing_address_collision,1
S1-180270487,S3-958529637,0.9618,0,0.4478,0.0,US,missing_address_collision,1
S1-327628898,S3-250226918,0.9617,0,0.4651,0.0,INDIA,missing_address_collision,1
S1-808584694,S3-845613224,0.9615,0,0.4762,0.0,US,missing_address_collision,1
S1-395153217,S2-198506911,0.9614,0,0.9,0.9148,INDIA,high_name_high_address_wrong_entity,1
S1-215507065,S3-486138836,0.9614,0,0.413,0.0,INDIA,missing_address_collision,1
S1-247037588,S2-400429617,0.9612,0,1.0,0.855,INDIA,high_name_high_address_wrong_entity,1
S1-565944,S2-431972162,0.9609,0,0.9375,1.0,US,high_name_high_address_wrong_entity,1
S1-529927615,S3-336634733,0.9606,0,0.4302,0.0,INDIA,missing_address_collision,1
S1-526417055,S3-632750062,0.9599,0,0.8636,0.8261,US,high_name_high_address_wrong_entity,1
S1-18815502,S3-136996119,0.9598,0,0.4416,0.0,INDIA,missing_address_collision,1
S1-103635117,S2-70869421,0.9595,0,1.0,0.7773,US,high_name_high_address_wrong_entity,1
S1-689360119,S3-404029894,0.9593,0,0.412,0.0,US,missing_address_collision,1
S1-282859196,S3-833559906,0.9593,0,0.4615,0.0,INDIA,missing_address_collision,1
S1-334539148,S3-563840860,0.9593,0,0.4259,0.0,INDIA,missing_address_collision,1
S1-167523005,S3-275941404,0.9593,0,0.4926,0.0,US,missing_address_collision,1
S1-242271326,S3-351691422,0.9593,0,0.4574,0.0,US,missing_address_collision,1
S1-640263677,S2-138353825,0.959,0,0.8438,1.0,INDIA,high_name_high_address_wrong_entity,1
S1-286879326,S3-791585029,0.9589,0,1.0,0.855,INDIA,high_name_high_address_wrong_entity,1
S1-549396,S2-417246604,0.9585,0,1.0,0.8235,US,high_name_high_address_wrong_entity,1
S1-803898460,S3-766770120,0.9585,0,0.4282,0.0,US,missing_address_collision,1
S1-720906521,S3-445049636,0.9585,0,0.4145,0.0,INDIA,missing_address_collision,1
S1-50401705,S3-602512662,0.9585,0,0.4365,0.0,US,missing_address_collision,1
S1-42370009,S2-164691520,0.9571,0,0.0789,0.95,INDIA,same_address_diff_name,1
S1-160245764,S3-461280438,0.9564,0,0.8919,0.7846,INDIA,high_name_high_address_wrong_entity,1
S1-442172289,S2-666870133,0.9564,0,0.8485,0.8589,INDIA,high_name_high_address_wrong_entity,1
S1-827308611,S2-218036591,0.9563,0,0.9,0.9366,INDIA,high_name_high_address_wrong_entity,1
S1-323244799,S3-312844389,0.9563,0,0.4889,0.3214,INDIA,medium_collision,1
S1-449774038,S2-56621427,0.9561,0,0.1125,0.855,INDIA,same_address_diff_name,1
S1-559688005,S3-433681138,0.9559,0,0.4098,0.0,INDIA,missing_address_collision,1
S1-565944,S2-86361730,0.9548,0,0.1481,1.0,US,same_address_diff_name,1
S1-121208010,S3-339810232,0.9545,0,0.8636,0.8407,INDIA,high_name_high_address_wrong_entity,1
S1-671887914,S3-918412332,0.953,0,0.855,0.2143,INDIA,same_name_diff_address,1
S1-227281677,S2-545115183,0.9528,0,0.0896,0.8824,INDIA,same_address_diff_name,1
S1-624328626,S3-578818725,0.9526,0,0.855,0.272,INDIA,same_name_diff_address,1
S1-170528844,S3-385488343,0.9502,0,0.855,0.8291,US,high_name_high_address_wrong_entity,1
S1-457993113,S2-664774660,0.9499,0,0.9,0.9309,INDIA,high_name_high_address_wrong_entity,1
S1-37255744,S3-430158717,0.9488,0,1.0,0.8235,US,high_name_high_address_wrong_entity,1
S1-879490633,S3-936212847,0.9485,0,0.95,0.7407,US,high_name_high_address_wrong_entity,1
S1-583069127,S3-694711072,0.9481,0,0.9,0.7878,US,high_name_high_address_wrong_entity,1
S1-692514593,S3-810080011,0.9474,0,0.7848,0.5823,INDIA,franchise_duplicate_collision,1
S1-873486726,S3-632268326,0.9473,0,0.7207,0.8235,INDIA,medium_collision,1
S1-751033252,S2-337281433,0.9472,0,0.6364,1.0,US,same_postal_wrong_entity,1
S1-473854953,S2-309335297,0.9465,0,0.9,0.9502,INDIA,high_name_high_address_wrong_entity,1
S1-45183941,S2-932671693,0.9463,0,0.0714,0.855,INDIA,same_address_diff_name,1
S1-131219467,S3-139986612,0.9452,0,0.855,1.0,INDIA,high_name_high_address_wrong_entity,1
S1-704495491,S2-502913431,0.9451,0,0.8196,0.95,US,high_name_high_address_wrong_entity,1
S1-565220158,S2-611600991,0.944,0,0.1071,0.855,INDIA,same_address_diff_name,1
S1-601756150,S2-661912890,0.942,0,0.855,0.95,US,high_name_high_address_wrong_entity,1
S1-449774038,S2-646812026,0.9414,0,0.1125,0.855,INDIA,same_address_diff_name,1
S1-510908469,S2-76957457,0.9412,0,0.7843,0.95,INDIA,franchise_duplicate_collision,1
S1-913759168,S3-974407632,0.9404,0,0.2,1.0,INDIA,same_address_diff_name,1
S1-803898460,S3-595521978,0.9404,0,0.798,0.9048,US,same_postal_wrong_entity,1
S1-618743670,S3-902557470,0.9383,0,0.4,1.0,INDIA,same_address_diff_name,1
S1-327331088,S2-893101823,0.9366,0,0.855,0.3,INDIA,same_name_diff_address,1
S1-341184835,S2-272275357,0.9363,0,0.095,0.855,INDIA,same_address_diff_name,1
S1-51452968,S3-325705111,0.9351,0,0.9412,0.8778,INDIA,high_name_high_address_wrong_entity,1
S1-778726773,S2-984588028,0.9328,0,0.075,0.855,INDIA,same_address_diff_name,1
S1-653501596,S2-296159080,0.9327,0,0.0728,0.855,INDIA,same_address_diff_name,1
S1-168528296,S3-726341410,0.9324,0,0.9,0.7937,US,high_name_high_address_wrong_entity,1
S1-663369851,S3-321567899,0.9316,0,0.9,0.7963,INDIA,high_name_high_address_wrong_entity,1
S1-607584844,S3-538527382,0.9312,0,0.4,1.0,INDIA,same_address_diff_name,1
S1-317880645,S2-387285835,0.9307,0,0.9762,0.9048,INDIA,high_name_high_address_wrong_entity,1
S1-975785369,S2-20226942,0.929,0,0.9,0.95,INDIA,high_name_high_address_wrong_entity,1
S1-649480753,S2-733672561,0.9288,0,0.8887,0.9223,INDIA,high_name_high_address_wrong_entity,1
S1-341184835,S2-864589706,0.9279,0,0.0769,0.8679,INDIA,same_address_diff_name,1
S1-88550823,S2-608770552,0.9262,0,0.8796,1.0,US,high_name_high_address_wrong_entity,1
S1-88550823,S2-239731879,0.9262,0,0.8796,1.0,US,high_name_high_address_wrong_entity,1
S1-125151476,S3-427992977,0.9257,0,0.8414,0.8333,US,high_name_high_address_wrong_entity,1
S1-916123218,S2-118672440,0.9248,0,0.95,0.95,INDIA,high_name_high_address_wrong_entity,1
S1-577836055,S3-195844520,0.9226,0,0.855,0.25,INDIA,same_name_diff_address,1
S1-334151931,S3-890967037,0.9224,0,0.8857,0.7719,US,high_name_high_address_wrong_entity,1
S1-954507657,S3-642244851,0.9222,0,0.8348,0.7991,INDIA,high_name_high_address_wrong_entity,1
S1-613663975,S3-79555909,0.9221,0,0.9,0.8093,US,high_name_high_address_wrong_entity,1
S1-494115111,S2-429011285,0.9217,0,0.9,0.8352,INDIA,high_name_high_address_wrong_entity,1
S1-514987694,S3-934830724,0.9215,0,0.8482,0.855,INDIA,high_name_high_address_wrong_entity,1
S1-990396012,S3-795483120,0.9188,0,0.9,0.8093,US,high_name_high_address_wrong_entity,1
S1-626028213,S3-754640746,0.9187,0,0.8093,0.8387,INDIA,high_name_high_address_wrong_entity,1
S1-207232847,S3-965989437,0.9166,0,0.9,0.8077,US,high_name_high_address_wrong_entity,1
S1-834707292,S3-644413504,0.9166,0,0.95,0.725,US,high_name_high_address_wrong_entity,1
S1-935547526,S2-894487611,0.9163,0,0.9,0.95,INDIA,high_name_high_address_wrong_entity,1
S1-868166537,S2-965189796,0.9152,0,0.8,0.855,INDIA,high_name_high_address_wrong_entity,1
S1-739784770,S2-844661917,0.9148,0,0.087,0.855,INDIA,same_address_diff_name,1
S1-460442832,S2-702562224,0.9145,0,0.9,0.8919,US,high_name_high_address_wrong_entity,1
S1-957204032,S2-457270772,0.9141,0,0.9,0.9859,INDIA,high_name_high_address_wrong_entity,1
S1-645580626,S3-488992659,0.9137,0,0.855,0.8093,US,high_name_high_address_wrong_entity,1
S1-526329919,S2-136067228,0.9105,0,0.9796,0.874,US,high_name_high_address_wrong_entity,1
S1-762342637,S2-267619397,0.9101,0,0.855,0.8485,INDIA,high_name_high_address_wrong_entity,1
S1-230214597,S3-929469030,0.9037,0,0.9,0.8075,US,high_name_high_address_wrong_entity,1
S1-675073603,S3-403134604,0.9032,0,0.95,0.7422,US,high_name_high_address_wrong_entity,1
S1-231637572,S3-29137356,0.903,0,0.873,0.8296,US,high_name_high_address_wrong_entity,1
S1-855197906,S3-592173592,0.9027,0,0.8708,0.8,INDIA,high_name_high_address_wrong_entity,1
S1-103602194,S3-631766970,0.9008,0,0.9307,0.76,US,high_name_high_address_wrong_entity,1
S1-373846390,S3-984984359,0.8992,0,0.8674,0.7986,US,high_name_high_address_wrong_entity,1
S1-578532947,S3-93729893,0.8978,0,0.855,0.7661,US,high_name_high_address_wrong_entity,1
S1-492434677,S3-4267798,0.894,0,0.6947,1.0,INDIA,same_building_wrong_entity,1
S1-545097258,S3-266938953,0.8925,0,0.8261,0.8817,INDIA,high_name_high_address_wrong_entity,1
S1-627744826,S3-239983255,0.8919,0,0.4,1.0,US,same_address_diff_name,1
S1-602085489,S2-537464020,0.8916,0,0.9,0.8054,INDIA,high_name_high_address_wrong_entity,1
S1-603025827,S2-338480239,0.8899,0,0.2,0.95,US,same_address_diff_name,1
S1-399660795,S3-673155868,0.8885,0,0.855,0.8052,US,high_name_high_address_wrong_entity,1
S1-769396937,S3-610671484,0.8869,0,0.4,1.0,INDIA,same_address_diff_name,1
S1-479364663,S2-774402422,0.8867,0,0.6786,1.0,INDIA,same_building_wrong_entity,1
S1-299824729,S2-759759023,0.8865,0,0.95,0.8571,INDIA,high_name_high_address_wrong_entity,1
S1-702390112,S2-361387824,0.8849,0,0.855,0.7078,US,high_name_high_address_wrong_entity,1
S1-678641240,S2-941076982,0.8842,0,0.855,0.8333,US,high_name_high_address_wrong_entity,1
S1-699137494,S2-569166503,0.8831,0,0.95,0.986,INDIA,high_name_high_address_wrong_entity,1
S1-812984325,S2-450032696,0.8826,0,0.9,0.95,INDIA,high_name_high_address_wrong_entity,1
S1-984875899,S3-733610500,0.8815,0,0.9,0.7968,INDIA,high_name_high_address_wrong_entity,1
S1-564998651,S2-378400735,0.8808,0,0.9677,0.84,US,high_name_high_address_wrong_entity,1
S1-855871750,S3-972976519,0.8801,0,0.855,0.8373,US,high_name_high_address_wrong_entity,1
S1-31362215,S2-110646367,0.8801,0,0.7,1.0,INDIA,same_building_wrong_entity,1
S1-228516092,S2-849179764,0.8797,0,0.9,0.9727,INDIA,high_name_high_address_wrong_entity,1
S1-332463028,S2-539751565,0.8778,0,0.8473,0.9818,INDIA,high_name_high_address_wrong_entity,1
S1-819409431,S3-79166851,0.8776,0,0.8098,0.8658,US,high_name_high_address_wrong_entity,1
S1-56814533,S2-715695496,0.8774,0,1.0,0.6423,INDIA,franchise_duplicate_collision,1
S1-749790671,S2-529655390,0.8774,0,0.96,0.8587,INDIA,high_name_high_address_wrong_entity,1
S1-961144531,S2-742233516,0.877,0,0.7719,1.0,INDIA,franchise_duplicate_collision,1
S1-682566226,S3-60430222,0.8768,0,0.8038,0.8609,INDIA,high_name_high_address_wrong_entity,1
S1-819989651,S3-404627304,0.8759,0,0.9,0.95,INDIA,high_name_high_address_wrong_entity,1
S1-956506184,S3-190262354,0.8752,0,0.9,0.7896,US,high_name_high_address_wrong_entity,1
S1-584092122,S3-700363364,0.8745,0,0.95,0.8677,INDIA,high_name_high_address_wrong_entity,1
S1-955770991,S3-326018564,0.8731,0,0.9,0.8,US,high_name_high_address_wrong_entity,1
S1-622222518,S3-262422723,0.8724,0,0.8642,0.855,INDIA,high_name_high_address_wrong_entity,1
S1-337244245,S2-675541343,0.8716,0,0.8941,0.7892,INDIA,high_name_high_address_wrong_entity,1
S1-769396937,S3-987752817,0.8713,0,0.855,0.3214,INDIA,same_name_diff_address,1
S1-797556680,S2-817096860,0.8702,0,0.95,0.7389,US,high_name_high_address_wrong_entity,1
S1-916680064,S2-541339846,0.8701,0,0.6087,1.0,INDIA,same_building_wrong_entity,1
S1-59750594,S3-680561533,0.8697,0,0.9,0.7317,US,high_name_high_address_wrong_entity,1
S1-876066924,S2-108472747,0.8697,0,0.8986,0.8054,INDIA,high_name_high_address_wrong_entity,1
S1-198890475,S2-488889006,0.8691,0,0.7027,1.0,US,same_building_wrong_entity,1
S1-487977715,S3-412702626,0.8688,0,0.8529,0.8,US,high_name_high_address_wrong_entity,1
S1-375913756,S2-371138455,0.8675,0,0.95,0.9362,INDIA,high_name_high_address_wrong_entity,1
S1-381719157,S3-415855462,0.8657,0,0.8667,0.825,US,high_name_high_address_wrong_entity,1
S1-88385021,S3-918435834,0.8651,0,0.855,0.8867,INDIA,high_name_high_address_wrong_entity,1
S1-850595185,S2-351390907,0.8651,0,0.8482,0.95,US,high_name_high_address_wrong_entity,1
S1-580489500,S2-395664834,0.8649,0,0.9,0.8,INDIA,high_name_high_address_wrong_entity,1
S1-39370695,S2-948631905,0.8638,0,0.6462,1.0,INDIA,same_building_wrong_entity,1
S1-620826223,S2-89221120,0.8631,0,0.9,0.95,INDIA,high_name_high_address_wrong_entity,1
S1-245552080,S3-424983914,0.8629,0,0.9174,0.855,INDIA,high_name_high_address_wrong_entity,1
S1-13740049,S3-696652040,0.8621,0,0.855,0.8167,INDIA,high_name_high_address_wrong_entity,1
S1-950231775,S3-733903413,0.8609,0,1.0,0.855,INDIA,high_name_high_address_wrong_entity,1
S1-558527282,S2-748611932,0.8596,0,0.9,0.9187,INDIA,high_name_high_address_wrong_entity,1
S1-184922951,S2-635234522,0.8595,0,0.95,0.8873,INDIA,high_name_high_address_wrong_entity,1
S1-24438816,S2-590096501,0.8593,0,0.8348,0.8539,INDIA,high_name_high_address_wrong_entity,1
S1-791176254,S3-650656967,0.859,0,0.95,0.7442,US,high_name_high_address_wrong_entity,1
S1-908165952,S2-812886043,0.8589,0,0.5816,1.0,INDIA,multilingual_collision,1
S1-865121380,S3-87679345,0.8558,0,0.9,0.807,US,high_name_high_address_wrong_entity,1
S1-193629907,S2-811521931,0.8554,0,0.95,0.9877,US,high_name_high_address_wrong_entity,1
S1-402888395,S3-773380553,0.8543,0,0.8093,0.855,INDIA,high_name_high_address_wrong_entity,1
S1-573679570,S3-443948595,0.8543,0,1.0,0.3429,INDIA,same_name_diff_address,1
S1-713940018,S2-864589706,0.8537,0,0.0952,0.855,INDIA,same_address_diff_name,1
S1-692878801,S2-939188702,0.8535,0,0.2,1.0,US,same_address_diff_name,1
S1-605221148,S3-240534565,0.8533,0,0.9,0.8085,US,high_name_high_address_wrong_entity,1
S1-368734983,S3-533029146,0.853,0,1.0,0.6281,INDIA,franchise_duplicate_collision,1
S1-511077199,S3-949279353,0.8527,0,0.3375,1.0,INDIA,same_address_diff_name,1
S1-640629852,S2-832030688,0.8519,0,0.8143,0.855,US,high_name_high_address_wrong_entity,1
S1-890314735,S3-776432991,0.8504,0,0.95,0.825,US,high_name_high_address_wrong_entity,1
S1-666760880,S3-695241322,0.849,0,0.9,0.8081,US,high_name_high_address_wrong_entity,1
S1-586783409,S2-515743867,0.8489,0,0.95,0.95,INDIA,high_name_high_address_wrong_entity,1
S1-429099533,S3-150906149,0.8484,0,0.9,0.7787,US,high_name_high_address_wrong_entity,1
S1-389901880,S3-611142917,0.8483,0,0.8395,0.9107,INDIA,high_name_high_address_wrong_entity,1
S1-786608482,S3-855034084,0.8464,0,0.95,0.7429,US,high_name_high_address_wrong_entity,1
S1-561372066,S2-846155524,0.8462,0,0.225,0.85,INDIA,same_address_diff_name,1
S1-35344192,S3-441018024,0.8455,0,0.9,0.225,INDIA,same_name_diff_address,1
S1-461786185,S3-43799090,0.8441,0,0.8313,0.8624,INDIA,high_name_high_address_wrong_entity,1
S1-784715635,S3-592849308,0.8414,0,0.769,0.8989,INDIA,same_building_wrong_entity,1
S1-131219467,S2-767420082,0.8411,0,0.6628,1.0,INDIA,multilingual_collision,1
S1-685293877,S2-276459104,0.8387,0,0.8517,0.8737,INDIA,high_name_high_address_wrong_entity,1
S1-611678683,S3-90291947,0.8385,0,0.9,0.7532,US,high_name_high_address_wrong_entity,1
S1-697539210,S2-763711456,0.8361,0,1.0,0.9394,US,high_name_high_address_wrong_entity,1
S1-399495386,S3-25859330,0.8352,0,0.8414,0.855,INDIA,high_name_high_address_wrong_entity,1
S1-871939929,S2-503891336,0.8319,0,0.6557,1.0,INDIA,same_building_wrong_entity,1
S1-615998598,S2-852333469,0.8315,0,0.717,1.0,INDIA,medium_collision,1
S1-231834758,S2-561944144,0.8314,0,0.6628,0.95,INDIA,multilingual_collision,1
S1-215350150,S3-209447207,0.8297,0,0.8536,0.8894,US,high_name_high_address_wrong_entity,1
S1-267200636,S2-225331934,0.8292,0,0.6333,1.0,INDIA,medium_collision,1
S1-127747693,S3-497314913,0.829,0,0.8571,0.8444,US,high_name_high_address_wrong_entity,1
S1-131219467,S2-759609290,0.829,0,0.6477,0.95,INDIA,multilingual_collision,1
S1-946122113,S2-669311401,0.8288,0,0.9,0.76,US,high_name_high_address_wrong_entity,1
S1-961962987,S3-819673576,0.8282,0,0.855,0.8148,INDIA,high_name_high_address_wrong_entity,1
S1-717744344,S2-611600991,0.8275,0,0.1034,0.855,INDIA,same_address_diff_name,1
S1-887420723,S3-907183855,0.8273,0,0.9,0.855,US,high_name_high_address_wrong_entity,1
S1-887420723,S3-256298779,0.8273,0,0.9,0.855,US,high_name_high_address_wrong_entity,1
S1-308170095,S2-532441610,0.8272,0,0.855,0.911,INDIA,high_name_high_address_wrong_entity,1
S1-923561347,S3-374410428,0.8269,0,0.9,0.7917,US,high_name_high_address_wrong_entity,1
S1-221884233,S2-811296365,0.8269,0,0.9,0.771,US,high_name_high_address_wrong_entity,1
S1-715059766,S3-729317953,0.8261,0,0.7887,0.8867,INDIA,franchise_duplicate_collision,1
S1-961144531,S2-822893057,0.8257,0,0.6628,1.0,INDIA,multilingual_collision,1
S1-395535808,S2-67957604,0.8246,0,0.9,0.7407,US,high_name_high_address_wrong_entity,1
S1-275755550,S3-942426017,0.8245,0,0.3273,1.0,INDIA,same_address_diff_name,1
S1-104966679,S2-762016393,0.824,0,0.95,0.9183,US,high_name_high_address_wrong_entity,1
S1-743897851,S2-395293111,0.824,0,0.8636,0.9818,US,high_name_high_address_wrong_entity,1
S1-414313193,S3-142829026,0.821,0,0.8075,0.8274,US,high_name_high_address_wrong_entity,1
S1-96639873,S3-420969126,0.8203,0,0.8867,0.8196,US,high_name_high_address_wrong_entity,1
S1-575149286,S2-833226219,0.8202,0,0.18,0.855,INDIA,same_address_diff_name,1
S1-162812856,S2-57790674,0.82,0,0.0845,0.855,INDIA,same_address_diff_name,1
S1-143256092,S3-678765142,0.8197,0,0.9,0.7899,US,high_name_high_address_wrong_entity,1
S1-867991646,S2-106628824,0.8183,0,0.9,0.8719,INDIA,high_name_high_address_wrong_entity,1
S1-188688746,S2-743481583,0.8181,0,0.0909,0.855,INDIA,same_address_diff_name,1
S1-121481289,S3-325995776,0.8179,0,0.855,0.901,INDIA,high_name_high_address_wrong_entity,1
S1-38563014,S3-54829000,0.8178,0,0.855,0.7711,US,high_name_high_address_wrong_entity,1
S1-376173360,S2-492890942,0.8165,0,0.9,0.7238,US,high_name_high_address_wrong_entity,1
S1-63312227,S2-636928244,0.8162,0,0.836,0.8976,INDIA,high_name_high_address_wrong_entity,1
S1-776769432,S2-897021755,0.8131,0,0.9,0.76,US,high_name_high_address_wrong_entity,1
S1-149634153,S2-437583990,0.8116,0,0.9,0.8348,INDIA,high_name_high_address_wrong_entity,1
S1-78297311,S3-78687654,0.8115,0,0.95,0.7368,US,high_name_high_address_wrong_entity,1
S1-93801453,S3-715732216,0.8115,0,1.0,0.515,INDIA,franchise_duplicate_collision,1
S1-579732541,S2-577498435,0.8099,0,0.5,1.0,US,same_building_wrong_entity,1
S1-465397327,S3-769195124,0.809,0,0.8093,0.8477,US,high_name_high_address_wrong_entity,1
S1-584519413,S3-722598889,0.8079,0,0.9,0.8038,US,high_name_high_address_wrong_entity,1
S1-44276442,S2-850378008,0.8069,0,0.9,0.7337,INDIA,high_name_high_address_wrong_entity,1
S1-111324341,S2-301997329,0.8066,0,0.9,0.95,INDIA,high_name_high_address_wrong_entity,1
S1-895531567,S2-670706359,0.8064,0,0.8185,0.8219,US,high_name_high_address_wrong_entity,1
S1-913759168,S3-856866010,0.8047,0,0.3273,1.0,INDIA,same_address_diff_name,1
S1-313389785,S3-961524074,0.803,0,0.8313,0.855,INDIA,high_name_high_address_wrong_entity,1
S1-840217127,S2-467639226,0.8012,0,0.9,0.7288,US,high_name_high_address_wrong_entity,1
S1-285833194,S3-444500223,0.7998,0,1.0,0.6895,INDIA,franchise_duplicate_collision,1
S1-849023934,S3-568185038,0.7993,0,0.9,0.8936,US,high_name_high_address_wrong_entity,1
S1-665646189,S2-924735866,0.7985,0,0.7037,0.8125,US,same_building_wrong_entity,1
S1-388098734,S2-893427263,0.798,0,0.864,0.7787,US,high_name_high_address_wrong_entity,1
S1-4944642,S2-966347881,0.798,0,0.855,0.9818,US,high_name_high_address_wrong_entity,1
S1-905180955,S3-902924423,0.7979,0,0.8923,0.7308,US,high_name_high_address_wrong_entity,1
S1-794541621,S2-364982957,0.7978,0,0.0857,0.855,INDIA,same_address_diff_name,1
S1-481622351,S2-513909456,0.7973,0,1.0,0.7407,US,high_name_high_address_wrong_entity,1
S1-776776971,S3-46896587,0.7969,0,0.8136,0.775,US,high_name_high_address_wrong_entity,1
S1-210215156,S3-798777213,0.7958,0,0.798,0.855,INDIA,same_building_wrong_entity,1
S1-572810919,S3-260370605,0.7955,0,0.8537,0.8291,US,high_name_high_address_wrong_entity,1
S1-31362215,S2-197068959,0.7954,0,0.6196,1.0,INDIA,same_building_wrong_entity,1
S1-910933659,S3-547639252,0.7945,0,0.8302,0.8589,INDIA,high_name_high_address_wrong_entity,1
S1-134896364,S3-920285516,0.7939,0,0.5143,1.0,INDIA,medium_collision,1
S1-628113753,S2-483610808,0.7931,0,0.95,0.9368,INDIA,high_name_high_address_wrong_entity,1
S1-63366883,S2-850415993,0.7913,0,0.6477,0.95,INDIA,multilingual_collision,1
S1-824570513,S3-37232213,0.7906,0,0.9167,0.855,INDIA,high_name_high_address_wrong_entity,1
S1-844974339,S3-779546316,0.7895,0,0.8274,0.9222,INDIA,high_name_high_address_wrong_entity,1
S1-912596839,S2-504888468,0.7885,0,0.8254,0.9157,INDIA,high_name_high_address_wrong_entity,1
S1-15177111,S3-695983468,0.7879,0,0.9,0.7302,US,high_name_high_address_wrong_entity,1
S1-421404084,S2-531580276,0.7863,0,0.9,0.9379,INDIA,high_name_high_address_wrong_entity,1
S1-928272149,S2-808531125,0.7859,0,0.9138,0.8216,US,high_name_high_address_wrong_entity,1
S1-394191447,S2-978640838,0.7852,0,0.8313,0.855,INDIA,high_name_high_address_wrong_entity,1
S1-342819956,S2-159247499,0.7843,0,0.9,0.95,INDIA,high_name_high_address_wrong_entity,1
S1-51452968,S2-290947297,0.7839,0,0.855,1.0,INDIA,high_name_high_address_wrong_entity,1
S1-97441547,S3-60090234,0.7834,0,0.8291,0.8075,US,high_name_high_address_wrong_entity,1
S1-558310321,S3-438369932,0.7831,0,0.8085,0.855,INDIA,high_name_high_address_wrong_entity,1
S1-770398904,S3-865210976,0.783,0,0.855,0.9231,INDIA,high_name_high_address_wrong_entity,1
S1-609925867,S3-921823604,0.7824,0,0.9,0.8984,INDIA,high_name_high_address_wrong_entity,1
S1-368734983,S3-851744335,0.7816,0,1.0,0.855,INDIA,high_name_high_address_wrong_entity,1
S1-203387096,S2-901261575,0.781,0,0.9,0.7857,US,high_name_high_address_wrong_entity,1
S1-395406060,S2-927208853,0.781,0,0.836,0.8395,INDIA,high_name_high_address_wrong_entity,1
S1-760547319,S2-752037309,0.779,0,0.7681,0.9781,INDIA,franchise_duplicate_collision,1
S1-73418645,S2-270478907,0.7789,0,0.95,0.8068,INDIA,high_name_high_address_wrong_entity,1
S1-250543170,S3-397429176,0.7771,0,0.6,1.0,INDIA,medium_collision,1
S1-119397247,S3-775244520,0.7762,0,0.8421,0.855,INDIA,high_name_high_address_wrong_entity,1
S1-368734983,S3-789535803,0.7751,0,1.0,0.6932,INDIA,franchise_duplicate_collision,1
S1-127518188,S2-217195588,0.7742,0,0.6207,1.0,US,same_building_wrong_entity,1
S1-221838151,S2-170392377,0.7736,0,0.7875,0.7333,US,same_postal_wrong_entity,1
S1-39682966,S3-687060769,0.7734,0,0.8719,0.7917,US,high_name_high_address_wrong_entity,1
S1-781052836,S2-670750952,0.7716,0,0.9,0.8972,INDIA,high_name_high_address_wrong_entity,1
S1-114964682,S3-229190695,0.7703,0,0.9,0.8767,US,high_name_high_address_wrong_entity,1
S1-209458249,S2-218270166,0.77,0,0.95,0.9333,INDIA,high_name_high_address_wrong_entity,1
S1-106005718,S3-267596934,0.7699,0,0.38,1.0,INDIA,same_address_diff_name,1
S1-2398214,S2-280180866,0.7681,0,0.9,0.8444,INDIA,high_name_high_address_wrong_entity,1
S1-162633596,S3-299180388,0.7671,0,0.9,0.8972,INDIA,high_name_high_address_wrong_entity,1
S1-145132983,S2-577012374,0.7669,0,0.7647,0.9165,INDIA,same_building_wrong_entity,1
S1-600646413,S3-950519065,0.7669,0,0.8233,0.7696,INDIA,high_name_high_address_wrong_entity,1
S1-864546319,S3-866527667,0.7664,0,0.95,0.8444,US,high_name_high_address_wrong_entity,1
S1-569300855,S2-674106974,0.7657,0,0.8143,0.855,INDIA,high_name_high_address_wrong_entity,1
S1-93368873,S3-985287231,0.7648,0,0.8125,0.8093,US,high_name_high_address_wrong_entity,1
S1-101006904,S3-252985453,0.7647,0,0.8302,0.8588,INDIA,high_name_high_address_wrong_entity,1
S1-597785899,S2-128120733,0.7638,0,0.8143,0.8414,INDIA,high_name_high_address_wrong_entity,1
S1-665952258,S3-919548110,0.7633,0,0.6,1.0,US,same_building_wrong_entity,1
S1-303543437,S2-655004935,0.7612,0,0.7037,1.0,US,same_building_wrong_entity,1
S1-54678697,S3-874336037,0.761,0,0.855,0.8,US,high_name_high_address_wrong_entity,1
S1-657997343,S3-935292282,0.7586,0,0.8581,0.8485,US,high_name_high_address_wrong_entity,1
S1-57931057,S3-231616824,0.7585,0,0.8038,0.855,INDIA,high_name_high_address_wrong_entity,1
S1-594329087,S2-494231838,0.758,0,0.8571,0.95,INDIA,high_name_high_address_wrong_entity,1
S1-75198017,S2-165647371,0.7575,0,0.9,0.7945,US,high_name_high_address_wrong_entity,1
S1-499135454,S2-485082957,0.7571,0,0.85,0.771,US,high_name_high_address_wrong_entity,1
S1-118540881,S3-867742108,0.7566,0,0.95,0.7407,US,high_name_high_address_wrong_entity,1
S1-593027994,S2-266157329,0.7562,0,0.95,0.7373,US,high_name_high_address_wrong_entity,1
S1-701905848,S3-595602153,0.7562,0,0.8274,0.855,INDIA,high_name_high_address_wrong_entity,1
S1-501366803,S3-51931312,0.7549,0,0.8482,0.8348,US,high_name_high_address_wrong_entity,1
S1-118339480,S2-754413945,0.7533,0,0.8333,0.9771,INDIA,high_name_high_address_wrong_entity,1
S1-237121867,S2-194287827,0.753,0,0.8219,0.8636,US,high_name_high_address_wrong_entity,1
S1-134896364,S2-20315384,0.7521,0,0.2631,0.95,INDIA,same_address_diff_name,1
S1-834650669,S2-103431441,0.7518,0,0.95,0.9936,INDIA,high_name_high_address_wrong_entity,1
S1-187044428,S3-313514462,0.749,0,0.855,0.8219,US,high_name_high_address_wrong_entity,1
S1-113882711,S3-170343711,0.7476,0,0.8224,0.8065,US,high_name_high_address_wrong_entity,1
S1-767643652,S2-643854024,0.7472,0,0.8667,0.8358,US,high_name_high_address_wrong_entity,1
S1-110804564,S2-674249395,0.7461,0,0.8473,0.8326,INDIA,high_name_high_address_wrong_entity,1
S1-137045802,S3-691873474,0.7458,0,0.855,0.8274,US,high_name_high_address_wrong_entity,1
S1-587687194,S2-900447524,0.7457,0,0.6575,1.0,INDIA,medium_collision,1
S1-587687194,S2-37165265,0.7457,0,0.6575,1.0,INDIA,medium_collision,1
S1-823730115,S3-904877840,0.7455,0,0.9,0.8867,US,high_name_high_address_wrong_entity,1
S1-4321229,S2-503234957,0.7445,0,0.7512,0.8595,INDIA,franchise_duplicate_collision,1
S1-530850654,S2-493787417,0.7414,0,0.9,0.7485,US,high_name_high_address_wrong_entity,1
S1-815372122,S3-12745777,0.74,0,0.864,0.8348,US,high_name_high_address_wrong_entity,1
S1-599324915,S2-252253954,0.7398,0,0.8348,0.8338,INDIA,high_name_high_address_wrong_entity,1
S1-710954176,S3-114877478,0.7383,0,0.9,0.8636,US,high_name_high_address_wrong_entity,1
S1-561372066,S2-236012780,0.7378,0,0.2443,0.85,INDIA,same_address_diff_name,1
S1-958140291,S2-278635089,0.7377,0,0.6786,1.0,INDIA,multilingual_collision,1
S1-325671119,S3-571383827,0.7376,0,0.8143,0.8143,US,high_name_high_address_wrong_entity,1
S1-651916594,S3-459412872,0.7367,0,0.3,1.0,INDIA,same_address_diff_name,1
S1-323244799,S3-861281260,0.7354,0,0.8205,0.7949,INDIA,high_name_high_address_wrong_entity,1
S1-923642781,S2-853868746,0.7345,0,0.95,0.7273,US,high_name_high_address_wrong_entity,1
S1-572171638,S2-644609022,0.7336,0,0.819,0.836,INDIA,high_name_high_address_wrong_entity,1
S1-689360119,S3-674850273,0.7334,0,0.8313,0.85,US,high_name_high_address_wrong_entity,1
S1-362696994,S3-970086922,0.7326,0,0.95,0.855,INDIA,high_name_high_address_wrong_entity,1
S1-749250871,S3-880269368,0.732,0,0.9,0.8625,INDIA,high_name_high_address_wrong_entity,1
S1-664995441,S3-234569547,0.7317,0,0.6,1.0,INDIA,medium_collision,1
S1-431237684,S3-877743800,0.7314,0,0.38,1.0,INDIA,same_address_diff_name,1
S1-664995441,S2-858539487,0.731,0,0.6786,1.0,INDIA,multilingual_collision,1
S1-780714706,S3-327545076,0.7308,0,0.38,1.0,INDIA,same_address_diff_name,1
S1-447400499,S2-769448049,0.7308,0,0.8075,0.855,INDIA,high_name_high_address_wrong_entity,1
S1-310354864,S3-289921295,0.7289,0,0.8302,0.855,INDIA,high_name_high_address_wrong_entity,1
S1-717744344,S3-480952623,0.7277,0,0.8205,0.9324,INDIA,high_name_high_address_wrong_entity,1
S1-81401734,S2-140667482,0.7275,0,0.9,0.8531,INDIA,high_name_high_address_wrong_entity,1
S1-801459261,S2-831320896,0.7255,0,0.5846,1.0,INDIA,medium_collision,1
S1-116460531,S3-359361075,0.7251,0,0.9231,0.8916,US,high_name_high_address_wrong_entity,1
S1-763708812,S3-487050564,0.7246,0,0.8261,0.8205,US,high_name_high_address_wrong_entity,1
S1-334559969,S2-815063023,0.7222,0,0.9118,0.9762,INDIA,high_name_high_address_wrong_entity,1
S1-377460691,S2-362165612,0.7222,0,0.95,0.7045,US,high_name_high_address_wrong_entity,1
S1-276926227,S3-361813989,0.7217,0,0.8395,0.855,INDIA,high_name_high_address_wrong_entity,1
S1-136615560,S3-627425036,0.7197,0,0.8511,0.8438,US,high_name_high_address_wrong_entity,1
S1-696877546,S2-809075325,0.7193,0,0.8482,0.7857,US,high_name_high_address_wrong_entity,1
S1-25151150,S2-89580312,0.7187,0,0.8143,0.9275,US,high_name_high_address_wrong_entity,1
S1-955915204,S2-449269031,0.7175,0,0.225,0.855,INDIA,same_address_diff_name,1
S1-660647479,S3-68867624,0.7168,0,0.95,0.855,INDIA,high_name_high_address_wrong_entity,1
S1-525723532,S3-540131042,0.7164,0,0.8143,0.7719,US,high_name_high_address_wrong_entity,1
S1-479679464,S3-318376824,0.7153,0,0.855,0.825,US,high_name_high_address_wrong_entity,1
S1-207496462,S2-131923509,0.7146,0,0.6786,1.0,INDIA,medium_collision,1
S1-200884405,S3-680983757,0.7134,0,0.8,0.855,INDIA,high_name_high_address_wrong_entity,1
S1-607584844,S3-101260675,0.7126,0,0.3857,1.0,INDIA,same_address_diff_name,1
S1-436075251,S3-857550579,0.712,0,0.9,0.8686,US,high_name_high_address_wrong_entity,1
S1-61489622,S2-951686531,0.7118,0,0.8444,0.855,INDIA,high_name_high_address_wrong_entity,1
S1-89454347,S2-403653006,0.7115,0,0.855,0.855,INDIA,high_name_high_address_wrong_entity,1
S1-341838247,S2-85893879,0.7102,0,0.881,0.8158,US,high_name_high_address_wrong_entity,1
S1-63366883,S2-941461960,0.7099,0,0.6786,0.95,INDIA,multilingual_collision,1
S1-282466909,S2-218245721,0.7095,0,0.8906,0.7797,US,high_name_high_address_wrong_entity,1
S1-10621239,S2-717585753,0.7095,0,0.8196,0.9524,INDIA,high_name_high_address_wrong_entity,1
S1-151909405,S3-994281383,0.7088,0,0.8444,0.8485,US,high_name_high_address_wrong_entity,1
S1-156845802,S2-478221056,0.7086,0,0.8914,0.9444,INDIA,high_name_high_address_wrong_entity,1
S1-705610110,S3-311465882,0.7085,0,0.95,0.88,US,high_name_high_address_wrong_entity,1
S1-469450917,S3-432454407,0.7076,0,1.0,0.6635,INDIA,franchise_duplicate_collision,1
S1-785168443,S3-577464199,0.7075,0,0.57,0.2128,US,medium_collision,1
S1-178548476,S2-470709071,0.7056,0,0.7719,0.9784,INDIA,franchise_duplicate_collision,1
S1-833480756,S2-541135300,0.7053,0,0.855,0.7714,US,high_name_high_address_wrong_entity,1
S1-597649112,S3-544228611,0.7049,0,0.8022,0.2571,INDIA,franchise_duplicate_collision,1
S1-840630400,S2-794534450,0.7044,0,0.9,0.8,US,high_name_high_address_wrong_entity,1
S1-705804792,S3-142320076,0.7034,0,1.0,0.285,INDIA,same_name_diff_address,1
S1-787650187,S3-890348375,0.7024,0,0.8831,0.855,INDIA,high_name_high_address_wrong_entity,1
S1-634679217,S3-454251554,0.7017,0,0.95,0.2736,INDIA,same_name_diff_address,1
S1-869996259,S2-494769578,0.701,0,0.8958,0.7761,US,high_name_high_address_wrong_entity,1
S1-969587555,S3-108827709,0.7005,0,0.3206,1.0,INDIA,same_address_diff_name,1
S1-565763654,S3-504956268,0.7002,0,0.95,0.75,US,high_name_high_address_wrong_entity,1
S1-243812912,S2-107576099,0.7,0,0.8348,0.8613,INDIA,high_name_high_address_wrong_entity,1
S1-45183941,S2-316714492,0.6994,0,0.0833,0.855,INDIA,same_address_diff_name,1
S1-424251146,S2-280006893,0.6979,0,0.855,0.8233,US,high_name_high_address_wrong_entity,1
S1-471847638,S3-675102097,0.6965,0,0.9,0.6929,INDIA,franchise_duplicate_collision,1
S1-784218266,S3-706461608,0.6934,0,0.342,1.0,INDIA,same_address_diff_name,1
S1-368734983,S3-778393985,0.6918,0,1.0,0.855,INDIA,high_name_high_address_wrong_entity,1
S1-43150141,S2-583164833,0.6908,0,0.5816,0.9438,INDIA,medium_collision,1
S1-640154639,S2-749803657,0.6891,0,0.9,0.7213,US,high_name_high_address_wrong_entity,1
S1-572911890,S2-873057303,0.6875,0,0.3,1.0,INDIA,same_address_diff_name,1
S1-861633762,S3-392489717,0.6874,0,0.9,0.7156,US,high_name_high_address_wrong_entity,1
S1-352295592,S3-364803497,0.6868,0,0.8061,0.8571,US,high_name_high_address_wrong_entity,1
S1-625927274,S2-705087389,0.6867,0,0.8364,0.8667,US,high_name_high_address_wrong_entity,1
S1-745213577,S3-223372219,0.6854,0,0.6742,0.24,INDIA,medium_collision,1
S1-893035671,S3-144695245,0.6852,0,0.95,0.2077,INDIA,same_name_diff_address,1
S1-131219467,S2-5140630,0.683,0,0.6156,1.0,INDIA,multilingual_collision,1
S1-442899823,S3-386670428,0.6826,0,0.57,0.8918,US,same_postal_wrong_entity,1
S1-773981872,S3-636127701,0.6825,0,0.874,0.1792,US,same_name_diff_address,1
S1-586783409,S3-182241287,0.6823,0,0.8414,0.2571,INDIA,franchise_duplicate_collision,1
S1-43150141,S2-812366184,0.6819,0,0.95,0.9387,INDIA,high_name_high_address_wrong_entity,1
S1-956668152,S3-234068213,0.6815,0,0.825,0.8718,US,high_name_high_address_wrong_entity,1
S1-561372066,S2-664828106,0.6811,0,0.2571,0.963,INDIA,same_address_diff_name,1
S1-664995441,S2-591047103,0.6805,0,0.7213,1.0,INDIA,medium_collision,1
S1-158814908,S3-212420203,0.6795,0,0.8205,0.855,INDIA,high_name_high_address_wrong_entity,1
S1-92732276,S2-156064891,0.6784,0,0.9,0.7093,US,high_name_high_address_wrong_entity,1
S1-788366857,S3-471746637,0.6782,0,0.8493,0.7416,US,high_name_high_address_wrong_entity,1
S1-955915204,S2-263409277,0.6775,0,0.225,0.855,INDIA,same_address_diff_name,1
S1-698864034,S3-910506951,0.6768,0,1.0,0.6729,US,franchise_duplicate_collision,1
S1-961144531,S2-109400422,0.676,0,0.6628,1.0,INDIA,multilingual_collision,1
S1-961144531,S2-234451346,0.676,0,0.6628,1.0,INDIA,multilingual_collision,1
S1-322896103,S3-707710695,0.6747,0,0.95,0.7646,US,high_name_high_address_wrong_entity,1
S1-283409088,S2-350160660,0.6738,0,0.6429,1.0,US,same_postal_wrong_entity,1
S1-285508962,S2-191752186,0.6736,0,0.7389,0.95,INDIA,medium_collision,1
S1-837817917,S2-241088976,0.6725,0,0.95,0.9352,INDIA,high_name_high_address_wrong_entity,1
S1-508719693,S3-58133195,0.6716,0,0.9,0.8485,US,high_name_high_address_wrong_entity,1
S1-956667559,S3-95913346,0.6703,0,0.8636,0.7755,US,high_name_high_address_wrong_entity,1
S1-449918421,S3-465855163,0.6682,0,1.0,0.7299,INDIA,high_name_high_address_wrong_entity,1
S1-63366883,S2-771412534,0.6681,0,0.6951,0.95,INDIA,multilingual_collision,1
S1-63366883,S2-884464913,0.6681,0,0.6951,0.95,INDIA,multilingual_collision,1
S1-566353143,S3-54673335,0.6665,0,0.8918,0.7808,US,high_name_high_address_wrong_entity,1
S1-844266667,S2-908678183,0.6664,0,0.8473,0.9413,INDIA,high_name_high_address_wrong_entity,1
S1-53788670,S3-547446070,0.6661,0,0.9,0.8371,INDIA,high_name_high_address_wrong_entity,1
S1-42370009,S2-596795169,0.6646,0,0.6196,0.95,INDIA,same_building_wrong_entity,1
S1-740641617,S3-614208474,0.6624,0,0.2443,1.0,US,same_address_diff_name,1
S1-146480450,S3-731750806,0.6623,0,0.95,0.8974,US,high_name_high_address_wrong_entity,1
S1-436819507,S3-714092436,0.662,0,0.95,0.76,US,high_name_high_address_wrong_entity,1
S1-453115202,S2-568581718,0.6618,0,0.8679,0.7761,US,high_name_high_address_wrong_entity,1
S1-253416067,S2-751282679,0.6614,0,0.8571,0.8462,US,high_name_high_address_wrong_entity,1
S1-1520803,S2-551370164,0.6612,0,0.8298,0.8707,INDIA,high_name_high_address_wrong_entity,1
S1-224407201,S2-686720998,0.658,0,0.9,0.8642,INDIA,high_name_high_address_wrong_entity,1
S1-355886296,S3-44734841,0.6577,0,0.769,0.836,INDIA,franchise_duplicate_collision,1
S1-181252645,S2-166585375,0.6566,0,0.95,0.8636,US,high_name_high_address_wrong_entity,1
S1-476433173,S2-795895419,0.6565,0,0.8143,0.889,INDIA,high_name_high_address_wrong_entity,1
S1-25697753,S3-300050365,0.6564,0,0.855,0.6069,US,franchise_duplicate_collision,1
S1-768165083,S3-636782224,0.6561,0,0.855,0.6909,US,franchise_duplicate_collision,1
S1-913759168,S3-750879732,0.6554,0,0.36,1.0,INDIA,same_address_diff_name,1
S1-683880166,S3-417638097,0.6545,0,0.342,0.95,INDIA,same_address_diff_name,1
S1-812899883,S2-240697474,0.6545,0,0.8581,0.7435,US,high_name_high_address_wrong_entity,1
S1-167786139,S3-654397549,0.6539,0,0.95,0.25,INDIA,same_name_diff_address,1
S1-194145091,S2-977286725,0.6537,0,0.95,0.76,US,high_name_high_address_wrong_entity,1
S1-12443146,S2-27373343,0.6533,0,0.95,0.6818,US,franchise_duplicate_collision,1
S1-603854210,S2-389742817,0.651,0,0.9,0.9306,INDIA,high_name_high_address_wrong_entity,1
S1-574806212,S2-3519087,0.651,0,0.9259,0.9615,INDIA,high_name_high_address_wrong_entity,1
S1-672854237,S2-799939256,0.6502,0,0.9,0.8695,INDIA,high_name_high_address_wrong_entity,1
S1-805821860,S2-163928453,0.6469,0,0.8381,0.8695,US,high_name_high_address_wrong_entity,1
S1-595962744,S2-212785739,0.6462,0,0.9,0.7207,INDIA,high_name_high_address_wrong_entity,1
S1-883558790,S3-285659901,0.6461,0,0.8143,0.855,US,high_name_high_address_wrong_entity,1
S1-345472528,S2-663879561,0.646,0,1.0,0.7547,US,high_name_high_address_wrong_entity,1
S1-290103531,S2-116815228,0.6454,0,0.9,0.8755,INDIA,high_name_high_address_wrong_entity,1
S1-447400499,S2-796015235,0.6449,0,0.8482,0.855,INDIA,high_name_high_address_wrong_entity,1
S1-888444563,S3-532224060,0.6435,0,0.3,1.0,US,same_address_diff_name,1
S1-605404634,S3-940490752,0.6427,0,0.9,0.7059,US,high_name_high_address_wrong_entity,1
S1-769322601,S3-647103532,0.6426,0,0.95,0.855,INDIA,high_name_high_address_wrong_entity,1
S1-92466494,S3-34568209,0.6422,0,0.4104,1.0,INDIA,medium_collision,1
S1-552530912,S2-879836737,0.6419,0,0.8274,0.9339,INDIA,high_name_high_address_wrong_entity,1
S1-181265612,S2-482032323,0.6411,0,0.8261,0.7197,US,high_name_high_address_wrong_entity,1
S1-354512284,S2-962866333,0.6354,0,0.225,0.855,INDIA,same_address_diff_name,1
S1-581012378,S3-532789567,0.634,0,0.855,0.855,INDIA,high_name_high_address_wrong_entity,1
S1-718466467,S3-676087339,0.6338,0,0.8051,0.3316,INDIA,franchise_duplicate_collision,1
S1-475471791,S2-855938684,0.6334,0,0.8686,0.855,US,high_name_high_address_wrong_entity,1
S1-171950504,S3-913500691,0.6332,0,0.7797,0.9714,INDIA,franchise_duplicate_collision,1
S1-341184835,S3-648703428,0.6323,0,0.8163,0.7291,INDIA,high_name_high_address_wrong_entity,1
S1-969587555,S3-323164015,0.6318,0,0.3,1.0,INDIA,same_address_diff_name,1
S1-203720906,S3-374705237,0.6318,0,0.3,1.0,INDIA,same_address_diff_name,1
S1-237180424,S3-82845373,0.631,0,0.3857,0.95,US,same_address_diff_name,1
S1-930753477,S2-130619898,0.6309,0,0.0588,0.7696,INDIA,same_building_wrong_entity,1
S1-115426349,S2-998702562,0.6309,0,0.225,1.0,INDIA,same_address_diff_name,1
S1-493219467,S2-679730275,0.6306,0,0.95,0.7548,US,high_name_high_address_wrong_entity,1
S1-352677620,S2-37165609,0.6305,0,0.8358,0.8216,US,high_name_high_address_wrong_entity,1
S1-785421599,S3-679887389,0.6301,0,0.95,0.7536,US,high_name_high_address_wrong_entity,1
S1-769483867,S3-406566404,0.6263,0,0.95,0.8861,US,high_name_high_address_wrong_entity,1
S1-379908939,S3-430807245,0.6262,0,0.95,0.3325,US,same_name_diff_address,1
S1-254877483,S3-320798151,0.6259,0,0.855,0.7887,US,high_name_high_address_wrong_entity,1
S1-80393246,S2-679132221,0.6259,0,0.8378,0.8329,US,high_name_high_address_wrong_entity,1
S1-360397697,S2-743481583,0.6257,0,0.0667,0.855,INDIA,same_address_diff_name,1
S1-240539666,S3-924152276,0.6251,0,0.8205,0.8143,INDIA,high_name_high_address_wrong_entity,1
S1-241341908,S3-631455105,0.6221,0,0.57,0.95,INDIA,medium_collision,1
S1-935768938,S2-782724387,0.6214,0,0.2571,1.0,US,same_address_diff_name,1
S1-83258631,S2-861081609,0.6212,0,0.6196,1.0,INDIA,same_postal_wrong_entity,1
S1-559771843,S2-207433329,0.62,0,0.8482,0.9794,INDIA,high_name_high_address_wrong_entity,1
S1-939409677,S3-134179311,0.6194,0,0.95,0.9256,INDIA,high_name_high_address_wrong_entity,1
S1-623663234,S2-574624700,0.619,0,0.855,0.9394,INDIA,high_name_high_address_wrong_entity,1
S1-195266630,S3-340372359,0.6182,0,0.8604,0.8287,INDIA,high_name_high_address_wrong_entity,1
S1-79406545,S3-302373373,0.6173,0,0.8302,0.855,INDIA,high_name_high_address_wrong_entity,1
S1-675728603,S2-860500112,0.6162,0,0.6333,0.95,INDIA,same_building_wrong_entity,1
S1-962507039,S2-621742613,0.6157,0,0.9,0.9336,INDIA,high_name_high_address_wrong_entity,1
S1-856984852,S2-571898437,0.6155,0,0.9,0.9841,INDIA,high_name_high_address_wrong_entity,1
S1-541281313,S3-973480645,0.6148,0,0.7917,0.8899,INDIA,same_building_wrong_entity,1
S1-687796067,S3-194025166,0.6137,0,0.4154,1.0,US,same_building_wrong_entity,1
S1-953818703,S2-136289351,0.6137,0,0.9,0.937,INDIA,high_name_high_address_wrong_entity,1
S1-675256079,S2-131070992,0.6135,0,0.95,0.9252,INDIA,high_name_high_address_wrong_entity,1
S1-532599279,S2-340098554,0.6123,0,0.9,0.8531,US,high_name_high_address_wrong_entity,1
S1-831325364,S2-236594359,0.6122,0,0.8772,0.8077,US,high_name_high_address_wrong_entity,1
S1-368734983,S3-356328247,0.6119,0,0.95,0.855,INDIA,high_name_high_address_wrong_entity,1
S1-462138759,S3-43563857,0.6103,0,0.8038,0.9295,INDIA,high_name_high_address_wrong_entity,1
S1-963076788,S3-300771965,0.6099,0,0.8041,0.8595,US,high_name_high_address_wrong_entity,1
S1-753652503,S3-774667550,0.6091,0,0.3857,1.0,INDIA,same_address_diff_name,1
S1-620432454,S2-664078945,0.6079,0,0.8022,0.874,US,high_name_high_address_wrong_entity,1
S1-458111736,S2-248989405,0.6079,0,0.9,0.6872,US,franchise_duplicate_collision,1
S1-299824729,S2-615909795,0.6064,0,0.0769,0.8506,INDIA,same_address_diff_name,1
S1-922605993,S3-38431005,0.6055,0,0.9,0.855,INDIA,high_name_high_address_wrong_entity,1
S1-389864717,S2-656450625,0.6053,0,0.819,0.76,INDIA,high_name_high_address_wrong_entity,1
S1-965892785,S3-650026255,0.6037,0,0.8406,0.8185,US,high_name_high_address_wrong_entity,1
S1-203720906,S3-724300073,0.6036,0,0.8438,0.3429,INDIA,multilingual_collision,1
S1-533784576,S3-629041363,0.6036,0,0.95,0.8421,US,high_name_high_address_wrong_entity,1
S1-884610555,S3-520599453,0.6018,0,0.7719,0.8214,US,franchise_duplicate_collision,1
S1-221109720,S2-344276402,0.6013,0,0.855,1.0,US,high_name_high_address_wrong_entity,1
S1-980412271,S2-516125534,0.6011,0,0.9,0.7,INDIA,high_name_high_address_wrong_entity,1
S1-659804945,S3-467799666,0.6001,0,1.0,0.855,INDIA,high_name_high_address_wrong_entity,1
S1-122758047,S2-334840948,0.5994,0,0.855,0.7415,US,high_name_high_address_wrong_entity,1
S1-953983633,S2-255850674,0.5994,0,0.95,0.855,INDIA,high_name_high_address_wrong_entity,1
S1-689275933,S2-114748262,0.5991,0,0.9,0.717,INDIA,high_name_high_address_wrong_entity,1
S1-769364886,S3-327545076,0.5988,0,0.36,1.0,INDIA,same_address_diff_name,1
S1-963604723,S3-612970256,0.5983,0,0.9,0.8143,US,high_name_high_address_wrong_entity,1
S1-570123825,S2-711266712,0.5978,0,0.8302,0.8772,US,high_name_high_address_wrong_entity,1
S1-501803279,S3-151577982,0.5978,0,0.3375,1.0,US,same_address_diff_name,1
S1-145797724,S3-20939483,0.5975,0,0.8245,0.342,INDIA,franchise_duplicate_collision,1
S1-98819649,S3-304193598,0.5969,0,0.855,0.8,US,high_name_high_address_wrong_entity,1
S1-921290715,S2-605222231,0.5967,0,0.8224,0.8143,INDIA,high_name_high_address_wrong_entity,1
S1-520049608,S2-615909795,0.5952,0,0.0783,0.855,INDIA,same_address_diff_name,1
S1-725450205,S2-49570376,0.5946,0,0.8196,0.5846,INDIA,franchise_duplicate_collision,1
S1-279816902,S3-574017999,0.5936,0,0.8421,0.7812,US,high_name_high_address_wrong_entity,1
S1-46483520,S2-662299218,0.5931,0,0.8581,0.7222,US,high_name_high_address_wrong_entity,1
S1-542612783,S3-331083620,0.5922,0,0.3,1.0,US,same_address_diff_name,1
S1-38321566,S3-787205673,0.5919,0,0.3288,1.0,INDIA,same_address_diff_name,1
S1-829491879,S3-864799579,0.5919,0,0.95,0.855,INDIA,high_name_high_address_wrong_entity,1
S1-824570513,S2-261978268,0.5916,0,0.9254,0.855,INDIA,high_name_high_address_wrong_entity,1
S1-895240478,S3-966889506,0.5911,0,1.0,0.6786,INDIA,franchise_duplicate_collision,1
S1-474215720,S3-558112188,0.5911,0,0.95,0.8636,US,high_name_high_address_wrong_entity,1
S1-884582394,S3-5775139,0.5908,0,0.8148,0.8966,US,high_name_high_address_wrong_entity,1
S1-445468592,S3-663342111,0.589,0,0.855,0.7901,US,high_name_high_address_wrong_entity,1
S1-8893868,S2-329435083,0.5888,0,0.95,0.8507,US,high_name_high_address_wrong_entity,1
S1-668945438,S2-358402386,0.5883,0,0.6333,1.0,INDIA,medium_collision,1
S1-285833194,S3-834456491,0.5881,0,1.0,0.2672,INDIA,same_name_diff_address,1
S1-870924761,S2-454853929,0.5875,0,0.8769,0.9333,INDIA,high_name_high_address_wrong_entity,1
S1-181605530,S2-743481583,0.5859,0,0.0923,0.855,INDIA,same_address_diff_name,1
S1-531267870,S2-590461004,0.5856,0,0.9174,0.6821,US,franchise_duplicate_collision,1
S1-321667023,S3-912398668,0.585,0,1.0,0.2727,INDIA,same_name_diff_address,1
S1-369457862,S2-428651149,0.5844,0,0.807,0.819,US,high_name_high_address_wrong_entity,1
S1-853585889,S3-471885803,0.5826,0,0.8261,0.8098,US,high_name_high_address_wrong_entity,1
S1-424665763,S2-14523024,0.5816,0,0.95,0.9239,INDIA,high_name_high_address_wrong_entity,1
S1-692164658,S2-96230348,0.5816,0,0.855,1.0,US,high_name_high_address_wrong_entity,1
S1-980716983,S3-461531196,0.5806,0,0.456,1.0,INDIA,same_building_wrong_entity,1
S1-299824729,S2-467565360,0.5805,0,0.95,0.855,INDIA,high_name_high_address_wrong_entity,1
S1-783557483,S3-74409385,0.5799,0,0.8302,0.7945,INDIA,high_name_high_address_wrong_entity,1
S1-448743999,S3-498356479,0.5799,0,0.95,0.8812,US,high_name_high_address_wrong_entity,1
S1-93801453,S3-572303890,0.5798,0,0.95,0.4626,INDIA,franchise_duplicate_collision,1
S1-611549661,S3-650047465,0.5786,0,0.8254,0.855,INDIA,high_name_high_address_wrong_entity,1
S1-561372066,S2-619590,0.5783,0,0.9,0.9846,INDIA,high_name_high_address_wrong_entity,1
S1-525525280,S3-102018522,0.5778,0,0.475,0.8984,INDIA,medium_collision,1
S1-414119513,S2-368285347,0.5772,0,0.8,0.902,US,high_name_high_address_wrong_entity,1
S1-452070150,S3-963806833,0.5767,0,0.8205,0.9545,INDIA,high_name_high_address_wrong_entity,1
S1-792189869,S2-683630126,0.5759,0,0.95,0.855,INDIA,high_name_high_address_wrong_entity,1
S1-857445038,S2-288269660,0.5757,0,0.532,0.95,US,same_postal_wrong_entity,1
S1-462725140,S3-8000365,0.5741,0,0.95,0.7534,INDIA,high_name_high_address_wrong_entity,1
S1-221104810,S3-838949451,0.572,0,0.855,0.8274,US,high_name_high_address_wrong_entity,1
S1-565900586,S2-311610123,0.57,0,0.8282,0.7667,US,high_name_high_address_wrong_entity,1
S1-567715330,S2-986056140,0.5693,0,0.2443,0.7125,US,same_building_wrong_entity,1
S1-533130079,S2-791732449,0.5681,0,0.9,0.8879,INDIA,high_name_high_address_wrong_entity,1
S1-656882057,S3-599493402,0.5676,0,1.0,0.285,INDIA,same_name_diff_address,1
S1-611156000,S3-717183931,0.5673,0,0.8414,0.8992,INDIA,high_name_high_address_wrong_entity,1
S1-85785067,S3-36414779,0.5668,0,0.9,0.8609,INDIA,high_name_high_address_wrong_entity,1
S1-717722567,S2-62481249,0.5666,0,0.8894,0.7436,US,high_name_high_address_wrong_entity,1
S1-45183941,S2-374249665,0.5666,0,0.0909,0.7569,INDIA,same_building_wrong_entity,1
S1-167505335,S3-321050479,0.5664,0,0.5955,1.0,INDIA,medium_collision,1
S1-436129475,S2-701215524,0.5661,0,0.9,0.7101,US,high_name_high_address_wrong_entity,1
S1-294807982,S2-688433506,0.5645,0,0.08,0.855,INDIA,same_address_diff_name,1
S1-266779477,S3-383906311,0.5643,0,0.855,0.7288,US,high_name_high_address_wrong_entity,1
S1-928330713,S3-399879293,0.5641,0,0.855,0.7373,INDIA,high_name_high_address_wrong_entity,1
S1-132565513,S3-692201661,0.5639,0,0.7986,0.9013,INDIA,franchise_duplicate_collision,1
S1-75442188,S3-304804334,0.5616,0,0.45,1.0,INDIA,medium_collision,1
S1-114268922,S3-669170200,0.5608,0,0.9,0.9394,US,high_name_high_address_wrong_entity,1
S1-822263363,S2-8927450,0.5608,0,0.9,0.8444,US,high_name_high_address_wrong_entity,1
S1-245678725,S2-814990305,0.5606,0,0.798,0.9882,INDIA,franchise_duplicate_collision,1
S1-658050081,S2-302183486,0.5601,0,0.95,0.9811,US,high_name_high_address_wrong_entity,1
S1-480725772,S3-753683826,0.5588,0,0.9,0.7467,US,high_name_high_address_wrong_entity,1
S1-330735121,S2-770176884,0.5586,0,0.4167,0.7975,INDIA,medium_collision,1
S1-46892664,S2-330501836,0.5577,0,0.9,0.9268,US,high_name_high_address_wrong_entity,1
S1-268164301,S3-603561056,0.5566,0,0.8163,0.8496,INDIA,high_name_high_address_wrong_entity,1
S1-493225060,S2-145211777,0.556,0,0.8333,0.7143,US,high_name_high_address_wrong_entity,1
S1-589550564,S3-48514795,0.5559,0,0.9298,0.8143,US,high_name_high_address_wrong_entity,1
S1-930617339,S3-816353134,0.5552,0,0.7189,0.8143,INDIA,medium_collision,1
S1-882480131,S3-239378241,0.5551,0,0.3563,0.95,INDIA,same_address_diff_name,1
S1-665126448,S2-442653429,0.5545,0,0.6212,0.9875,INDIA,medium_collision,1
S1-994193443,S2-743481583,0.5544,0,0.0702,0.7528,INDIA,same_building_wrong_entity,1
S1-209458249,S2-372039757,0.5536,0,0.95,0.9333,INDIA,high_name_high_address_wrong_entity,1
S1-31362215,S3-49924430,0.5518,0,0.6216,1.0,INDIA,same_building_wrong_entity,1
S1-368241495,S2-727730450,0.5495,0,0.88,0.1863,US,same_name_diff_address,1
S1-736512403,S3-419338065,0.547,0,1.0,0.855,INDIA,high_name_high_address_wrong_entity,1
S1-303029397,S2-909305047,0.5464,0,0.9,0.85,US,high_name_high_address_wrong_entity,1
S1-268596887,S3-929084673,0.546,0,0.3273,1.0,US,same_address_diff_name,1
S1-759465241,S3-368207410,0.5458,0,0.7435,0.8866,US,medium_collision,1
S1-364374623,S3-723256625,0.5458,0,1.0,0.6038,US,franchise_duplicate_collision,1
S1-138668148,S2-163978805,0.5439,0,0.8205,0.8302,US,high_name_high_address_wrong_entity,1
S1-146756004,S2-530502356,0.5425,0,0.8308,0.8235,US,high_name_high_address_wrong_entity,1
S1-207370131,S2-546309713,0.5408,0,0.95,0.8239,INDIA,high_name_high_address_wrong_entity,1
S1-360397697,S3-217011394,0.5401,0,0.95,0.8915,INDIA,high_name_high_address_wrong_entity,1
S1-698864034,S3-955399158,0.5384,0,0.95,0.855,US,high_name_high_address_wrong_entity,1
S1-596842775,S2-741853877,0.5381,0,0.1053,0.855,INDIA,same_address_diff_name,1
S1-731643638,S3-785291279,0.5375,0,0.8047,0.9011,US,high_name_high_address_wrong_entity,1
S1-130907742,S3-116220226,0.5372,0,0.855,0.85,US,high_name_high_address_wrong_entity,1
S1-706051163,S3-956947503,0.5371,0,0.855,0.8333,US,high_name_high_address_wrong_entity,1
S1-688837276,S3-800587115,0.5367,0,0.8016,0.9155,INDIA,high_name_high_address_wrong_entity,1
S1-513850683,S3-242458734,0.5345,0,0.855,0.95,INDIA,high_name_high_address_wrong_entity,1
S1-226151880,S3-28650618,0.5344,0,0.4909,1.0,INDIA,medium_collision,1
S1-610590669,S2-25806588,0.5336,0,0.855,0.95,US,high_name_high_address_wrong_entity,1
S1-553790232,S2-104757741,0.5327,0,0.9,0.8941,US,high_name_high_address_wrong_entity,1
S1-612430368,S3-972040558,0.5319,0,1.0,0.2864,INDIA,same_name_diff_address,1
S1-986313823,S3-856369789,0.5319,0,1.0,0.2864,INDIA,same_name_diff_address,1
S1-645857149,S3-307436368,0.5312,0,0.36,1.0,US,same_address_diff_name,1
S1-964801822,S2-934080942,0.5308,0,0.8101,0.8313,US,high_name_high_address_wrong_entity,1
S1-73568712,S3-492790073,0.5308,0,0.9,0.8687,US,high_name_high_address_wrong_entity,1
S1-339823330,S2-100525960,0.5302,0,0.7407,0.9455,US,same_building_wrong_entity,1
S1-599698175,S3-248050697,0.5299,0,0.9,0.8235,US,high_name_high_address_wrong_entity,1
S1-38089680,S3-347869428,0.5291,0,0.8372,0.7778,US,high_name_high_address_wrong_entity,1
S1-327031812,S3-936972852,0.5259,0,0.9,0.8477,INDIA,high_name_high_address_wrong_entity,1
S1-42773979,S2-2185900,0.525,0,0.8894,0.9649,INDIA,high_name_high_address_wrong_entity,1
S1-442257282,S2-997474642,0.5249,0,0.8308,0.8282,INDIA,high_name_high_address_wrong_entity,1
S1-156839945,S2-65611160,0.5232,0,0.95,0.8444,INDIA,high_name_high_address_wrong_entity,1
S1-645857149,S3-962044574,0.5219,0,0.45,1.0,US,same_postal_wrong_entity,1
S1-185179823,S3-675215960,0.5203,0,0.95,0.855,INDIA,high_name_high_address_wrong_entity,1
S1-379908939,S3-47222849,0.5202,0,0.9,0.6186,US,franchise_duplicate_collision,1
S1-237351030,S3-452238015,0.52,0,0.3,1.0,US,same_address_diff_name,1
S1-10968549,S2-307335460,0.5199,0,0.95,0.9354,INDIA,high_name_high_address_wrong_entity,1
S1-932003413,S2-462037309,0.5197,0,0.95,0.9366,INDIA,high_name_high_address_wrong_entity,1
S1-824875225,S2-186572349,0.5196,0,0.8636,0.85,INDIA,high_name_high_address_wrong_entity,1
S1-407259565,S3-425892540,0.5181,0,0.3109,0.95,US,same_address_diff_name,1
S1-226983009,S3-186266258,0.5178,0,0.9,0.9091,US,high_name_high_address_wrong_entity,1
S1-602610556,S2-289531639,0.5176,0,0.9655,0.675,INDIA,franchise_duplicate_collision,1
S1-337610024,S3-405834796,0.5174,0,0.9,0.8706,INDIA,high_name_high_address_wrong_entity,1
S1-534914158,S2-312570262,0.5174,0,0.9,0.8376,INDIA,high_name_high_address_wrong_entity,1
S1-330650808,S3-76284765,0.5173,0,0.855,0.9497,INDIA,high_name_high_address_wrong_entity,1
S1-436129475,S3-34645329,0.5166,0,0.8233,0.7554,US,high_name_high_address_wrong_entity,1
S1-66304169,S3-341402875,0.5165,0,0.95,0.3,INDIA,same_name_diff_address,1
S1-562003174,S3-595788483,0.5162,0,0.9,0.9136,INDIA,high_name_high_address_wrong_entity,1
S1-653209232,S3-424110315,0.5162,0,0.95,0.8867,INDIA,high_name_high_address_wrong_entity,1
S1-471480457,S3-140646289,0.5161,0,0.5,0.9213,INDIA,medium_collision,1
S1-814094524,S3-823842900,0.5158,0,0.8421,0.7848,INDIA,high_name_high_address_wrong_entity,1
S1-463801084,S2-632190574,0.5146,0,0.798,0.9065,INDIA,franchise_duplicate_collision,1
S1-803680394,S2-717154373,0.5128,0,0.5763,1.0,INDIA,same_building_wrong_entity,1
S1-205148612,S3-730049430,0.5098,0,0.8205,0.855,INDIA,high_name_high_address_wrong_entity,1
S1-207496462,S3-8052897,0.5096,0,0.36,1.0,INDIA,same_address_diff_name,1
S1-79246928,S3-537094026,0.5095,0,0.95,0.8395,INDIA,high_name_high_address_wrong_entity,1
S1-648137293,S3-623517500,0.5094,0,0.9419,0.8143,US,high_name_high_address_wrong_entity,1
S1-994193443,S3-433799774,0.5094,0,0.8061,0.8812,INDIA,high_name_high_address_wrong_entity,1
S1-593027994,S2-991997669,0.5076,0,0.2455,0.95,US,same_address_diff_name,1
S1-288631095,S3-870640570,0.5057,0,0.7841,0.8984,INDIA,franchise_duplicate_collision,1
S1-424795406,S3-49978758,0.5056,0,1.0,0.3462,INDIA,same_name_diff_address,1
S1-188906309,S2-785714292,0.5055,0,0.9,0.8887,US,high_name_high_address_wrong_entity,1
S1-368734983,S3-303052579,0.5053,0,1.0,0.6115,INDIA,franchise_duplicate_collision,1
S1-622590557,S3-852259289,0.5053,0,0.95,0.841,US,high_name_high_address_wrong_entity,1
S1-568241556,S2-934522195,0.5051,0,0.8526,0.9234,INDIA,high_name_high_address_wrong_entity,1
S1-666760880,S3-150703358,0.5043,0,0.9,0.8654,US,high_name_high_address_wrong_entity,1
S1-833959188,S3-498630903,0.5043,0,1.0,0.3288,INDIA,same_name_diff_address,1
S1-740641617,S3-317224117,0.5041,0,0.8434,0.8196,US,high_name_high_address_wrong_entity,1
S1-44306388,S3-25587558,0.5037,0,0.36,1.0,US,same_address_diff_name,1
S1-805408672,S3-960705367,0.5032,0,0.456,1.0,US,same_building_wrong_entity,1
S1-162613866,S3-493098502,0.5023,0,0.8077,0.35,INDIA,franchise_duplicate_collision,1
S1-236913749,S3-556963755,0.5023,0,0.95,0.8611,US,high_name_high_address_wrong_entity,1
S1-950901627,S2-295093806,0.5022,0,0.8627,0.825,US,high_name_high_address_wrong_entity,1
S1-749250871,S3-139226684,0.5021,0,0.95,0.8625,INDIA,high_name_high_address_wrong_entity,1
S1-110142906,S3-484196034,0.5002,0,0.855,0.838,INDIA,high_name_high_address_wrong_entity,1
S1-150564724,S2-66642926,0.4998,0,0.8473,0.9203,INDIA,high_name_high_address_wrong_entity,1
S1-3077068,S3-722252504,0.4995,0,0.8235,0.8286,US,high_name_high_address_wrong_entity,1
S1-85127719,S3-534371091,0.499,0,1.0,0.36,INDIA,franchise_duplicate_collision,1
S1-482255305,S3-487306147,0.4987,0,0.95,0.3018,INDIA,same_name_diff_address,1
S1-313257318,S3-189667349,0.4982,0,0.2,0.8673,US,same_address_diff_name,1
S1-406576239,S3-634519300,0.4981,0,0.8098,0.839,US,high_name_high_address_wrong_entity,1
S1-924992016,S3-932046696,0.4976,0,0.24,1.0,US,same_address_diff_name,1
S1-822268380,S2-630305466,0.4976,0,0.8143,0.8746,US,high_name_high_address_wrong_entity,1
S1-424936201,S2-28149332,0.4972,0,0.9,0.8282,US,high_name_high_address_wrong_entity,1
S1-586070295,S3-200412681,0.4972,0,0.855,0.7355,US,high_name_high_address_wrong_entity,1
S1-61067811,S3-533607810,0.4968,0,0.807,0.855,INDIA,high_name_high_address_wrong_entity,1
S1-148394910,S2-977224255,0.4955,0,0.9,0.8444,US,high_name_high_address_wrong_entity,1
S1-116824739,S2-211589751,0.4952,0,0.9,0.8181,US,high_name_high_address_wrong_entity,1
S1-583380345,S3-105240507,0.4952,0,0.76,0.2,INDIA,franchise_duplicate_collision,1
S1-791635363,S2-361097223,0.4937,0,0.9,0.842,INDIA,high_name_high_address_wrong_entity,1
S1-330026929,S3-859143674,0.4931,0,0.38,1.0,US,same_address_diff_name,1
S1-25966989,S3-674887235,0.4921,0,0.8098,0.8595,US,high_name_high_address_wrong_entity,1
S1-149191558,S3-272757933,0.4913,0,0.3706,0.9153,US,same_address_diff_name,1
S1-716328377,S3-322037150,0.4906,0,0.9,0.8772,US,high_name_high_address_wrong_entity,1
S1-173416000,S3-108536295,0.4905,0,1.0,0.3462,INDIA,same_name_diff_address,1
S1-613909745,S3-271172403,0.4887,0,0.855,0.7536,US,high_name_high_address_wrong_entity,1
S1-498532652,S3-272047430,0.4872,0,0.95,0.3214,INDIA,same_name_diff_address,1
S1-983482294,S2-539078091,0.4867,0,1.0,0.24,US,same_name_diff_address,1
S1-691702248,S3-277048512,0.485,0,0.95,0.855,INDIA,high_name_high_address_wrong_entity,1
S1-762457618,S3-134370481,0.485,0,1.0,0.2974,INDIA,same_name_diff_address,1
S1-456163123,S3-801138350,0.4843,0,0.8348,0.9081,INDIA,high_name_high_address_wrong_entity,1
S1-665103501,S2-460738944,0.4842,0,0.7887,0.9189,INDIA,same_building_wrong_entity,1
S1-961144531,S2-726196120,0.4834,0,0.6628,1.0,INDIA,multilingual_collision,1
S1-630357991,S2-694934824,0.4815,0,0.8358,0.7649,INDIA,high_name_high_address_wrong_entity,1
S1-883558790,S2-793050864,0.4815,0,0.8143,0.7741,US,high_name_high_address_wrong_entity,1
S1-126161240,S3-644901524,0.4814,0,0.8387,0.7773,US,high_name_high_address_wrong_entity,1
S1-449128211,S2-549667864,0.4813,0,0.95,0.9256,INDIA,high_name_high_address_wrong_entity,1
S1-791635363,S3-879630134,0.4812,0,0.3109,1.0,INDIA,same_address_diff_name,1
S1-973679210,S2-969233350,0.4809,0,0.8406,0.8595,INDIA,high_name_high_address_wrong_entity,1
S1-392418457,S2-390694235,0.4787,0,0.5085,1.0,INDIA,same_building_wrong_entity,1
S1-4568736,S3-751254576,0.4785,0,0.8533,0.7042,US,high_name_high_address_wrong_entity,1
S1-460442832,S3-862863794,0.4778,0,0.36,0.95,US,same_address_diff_name,1
S1-752320772,S3-113204341,0.4777,0,0.5143,1.0,US,same_postal_wrong_entity,1
S1-286550145,S2-209909594,0.4769,0,0.855,0.8877,INDIA,high_name_high_address_wrong_entity,1
S1-968768196,S3-597041530,0.4766,0,0.95,0.855,US,high_name_high_address_wrong_entity,1
S1-229203396,S3-196561862,0.476,0,0.7945,0.7804,US,franchise_duplicate_collision,1
S1-900689221,S2-907708508,0.4754,0,0.9,0.8181,US,high_name_high_address_wrong_entity,1
S1-1760543,S2-66758523,0.4744,0,0.95,0.855,INDIA,high_name_high_address_wrong_entity,1
S1-44306388,S2-355823624,0.4732,0,0.2571,1.0,US,same_address_diff_name,1
S1-191151187,S3-53019570,0.4728,0,1.0,0.2455,INDIA,same_name_diff_address,1
S1-650631910,S3-439124984,0.4727,0,0.95,0.8949,INDIA,high_name_high_address_wrong_entity,1
S1-60400673,S2-629948845,0.4725,0,0.95,0.9225,INDIA,high_name_high_address_wrong_entity,1
S1-831553258,S3-703251904,0.4722,0,1.0,0.2769,INDIA,same_name_diff_address,1
S1-354113772,S2-634799366,0.4707,0,0.8387,0.8573,INDIA,high_name_high_address_wrong_entity,1
S1-961144531,S2-219432913,0.4704,0,0.625,1.0,INDIA,multilingual_collision,1
S1-582373276,S2-136314336,0.4702,0,0.0923,0.855,INDIA,same_address_diff_name,1
S1-340399401,S2-944608916,0.4701,0,0.3931,1.0,INDIA,same_address_diff_name,1
S1-125149268,S2-827995473,0.47,0,0.7917,0.9298,US,franchise_duplicate_collision,1
S1-237399557,S3-110338217,0.4695,0,1.0,0.181,US,same_name_diff_address,1
S1-167505335,S3-975213296,0.4692,0,0.95,0.9655,INDIA,high_name_high_address_wrong_entity,1
S1-584123256,S2-741615277,0.4687,0,0.9,0.855,US,high_name_high_address_wrong_entity,1
S1-569300855,S2-901370606,0.4677,0,0.8298,0.84,INDIA,high_name_high_address_wrong_entity,1
S1-120467854,S3-295328897,0.4676,0,0.95,0.342,INDIA,same_name_diff_address,1
S1-31362215,S3-118857753,0.4675,0,0.38,1.0,INDIA,same_address_diff_name,1
S1-723312783,S3-956824454,0.4671,0,0.8373,0.3,INDIA,franchise_duplicate_collision,1
S1-293996,S2-605804962,0.4668,0,0.95,0.2893,INDIA,same_name_diff_address,1
S1-490361047,S2-787416810,0.4668,0,0.9,0.8536,INDIA,high_name_high_address_wrong_entity,1
S1-220041596,S2-174501293,0.4664,0,0.8,0.8796,US,high_name_high_address_wrong_entity,1
S1-637760457,S2-392996601,0.4662,0,0.8536,0.9048,INDIA,high_name_high_address_wrong_entity,1
S1-107202293,S2-266065763,0.4656,0,0.3429,0.95,US,same_address_diff_name,1
S1-220350257,S2-553168206,0.4654,0,0.8296,0.8531,US,high_name_high_address_wrong_entity,1
S1-803680394,S2-10341803,0.465,0,0.6477,1.0,INDIA,same_building_wrong_entity,1
S1-803680394,S2-357411164,0.465,0,0.6477,1.0,INDIA,same_building_wrong_entity,1
S1-330026929,S2-910041270,0.4644,0,0.4,1.0,US,same_address_diff_name,1
S1-12926751,S2-58641621,0.4639,0,0.7805,0.855,INDIA,franchise_duplicate_collision,1
S1-769896828,S3-331377679,0.4638,0,0.798,0.9241,INDIA,franchise_duplicate_collision,1
S1-623669159,S2-990798522,0.4616,0,0.8022,0.9384,INDIA,high_name_high_address_wrong_entity,1
S1-252836861,S3-573537546,0.4616,0,0.855,0.285,INDIA,same_name_diff_address,1
S1-753856972,S3-293330275,0.4613,0,0.855,0.8291,US,high_name_high_address_wrong_entity,1
S1-301143281,S3-75815887,0.4609,0,0.836,0.3375,INDIA,franchise_duplicate_collision,1
S1-861508208,S2-918457558,0.4606,0,0.855,0.8691,INDIA,high_name_high_address_wrong_entity,1
S1-961144531,S2-309193329,0.4601,0,0.6628,1.0,INDIA,medium_collision,1
S1-983404963,S2-360398805,0.4592,0,0.8489,0.9097,INDIA,high_name_high_address_wrong_entity,1
S1-398291881,S3-113646769,0.4581,0,1.0,0.3176,INDIA,same_name_diff_address,1
S1-762899022,S3-154565173,0.4576,0,0.8609,0.8571,US,high_name_high_address_wrong_entity,1
S1-520238151,S2-56212096,0.4568,0,0.864,0.7636,US,high_name_high_address_wrong_entity,1
S1-45183941,S2-993340933,0.4563,0,0.0714,0.855,INDIA,same_address_diff_name,1
S1-45183941,S2-796657634,0.4563,0,0.0714,0.855,INDIA,same_address_diff_name,1
S1-966801851,S3-705176316,0.4555,0,0.855,0.8489,US,high_name_high_address_wrong_entity,1
S1-444343135,S3-792189659,0.4554,0,0.9,0.5736,US,franchise_duplicate_collision,1
S1-674491451,S3-417893830,0.4546,0,0.8143,0.855,INDIA,high_name_high_address_wrong_entity,1
S1-241377719,S2-966449169,0.4546,0,0.95,0.855,INDIA,high_name_high_address_wrong_entity,1
S1-75687189,S3-126101658,0.4543,0,0.855,0.855,US,high_name_high_address_wrong_entity,1
S1-98387857,S3-870449206,0.454,0,0.855,0.7778,US,high_name_high_address_wrong_entity,1
S1-486871606,S3-497058809,0.4538,0,0.855,0.8235,US,high_name_high_address_wrong_entity,1
S1-333918813,S2-816445717,0.4537,0,0.95,0.8536,INDIA,high_name_high_address_wrong_entity,1
S1-495547004,S2-219803036,0.4526,0,0.7755,0.9368,INDIA,franchise_duplicate_collision,1
S1-575639792,S3-114847155,0.4526,0,0.7848,0.855,INDIA,franchise_duplicate_collision,1
S1-92139302,S3-309004945,0.4518,0,0.2672,1.0,US,same_address_diff_name,1
S1-4137235,S3-446746697,0.4517,0,0.9,0.855,US,high_name_high_address_wrong_entity,1
S1-55140117,S2-856257024,0.4505,0,0.9,0.6706,US,franchise_duplicate_collision,1
S1-474615139,S2-694663925,0.4494,0,1.0,0.855,INDIA,high_name_high_address_wrong_entity,1
S1-46987415,S2-611910993,0.4493,0,0.8519,0.7925,US,high_name_high_address_wrong_entity,1
S1-433770166,S3-711618029,0.4484,0,0.95,0.5753,US,franchise_duplicate_collision,1
S1-567941558,S3-236081788,0.4475,0,0.95,0.3018,INDIA,same_name_diff_address,1
S1-206110597,S3-313013109,0.4474,0,0.95,0.7853,US,high_name_high_address_wrong_entity,1
S1-324834148,S3-545651038,0.4472,0,0.8125,0.9333,INDIA,high_name_high_address_wrong_entity,1
S1-587687194,S3-984693240,0.4466,0,0.8143,0.665,INDIA,franchise_duplicate_collision,1
S1-949967720,S3-232424835,0.4463,0,0.8477,0.855,INDIA,high_name_high_address_wrong_entity,1
S1-15979828,S3-630964229,0.4456,0,0.855,0.8537,US,high_name_high_address_wrong_entity,1
S1-887874643,S3-547701078,0.4433,0,0.95,0.855,INDIA,high_name_high_address_wrong_entity,1
S1-927521622,S3-723706000,0.4417,0,0.95,0.25,INDIA,same_name_diff_address,1
S1-775512605,S3-739007605,0.4413,0,0.8224,0.8736,US,high_name_high_address_wrong_entity,1
S1-909334356,S3-849450746,0.4409,0,0.95,0.7692,US,high_name_high_address_wrong_entity,1
S1-748070694,S3-3657418,0.4401,0,1.0,0.2727,INDIA,same_name_diff_address,1
S1-132565513,S2-849255179,0.4396,0,0.847,0.9013,INDIA,high_name_high_address_wrong_entity,1
S1-769364886,S2-944798758,0.4395,0,0.2727,1.0,INDIA,same_address_diff_name,1
S1-322232225,S3-68663575,0.4394,0,0.855,1.0,INDIA,high_name_high_address_wrong_entity,1
S1-741961732,S2-9129245,0.4391,0,0.8313,0.95,INDIA,high_name_high_address_wrong_entity,1
S1-618743670,S3-102634184,0.4376,0,0.6196,1.0,INDIA,medium_collision,1
S1-528428475,S3-654641712,0.4374,0,0.95,0.3462,INDIA,same_name_diff_address,1
S1-954126640,S2-976305549,0.4373,0,0.8746,0.9187,INDIA,high_name_high_address_wrong_entity,1
S1-333026900,S2-451751088,0.4367,0,0.95,0.8613,INDIA,high_name_high_address_wrong_entity,1
S1-401741101,S2-725748984,0.4361,0,0.95,0.7057,INDIA,high_name_high_address_wrong_entity,1
S1-867477149,S2-770879391,0.4354,0,0.95,0.8957,INDIA,high_name_high_address_wrong_entity,1
S1-675728603,S3-998514456,0.4351,0,0.8245,0.855,INDIA,high_name_high_address_wrong_entity,1
S1-769364886,S2-642300428,0.4338,0,0.2727,1.0,INDIA,same_address_diff_name,1
S1-368734983,S3-982331653,0.4331,0,0.95,0.855,INDIA,high_name_high_address_wrong_entity,1
S1-295720417,S3-229168886,0.4323,0,0.855,0.855,US,high_name_high_address_wrong_entity,1
S1-143187732,S2-73042423,0.4318,0,0.9,0.839,US,high_name_high_address_wrong_entity,1
S1-640361650,S2-340971494,0.4318,0,0.9,0.8821,US,high_name_high_address_wrong_entity,1
S1-102422506,S2-201089624,0.4318,0,0.6477,0.855,INDIA,same_building_wrong_entity,1
S1-933880495,S3-792189659,0.4316,0,0.9,0.608,US,franchise_duplicate_collision,1
S1-320912308,S2-645144807,0.4301,0,0.7812,0.95,INDIA,franchise_duplicate_collision,1
S1-443414530,S3-703459891,0.4299,0,0.8966,0.8404,US,high_name_high_address_wrong_entity,1
S1-967500421,S2-784628990,0.4296,0,0.7667,0.8253,INDIA,franchise_duplicate_collision,1
S1-308075518,S2-914015945,0.4289,0,0.225,1.0,US,same_address_diff_name,1
S1-301143281,S3-27454859,0.4288,0,0.836,0.3375,INDIA,franchise_duplicate_collision,1
S1-275111932,S2-538697247,0.4288,0,0.8233,0.855,INDIA,high_name_high_address_wrong_entity,1
S1-829799068,S3-295209757,0.4277,0,0.7,0.8373,US,medium_collision,1
S1-330650808,S3-32950411,0.4267,0,0.8235,0.2571,INDIA,multilingual_collision,1
S1-285178127,S2-196003013,0.426,0,0.36,0.95,US,same_address_diff_name,1
S1-908165952,S2-916337486,0.4259,0,0.5816,0.95,INDIA,medium_collision,1
S1-722549694,S3-855501793,0.4257,0,0.855,0.8485,US,high_name_high_address_wrong_entity,1
S1-346066946,S3-216297807,0.425,0,0.95,0.8485,US,high_name_high_address_wrong_entity,1
S1-962069609,S3-939778784,0.4244,0,0.9,0.855,US,high_name_high_address_wrong_entity,1
S1-778703567,S3-978345413,0.424,0,0.9,0.9112,INDIA,high_name_high_address_wrong_entity,1
S1-373187673,S2-777551139,0.424,0,0.95,0.91,INDIA,high_name_high_address_wrong_entity,1
S1-436819507,S3-126229477,0.424,0,0.95,0.7733,US,high_name_high_address_wrong_entity,1
S1-719733498,S2-278263108,0.423,0,0.9,0.9781,INDIA,high_name_high_address_wrong_entity,1
S1-986342656,S3-144685438,0.4229,0,0.855,0.95,INDIA,high_name_high_address_wrong_entity,1
S1-402244570,S3-274763891,0.4223,0,0.9,0.8143,US,high_name_high_address_wrong_entity,1
S1-922668617,S2-896973472,0.4222,0,0.7027,0.9929,INDIA,medium_collision,1
S1-715393417,S2-874217847,0.421,0,0.95,0.836,US,high_name_high_address_wrong_entity,1
S1-293004923,S2-830797905,0.4202,0,0.9,0.8812,US,high_name_high_address_wrong_entity,1
S1-714642946,S2-530827668,0.4202,0,0.3,1.0,US,same_address_diff_name,1
S1-742691081,S2-558030908,0.4202,0,0.3375,0.95,US,same_address_diff_name,1
S1-901017078,S3-295289967,0.4199,0,0.9,0.6635,US,franchise_duplicate_collision,1
S1-682442559,S3-29097999,0.4178,0,1.0,0.696,INDIA,franchise_duplicate_collision,1
S1-466463700,S3-436966316,0.4178,0,1.0,0.855,INDIA,high_name_high_address_wrong_entity,1
S1-700965345,S2-475570684,0.417,0,0.8404,0.8505,INDIA,high_name_high_address_wrong_entity,1
S1-531208492,S2-36235819,0.4163,0,0.855,0.8914,US,high_name_high_address_wrong_entity,1
S1-116766631,S2-27298881,0.4162,0,0.855,0.7273,US,high_name_high_address_wrong_entity,1
S1-739784770,S2-145810142,0.4162,0,0.0896,0.8545,INDIA,same_address_diff_name,1
S1-7725992,S3-670600079,0.4152,0,0.9,0.841,US,high_name_high_address_wrong_entity,1
S1-918486887,S3-50689727,0.415,0,0.807,0.8348,US,high_name_high_address_wrong_entity,1
S1-341969488,S3-329183211,0.4145,0,1.0,0.266,INDIA,same_name_diff_address,1
S1-629829205,S2-261924147,0.4133,0,0.9,0.9243,INDIA,high_name_high_address_wrong_entity,1
S1-99350577,S3-79049622,0.4122,0,0.95,0.855,US,high_name_high_address_wrong_entity,1
S1-973327538,S2-486756325,0.4119,0,0.9,0.9455,US,high_name_high_address_wrong_entity,1
S1-75772408,S3-379665554,0.4114,0,0.9,0.8313,US,high_name_high_address_wrong_entity,1
S1-517603117,S3-751395937,0.411,0,0.95,0.288,INDIA,same_name_diff_address,1
S1-697874897,S3-548825765,0.4106,0,0.95,0.285,INDIA,same_name_diff_address,1
S1-562264780,S3-451655537,0.4093,0,0.855,0.9111,US,high_name_high_address_wrong_entity,1
S1-859415758,S3-136837056,0.4093,0,0.3,1.0,US,same_address_diff_name,1
S1-744807257,S2-798001159,0.4088,0,0.7917,0.855,INDIA,same_building_wrong_entity,1
S1-718466467,S2-82714710,0.4087,0,0.7787,0.3316,INDIA,franchise_duplicate_collision,1
S1-317041682,S3-474977278,0.4085,0,0.8,0.8233,US,high_name_high_address_wrong_entity,1
S1-727784723,S2-480482658,0.4083,0,0.9,0.8746,US,high_name_high_address_wrong_entity,1
S1-837806188,S3-958038682,0.408,0,0.8224,0.855,INDIA,high_name_high_address_wrong_entity,1
S1-510484107,S3-685252547,0.4077,0,0.95,0.855,INDIA,high_name_high_address_wrong_entity,1
S1-135125412,S3-863169409,0.4071,0,0.9,0.8684,US,high_name_high_address_wrong_entity,1
S1-224330918,S2-742418310,0.4068,0,0.8333,0.8674,INDIA,high_name_high_address_wrong_entity,1
S1-795571676,S2-3903208,0.4067,0,0.8557,0.8746,US,high_name_high_address_wrong_entity,1
S1-51416969,S2-561387699,0.4062,0,0.9091,0.855,US,high_name_high_address_wrong_entity,1
S1-500548710,S2-701490491,0.4062,0,0.8075,0.9274,INDIA,high_name_high_address_wrong_entity,1
S1-490584236,S3-446150785,0.4051,0,0.9,0.855,INDIA,high_name_high_address_wrong_entity,1
S1-530628821,S3-504415468,0.4048,0,0.95,0.8261,US,high_name_high_address_wrong_entity,1
S1-941115210,S2-146931131,0.4044,0,1.0,0.855,US,high_name_high_address_wrong_entity,1
S1-240483207,S2-194973709,0.4026,0,1.0,0.6477,US,franchise_duplicate_collision,1
S1-374433745,S2-6337322,0.4023,0,0.3857,1.0,US,same_address_diff_name,1
S1-950396054,S3-858115976,0.4018,0,0.855,0.8022,US,high_name_high_address_wrong_entity,1
S1-597988890,S2-410668685,0.4018,0,0.855,0.8169,US,high_name_high_address_wrong_entity,1
S1-229003060,S3-941446718,0.4011,0,1.0,0.3,INDIA,same_name_diff_address,1
S1-168194879,S3-221038950,0.401,0,0.9,0.836,US,high_name_high_address_wrong_entity,1
S1-979571317,S3-143502422,0.4004,0,0.9,0.8132,US,high_name_high_address_wrong_entity,1
S1-305490311,S2-665441571,0.4004,0,0.95,0.855,US,high_name_high_address_wrong_entity,1
S1-870369697,S2-565619267,0.4003,0,0.95,0.876,INDIA,high_name_high_address_wrong_entity,1
S1-351051936,S2-77235670,0.399,0,0.95,0.7729,INDIA,high_name_high_address_wrong_entity,1
S1-239008374,S2-941299280,0.3987,0,0.9,0.8478,INDIA,high_name_high_address_wrong_entity,1
S1-265709775,S3-763211624,0.3984,0,0.3729,1.0,INDIA,same_address_diff_name,1
S1-813609042,S2-779083369,0.3984,0,0.24,0.675,US,same_building_wrong_entity,1
S1-553929190,S3-204106148,0.3982,0,0.855,0.8786,INDIA,high_name_high_address_wrong_entity,1
S1-284312051,S2-927102358,0.3972,0,0.8674,0.6909,US,franchise_duplicate_collision,1
S1-692231465,S2-489194178,0.3961,0,0.9,0.9,INDIA,high_name_high_address_wrong_entity,1
S1-713241722,S2-921903704,0.3955,0,0.7013,0.2151,US,medium_collision,1
S1-446243696,S3-768536960,0.3955,0,0.855,0.855,US,high_name_high_address_wrong_entity,1
S1-170097761,S2-628159073,0.3954,0,0.8075,0.874,US,high_name_high_address_wrong_entity,1
S1-622590557,S3-920402924,0.3949,0,0.855,0.841,US,high_name_high_address_wrong_entity,1
S1-579058766,S2-397835694,0.3949,0,0.819,0.9398,INDIA,high_name_high_address_wrong_entity,1
S1-303257775,S3-428588174,0.3931,0,0.54,1.0,US,same_building_wrong_entity,1
S1-684634237,S3-336952204,0.3928,0,0.8085,0.855,INDIA,high_name_high_address_wrong_entity,1
S1-836246070,S3-433879516,0.3925,0,0.8757,0.7355,US,high_name_high_address_wrong_entity,1
S1-674132530,S3-847203802,0.3919,0,0.869,0.8444,US,high_name_high_address_wrong_entity,1
S1-315213248,S2-884771460,0.39,0,0.9,0.9252,INDIA,high_name_high_address_wrong_entity,1
S1-598863546,S3-952313620,0.3899,0,0.4024,1.0,INDIA,medium_collision,1
S1-667215690,S3-693381476,0.3885,0,0.902,0.8563,US,high_name_high_address_wrong_entity,1
S1-451776826,S3-990503944,0.3881,0,0.95,0.8382,US,high_name_high_address_wrong_entity,1
S1-75292770,S3-565652934,0.3876,0,0.85,0.9286,US,high_name_high_address_wrong_entity,1
S1-176042931,S2-716354991,0.3875,0,0.95,0.8537,US,high_name_high_address_wrong_entity,1
S1-938431869,S3-364959742,0.3874,0,0.9,0.6316,US,franchise_duplicate_collision,1
S1-368579602,S3-336758528,0.3873,0,0.7975,0.8767,US,franchise_duplicate_collision,1
S1-567715330,S2-68570795,0.3871,0,0.2077,0.7018,US,same_building_wrong_entity,1
S1-824866474,S2-311712483,0.3869,0,0.8621,0.8313,INDIA,high_name_high_address_wrong_entity,1
S1-289273968,S2-512950951,0.3867,0,0.95,0.24,INDIA,same_name_diff_address,1
S1-626328538,S3-206811354,0.3864,0,0.36,0.9062,US,same_address_diff_name,1
S1-685643558,S2-11387146,0.3863,0,0.6552,0.8492,INDIA,medium_collision,1
S1-143675072,S2-327914558,0.3861,0,0.8406,0.8627,US,high_name_high_address_wrong_entity,1
S1-902532817,S3-636212298,0.386,0,0.8158,0.6695,INDIA,franchise_duplicate_collision,1
S1-612367821,S3-871718975,0.3851,0,0.855,0.8611,US,high_name_high_address_wrong_entity,1
S1-761829939,S2-539073786,0.3844,0,0.9,0.8788,US,high_name_high_address_wrong_entity,1
S1-479262036,S3-207094481,0.3838,0,1.0,0.25,INDIA,same_name_diff_address,1
S1-12140663,S3-487191422,0.3838,0,1.0,0.2526,INDIA,same_name_diff_address,1
S1-830982341,S2-651182882,0.3836,0,0.9,0.9075,US,high_name_high_address_wrong_entity,1
S1-483576223,S2-317896555,0.3834,0,0.864,0.855,US,high_name_high_address_wrong_entity,1
S1-800320286,S3-104684466,0.3832,0,0.95,0.9167,US,high_name_high_address_wrong_entity,1
S1-907163539,S3-249657027,0.3828,0,0.8611,0.8736,US,high_name_high_address_wrong_entity,1
S1-745165081,S3-372802835,0.3828,0,0.855,0.8373,US,high_name_high_address_wrong_entity,1
S1-153837158,S3-359936709,0.3825,0,1.0,0.3462,INDIA,same_name_diff_address,1
S1-983694869,S3-160384755,0.3819,0,1.0,0.35,INDIA,same_name_diff_address,1
S1-575405900,S3-700815051,0.3815,0,0.9,0.881,US,high_name_high_address_wrong_entity,1
S1-728343721,S2-7708780,0.3808,0,1.0,0.7681,US,high_name_high_address_wrong_entity,1
S1-995609145,S2-638438309,0.3801,0,0.855,0.8261,INDIA,high_name_high_address_wrong_entity,1
S1-225018248,S2-856759627,0.3794,0,0.9,0.9091,US,high_name_high_address_wrong_entity,1
S1-303228184,S2-199334634,0.3793,0,0.3,1.0,US,same_address_diff_name,1
S1-324067438,S3-297361490,0.3789,0,0.45,1.0,US,same_postal_wrong_entity,1
S1-340399401,S2-479548510,0.3787,0,0.4138,1.0,INDIA,medium_collision,1
S1-6974208,S2-774289594,0.3787,0,0.836,0.9327,INDIA,high_name_high_address_wrong_entity,1
S1-713940018,S2-77440459,0.3786,0,0.0811,0.6967,INDIA,same_building_wrong_entity,1
S1-600939501,S3-320798075,0.3781,0,0.95,0.8691,INDIA,high_name_high_address_wrong_entity,1
S1-925853913,S2-568662039,0.3777,0,0.9,0.8604,US,high_name_high_address_wrong_entity,1
S1-654398062,S2-97937529,0.3776,0,0.8493,0.6264,INDIA,franchise_duplicate_collision,1
S1-447592864,S2-762537608,0.3773,0,0.95,0.9324,INDIA,high_name_high_address_wrong_entity,1
S1-844026727,S2-254577863,0.3771,0,0.769,0.9714,US,franchise_duplicate_collision,1
S1-883558790,S3-91491706,0.3769,0,0.95,0.8143,US,high_name_high_address_wrong_entity,1
S1-656227109,S3-617919101,0.3766,0,0.3706,1.0,US,same_address_diff_name,1
S1-959968859,S3-629200540,0.3762,0,0.9195,0.841,US,high_name_high_address_wrong_entity,1
S1-570212174,S2-780819142,0.3757,0,0.9,0.855,INDIA,high_name_high_address_wrong_entity,1
S1-926456956,S2-179207941,0.3753,0,0.8224,0.963,US,high_name_high_address_wrong_entity,1
S1-164843168,S2-732695210,0.3747,0,0.9,0.8791,US,high_name_high_address_wrong_entity,1
S1-458243041,S3-177333623,0.3744,0,0.855,0.95,INDIA,high_name_high_address_wrong_entity,1
S1-412170601,S3-218348644,0.3743,0,1.0,0.855,INDIA,high_name_high_address_wrong_entity,1
S1-459435409,S3-585394561,0.3742,0,0.9058,0.8581,US,high_name_high_address_wrong_entity,1
S1-102390019,S2-187082364,0.3739,0,0.95,0.8125,US,high_name_high_address_wrong_entity,1
S1-907882719,S3-433138690,0.373,0,1.0,0.855,INDIA,high_name_high_address_wrong_entity,1
S1-132565513,S2-998720469,0.3719,0,0.8989,0.7871,INDIA,high_name_high_address_wrong_entity,1
S1-49463593,S3-293922806,0.3719,0,1.0,0.5971,US,franchise_duplicate_collision,1
S1-911925588,S2-477220784,0.3718,0,1.0,0.3273,INDIA,same_name_diff_address,1
S1-923324526,S2-607845138,0.3716,0,0.95,0.9318,INDIA,high_name_high_address_wrong_entity,1
S1-461786185,S3-347691511,0.3711,0,0.7824,0.855,INDIA,franchise_duplicate_collision,1
S1-597649112,S3-29480566,0.371,0,0.8038,0.9155,INDIA,high_name_high_address_wrong_entity,1
S1-503064282,S2-21226005,0.3709,0,0.9,0.9722,US,high_name_high_address_wrong_entity,1
S1-604880604,S2-761226845,0.3701,0,0.8662,0.8154,INDIA,high_name_high_address_wrong_entity,1
S1-928519168,S2-38094515,0.3699,0,0.855,0.8686,US,high_name_high_address_wrong_entity,1
S1-969592637,S2-623689656,0.3696,0,0.9,0.8613,US,high_name_high_address_wrong_entity,1
S1-75405371,S3-105611536,0.3696,0,0.8358,0.701,US,high_name_high_address_wrong_entity,1
S1-262477708,S3-242873344,0.3694,0,1.0,0.35,INDIA,same_name_diff_address,1
S1-34475618,S2-636902884,0.3685,0,0.9,0.9126,INDIA,high_name_high_address_wrong_entity,1
S1-19419441,S2-608913907,0.3676,0,0.9,0.8916,US,high_name_high_address_wrong_entity,1
S1-704885264,S2-534311213,0.3676,0,0.9,0.8807,INDIA,high_name_high_address_wrong_entity,1
S1-597283255,S3-17958442,0.3669,0,0.8636,0.8636,US,high_name_high_address_wrong_entity,1
S1-569093158,S3-79412715,0.3666,0,0.855,0.8274,US,high_name_high_address_wrong_entity,1
S1-519045452,S2-662693158,0.3661,0,0.6333,1.0,US,same_postal_wrong_entity,1
S1-986325266,S3-72814463,0.3658,0,0.9,0.855,INDIA,high_name_high_address_wrong_entity,1
S1-961144531,S2-982952052,0.3654,0,0.5377,1.0,INDIA,medium_collision,1
S1-203720906,S2-700818163,0.3649,0,0.8333,0.988,INDIA,high_name_high_address_wrong_entity,1
S1-569300855,S2-873155954,0.3643,0,0.8369,0.855,INDIA,high_name_high_address_wrong_entity,1
S1-369198752,S3-220605046,0.3638,0,0.9,0.8861,US,high_name_high_address_wrong_entity,1
S1-84119616,S3-45970430,0.3636,0,0.8,0.9159,INDIA,high_name_high_address_wrong_entity,1
S1-575312259,S2-903939841,0.3621,0,0.95,0.8924,US,high_name_high_address_wrong_entity,1
S1-18815502,S3-925341774,0.3613,0,0.798,0.8879,INDIA,franchise_duplicate_collision,1
S1-44306388,S2-658133413,0.3611,0,0.45,1.0,US,same_building_wrong_entity,1
S1-237123171,S3-206507411,0.3611,0,0.855,0.7899,US,high_name_high_address_wrong_entity,1
S1-214641601,S2-349747283,0.3609,0,0.1017,0.6983,INDIA,same_building_wrong_entity,1
S1-139477608,S2-674989750,0.3608,0,0.8406,0.95,INDIA,high_name_high_address_wrong_entity,1
S1-371410636,S2-279963844,0.3606,0,0.27,1.0,US,same_address_diff_name,1
S1-494922293,S2-100503571,0.3604,0,0.95,0.9944,INDIA,high_name_high_address_wrong_entity,1
S1-786982456,S3-284870123,0.3601,0,0.7848,0.7554,INDIA,franchise_duplicate_collision,1
S1-10968549,S2-967471486,0.3599,0,0.95,0.9354,INDIA,high_name_high_address_wrong_entity,1
S1-825142767,S2-606662665,0.3593,0,0.8022,0.9645,INDIA,high_name_high_address_wrong_entity,1
S1-788102518,S3-341940985,0.3581,0,1.0,0.855,INDIA,high_name_high_address_wrong_entity,1
S1-824866474,S2-175611615,0.3578,0,0.8038,0.855,INDIA,high_name_high_address_wrong_entity,1
S1-710663245,S2-236956421,0.3576,0,0.95,0.8071,INDIA,high_name_high_address_wrong_entity,1
S1-105451287,S3-670122415,0.3573,0,0.95,0.8444,US,high_name_high_address_wrong_entity,1
S1-230188131,S3-5751150,0.3572,0,1.0,0.3257,INDIA,same_name_diff_address,1
S1-783557483,S3-562238391,0.3568,0,0.855,1.0,INDIA,high_name_high_address_wrong_entity,1
S1-652161143,S3-970186528,0.3567,0,0.95,0.7917,US,high_name_high_address_wrong_entity,1
S1-915504235,S2-568558014,0.3544,0,0.95,0.8329,US,high_name_high_address_wrong_entity,1
S1-64162620,S3-358910144,0.354,0,1.0,0.5846,US,franchise_duplicate_collision,1
S1-785168443,S3-984796301,0.3535,0,0.95,0.855,US,high_name_high_address_wrong_entity,1
S1-115426349,S2-465304129,0.3531,0,0.4024,1.0,INDIA,same_building_wrong_entity,1
S1-180147121,S3-637664733,0.3523,0,0.3,1.0,US,same_address_diff_name,1
S1-625885747,S3-792812907,0.352,0,0.3467,1.0,INDIA,same_address_diff_name,1
S1-382741522,S2-451625211,0.3519,0,0.95,0.8196,INDIA,high_name_high_address_wrong_entity,1
S1-99007394,S3-150083360,0.3508,0,0.95,0.8887,US,high_name_high_address_wrong_entity,1
S1-250096523,S2-349675683,0.3508,0,0.8291,0.8,INDIA,high_name_high_address_wrong_entity,1
S1-238360289,S3-930645384,0.3506,0,0.9,0.9072,INDIA,high_name_high_address_wrong_entity,1
S1-947508013,S3-709713318,0.3497,0,0.8608,0.8991,INDIA,high_name_high_address_wrong_entity,1
S1-266890915,S2-82766263,0.3488,0,0.8197,0.8906,US,high_name_high_address_wrong_entity,1
S1-121208010,S2-39656834,0.3487,0,0.855,1.0,INDIA,high_name_high_address_wrong_entity,1
S1-31491209,S2-395576115,0.348,0,0.95,0.8636,US,high_name_high_address_wrong_entity,1
S1-996720628,S3-932627334,0.3477,0,0.855,0.8302,US,high_name_high_address_wrong_entity,1
S1-949984535,S2-129938682,0.3467,0,0.7787,0.95,US,same_postal_wrong_entity,1
S1-319102767,S3-654153426,0.3466,0,0.8093,0.7653,INDIA,high_name_high_address_wrong_entity,1
S1-371410636,S2-368803816,0.3464,0,0.3018,1.0,US,same_address_diff_name,1
S1-361183754,S3-905665054,0.346,0,0.8125,0.855,INDIA,high_name_high_address_wrong_entity,1
S1-111174293,S3-457459371,0.3455,0,0.9,0.8291,US,high_name_high_address_wrong_entity,1
S1-762760740,S3-418245620,0.3455,0,0.9,0.8205,US,high_name_high_address_wrong_entity,1
S1-236913749,S2-75917174,0.3453,0,0.95,0.9062,US,high_name_high_address_wrong_entity,1
S1-165410184,S3-450236182,0.3448,0,0.3,1.0,US,same_address_diff_name,1
S1-153274835,S2-637282852,0.3445,0,0.928,0.898,US,high_name_high_address_wrong_entity,1
S1-366884871,S3-297609025,0.344,0,0.95,0.8924,US,high_name_high_address_wrong_entity,1
S1-393417114,S3-23540089,0.3436,0,0.855,0.8493,US,high_name_high_address_wrong_entity,1
S1-429733373,S3-697338670,0.3431,0,0.9,0.6923,US,franchise_duplicate_collision,1
S1-475761484,S3-709492826,0.3425,0,0.95,0.7783,US,high_name_high_address_wrong_entity,1
S1-2863981,S2-919895367,0.341,0,0.855,0.8254,US,high_name_high_address_wrong_entity,1
S1-448781365,S2-862791410,0.3409,0,0.95,0.855,INDIA,high_name_high_address_wrong_entity,1
S1-757400009,S3-300022490,0.3405,0,1.0,0.855,INDIA,high_name_high_address_wrong_entity,1
S1-529969845,S2-285318167,0.3404,0,0.8604,0.8883,US,high_name_high_address_wrong_entity,1
S1-293329418,S2-111533242,0.3403,0,0.855,1.0,US,high_name_high_address_wrong_entity,1
S1-871862040,S3-84661573,0.3396,0,1.0,0.855,INDIA,high_name_high_address_wrong_entity,1
S1-280936100,S3-250577630,0.3394,0,0.95,0.855,US,high_name_high_address_wrong_entity,1
S1-554512944,S2-791388371,0.3386,0,0.95,0.6944,US,franchise_duplicate_collision,1
S1-112753766,S2-361077737,0.3385,0,0.38,0.95,US,same_address_diff_name,1
S1-194049597,S3-847843802,0.3384,0,0.7125,0.9189,US,same_postal_wrong_entity,1
S1-43150141,S2-478089672,0.3384,0,0.5816,0.9438,INDIA,medium_collision,1
S1-958875582,S3-869842944,0.3381,0,1.0,0.5736,INDIA,franchise_duplicate_collision,1
S1-486511981,S2-265340232,0.3379,0,0.9,0.8852,US,high_name_high_address_wrong_entity,1
S1-934543770,S2-54140083,0.3379,0,0.8581,0.855,US,high_name_high_address_wrong_entity,1
S1-510745714,S2-639159568,0.3367,0,0.95,0.8667,US,high_name_high_address_wrong_entity,1
S1-328125622,S3-509502369,0.3362,0,0.855,0.8358,US,high_name_high_address_wrong_entity,1
S1-999536733,S2-132006887,0.3361,0,0.855,0.8959,INDIA,high_name_high_address_wrong_entity,1
S1-929802856,S2-631130517,0.3354,0,0.855,0.9753,INDIA,high_name_high_address_wrong_entity,1
S1-698266574,S2-314630905,0.3354,0,0.8636,0.8464,INDIA,high_name_high_address_wrong_entity,1
S1-937475383,S3-898541120,0.3352,0,0.8245,0.8444,US,high_name_high_address_wrong_entity,1
S1-772534544,S3-433364433,0.3347,0,0.95,0.9014,US,high_name_high_address_wrong_entity,1
S1-931567659,S3-358116961,0.3346,0,0.7368,0.8125,INDIA,medium_collision,1
S1-259274831,S3-191098331,0.3345,0,0.918,0.841,US,high_name_high_address_wrong_entity,1
S1-127775381,S2-38988903,0.3338,0,0.3243,1.0,INDIA,same_address_diff_name,1
S1-336033654,S2-477704616,0.3337,0,0.855,0.8966,US,high_name_high_address_wrong_entity,1
S1-114152271,S3-553901784,0.3336,0,0.8038,0.8475,INDIA,high_name_high_address_wrong_entity,1
S1-432036816,S2-177959280,0.333,0,0.8571,0.8796,US,high_name_high_address_wrong_entity,1
S1-557419968,S2-237682517,0.3325,0,0.9,0.8286,US,high_name_high_address_wrong_entity,1
S1-573210664,S2-215273495,0.3319,0,1.0,0.855,INDIA,high_name_high_address_wrong_entity,1
S1-866975594,S3-988907830,0.3315,0,0.95,0.8772,US,high_name_high_address_wrong_entity,1
S1-825213211,S3-312249875,0.3314,0,1.0,0.25,INDIA,same_name_diff_address,1
S1-917597193,S3-824208811,0.3309,0,0.8274,0.8852,US,high_name_high_address_wrong_entity,1
S1-821273796,S3-42040521,0.3308,0,0.855,0.7475,INDIA,high_name_high_address_wrong_entity,1
S1-637015436,S2-689709113,0.3308,0,0.798,0.9165,INDIA,franchise_duplicate_collision,1
S1-49384657,S2-719793456,0.3306,0,0.722,0.982,INDIA,medium_collision,1
S1-48318581,S2-496392407,0.33,0,0.95,0.7896,US,high_name_high_address_wrong_entity,1
S1-282684084,S2-915824125,0.3296,0,0.8,0.8045,INDIA,high_name_high_address_wrong_entity,1
S1-982405882,S2-272928386,0.3285,0,0.9,0.8812,US,high_name_high_address_wrong_entity,1
S1-454543320,S2-45516989,0.3282,0,0.95,0.8038,US,high_name_high_address_wrong_entity,1
S1-885995884,S2-785375850,0.3282,0,0.807,0.805,INDIA,high_name_high_address_wrong_entity,1
S1-506410894,S2-807295689,0.3281,0,0.95,0.8595,US,high_name_high_address_wrong_entity,1
S1-699137494,S3-943033351,0.3278,0,0.798,0.855,INDIA,franchise_duplicate_collision,1
S1-459085444,S3-695841079,0.3265,0,0.95,0.8016,US,high_name_high_address_wrong_entity,1
S1-521257626,S3-365843212,0.3265,0,0.8,0.8642,US,high_name_high_address_wrong_entity,1
S1-28127325,S2-495593964,0.3263,0,0.9,0.8648,INDIA,high_name_high_address_wrong_entity,1
S1-575639792,S3-19874193,0.3263,0,0.6667,0.2727,INDIA,medium_collision,1
S1-825083915,S3-640812369,0.3261,0,0.9,0.8143,US,high_name_high_address_wrong_entity,1
S1-237465943,S3-524110544,0.3257,0,0.8727,0.8636,US,high_name_high_address_wrong_entity,1
S1-197829122,S2-645379641,0.3251,0,0.9,0.9076,INDIA,high_name_high_address_wrong_entity,1
S1-294708885,S2-580799811,0.3248,0,0.7826,0.9276,INDIA,franchise_duplicate_collision,1
S1-211049452,S3-407350772,0.3247,0,0.95,0.8038,US,high_name_high_address_wrong_entity,1
S1-284454711,S2-973205399,0.3234,0,0.9,0.9234,INDIA,high_name_high_address_wrong_entity,1
S1-998536993,S2-346930008,0.3231,0,0.855,0.9017,US,high_name_high_address_wrong_entity,1
S1-548142817,S3-113828580,0.3226,0,0.4886,1.0,INDIA,same_building_wrong_entity,1
S1-75583791,S2-355535282,0.3226,0,0.2151,0.7097,US,same_building_wrong_entity,1
S1-701424771,S3-662098538,0.3217,0,0.95,0.8636,US,high_name_high_address_wrong_entity,1
S1-823915004,S2-665931492,0.3213,0,0.9,0.8303,INDIA,high_name_high_address_wrong_entity,1
S1-475954873,S3-589146416,0.321,0,0.85,0.8958,US,high_name_high_address_wrong_entity,1
S1-626328538,S3-160403754,0.3206,0,0.4,0.9444,US,same_address_diff_name,1
S1-403585529,S2-427868001,0.3206,0,0.9,0.665,INDIA,franchise_duplicate_collision,1
S1-499599012,S2-192542225,0.3205,0,0.8906,0.8358,US,high_name_high_address_wrong_entity,1
S1-833076332,S3-313161794,0.3202,0,0.55,0.3054,US,multilingual_collision,1
S1-371410636,S2-848622178,0.3197,0,0.45,1.0,US,same_building_wrong_entity,1
S1-267146699,S3-694977896,0.3196,0,0.9256,0.8571,US,high_name_high_address_wrong_entity,1
S1-961144531,S2-784188354,0.3195,0,0.4926,0.95,INDIA,multilingual_collision,1
S1-835200542,S3-471307139,0.3192,0,0.8489,0.8352,INDIA,high_name_high_address_wrong_entity,1
S1-605068268,S3-342346758,0.3191,0,0.8051,0.855,US,high_name_high_address_wrong_entity,1
S1-277283699,S2-904933194,0.3184,0,0.9,0.8497,INDIA,high_name_high_address_wrong_entity,1
S1-51031591,S3-695129472,0.3176,0,0.95,0.8196,US,high_name_high_address_wrong_entity,1
S1-38321566,S2-96706260,0.3174,0,0.3,1.0,INDIA,same_address_diff_name,1
S1-807271710,S2-67553063,0.3172,0,0.9,0.8757,INDIA,high_name_high_address_wrong_entity,1
S1-478043616,S3-577235409,0.3171,0,0.9,0.8542,US,high_name_high_address_wrong_entity,1
S1-241179988,S3-979261127,0.3169,0,0.7188,0.3,INDIA,medium_collision,1
S1-198727287,S3-905927104,0.3169,0,0.9,0.8927,INDIA,high_name_high_address_wrong_entity,1
S1-52984197,S3-180931541,0.3168,0,1.0,0.36,INDIA,franchise_duplicate_collision,1
S1-290906704,S2-423542628,0.3163,0,0.9,0.9253,INDIA,high_name_high_address_wrong_entity,1
S1-303257775,S3-263812570,0.3162,0,0.855,0.7957,US,high_name_high_address_wrong_entity,1
S1-523043472,S3-902029285,0.3158,0,1.0,0.855,INDIA,high_name_high_address_wrong_entity,1
S1-115426349,S2-922627484,0.3154,0,0.4024,1.0,INDIA,same_building_wrong_entity,1
S1-310478754,S2-605682147,0.3154,0,0.8085,0.9872,INDIA,high_name_high_address_wrong_entity,1
S1-405255150,S2-732036561,0.3148,0,0.9,0.9256,INDIA,high_name_high_address_wrong_entity,1
S1-143490079,S2-421026806,0.3147,0,0.95,0.9075,US,high_name_high_address_wrong_entity,1
S1-8058622,S3-234538121,0.3147,0,0.855,0.771,US,high_name_high_address_wrong_entity,1
S1-610055172,S2-814409722,0.3144,0,0.8286,0.9333,INDIA,high_name_high_address_wrong_entity,1
S1-83258631,S2-843933044,0.3141,0,0.5211,0.95,INDIA,same_postal_wrong_entity,1
S1-379908939,S3-271055728,0.314,0,0.9,0.3325,US,same_name_diff_address,1
S1-185494666,S3-560557115,0.3132,0,0.8674,0.2565,INDIA,same_name_diff_address,1
S1-654398062,S3-989061056,0.3123,0,0.7647,0.3538,INDIA,multilingual_collision,1
S1-930753477,S2-728004925,0.3122,0,0.9,0.9796,INDIA,high_name_high_address_wrong_entity,1
S1-44501980,S3-439467159,0.3121,0,0.8972,0.8571,US,high_name_high_address_wrong_entity,1
S1-602439703,S3-371993608,0.3118,0,0.95,0.8831,US,high_name_high_address_wrong_entity,1
S1-813399689,S2-531150224,0.3114,0,0.8764,0.7624,INDIA,high_name_high_address_wrong_entity,1
S1-437442835,S3-327950230,0.3114,0,0.9,0.8831,INDIA,high_name_high_address_wrong_entity,1
S1-427443013,S2-48755914,0.3109,0,1.0,0.2842,US,same_name_diff_address,1
S1-481310313,S3-851816765,0.3103,0,0.8475,0.855,INDIA,high_name_high_address_wrong_entity,1
S1-660798027,S2-742097997,0.3099,0,0.95,0.8887,US,high_name_high_address_wrong_entity,1
S1-878041661,S3-888026829,0.3098,0,0.9,0.8613,US,high_name_high_address_wrong_entity,1
S1-496605202,S2-817982271,0.3088,0,0.0923,0.76,INDIA,same_building_wrong_entity,1
S1-64418124,S3-815334567,0.3085,0,0.855,0.8313,US,high_name_high_address_wrong_entity,1
S1-20056011,S2-162819539,0.3084,0,0.95,0.8695,US,high_name_high_address_wrong_entity,1
S1-873898578,S2-145443069,0.3063,0,0.9,0.9194,US,high_name_high_address_wrong_entity,1
S1-852357559,S2-327201179,0.306,0,0.36,0.9714,US,same_address_diff_name,1
S1-887068539,S2-882629172,0.3057,0,0.95,0.8746,US,high_name_high_address_wrong_entity,1
S1-348937887,S2-232552335,0.3053,0,0.9,0.9203,INDIA,high_name_high_address_wrong_entity,1
S1-97325071,S2-935733411,0.3053,0,0.65,0.7719,INDIA,medium_collision,1
S1-82615520,S3-207532756,0.3047,0,0.475,1.0,US,same_building_wrong_entity,1
S1-412104506,S2-840313427,0.3046,0,0.8674,0.874,US,high_name_high_address_wrong_entity,1
S1-491093824,S3-112737512,0.3037,0,0.95,0.8143,US,high_name_high_address_wrong_entity,1
S1-615705799,S2-481828544,0.3036,0,0.95,0.8254,US,high_name_high_address_wrong_entity,1
S1-854421814,S2-550051720,0.3034,0,1.0,0.697,US,franchise_duplicate_collision,1
S1-737100510,S2-1276165,0.3033,0,0.855,0.95,INDIA,high_name_high_address_wrong_entity,1
S1-626328538,S3-269953596,0.3028,0,0.95,0.8444,US,high_name_high_address_wrong_entity,1
S1-868397503,S3-50740155,0.3027,0,0.9,0.855,INDIA,high_name_high_address_wrong_entity,1
S1-727101202,S3-258463319,0.3021,0,0.855,0.8358,US,high_name_high_address_wrong_entity,1
S1-373913465,S3-240262871,0.3021,0,0.2842,1.0,US,same_address_diff_name,1
S1-883558790,S3-60386313,0.3018,0,0.855,0.75,US,high_name_high_address_wrong_entity,1
S1-98042434,S2-568405026,0.3015,0,0.9,0.9208,INDIA,high_name_high_address_wrong_entity,1
S1-791185772,S2-807905256,0.3011,0,0.95,0.855,US,high_name_high_address_wrong_entity,1
S1-692619260,S2-332109634,0.3008,0,0.8928,0.8741,INDIA,high_name_high_address_wrong_entity,1
S1-921074119,S3-313686360,0.3007,0,0.95,0.855,US,high_name_high_address_wrong_entity,1
S1-5036342,S2-409233769,0.3005,0,0.9,0.8769,US,high_name_high_address_wrong_entity,1
S1-9133482,S2-210223128,0.3001,0,0.95,0.8924,US,high_name_high_address_wrong_entity,1
S1-775042981,S2-904045051,0.2993,0,0.4275,1.0,INDIA,medium_collision,1
S1-489664056,S2-847528366,0.2993,0,0.9,0.8821,US,high_name_high_address_wrong_entity,1
S1-430609732,S3-931169607,0.299,0,0.8261,0.6441,INDIA,franchise_duplicate_collision,1
S1-239472217,S2-836891267,0.299,0,0.68,0.95,US,same_building_wrong_entity,1
S1-873395440,S3-132621412,0.2989,0,0.8,0.7646,US,high_name_high_address_wrong_entity,1
S1-160151329,S2-715309008,0.2983,0,0.7975,0.8636,US,franchise_duplicate_collision,1
S1-991331043,S3-24418102,0.2978,0,0.6129,0.9286,US,same_postal_wrong_entity,1
S1-934769846,S3-179957722,0.2977,0,1.0,0.6197,US,franchise_duplicate_collision,1
S1-510090573,S2-833232863,0.2976,0,0.8769,0.8531,US,high_name_high_address_wrong_entity,1
S1-961144531,S2-4191798,0.2976,0,0.3,1.0,INDIA,same_address_diff_name,1
S1-771765132,S3-369977808,0.2973,0,0.9,0.8378,INDIA,high_name_high_address_wrong_entity,1
S1-382284347,S2-187587849,0.2972,0,0.9,0.7308,US,high_name_high_address_wrong_entity,1
S1-42086594,S3-517814778,0.2969,0,0.95,0.9394,US,high_name_high_address_wrong_entity,1
S1-312216206,S3-798703474,0.2966,0,1.0,0.2602,INDIA,same_name_diff_address,1
S1-66919166,S2-670971135,0.2961,0,0.8444,0.8889,US,high_name_high_address_wrong_entity,1
S1-377013464,S2-990246818,0.2961,0,0.95,0.9123,US,high_name_high_address_wrong_entity,1
S1-300729463,S3-217064737,0.296,0,0.7895,0.855,INDIA,franchise_duplicate_collision,1
S1-146480450,S2-334339020,0.2953,0,0.6094,1.0,US,same_building_wrong_entity,1
S1-616876855,S3-60624553,0.2948,0,0.9037,0.8506,US,high_name_high_address_wrong_entity,1
S1-280619430,S3-399145037,0.2935,0,0.8125,0.5768,US,franchise_duplicate_collision,1
S1-533324804,S2-40951240,0.2933,0,0.6916,0.95,US,same_building_wrong_entity,1
S1-437276754,S2-855867318,0.2929,0,0.95,0.7848,US,high_name_high_address_wrong_entity,1
S1-295491540,S2-203605006,0.2926,0,0.836,0.9148,INDIA,high_name_high_address_wrong_entity,1
S1-825569038,S3-703392146,0.2918,0,0.7727,0.8922,INDIA,franchise_duplicate_collision,1
S1-645857149,S3-992307474,0.2917,0,0.754,0.95,US,same_postal_wrong_entity,1
S1-446064333,S2-995407251,0.2917,0,0.8444,0.6763,INDIA,franchise_duplicate_collision,1
S1-920523644,S3-985999881,0.2916,0,0.95,0.8916,US,high_name_high_address_wrong_entity,1
S1-953830310,S3-371046108,0.2915,0,0.6577,0.8662,INDIA,medium_collision,1
S1-448331293,S2-194731735,0.2913,0,0.6133,0.95,US,same_building_wrong_entity,1
S1-240357195,S2-511034818,0.2912,0,0.5938,0.3,US,medium_collision,1
S1-593027994,S2-108003819,0.291,0,0.9,0.8604,US,high_name_high_address_wrong_entity,1
S1-810116060,S3-310672123,0.2908,0,0.8482,0.855,INDIA,high_name_high_address_wrong_entity,1
S1-860208855,S3-990844951,0.2908,0,0.9,0.9014,US,high_name_high_address_wrong_entity,1
S1-439467025,S2-975137364,0.2905,0,0.9,0.8703,INDIA,high_name_high_address_wrong_entity,1
S1-135968384,S3-510722138,0.2904,0,0.855,0.9014,US,high_name_high_address_wrong_entity,1
S1-420989434,S2-689199232,0.2903,0,0.375,1.0,US,same_address_diff_name,1
S1-480513490,S2-555993565,0.2901,0,0.95,0.9,US,high_name_high_address_wrong_entity,1
S1-680349108,S3-781544802,0.2898,0,0.9231,0.7848,US,high_name_high_address_wrong_entity,1
S1-524886672,S2-862310790,0.2889,0,0.95,0.7804,US,high_name_high_address_wrong_entity,1
S1-826450559,S2-861025053,0.2886,0,0.95,0.8,US,high_name_high_address_wrong_entity,1
S1-436129475,S2-881122979,0.2885,0,0.7159,0.8241,US,multilingual_collision,1
S1-871939929,S2-966646925,0.2878,0,0.5846,1.0,INDIA,same_building_wrong_entity,1
S1-996357554,S2-595076699,0.2875,0,0.855,0.8674,US,high_name_high_address_wrong_entity,1
S1-392418457,S2-943837425,0.2874,0,0.5768,1.0,INDIA,same_building_wrong_entity,1
S1-883558790,S2-988343179,0.2867,0,0.85,0.7353,US,high_name_high_address_wrong_entity,1
S1-786653779,S3-155642668,0.2862,0,0.855,0.7451,US,high_name_high_address_wrong_entity,1
S1-578532947,S3-728874089,0.2861,0,0.7917,0.8507,US,franchise_duplicate_collision,1
S1-880345876,S2-210307449,0.2855,0,0.95,0.8674,US,high_name_high_address_wrong_entity,1
S1-491836606,S3-449666683,0.2854,0,0.95,0.3,INDIA,same_name_diff_address,1
S1-281563292,S3-448622235,0.2851,0,0.95,0.6036,INDIA,franchise_duplicate_collision,1
S1-241377719,S2-11673481,0.2849,0,1.0,0.6849,INDIA,franchise_duplicate_collision,1
S1-896806493,S3-780112028,0.2848,0,0.9,0.641,US,franchise_duplicate_collision,1
S1-950231775,S3-964642759,0.2845,0,1.0,0.6415,INDIA,franchise_duplicate_collision,1
S1-983444406,S2-232733735,0.2844,0,0.9466,0.6488,US,franchise_duplicate_collision,1
S1-983444406,S2-277011495,0.2844,0,0.9466,0.6488,US,franchise_duplicate_collision,1
S1-448030348,S2-251350702,0.2841,0,0.8658,0.8906,US,high_name_high_address_wrong_entity,1
S1-782113706,S3-847686778,0.284,0,0.7975,0.9262,INDIA,franchise_duplicate_collision,1
S1-214641601,S2-993132183,0.2837,0,0.0968,0.855,INDIA,same_address_diff_name,1
S1-390314430,S2-379570118,0.2836,0,0.9,0.8531,US,high_name_high_address_wrong_entity,1
S1-110499704,S3-399606518,0.2834,0,0.855,0.8414,US,high_name_high_address_wrong_entity,1
S1-49384657,S3-616901496,0.2833,0,1.0,0.855,INDIA,high_name_high_address_wrong_entity,1
S1-709769204,S3-121120231,0.283,0,0.9,0.8235,US,high_name_high_address_wrong_entity,1
S1-379908939,S3-767139772,0.2829,0,0.9375,0.3325,US,same_name_diff_address,1
S1-148443975,S2-582726433,0.2828,0,0.36,1.0,US,same_address_diff_name,1
S1-814381257,S2-577152442,0.2828,0,0.9,0.8708,US,high_name_high_address_wrong_entity,1
S1-716138360,S2-473860578,0.2826,0,0.95,0.8867,US,high_name_high_address_wrong_entity,1
S1-373682615,S3-375685186,0.2826,0,0.5455,0.2812,INDIA,medium_collision,1
S1-301704164,S3-108624974,0.2825,0,0.766,0.8364,US,franchise_duplicate_collision,1
S1-936802274,S2-920055714,0.2822,0,0.8861,0.8852,US,high_name_high_address_wrong_entity,1
S1-227985910,S3-423600363,0.2822,0,0.95,0.8943,INDIA,high_name_high_address_wrong_entity,1
S1-500446051,S2-47833597,0.2821,0,0.9,0.8845,US,high_name_high_address_wrong_entity,1
S1-193985981,S2-846601787,0.2817,0,0.8197,0.8769,US,high_name_high_address_wrong_entity,1
S1-447771303,S2-836785809,0.2816,0,0.855,0.855,INDIA,high_name_high_address_wrong_entity,1
S1-403501666,S2-620639927,0.2812,0,0.9153,0.8235,US,high_name_high_address_wrong_entity,1
S1-10834227,S2-150677037,0.2805,0,0.95,0.8821,US,high_name_high_address_wrong_entity,1
S1-829293002,S2-651195822,0.2805,0,0.285,0.855,INDIA,same_address_diff_name,1
S1-769489723,S2-606051649,0.28,0,0.8196,0.8475,US,high_name_high_address_wrong_entity,1
S1-435224261,S3-970969209,0.279,0,0.95,0.8421,US,high_name_high_address_wrong_entity,1
S1-459497184,S3-887899879,0.2789,0,0.95,0.76,US,high_name_high_address_wrong_entity,1
S1-252701475,S2-255911343,0.2788,0,0.8557,0.88,US,high_name_high_address_wrong_entity,1
S1-561257827,S3-571978250,0.2784,0,0.7917,0.925,INDIA,franchise_duplicate_collision,1
S1-804006465,S2-141071273,0.2777,0,0.855,0.855,US,high_name_high_address_wrong_entity,1
S1-766371505,S3-352797612,0.2776,0,1.0,0.6129,US,franchise_duplicate_collision,1
S1-56865544,S2-827209329,0.2776,0,0.95,0.8986,INDIA,high_name_high_address_wrong_entity,1
S1-431073718,S3-854099867,0.2775,0,0.6577,0.7692,US,medium_collision,1
S1-17139950,S3-27033148,0.2773,0,0.9,0.9268,US,high_name_high_address_wrong_entity,1
S1-947235878,S2-341786765,0.2771,0,0.7619,0.855,US,multilingual_collision,1
S1-702945994,S2-30000293,0.277,0,0.95,0.6786,US,franchise_duplicate_collision,1
S1-599130534,S3-44866806,0.2766,0,0.9,0.8261,US,high_name_high_address_wrong_entity,1
S1-645248789,S3-713242485,0.2763,0,1.0,0.315,INDIA,same_name_diff_address,1
S1-42188065,S3-331488689,0.2762,0,0.9025,0.8016,US,high_name_high_address_wrong_entity,1
S1-499302479,S3-196749836,0.2756,0,0.855,0.855,US,high_name_high_address_wrong_entity,1
S1-922138518,S2-733401408,0.2756,0,0.9,0.931,INDIA,high_name_high_address_wrong_entity,1
S1-760539197,S2-707485579,0.2755,0,0.95,0.855,INDIA,high_name_high_address_wrong_entity,1
S1-454368598,S2-395633569,0.2753,0,0.855,0.817,INDIA,high_name_high_address_wrong_entity,1
S1-256244938,S3-865812576,0.2749,0,0.7475,0.8427,INDIA,medium_collision,1
S1-884582394,S3-562000168,0.2748,0,0.3789,0.8966,US,same_address_diff_name,1
S1-374433745,S2-873863973,0.2743,0,0.3375,1.0,US,same_address_diff_name,1
S1-223441953,S2-805350891,0.2743,0,0.9,0.8473,US,high_name_high_address_wrong_entity,1
S1-656001809,S2-451773321,0.2737,0,0.95,0.8615,US,high_name_high_address_wrong_entity,1
S1-495274324,S2-304668419,0.2732,0,0.9,0.9048,INDIA,high_name_high_address_wrong_entity,1
S1-949275099,S3-902504315,0.2732,0,0.9,0.8947,US,high_name_high_address_wrong_entity,1
S1-35605069,S3-267097469,0.2731,0,1.0,0.855,INDIA,high_name_high_address_wrong_entity,1
S1-682566226,S2-519174868,0.2731,0,0.855,0.855,INDIA,high_name_high_address_wrong_entity,1
S1-682566226,S2-958078044,0.2731,0,0.855,0.855,INDIA,high_name_high_address_wrong_entity,1
S1-167523005,S2-361324104,0.2731,0,0.855,0.7869,US,high_name_high_address_wrong_entity,1
S1-673642568,S2-176107287,0.273,0,0.8591,0.855,US,high_name_high_address_wrong_entity,1
S1-355322690,S3-380585975,0.2727,0,0.6742,0.9259,US,medium_collision,1
S1-679253083,S3-319763698,0.2724,0,0.45,1.0,US,same_building_wrong_entity,1
S1-832762477,S2-499925792,0.2722,0,0.9,0.8167,INDIA,high_name_high_address_wrong_entity,1
S1-366175693,S2-147837164,0.2719,0,0.9,0.9203,INDIA,high_name_high_address_wrong_entity,1
S1-160069201,S3-121371495,0.2718,0,0.95,0.855,US,high_name_high_address_wrong_entity,1
S1-182663565,S2-919750275,0.2716,0,0.5143,0.9841,US,same_postal_wrong_entity,1
S1-579058766,S2-193919908,0.2712,0,0.8721,0.855,INDIA,high_name_high_address_wrong_entity,1
S1-641767808,S3-384556470,0.2712,0,0.8136,0.8706,US,high_name_high_address_wrong_entity,1
S1-716596465,S3-523692251,0.2708,0,0.9,0.8732,US,high_name_high_address_wrong_entity,1
S1-61264512,S2-883311345,0.2706,0,0.7216,0.3375,INDIA,medium_collision,1
S1-227373654,S3-218788978,0.2704,0,1.0,0.855,INDIA,high_name_high_address_wrong_entity,1
S1-758800585,S2-730548434,0.2701,0,0.3886,1.0,US,same_address_diff_name,1
S1-167284834,S3-562893310,0.27,0,0.7896,0.8986,US,franchise_duplicate_collision,1
S1-400480189,S2-391066734,0.2694,0,0.8571,0.8941,INDIA,high_name_high_address_wrong_entity,1
S1-457542960,S2-843696782,0.2693,0,0.8148,0.9161,US,high_name_high_address_wrong_entity,1
S1-80617291,S3-361291631,0.2692,0,1.0,0.5424,INDIA,franchise_duplicate_collision,1
S1-917221044,S2-427943493,0.2691,0,0.9,0.9157,INDIA,high_name_high_address_wrong_entity,1
S1-860267245,S2-416936470,0.2689,0,0.95,0.88,US,high_name_high_address_wrong_entity,1
S1-813399689,S2-685398608,0.2685,0,0.821,0.7331,INDIA,high_name_high_address_wrong_entity,1
S1-266411393,S3-791629494,0.2683,0,1.0,0.5736,US,franchise_duplicate_collision,1
S1-651911804,S2-984567510,0.2681,0,0.8028,0.25,US,franchise_duplicate_collision,1
S1-134896364,S2-378426787,0.2675,0,0.8143,0.9263,INDIA,high_name_high_address_wrong_entity,1
S1-291195338,S3-255356687,0.267,0,0.95,0.2748,INDIA,same_name_diff_address,1
S1-237456991,S3-59201392,0.2669,0,0.9,0.8333,US,high_name_high_address_wrong_entity,1
S1-33824155,S2-458024880,0.2667,0,0.855,0.8674,US,high_name_high_address_wrong_entity,1
S1-654398062,S2-894688990,0.2666,0,0.9067,0.7062,INDIA,high_name_high_address_wrong_entity,1
S1-70611596,S3-836226718,0.2652,0,0.8608,0.841,INDIA,high_name_high_address_wrong_entity,1
S1-930448594,S3-965977658,0.265,0,0.855,0.7871,US,high_name_high_address_wrong_entity,1
S1-927060608,S2-262756665,0.265,0,0.95,0.8957,US,high_name_high_address_wrong_entity,1
S1-794390792,S2-557018937,0.2646,0,0.9,0.8667,US,high_name_high_address_wrong_entity,1
S1-586576737,S2-794399457,0.2646,0,0.855,0.8382,US,high_name_high_address_wrong_entity,1
S1-44306388,S2-130820704,0.2645,0,0.45,1.0,US,same_building_wrong_entity,1
S1-15509991,S2-634312605,0.2645,0,0.819,0.8313,INDIA,high_name_high_address_wrong_entity,1
S1-306567998,S2-167975800,0.2645,0,0.7787,1.0,US,same_building_wrong_entity,1
S1-927756590,S3-801590554,0.2641,0,0.9,0.8887,US,high_name_high_address_wrong_entity,1
S1-119092457,S2-925239029,0.264,0,0.95,0.8962,US,high_name_high_address_wrong_entity,1
S1-249331998,S2-48454327,0.2639,0,0.855,0.7673,US,high_name_high_address_wrong_entity,1
S1-901465998,S2-463036880,0.2639,0,0.8636,0.8322,INDIA,high_name_high_address_wrong_entity,1
S1-862386768,S3-332758227,0.2631,0,1.0,0.855,INDIA,high_name_high_address_wrong_entity,1
S1-862386768,S3-960517178,0.2631,0,1.0,0.855,INDIA,high_name_high_address_wrong_entity,1
S1-465687361,S2-972692837,0.2631,0,0.6628,0.9172,US,same_building_wrong_entity,1
S1-860016624,S2-240302274,0.2629,0,0.9142,0.8107,US,high_name_high_address_wrong_entity,1
S1-33409354,S3-381948362,0.2627,0,0.95,0.8485,US,high_name_high_address_wrong_entity,1
S1-731807919,S3-206744820,0.2625,0,0.855,0.8022,US,high_name_high_address_wrong_entity,1
S1-185958926,S3-692231259,0.2624,0,0.9,0.8857,US,high_name_high_address_wrong_entity,1
S1-949737118,S3-213282669,0.2623,0,0.855,0.8382,US,high_name_high_address_wrong_entity,1
S1-44306388,S2-394676895,0.262,0,0.4604,1.0,US,same_building_wrong_entity,1
S1-44306388,S2-877460412,0.262,0,0.4604,1.0,US,same_building_wrong_entity,1
S1-15121639,S2-111473543,0.2617,0,0.8245,0.8915,INDIA,high_name_high_address_wrong_entity,1
S1-875030886,S2-903855871,0.2615,0,0.9,0.92,INDIA,high_name_high_address_wrong_entity,1
S1-469292886,S2-762738200,0.2601,0,0.2162,0.9375,US,same_address_diff_name,1
S1-529927615,S3-761495838,0.2598,0,0.95,0.375,INDIA,franchise_duplicate_collision,1
S1-7374633,S2-905034034,0.2595,0,0.9,0.9295,INDIA,high_name_high_address_wrong_entity,1
S1-990084970,S3-381063830,0.259,0,0.8205,0.8695,INDIA,high_name_high_address_wrong_entity,1
S1-363684298,S3-676810731,0.259,0,0.3077,1.0,INDIA,same_address_diff_name,1
S1-168909329,S2-852572681,0.259,0,0.855,0.7917,US,high_name_high_address_wrong_entity,1
S1-615330564,S2-928815433,0.2587,0,0.95,0.8358,US,high_name_high_address_wrong_entity,1
S1-375143705,S2-724164731,0.2587,0,0.8444,0.7493,INDIA,high_name_high_address_wrong_entity,1
S1-596982812,S3-544169009,0.2584,0,0.855,1.0,INDIA,high_name_high_address_wrong_entity,1
S1-448781365,S3-366640779,0.2581,0,1.0,0.855,INDIA,high_name_high_address_wrong_entity,1
S1-170822220,S2-464323738,0.2579,0,0.7703,0.95,INDIA,franchise_duplicate_collision,1
S1-937301002,S2-362657418,0.2576,0,0.76,0.855,INDIA,franchise_duplicate_collision,1
S1-368756424,S3-738699976,0.2575,0,0.855,0.798,US,high_name_high_address_wrong_entity,1
S1-692019373,S3-579422554,0.2572,0,1.0,0.3563,INDIA,franchise_duplicate_collision,1
S1-792189869,S3-130142245,0.2571,0,0.95,0.855,INDIA,high_name_high_address_wrong_entity,1
S1-221968872,S2-205580135,0.2568,0,0.9,0.9508,US,high_name_high_address_wrong_entity,1
S1-28619519,S2-866517499,0.2566,0,0.9533,0.9,US,high_name_high_address_wrong_entity,1
S1-893578666,S2-363325499,0.2566,0,0.8923,0.9643,US,high_name_high_address_wrong_entity,1
S1-449989938,S3-953010563,0.2565,0,0.95,0.8767,US,high_name_high_address_wrong_entity,1
S1-475355872,S2-312190107,0.2563,0,0.95,0.8796,US,high_name_high_address_wrong_entity,1
S1-565443533,S3-156749086,0.2559,0,0.45,0.95,US,medium_collision,1
S1-33936646,S3-808606291,0.2558,0,0.95,0.7446,US,high_name_high_address_wrong_entity,1
S1-176795560,S3-650996413,0.2555,0,0.375,0.8769,US,same_address_diff_name,1
S1-246263835,S2-79394983,0.2553,0,0.7541,0.8569,INDIA,franchise_duplicate_collision,1
S1-148443975,S2-399115854,0.2551,0,0.36,1.0,US,same_address_diff_name,1
S1-861376140,S2-905986639,0.255,0,0.95,0.8438,US,high_name_high_address_wrong_entity,1
S1-230973943,S3-57585788,0.255,0,0.95,0.855,INDIA,high_name_high_address_wrong_entity,1
S1-368734983,S2-373808448,0.2549,0,1.0,0.5797,INDIA,franchise_duplicate_collision,1
S1-836229579,S3-640845728,0.2547,0,0.8143,0.855,INDIA,high_name_high_address_wrong_entity,1
S1-148967826,S3-569483371,0.2545,0,0.95,0.8489,US,high_name_high_address_wrong_entity,1
S1-644355041,S2-797100035,0.2542,0,0.8955,0.8769,US,high_name_high_address_wrong_entity,1
S1-744392625,S2-11028047,0.2529,0,0.4909,0.95,US,same_postal_wrong_entity,1
S1-364634255,S2-583050137,0.2528,0,0.8143,0.8743,INDIA,high_name_high_address_wrong_entity,1
S1-816664977,S2-836732017,0.2513,0,0.7586,0.9194,US,franchise_duplicate_collision,1
S1-337610024,S3-134429837,0.2507,0,0.855,0.2758,INDIA,same_name_diff_address,1
S1-337610024,S3-363150121,0.2507,0,0.855,0.2758,INDIA,same_name_diff_address,1
S1-359585335,S2-64622533,0.2506,0,0.95,0.8867,US,high_name_high_address_wrong_entity,1
S1-656658958,S2-664766373,0.2506,0,0.9,0.9243,US,high_name_high_address_wrong_entity,1
S1-169435195,S2-106053624,0.2505,0,0.8274,0.9099,INDIA,high_name_high_address_wrong_entity,1
S1-579210779,S3-42324763,0.2502,0,0.9,0.8224,US,high_name_high_address_wrong_entity,1
