s1_id,target_id,target_source,s1_name,target_name,name_fuzz_ratio,name_token_overlap,s1_address,target_address,addr_fuzz_ratio,addr_token_overlap,numeric_overlap,s1_country,target_country,failure_category
S1-658151638,S2-538524338,S2,Empire Foundation,empirefoundationcom,77.77777777777779,0,"43 Debbie Drive, Stafford County, VA","DEBBIE DR, FREDERICKSBURG, VA",30.76923076923077,2,0,US,US,"Disjoint Business Name Tokens (Address Common, Name Sub-threshold)"
S1-558634684,S2-536166686,S2,Prime Food Private Limited,PRIME PRIVATE LIMITED SERVICE,18.181818181818176,3,"Plot No. 23, Zone-1 M.P. Nagar, Bhopal, Madhya Pradesh","NO 23 , ZONE-1 M.P. NAGAR, BHOPAL, मध्य प्रदेश",43.99999999999999,8,2,India,India,Low Character N-gram Similarity (Sub-Top-K TF-IDF)
S1-908551239,S3-719062371,S3,Sun Solutions Private Limited,सन सॉल्यूशंस प्राइवेट लिमिटेड,10.344827586206895,0,"F No. 403, Sudha Nill Aptt, New P P Colony, Patliputra, Patna, Bihar","बिहार, Patna, F No. 403",19.780219780219777,4,1,India,India,"Disjoint Business Name Tokens (Address Common, Name Sub-threshold)"
S1-449643256,S3-463040798,S3,Ss Solutions Private Limited,எஸ்எஸ் சொல்யூஷன்ஸ் பிரைவேட் லிமிடெட்,9.375,0,"Oz-11/4, Sipcot, Hi-Tech Sez, Oragadam, Sriperumbudur Taluk, Kancheepuram Distri, Ct, Sriperumbudur, Tiruvallur, Tamil Nadu","Oz-11/4, Kanchipuram, TN",31.292517006802722,3,2,India,India,"Disjoint Business Name Tokens (Address Common, Name Sub-threshold)"
S1-777555607,S3-10840656,S3,Digital Ventures Limited,डिजिटल वेंचर्स लिमिटेड,8.695652173913048,0,"New Delhi, Hari Nagar Extention Baderpur, South Delhi, 12-C, Delhi","12-C, N/A, South East, New Delhi, DL",37.254901960784316,5,1,India,India,"Disjoint Business Name Tokens (Address Common, Name Sub-threshold)"
S1-424010232,S2-333616908,S2,Good Systems Private Limited,गुड Systems प्राइवेट लिमिटेड,35.71428571428571,1,"Pune, Sai Ambience, Maharashtra, Pune, B-1001, Pimple Saudagar","H.NO 587 SAI AMBIENCE, PUNE, महाराष्ट्र",19.8019801980198,3,0,India,India,Low Character N-gram Similarity (Sub-Top-K TF-IDF)
S1-824906869,S2-46591526,S2,New Impex Private Limited,ന്യൂ ഇംപെക്സ് പ്രൈവറ്റ് ലിമിറ്റഡ്,10.344827586206895,0,"475/A-19, Devagiri, Near Technopark Phase Iv, Mangalapuram, Chirayinkeezhu, Thiruvananthapuram, Trivandrum, Kerala","475/A-19, THIRUVANANTHAPURAM, TRIVANDRUM, കേരളം",23.60248447204969,5,2,India,India,"Disjoint Business Name Tokens (Address Common, Name Sub-threshold)"
S1-355685907,S2-979678502,S2,"Regional Scientific, LLC",CENTER REGIONAL LLC,27.906976744186053,2,"1424 Cottage View Lane, Nashville, TN","COTTAGE VIEW LN, ANTIOCH, TN",36.92307692307693,3,0,US,US,Low Character N-gram Similarity (Sub-Top-K TF-IDF)
S1-933384875,S3-773914201,S3,Universal Agro Private Limited,Smt universalagrocom,48.0,0,"18/137 Mhb Colony, Sarvoday Nagar, Nr Hema Ind, Nr Samarth Vidyalay, Jogeshwari East, Mumbai, Mumbai City, Maharashtra","D/18/137 Mhb Colony, Mumbai, Vasai, महाराष्ट्र",37.80487804878049,5,2,India,India,"Disjoint Business Name Tokens (Address Common, Name Sub-threshold)"
S1-327685774,S2-495893925,S2,Vantus Islands PC,Center Vantus PC,54.54545454545454,2,"4421 Florin Road, Sacramento, CA","PARKWAY, CA, 4421 FLORIN RD",27.118644067796616,3,1,US,US,Low Character N-gram Similarity (Sub-Top-K TF-IDF)
S1-746998714,S3-403266982,S3,Shyam Swastik Investments Pvt Ltd,श्याम स्वस्तिक इन्वेस्टमेंट्स प्रा. लि.,11.111111111111116,0,"Block 2A & 2B, Dlf Corporate Park, Dlf City Phase Iii, M.G. Road, Gurgaon, Haryana, India., Dlf Qe, Gurgaon, Haryana","Block 2A & 2B, Mg Road, Gurgaon, HR",43.70860927152318,6,0,India,India,"Disjoint Business Name Tokens (Address Common, Name Sub-threshold)"
S1-292649689,S3-110738950,S3,Global Services Private Limited,গ্লোবাল সার্ভিসেস প্রাইভেট লিমিটেড,9.230769230769232,0,"2-Floor, 2/D Panditya Road, Kolkata, Kolkata, Howrah, West Bengal","2-Floor., Howrah, N/A, WB, Kolkata",44.44444444444444,4,1,India,India,"Disjoint Business Name Tokens (Address Common, Name Sub-threshold)"
S1-39641619,S3-245091850,S3,Global Global Private Limited,ग्लोबल ग्लोबल प्राइवेट लिमिटेड,10.169491525423723,0,"Virar, Maharashtra, Thakur Arcade, Above Viva Super Market, Virar (West), Thane, 28-30","28-30, Palghar, महाराष्ट्र",14.28571428571429,2,2,India,India,"Disjoint Business Name Tokens (Address Common, Name Sub-threshold)"
S1-860641883,S2-247002016,S2,Sun Traders Clinic,Shri VANTAGEPYRA,17.647058823529417,0,"S No 7-1, Konark Puram, Bldg-D-4, Pune City, Pune, Maharashtra","S NO 7-1, PUNE, PUNE CITY, महाराष्ट्र",34.34343434343434,6,2,India,India,"Disjoint Business Name Tokens (Address Common, Name Sub-threshold)"
S1-239986792,S2-615936168,S2,Krishna Software Pvt Ltd,कृष्ण सॉफ्टवेयर प्रा. लि.,12.244897959183676,0,"A02, Omkar Building Mathura Nagar Taaki Road Nallasopara East, Palghar, Nallasopara, Thane, Maharashtra","A002, THANE, महाराष्ट्र",15.873015873015872,1,0,India,India,"Disjoint Business Name Tokens (Address Common, Name Sub-threshold)"
S1-387694500,S3-77197957,S3,Bombay Power Private Limited,Bombay Private Límited Center,73.6842105263158,2,"No: 32/2, 2Nd Floor, Mcc Towers, Opp To Sigma Soft Tech Park, Whitefield Main Road, Ramagon, Danahalli, Bangalore, Karnataka",,0.0,0,0,India,India,Target Address Completely Missing + Typo in Name
S1-623950425,S3-581800682,S3,Dynamic King,Dynamicking.Com,74.07407407407408,0,"4517 Foothills Drive, Halls Crossroads, TN","4517. Foothills Drive, PO Box 4034, Knoxville, Tennessee",57.14285714285714,3,1,US,US,"Disjoint Business Name Tokens (Address Common, Name Sub-threshold)"
S1-858511549,S2-808515212,S2,Swastik Logistics Private Limited,స్వస్తిక్ లాజిస్టిక్స్ ప్రైవేట్ లిమిటెడ్,8.21917808219178,0,"Sy No. 33/1, D No. 2-54/4, Vanasthali Hills, Thattiannaram, Pedamberpet, Hayathnagar, Hyderabad, Telangana","SY NO. D/33/1, HAYATHNAGAR, Andhra Pradesh",32.432432432432435,6,2,India,India,"Disjoint Business Name Tokens (Address Common, Name Sub-threshold)"
S1-429137290,S3-662198606,S3,Xenon Products Limited,Xenon Próducts,72.22222222222221,1,"Block A-5, Mianwali Nagar, Paschim Vihar, West Delhi, Delhi, New Delhi, H.No. 10","H.no. 10, New Delhi, West Delhi, दिल्ली",38.65546218487395,6,1,India,India,Low Character N-gram Similarity (Sub-Top-K TF-IDF)
S1-674438455,S3-402663190,S3,Om Foundation Private Limited,ಓಂ ಫೌಂಡೇಶನ್ ಪ್ರೈವೇಟ್ ಲಿಮಿಟೆಡ್,10.344827586206895,0,"No-34, 3Rd Cross, Dollar Colony Rmv 2Nd Stage, Bangalore, Karnataka","No-34, Bangalore, KA",43.67816091954023,3,1,India,India,"Disjoint Business Name Tokens (Address Common, Name Sub-threshold)"
S1-677741106,S2-148794360,S2,Paul Holdings,Paul,47.05882352941176,1,"C/O- Akhilesh Kr Chauhan Patwatoli, Near Naksha Ghar, Hajipur, Vaishali, Bihar",,0.0,0,0,India,India,Target Address Completely Missing + Typo in Name
S1-99005429,S3-178346615,S3,Aditya Ace Finance Pvt Ltd,ആദിത്യ എയ്സ് ഫിനാൻസ് പ്രൈവറ്റ് ലിമിറ്റഡ്,12.121212121212121,0,"393/18, Anakkuzhy, Nedumangad, Thiruvananthapuram, Trivandrum, Kerala","393/18, Trivandrum, KL",46.15384615384615,3,2,India,India,"Disjoint Business Name Tokens (Address Common, Name Sub-threshold)"
S1-648894561,S3-792976560,S3,Supreme Consultants Private Limited,सुप्रीम कंसल्टेंट्स प्राइवेट लिमिटेड,8.450704225352112,0,"236 & 237, The Galleria Dlf, Second Floor, Mayur Vihar Ext-1, Noida Link Road, New Delhi, East Delhi, Delhi","East Delhi, Door No 236 & 237, New Delhi, दिल्ली",34.83870967741935,6,2,India,India,"Disjoint Business Name Tokens (Address Common, Name Sub-threshold)"
S1-80960427,S2-114199102,S2,Hari Ram Infrastructure Private Limited,Hari Ram Private Limited Service,67.6056338028169,4,"No.29 Moore Street, Chennai, Tamil Nadu",,0.0,0,0,India,India,Target Address Completely Missing + Typo in Name
S1-720173062,S2-332450198,S2,Maurita's Crystal Wellness Inc,Vantagesol,25.0,0,"20198 Brookview Square, Loudoun County, VA","20197 BROOKVIEW SQ, ASHBURRN CITY, VA",40.50632911392405,2,0,US,US,"Disjoint Business Name Tokens (Address Common, Name Sub-threshold)"
S1-42826659,S3-697310633,S3,Harbor Sterling,Harbor Sgnerlien,83.87096774193549,1,"18795 Homestead Road, Ralph, AL",,0.0,0,0,US,US,Target Address Completely Missing + Typo in Name
S1-461144982,S3-959386191,S3,Vandana International School,Smt Vandana School International - 6818185029,60.273972602739725,3,"Peoplei, D59/365B, Shivpurva, Varanasi, Uttar Pradesh","Plot 604 Peoplei, Varanasi, UP",50.60240963855422,2,0,India,India,Low Character N-gram Similarity (Sub-Top-K TF-IDF)
S1-218948566,S3-666592235,S3,Vision Global Solutions Private Limited,विजन ग्लोबल सॉल्यूशंस प्राइवेट लिमिटेड,10.389610389610393,0,"Pune, Midc, Industrial Estate Bhosari, W51, Pune, Maharashtra","Greater Bombay, MH, W51, Pune",42.22222222222223,2,0,India,India,"Disjoint Business Name Tokens (Address Common, Name Sub-threshold)"
S1-536948776,S2-376450162,S2,I+ Corporate Inc.,I+ Coporae Inc.,93.75,2,"718 94, Warwick, NY","718 94, PMB 8827, FLORDA, NY",51.06382978723405,3,2,US,US,Low Character N-gram Similarity (Sub-Top-K TF-IDF)
S1-292649689,S2-581839464,S2,Global Services Private Limited,গ্লোবাল সার্ভিসেস প্রাইভেট লিমিটেড,9.230769230769232,0,"2-Floor, 2/D Panditya Road, Kolkata, Kolkata, Howrah, West Bengal","H.NO 411 2-FLOOR, 2/D PANDITYA ROAD, KOLKATA, CALCUTTA, HOWRAH, পশ্চিমবঙ্গ",31.654676258992808,7,1,India,India,"Disjoint Business Name Tokens (Address Common, Name Sub-threshold)"
S1-916406672,S3-168595840,S3,Gibson Fashion LLC,Gibson LLC Services,54.054054054054056,2,"23326 53rd Avenue, Kent, WA","53rd Ave, Washington, KENT",52.83018867924528,2,0,US,US,Low Character N-gram Similarity (Sub-Top-K TF-IDF)
S1-299370956,S2-82445009,S2,Arihant Construction Limited,అరిహంత్ కన్‌స్ట్రక్షన్ లిమిటెడ్,6.779661016949157,0,"Door No. 50/2, Thokara, Visakhapatnam, Visakhapatnam, Vishakhapatnam, Andhra Pradesh","DOOR NO. 50/2, NULL, VISAKHAPATNAM, VISHAKHAPATNAM, ఆంధ్రప్రదేశ్",25.67567567567568,6,2,India,India,"Disjoint Business Name Tokens (Address Common, Name Sub-threshold)"
S1-720206442,S2-738561491,S2,LK Global Mozayyx LLC,LK Global,60.0,2,"403 6th Street, Newport, TN","403 SIXHT ST, BYBEE, TN",48.0,2,1,US,US,Low Character N-gram Similarity (Sub-Top-K TF-IDF)
S1-867508043,S2-648932460,S2,ON Berkley LLC,ON  BEDKLY LLC,57.14285714285714,2,"1708 Patricia Court, Upper Allen Township, PA","PA, MECAHNICSBURG, 1708-1710 PATRICIA COURT",22.72727272727273,4,1,US,US,Low Character N-gram Similarity (Sub-Top-K TF-IDF)
S1-725482440,S2-897894809,S2,Guru International Private Limited,गुरु इंटरनेशनल प्राइवेट लिमिटेड,9.230769230769232,0,"Plot No - D-13/5, 13/6 13/7 Ttc Indl Area Turbhe, Navi Mumbai, Thane, Maharashtra","PLOT 277 PLOT NO - D-13/5, THANE, NAVI MUMBAI, Maharashtra",48.92086330935251,9,2,India,India,"Disjoint Business Name Tokens (Address Common, Name Sub-threshold)"
S1-684772333,S2-375054962,S2,Vijay Consultancy Private Limited,विजय कंसल्टेंसी प्राइवेट लिमिटेड,9.230769230769232,0,"Plot No. 813/1, Vikas Cinemall, Situated At G.T. Road, Naveen, Shahdara, Delhi","DOOR NO 813/1, NORTH EAST DELHI, SHAHDARA, Delhi",38.095238095238095,5,2,India,India,"Disjoint Business Name Tokens (Address Common, Name Sub-threshold)"
S1-908551239,S2-788299668,S2,Sun Solutions Private Limited,सन सॉल्यूशंस प्राइवेट लिमिटेड,10.344827586206895,0,"F No. 403, Sudha Nill Aptt, New P P Colony, Patliputra, Patna, Bihar","PATNA, F NO. 40, PATNA, Bihar",37.11340206185567,4,0,India,India,"Disjoint Business Name Tokens (Address Common, Name Sub-threshold)"
S1-195381333,S2-321392297,S2,Jaipur Systems Pvt Ltd,ARIANEXARIA,0.0,0,"Business Avenue, B-12, S-2 Iind Floor Above Idbi Bank, Govind Marg, Raja Park, Adars, H Nagar, Jaipur, Rajasthan","BUSINESS AVENUE, NEW DELHI, JAIPUR, राजस्थान",17.948717948717952,3,0,India,India,"Disjoint Business Name Tokens (Address Common, Name Sub-threshold)"
S1-673367190,S2-533461703,S2,Total Audio Installation Inc,Total Installation Inc Center,77.19298245614034,3,"Proctor, MN, 9330 Skyline Parkway",,0.0,0,0,US,US,Target Address Completely Missing + Typo in Name
S1-56629354,S2-592774385,S2,Classic Engineering Pvt Ltd,క్లాసిక్ ఇంజనీరింగ్ ప్రైవేట్ లిమిటెడ్,9.375,0,"7-2-C-14, Industrial Estate, Sanath Nagar, Balanagar, Hyderabad, Telangana","తెలంగాణ, RANGA REDDY, HYDERABAD, B3/7-2-C-14",15.254237288135597,5,3,India,India,"Disjoint Business Name Tokens (Address Common, Name Sub-threshold)"
S1-758075760,S3-449179044,S3,Bharat Investments,Bharat Services Enterprises,57.77777777777777,1,"No 7, 3Rd Floor, N.W.A Club Road Market Sector Iv Market, West Punjabi Bagh, New Delhi, Delhi",,0.0,0,0,India,India,Target Address Completely Missing + Typo in Name
S1-53041046,S2-219647551,S2,Guru Care LLP,गुरु केयर एलएलपी,13.793103448275868,0,"Gali No. 3, Behind City, Mall, Vijay Nagar, Gokalgarh, Rewari, Haryana","GALI NO. 3, null, DIVREPORTINGCIRCLE, Haryana",45.21739130434783,4,1,India,India,"Disjoint Business Name Tokens (Address Common, Name Sub-threshold)"
S1-867508043,S3-713528352,S3,ON Berkley LLC,ON 8erkley L.L.C.,83.87096774193549,1,"1708 Patricia Court, Upper Allen Township, PA","#1708 Patricia Ct, Mechanicsburg, Pennsylvania",57.14285714285714,2,1,US,US,Low Character N-gram Similarity (Sub-Top-K TF-IDF)
S1-462934046,S2-451801050,S2,"Eye Specialists, Inc","Eye Spbcialstf, Inc",87.17948717948718,2,"120 Shutterlee Mill Lane, Augusta County, VA","NULL, VA, STAUNTON, 120-B SHUTTERLEE MILL LANE",22.22222222222222,5,1,US,US,Low Character N-gram Similarity (Sub-Top-K TF-IDF)
S1-997553932,S3-617087258,S3,Regional International LLC,Regional LLC [Service],50.0,2,"407 Clinton Street, Brayton, IA","407-A Clinton Saint, Exira, Iowa",66.66666666666667,2,1,US,US,Low Character N-gram Similarity (Sub-Top-K TF-IDF)
S1-26989708,S2-171688873,S2,Innovative Food Private Limited,इनोवेटिव फूड प्राइवेट लिमिटेड,9.999999999999998,0,"E-57A, Sector-63, Noida, Ghaziabad, Uttar Pradesh","E-A-57A, उत्तर प्रदेश, NOIDA, GHAZIABAD, SECTOR-63",30.303030303030297,6,1,India,India,"Disjoint Business Name Tokens (Address Common, Name Sub-threshold)"
S1-629636563,S3-876209103,S3,Bhavishya Finance Private Limited,Sri Bhavishya Private Limited Center,72.46376811594203,3,"Ewa- 224, Nand Gaon, Kalindipuram, Allahabad, Lucknow, Uttar Pradesh","Ewa- 224, Kaushambi, UP",43.956043956043956,2,1,India,India,Low Character N-gram Similarity (Sub-Top-K TF-IDF)
S1-919196591,S2-203393822,S2,Golden Foundation Private Limited,गोल्डन फाउंडेशन प्राइवेट लिमिटेड,9.230769230769232,0,"202, 2Nd Floor, Plot No. A/15, Jai Krishna Complex, Off Veera Desai Road, Mumbai, Maharashtra","BLOCK E-610 202, BOMBAY, MUMBAI, महाराष्ट्र",16.176470588235293,2,1,India,India,"Disjoint Business Name Tokens (Address Common, Name Sub-threshold)"
S1-199459184,S3-17922063,S3,Best Trading Limited,Best-Traamslng Limited,80.95238095238095,2,"Door No 43/3437, Nh Bypass, Ernakulam, Kerala",,0.0,0,0,India,India,Target Address Completely Missing + Typo in Name
S1-209962563,S3-457599522,S3,Apex Media Private Limited,एपेक्स Media Private Limited,81.4814814814815,3,"304, 3Rd Floor, Plot No. 1 Rg Complex, Rohini Sector-8, New Delhi, North West, Delhi","304, New Delhi, North West, DL",50.877192982456144,5,1,India,India,Low Character N-gram Similarity (Sub-Top-K TF-IDF)
S1-552658307,S3-660932884,S3,Yamuora Agro Pvt. Ltd.,yamuoraagro.com,54.054054054054056,0,"Gr Fl-Fr, Fl-13/ Higu, 13/2 Biren Roy Road(West), Kolkata, Kolkata, Howrah, West Bengal","Gr Fl-fr, Calcutta, Howrah, পশ্চিমবঙ্গ",38.4,4,0,India,India,"Disjoint Business Name Tokens (Address Common, Name Sub-threshold)"
S1-430362117,S2-666248544,S2,Dream Consultancy LLP,డ్రీమ్ కన్సల్టెన్సీ ఎల్‌ఎల్‌పీ,7.843137254901967,0,"Flat No.514, A Block, Sai Tirumala Towers, Plot No:85 To 88, Champapet, Saroornagar, Hyderabad, Telangana","Andhra Pradesh, HYDERABAD, SAROORNAGAR, H.NO 514",20.915032679738566,4,1,India,India,"Disjoint Business Name Tokens (Address Common, Name Sub-threshold)"
S1-192763800,S2-57500772,S2,FJ Hill LLC,FJ Hi1l (LLC),83.33333333333334,2,"219 Country Meadow Court, Mansfield, TX",,0.0,0,0,US,US,Target Address Completely Missing + Typo in Name
S1-50821480,S2-265833219,S2,Sr Trexim Private Limited,treximsrprivate.com,54.54545454545454,0,"Shop No. 3 J - 5/33, Rajouri Garden, New Delhi, West Delhi, Delhi","WEST DELHI, SHOP NO. C-3 J - 5/33, Delhi",41.9047619047619,8,3,India,India,"Disjoint Business Name Tokens (Address Common, Name Sub-threshold)"
S1-777555607,S3-632142415,S3,Digital Ventures Limited,डिजिटल वेंचर्स लिमिटेड,8.695652173913048,0,"New Delhi, Hari Nagar Extention Baderpur, South Delhi, 12-C, Delhi","12-C, N/A, South Delhi, DL",41.30434782608695,4,1,India,India,"Disjoint Business Name Tokens (Address Common, Name Sub-threshold)"
S1-898630961,S2-484694083,S2,Best Infra Limited,बेस्ट इंफ्रा लिमिटेड,10.526315789473683,0,"Naman Centre, C-31, Bandra Kurla Complex, G-Block, Opp Dena Bank, Mumbai, Maharashtra","NAMAN CENTRE, MUMBAI, Maharashtra",32.20338983050848,4,0,India,India,"Disjoint Business Name Tokens (Address Common, Name Sub-threshold)"
S1-752971281,S2-373119092,S2,Physical Therapy Associates Inc,Physical Therapy Associates Enterprises,82.85714285714285,3,"1219 Siniard Drive, Huntsville, AL",,0.0,0,0,US,US,Target Address Completely Missing + Typo in Name
S1-203925563,S2-708565859,S2,Balaji Impex,বালাজি ইম্পেক্স,7.4074074074074066,0,"Kolkata, 3/29/1, Howrah, Bl C, Fl 320H 202, Jessore Road, North 24 Pgs, West Bengal","3/29/1, West Bengal, DUMDUM",34.54545454545455,5,3,India,India,"Disjoint Business Name Tokens (Address Common, Name Sub-threshold)"
S1-914958503,S3-243484559,S3,New Ventures Private Limited,New Venteuoes Private Limited,94.73684210526316,3,"No. 46, First Floor, Kirupa Sankari Street, Chennai City Corporation, Chennai, Tamil Nadu","No. 46, Chennai City Corporation, Chennai, தமிழ்நாடு",60.99290780141844,5,1,India,India,Low Character N-gram Similarity (Sub-Top-K TF-IDF)
S1-434802827,S2-12329055,S2,Laborers Union Local No 40,No Union Laborers 40 Services,50.90909090909091,4,"865 Kings Parkway, Hempstead, NY","NY, BALDWIN, 560 KINGS PKWY",20.33898305084746,2,0,US,US,Low Character N-gram Similarity (Sub-Top-K TF-IDF)
S1-595727368,S2-941234052,S2,Heart Council VI,Heart VI Services,48.484848484848484,2,"3496 64th Street, Altoona, IA","3496 64ST STREET, CLAY TWP, IA",54.23728813559322,3,1,US,US,Low Character N-gram Similarity (Sub-Top-K TF-IDF)
S1-153348996,S2-834580086,S2,Ss Business LLP,എസ്എസ് ബിസിനസ് എൽഎൽപി,11.111111111111116,0,"19/58, 19/53, C1 Manjumel, Po, Udyogamandal S O, Parur, Ernakulam, Kerala","19/58, KALAMASSERY, Kerala",36.36363636363637,3,2,India,India,"Disjoint Business Name Tokens (Address Common, Name Sub-threshold)"
S1-511010319,S3-556310950,S3,Baba Balaji Investments Private Limited,Baba బాలాజీ Investments Private Limited,84.61538461538461,4,"Third Floor-3A, Plot No -98&99 Lumbini Lay Out, Gachibowli, Serilingamp, Ally, Hyderabad, Telangana","Third Floor-3a/1, Ally, Hyderabad, TG",50.0,5,0,India,India,Low Character N-gram Similarity (Sub-Top-K TF-IDF)
S1-987010400,S2-140661931,S2,Sunrise Consulting Pvt Ltd,सनराइज कंसल्टिंग प्रा. लि.,11.538461538461542,0,"A-3, Shreepal Complex Near Aradhana Cinema, Thane, Maharashtra","A-3, MUMBAI, THANE, महाराष्ट्र",23.913043478260864,3,1,India,India,"Disjoint Business Name Tokens (Address Common, Name Sub-threshold)"
S1-931228719,S2-384356868,S2,Black Consultancy Private Limited,ಬ್ಲ್ಯಾಕ್ ಕನ್ಸಲ್ಟೆನ್ಸಿ ಪ್ರೈವೇಟ್ ಲಿಮಿಟೆಡ್,8.333333333333337,0,"1235, 9Th Main Road Vijaya Nagar, Bengalore, Bangalore, Karnataka","B3/1235, N/A, BANGALORE, BENGALORE, ಕರ್ನಾಟಕ",27.77777777777778,3,1,India,India,"Disjoint Business Name Tokens (Address Common, Name Sub-threshold)"
S1-692127788,S2-435061449,S2,Prime Om Energy Private Limited,प्राइम ओम एनर्जी प्राइवेट लिमिटेड,12.5,0,"B-10, Shivam Apartment, Block-D, Vikaspuri, New Delhi, Delhi","B-10, NEW DELHI, Delhi",39.02439024390244,4,1,India,India,"Disjoint Business Name Tokens (Address Common, Name Sub-threshold)"
S1-391548630,S2-819864481,S2,Tech Ss Infra Private Limited,टेक एसएस इंफ्रा प्राइवेट लिमिटेड,13.11475409836066,0,"Kanpur, Uttar Pradesh, 10 Azad Nagar, 2A/244","2A/244, 10 AZAD NAGAR, KANPUR, उत्तर प्रदेश",25.287356321839084,6,2,India,India,"Disjoint Business Name Tokens (Address Common, Name Sub-threshold)"
S1-560567082,S3-634335773,S3,Shree & Brothers Private Limited,Shree Brothers Private Limited Services,84.50704225352112,4,"S/O Savaranna 4-68 Wadepally, Wadepallyvg, Mahbubnagar, Mahabubnagar, Telangana",,0.0,0,0,India,India,Target Address Completely Missing + Typo in Name
S1-725482440,S2-656918430,S2,Guru International Private Limited,गुरु इंटरनेशनल प्राइवेट लिमिटेड,9.230769230769232,0,"Plot No - D-13/5, 13/6 13/7 Ttc Indl Area Turbhe, Navi Mumbai, Thane, Maharashtra","THANE, PLOT 277 PLOT NO - D-13/5, Maharashtra, NAVI MUMBAI",35.97122302158273,9,2,India,India,"Disjoint Business Name Tokens (Address Common, Name Sub-threshold)"
S1-20679780,S3-354586828,S3,Red Power LLP,ரெட் பவர் எல்எல்பி,12.903225806451612,0,"No.47, 86Th Street, Kanniappa Nagar Ashok Nagar, Chennai, Tamil Nadu","#47, Chennai, தமிழ்நாடு",28.57142857142857,2,1,India,India,"Disjoint Business Name Tokens (Address Common, Name Sub-threshold)"
S1-908551239,S2-225415982,S2,Sun Solutions Private Limited,सन सॉल्यूशंस प्राइवेट लिमिटेड,10.344827586206895,0,"F No. 403, Sudha Nill Aptt, New P P Colony, Patliputra, Patna, Bihar","F NO. 40, PATNA, Bihar",40.0,4,0,India,India,"Disjoint Business Name Tokens (Address Common, Name Sub-threshold)"
S1-630223771,S3-815538600,S3,All International LLP,ऑल इंटरनेशनल एलएलपी,9.999999999999998,0,"Office 105, Flr-1, Sujata Chambers, Abhaychand Gandhi Marg, Mirchi Gully Masjid Stn Man, Dvi, Mumbai, Mumbai City, Maharashtra","Office C-105, Mumbai Ii, MH",30.065359477124186,3,1,India,India,"Disjoint Business Name Tokens (Address Common, Name Sub-threshold)"
S1-610266870,S2-793445903,S2,High Estate Limited,हाई एस्टेट लिमिटेड,10.81081081081081,0,"Pl. No. 11, W.No.54, Radhika Nagar No.1, Near Hanuman Temple, Amravati, Maharashtra","NAGPUR REGION, महाराष्ट्र, AMRAVATI, PL. NO. ##11",19.696969696969703,4,1,India,India,"Disjoint Business Name Tokens (Address Common, Name Sub-threshold)"
S1-630223771,S3-697578371,S3,All International LLP,ऑल इंटरनेशनल एलएलपी,9.999999999999998,0,"Office 105, Flr-1, Sujata Chambers, Abhaychand Gandhi Marg, Mirchi Gully Masjid Stn Man, Dvi, Mumbai, Mumbai City, Maharashtra","Office C-105, Mumbai (SUBURBAN), MH, Mumbai City",40.22988505747126,4,1,India,India,"Disjoint Business Name Tokens (Address Common, Name Sub-threshold)"
S1-889785911,S3-378154027,S3,Surya Om Hospitality Private Limited,సూర్య ఓం హాస్పిటాలిటీ ప్రైవేట్ లిమిటెడ్,10.666666666666668,0,"Flat No 201, Anshu Courtyard, Rangareddy, Telangana","H.no 199, Rangareddy, TG",48.0,2,0,India,India,"Disjoint Business Name Tokens (Address Common, Name Sub-threshold)"
S1-134717804,S2-265461500,S2,Guru Hospitality Private Limited,ಗುರು ಹಾಸ್ಪಿಟಾಲಿಟಿ ಪ್ರೈವೇಟ್ ಲಿಮಿಟೆಡ್,8.955223880597018,0,"Karnataka, 7Th Cross, Msr Homes Naggappareddy Layout, B.Narayanapura, Bangaore, Bangalore, H.No 36","#36, BANGAORE, BANGALORE, Karnataka",21.052631578947366,4,1,India,India,"Disjoint Business Name Tokens (Address Common, Name Sub-threshold)"
S1-866587933,S3-608209592,S3,(E) Industries Clinic,@Eindustries,60.60606060606061,0,"Shop No. 2, Baijnath Yadav Compound, Near Om Sai Honda Showroom, W.E. Highway, Jogeshwari, (E), Mumbai, Maharashtra","#2, Mumbai, (E), महाराष्ट्र",19.718309859154925,3,1,India,India,"Disjoint Business Name Tokens (Address Common, Name Sub-threshold)"
S1-628575121,S2-874929043,S2,Balaji Services Private Limited,बालाजी सर्विसेज प्राइवेट लिमिटेड,9.523809523809524,0,"E-704, 7Th Floor, Ajnara Grand Heritage Plot No. Gh 01/B, Sector -74, Noida, Gautam Buddha Nagar, Uttar Pradesh","E-#704, GAUTAM BUDDHA NAGAR, NOIDA, Uttar Pradesh",40.0,8,1,India,India,"Disjoint Business Name Tokens (Address Common, Name Sub-threshold)"
S1-91085118,S2-147057908,S2,Eastern Trading Private Limited,ईस्टर्न ट्रेडिंग प्राइवेट लिमिटेड,9.375,0,"Flat No. 204, Building 47, Sector 54/56/58 Seawood, Thane, Maharashtra","FLAT NO. 04, THANE, Maharashtra",45.54455445544554,4,0,India,India,"Disjoint Business Name Tokens (Address Common, Name Sub-threshold)"
S1-992538093,S3-311179784,S3,Super Producer Private Limited,Super Próducer Private Limited,96.66666666666667,3,"Anagha, 2Nd Floor, Devasandra, No.4, Karnataka, New Bel Road, Bangalore",,0.0,0,0,India,India,Target Address Completely Missing + Typo in Name
S1-402237262,S2-434645159,S2,Real Hospitality Private Limited,ರಿಯಲ್ ಹಾಸ್ಪಿಟಾಲಿಟಿ ಪ್ರೈವೇಟ್ ಲಿಮಿಟೆಡ್,8.823529411764708,0,"Karnataka, Ithiel Complex, 3Rd Main, 2Nd Cross, Kacharakanahalli, St Thomas Town Post, No.1, Bangalore","NO.A-1, BANGALORE, Karnataka",19.999999999999996,4,1,India,India,"Disjoint Business Name Tokens (Address Common, Name Sub-threshold)"
S1-511010319,S2-835789903,S2,Baba Balaji Investments Private Limited,బాబా బాలాజీ ఇన్వెస్ట్‌మెంట్స్ ప్రైవేట్ లిమిటెడ్,9.302325581395355,0,"Third Floor-3A, Plot No -98&99 Lumbini Lay Out, Gachibowli, Serilingamp, Ally, Hyderabad, Telangana","HN 396 THIRD FLOOR-3A, HDERABAD, ALLY, Telangana",31.292517006802722,5,0,India,India,"Disjoint Business Name Tokens (Address Common, Name Sub-threshold)"
S1-556312606,S3-997464294,S3,Behavioral Health Clinic of Upper Pottsgrove Township LLC,HealthclinicbehavioralCom,36.58536585365854,0,"217 Stone Hill Drive, Upper Pottsgrove Township, PA","Pottstown, 217-B Stone Hill Dr, Pennsylvania",50.526315789473685,3,1,US,US,"Disjoint Business Name Tokens (Address Common, Name Sub-threshold)"
S1-580992307,S2-609372791,S2,Creative Baba It Private Limited,क्रिएटिव बाबा आईटी प्राइवेट लिमिटेड,11.940298507462687,0,"D220, S/Floor Defence Colony, New Delhi, South Delhi, Delhi","HN 638 D220, NEW DELHI, SOUTH DELHI, दिल्ली",31.372549019607842,4,0,India,India,"Disjoint Business Name Tokens (Address Common, Name Sub-threshold)"
S1-513223898,S3-930130955,S3,Black Logistics Private Limited,Private Black Lógistics Limited,70.96774193548387,3,"J-1985 F/F, C.R. Park New Delhi, Delhi, South Delhi, Delhi","J-1985 F/f, South Delhi, <NULL>, DL",53.76344086021505,5,1,India,India,Low Character N-gram Similarity (Sub-Top-K TF-IDF)
S1-130264484,S3-11461627,S3,Green Foundation Limited,ग्रीन Foundation Limited,79.16666666666666,2,"875/31, Laxman Vihar Phase-I, Gurgaon, Haryana","875/31, Gurgaon, HR",55.38461538461539,3,2,India,India,Low Character N-gram Similarity (Sub-Top-K TF-IDF)
S1-465331031,S3-613635378,S3,Sapphire Inc.,Sapphire Inc. Enterprises,68.42105263157895,2,"21 Hoyt Drive, Conway, AR",,0.0,0,0,US,US,Target Address Completely Missing + Typo in Name
S1-63099926,S3-794057967,S3,Pragati Solutions Private Limited,*** Pragati Private Limited Services,66.66666666666667,3,"B-602, Umarji House, Teli Lane, Opposite Criticare Hospital, Mumbai, Maharashtra","Bombay, B-602, Mumbai, MH",30.476190476190478,3,1,India,India,Low Character N-gram Similarity (Sub-Top-K TF-IDF)
S1-449643256,S3-520258650,S3,Ss Solutions Private Limited,எஸ்எஸ் சொல்யூஷன்ஸ் பிரைவேட் லிமிடெட்,9.375,0,"Oz-11/4, Sipcot, Hi-Tech Sez, Oragadam, Sriperumbudur Taluk, Kancheepuram Distri, Ct, Sriperumbudur, Tiruvallur, Tamil Nadu","Oz-11/4, Kanchipuram, தமிழ்நாடு",27.27272727272727,3,2,India,India,"Disjoint Business Name Tokens (Address Common, Name Sub-threshold)"
S1-292615208,S2-828291076,S2,Laxmi Software Private Limited,लक्ष्मी सॉफ्टवेयर प्राइवेट लिमिटेड,9.375,0,"210, 2Nd Floor, Tv Industrial Estate, S K Ahire Marg, Behind Glaxo, Worli., Mumbai, Mumbai City, Maharashtra","210/9, GREATER BOMBAY, MUMBAI CITY, Maharashtra",37.41935483870967,4,1,India,India,"Disjoint Business Name Tokens (Address Common, Name Sub-threshold)"
S1-630223771,S3-587424087,S3,All International LLP,All LLP Center,45.714285714285715,2,"Office 105, Flr-1, Sujata Chambers, Abhaychand Gandhi Marg, Mirchi Gully Masjid Stn Man, Dvi, Mumbai, Mumbai City, Maharashtra","Office C-105, Mumbai Ii, MH",30.065359477124186,3,1,India,India,Low Character N-gram Similarity (Sub-Top-K TF-IDF)
S1-355821652,S2-78121805,S2,Al Impex Private Limited,అల్ ఇంపెక్స్ ప్రైవేట్ లిమిటెడ్,11.111111111111116,0,"Flat.Nob-1703, Hyderabad, Rangareddy, Telangana, Ramky Towers, Gachibowlii Serlingampally","HYDERABAD, DOOR NO 394- FLAT.NOB-1703, తెలంగాణ, MEDCHAL MALKAJGIRI",18.06451612903226,4,1,India,India,"Disjoint Business Name Tokens (Address Common, Name Sub-threshold)"
S1-128347375,S3-507291376,S3,Anand Green Logistics Private Limited,आनंद ग्रीन लॉजिस्टिक्स प्राइवेट लिमिटेड,10.526315789473683,0,"107 First Floor Plot No-6T.C, Jaina Tower -2 District Centre Janak New Delhi, Delhi, Jaina Tower -2 District Centre Janak New Delhi, Delhi, New Delhi, West Delhi, Delhi","107 First Floor Plot No-6t.c, West Delhi, DL",39.62264150943396,9,1,India,India,"Disjoint Business Name Tokens (Address Common, Name Sub-threshold)"
S1-784866179,S3-383880756,S3,One Management LLP,One Mánagement LLP,94.44444444444444,2,"Flat No. 1, Siddharth Apt East Near Babli Pada, Link Road, Dahisar, Mumbai, Mumbai, Mumbai City, Maharashtra","H.no 2, Mumbai, Mumbai City, MH",40.28776978417267,3,0,India,India,Low Character N-gram Similarity (Sub-Top-K TF-IDF)
S1-786434853,S3-901187864,S3,Shivay Business (India) Private Limited,Shri Shivay (India) Private Limited Services,72.28915662650603,4,"110, Floor-1, Plot 129, B3 Shree Pimpleshwar Chs, Mumbai, Maharashtra","110, Mumbai, MH",33.333333333333336,2,1,India,India,Low Character N-gram Similarity (Sub-Top-K TF-IDF)
S1-378245327,S2-525888317,S2,Dental Center,Dental Cfenter,96.2962962962963,1,"12814 175th Avenue, Monroe, WA",,0.0,0,0,US,US,Target Address Completely Missing + Typo in Name
S1-997553932,S2-732534632,S2,Regional International LLC,REGIONAL INTRNATONLAL LLC,27.450980392156865,2,"407 Clinton Street, Brayton, IA","407 CLIATON ST, EXIRA, IA",46.42857142857143,2,1,US,US,Low Character N-gram Similarity (Sub-Top-K TF-IDF)
S1-800294363,S2-90945076,S2,Great Investments Private Limited,ಗ್ರೇಟ್ ಇನ್ವೆಸ್ಟ್‌ಮೆಂಟ್ಸ್ ಪ್ರೈವೇಟ್ ಲಿಮಿಟೆಡ್,7.9999999999999964,0,"106, 8Th Main Road Malleswaram West, Bangalore, Karnataka","106, BANGALORE, BENGALURU URBAN, Karnataka",40.40404040404041,3,1,India,India,"Disjoint Business Name Tokens (Address Common, Name Sub-threshold)"
S1-842497118,S2-324185926,S2,Atlantic Chiron,Atlantic Services,62.5,1,"3744 Blue Trace Lane, Farmers Branch, TX","3744  BLUE TRACE LANE, PO BOX 7894, DALLAS CDP, TX",40.0,5,1,US,US,Low Character N-gram Similarity (Sub-Top-K TF-IDF)
S1-434802827,S2-885738413,S2,Laborers Union Local No 40,RIZAVIOWEX,0.0,0,"865 Kings Parkway, Hempstead, NY","865 KINGS PKWY, BALDWIN, NY",44.067796610169495,3,1,US,US,"Disjoint Business Name Tokens (Address Common, Name Sub-threshold)"
S1-476195607,S3-172884072,S3,Raj Exports LLP,Raj Excpros LLP,86.66666666666667,2,"No.57, 9Th Cross, 5Th Main Road, Chamrajpet, Bangalore South, Bangalore, Karnataka",,0.0,0,0,India,India,Target Address Completely Missing + Typo in Name
S1-914022652,S3-887893276,S3,International Products Private Limited,International Prdoulst  Private Limited,90.9090909090909,3,"Shimoga, Karnataka, Shop No.101, Srinidhi Complex Shivaji Road, Sagara, Shimoga","###101, Shimoga, ಕರ್ನಾಟಕ",27.184466019417474,2,1,India,India,Low Character N-gram Similarity (Sub-Top-K TF-IDF)
S1-155228361,S2-83805439,S2,Maa & Co Private Limited,Limited Maa Co Private Center,64.15094339622642,4,"73, Balaji Layout, Mylasandra Village Kengeri Hobli, Bangalore, Karnataka","ಕರ್ನಾಟಕ, 73, BANGALORE",12.631578947368416,2,1,India,India,Low Character N-gram Similarity (Sub-Top-K TF-IDF)
S1-820196196,S3-111158665,S3,Mohanlalganj Infra Private Limited,imprivate.com,29.78723404255319,0,"Beli Kalan, Gosainganj, Mohanlalganj, Lucknow, Uttar Pradesh","Beli Kalan, Lucknow, Lucknow Hq Region, उत्तर प्रदेश, Gosainganj",43.548387096774185,4,0,India,India,"Disjoint Business Name Tokens (Address Common, Name Sub-threshold)"
S1-995572998,S3-727955120,S3,New Foods Private Limited,New F0ods Peiate Limited,89.79591836734694,2,"C-401, Rukmini Vaibhav, Chsl, Azad Nagar 3, Vd Rd, Mumbai, Maharashtra","महाराष्ट्र, Mumbai Ii, Mumbai, C-401",32.07547169811321,3,1,India,India,Low Character N-gram Similarity (Sub-Top-K TF-IDF)
S1-440550738,S3-768617499,S3,Shr Polymers Limited,Shr Limited [Center],55.00000000000001,2,"Plot No. 159, Khasra No. 307 Viddya Vihar Colony Dayaram Purwa, Juggour Chinhat, Lucknow, Uttar Pradesh","Door No 159, Lucknow, UP",33.07086614173228,3,1,India,India,Low Character N-gram Similarity (Sub-Top-K TF-IDF)
S1-330281696,S3-790582857,S3,New International Private Limited,न्यू इंटरनेशनल प्राइवेट लिमिटेड,9.375,0,"B-148, Vikas Vihar Vikas Nagar, Uttam Nagar, New Delhi, West Delhi, Delhi","B-148, New Delhi, Uttam Nagar, दिल्ली",45.45454545454546,6,1,India,India,"Disjoint Business Name Tokens (Address Common, Name Sub-threshold)"
S1-235827905,S3-245041126,S3,Sai Infotech Private Limited,साईं इंफोटेक प्राइवेट लिमिटेड,10.526315789473683,0,"Patna, Bihar, 709, 7Th Floor, Jagat Trade Centre Maurya Lok, Fraser Road","707, Patna, Boring Road, Patna, BR",37.735849056603776,2,0,India,India,"Disjoint Business Name Tokens (Address Common, Name Sub-threshold)"
S1-328164935,S3-15077703,S3,Fiix LLC,#Fiix,61.53846153846154,1,"4922 Port Royal Road, Unit A, Spring Hill, TN",,0.0,0,0,US,US,Target Address Completely Missing + Typo in Name
S1-862223871,S2-571143261,S2,Aditya Foundation Private Limited,आदित्य फाउंडेशन प्राइवेट लिमिटेड,9.230769230769232,0,"Vivekanand Nagar, 1091, Uttar Pradesh, Ghaziabad","1091, GHAZIABAD, उत्तर प्रदेश",20.779220779220775,2,1,India,India,"Disjoint Business Name Tokens (Address Common, Name Sub-threshold)"
S1-912508322,S2-276782865,S2,Shiv Technologies LLP,ಶಿವ್ ಟೆಕ್ನಾಲಜೀಸ್ ಎಲ್ಎಲ್‌ಪಿ,8.510638297872342,0,"42, 16Th Cross, 8Th Main Road, Malleswaram, Bengaluru, Bangalore, Karnataka","Karnataka, BENGALURU, 42, BANGALORE",21.818181818181813,4,1,India,India,"Disjoint Business Name Tokens (Address Common, Name Sub-threshold)"
S1-740270062,S3-942683049,S3,Delhi Chits Private Limited,Delhi Chíts Limited Center,67.9245283018868,2,"Je-2, Block-J, Gali No.9, Beri Wala Bagh, Hari Nagar, Near Durga Mandir, Delhi, West Delhi, Delhi","DL, Je-02, West Delhi, Delhi",36.8,3,0,India,India,Low Character N-gram Similarity (Sub-Top-K TF-IDF)
S1-462934046,S2-897902918,S2,"Eye Specialists, Inc","Eye 5pecialists, Inc Authority",76.0,2,"120 Shutterlee Mill Lane, Augusta County, VA","STAUNTON, VA, NULL, 120-B SHUTTERLEE MILL LN",20.45454545454546,4,1,US,US,Low Character N-gram Similarity (Sub-Top-K TF-IDF)
S1-786170207,S3-44389023,S3,"Matti Valverde, DDS LLC",Orbijaxdelta,22.857142857142854,0,"1712 21st Street, Redmond, OR","1712 Twenyt First St, Redmnd, Oregon",64.61538461538461,1,1,US,US,"Disjoint Business Name Tokens (Address Common, Name Sub-threshold)"
S1-506296494,S3-162225999,S3,Pinnacle Public,Pinnacle Públic,93.33333333333333,1,"4400 Culver Road, Irondequoit, NY","4400 Culver Road, Rochester, New York",71.42857142857143,3,1,US,US,Low Character N-gram Similarity (Sub-Top-K TF-IDF)
S1-502043608,S2-61637150,S2,IJ Constructions Limited,IJ Limited Service,47.61904761904761,2,"D-37 Iind Floor, Gautam Buddha Nagar, Uttar Pradesh, Sector-63, Noida, Noida","D-B3/37 IIND FLOOR, SECTOR-63, NOIDA, NOIDA, उत्तर प्रदेश",30.075187969924812,7,2,India,India,Low Character N-gram Similarity (Sub-Top-K TF-IDF)
S1-451998438,S2-766246412,S2,Star Business Private Limited,स्टार बिजनेस प्राइवेट लिमिटेड,10.344827586206895,0,"Ward No. 6, Near Asharam, Hari Mandir, Amarpuri, Pataudi, Gurgaon, Haryana","HN 314 WARD NO. 6, GURGAON, GURUGRAM, Haryana",35.29411764705882,5,1,India,India,"Disjoint Business Name Tokens (Address Common, Name Sub-threshold)"
S1-97581850,S3-60652506,S3,Green Exports Private Limited,ग्रीन एक्सपोर्ट्स प्राइवेट लिमिटेड,9.523809523809524,0,"B-3, B-71C, Janakpuri, New Delhi, West Delhi, Delhi","B-##3, New Delhi, West Delhi, DL",69.87951807228916,5,1,India,India,"Disjoint Business Name Tokens (Address Common, Name Sub-threshold)"
S1-763496609,S2-868047179,S2,Shakti Consulting Limited,शक्ति कंसल्टिंग लिमिटेड,8.333333333333337,0,"Flat No. 8, C Wing, Sai Tower Chs Ltd, Ambadi Road, Vasai West, Thane, Maharashtra","NO 8, THANE, Maharashtra",37.735849056603776,4,1,India,India,"Disjoint Business Name Tokens (Address Common, Name Sub-threshold)"
S1-795631320,S2-526762534,S2,Smart Trading Private Limited,ಸ್ಮಾರ್ಟ್ ಟ್ರೇಡಿಂಗ್ ಪ್ರೈವೇಟ್ ಲಿಮಿಟೆಡ್,9.230769230769232,0,"Flat No-1/22, Vijaya Enclave Nb, Bangalore South, Bangalore, Karnataka","FDAT NO-1/22, BANGALORE SOUTH, BANGALORE, ಕರ್ನಾಟಕ",30.252100840336137,5,2,India,India,"Disjoint Business Name Tokens (Address Common, Name Sub-threshold)"
S1-630839433,S3-782924393,S3,Chiropractic Associates Inc.,chiropracticassociates.com,77.77777777777779,0,"511 55th Street, Renton, WA","Washington, Renton, 511 55st Street",45.16129032258065,3,1,US,US,"Disjoint Business Name Tokens (Address Common, Name Sub-threshold)"
S1-83210593,S3-34473893,S3,First Infrastructure Private Limited,Private First lnfrastructure Ltd,67.64705882352942,2,"101, 21St Century Business Center Beside World Trade Center, Ring Road, Surat, Gujarat","Surat, GJ, Surat, 101",29.90654205607477,2,1,India,India,Low Character N-gram Similarity (Sub-Top-K TF-IDF)
S1-360488265,S3-215800411,S3,Jai Systems Private Limited,जय सिस्टम्स प्राइवेट लिमिटेड,10.909090909090914,0,"19/1276, Indira Nagar, Lucknow, Lucknow, Uttar Pradesh","19/1276., Lucknow, उत्तर प्रदेश",44.705882352941174,3,2,India,India,"Disjoint Business Name Tokens (Address Common, Name Sub-threshold)"
S1-796253980,S3-637700877,S3,Aj Trading Pvt Ltd,Pvt Aj Tcracagdfng Ltd,65.0,3,"Gurgaon, Haryana, D-43, Gurgaon, Icon Appartment, Dlf Phase-5","No 51 D-43, Gurugram, Gurgaon, HR",42.553191489361694,3,1,India,India,Low Character N-gram Similarity (Sub-Top-K TF-IDF)
S1-271585788,S3-219339349,S3,Tirupati Power,तिरुपति पावर,7.692307692307687,0,"West Delhi, Wz-2D, New Delhi, Nangli Zalib B-1 Janak Puri, Delhi","Wz-2d, West Delhi, DL, New Delhi",50.0,5,0,India,India,"Disjoint Business Name Tokens (Address Common, Name Sub-threshold)"
S1-967735640,S2-708223021,S2,Sree Impex LLP,শ্রী ইম্পেক্স এলএলপি,11.764705882352944,0,"215, Dhalipara, Maheshgote Krishnapur, Newtown, Kolkata, Kolkata, Howrah, West Bengal","215, NORTH 24 PARGANAS, HOWRAH, West Bengal",37.5,4,1,India,India,"Disjoint Business Name Tokens (Address Common, Name Sub-threshold)"
S1-932827505,S2-204169449,S2,Jk Technologies Private Limited,jktechnologies.com,53.06122448979591,0,"A-107, Sector-63, G B Nagar, Noida, Gautam Buddha Nagar, Uttar Pradesh","उत्तर प्रदेश, 291 A-107, GAUTAM BUDDHA NAGAR, NOIDA",24.79338842975206,6,1,India,India,"Disjoint Business Name Tokens (Address Common, Name Sub-threshold)"
S1-387694500,S3-9126403,S3,Bombay Power Private Limited,ಬಾಂಬೆ ಪವರ್ ಪ್ರೈವೇಟ್ ಲಿಮಿಟೆಡ್,10.71428571428571,0,"No: 32/2, 2Nd Floor, Mcc Towers, Opp To Sigma Soft Tech Park, Whitefield Main Road, Ramagon, Danahalli, Bangalore, Karnataka","No: 6-32/2, Bangalore, KA",29.53020134228188,4,2,India,India,"Disjoint Business Name Tokens (Address Common, Name Sub-threshold)"
S1-848852562,S3-930435324,S3,Real Energy Pvt Ltd,Pvt Real Eoerby Ltd,68.42105263157895,3,"15, Sbi Employees, Pankaj Chsl, Navghar Road Mulund East, Mumbai, Mumbai City, Maharashtra","15, Mumbai, MH",25.0,2,1,India,India,Low Character N-gram Similarity (Sub-Top-K TF-IDF)
S1-199459184,S3-33878114,S3,Best Trading Limited,Besttrading.Com,62.857142857142854,0,"Door No 43/3437, Nh Bypass, Ernakulam, Kerala","Ernakulam, കേരളം, Ernakulam, #43/3437",39.02439024390244,3,2,India,India,"Disjoint Business Name Tokens (Address Common, Name Sub-threshold)"
S1-912858680,S2-861080628,S2,Apex Systems Pvt Ltd,एपेक्स सिस्टम्स प्रा. लि.,13.33333333333333,0,"302, 3Rd Fl, Sr. No. 48/13/3, Vijaylaxmi Prestige, Rahatani-Kalewadi Link Road, Rahatani, Pune, Maharashtra","PUNE, 302, Maharashtra",24.8062015503876,3,1,India,India,"Disjoint Business Name Tokens (Address Common, Name Sub-threshold)"
S1-545839168,S2-982077727,S2,"Merla Bagwell Complete Media, Inc",@merlabagwell,43.47826086956522,0,"85 India Row, Unit 30-E, Boston, MA","MA, BOSOTN, #340 INDIA ROW",22.95081967213115,3,0,US,US,"Disjoint Business Name Tokens (Address Common, Name Sub-threshold)"
S1-992538093,S2-987130079,S2,Super Producer Private Limited,Super Próducer Private Limited,96.66666666666667,3,"Anagha, 2Nd Floor, Devasandra, No.4, Karnataka, New Bel Road, Bangalore",,0.0,0,0,India,India,Target Address Completely Missing + Typo in Name
S1-285660164,S3-708196799,S3,Sunrise Dynamic Trading Private Limited,সানরাইজ ডায়নামিক ট্রেডিং প্রাইভেট লিমিটেড,9.876543209876543,0,"38 Baroda Avenue, Garia, Kolkata, Parganas South, West Bengal","Baroda Avenue, Kolkata, পশ্চিমবঙ্গ",50.526315789473685,3,0,India,India,"Disjoint Business Name Tokens (Address Common, Name Sub-threshold)"
S1-431830647,S2-403564251,S2,Golden Properties Pvt Ltd,गोल्डन प्रॉपर्टीज प्रा. लि.,11.538461538461542,0,"Dss-378, Hisar, Sector 16-17, Hisar, Haryana","DSS-00378, HISAR, हरियाणा",31.88405797101449,2,0,India,India,"Disjoint Business Name Tokens (Address Common, Name Sub-threshold)"
S1-489995071,S2-409684103,S2,Fortune Apex Hospitality Pvt Ltd,फॉर्च्यून एपेक्स हॉस्पिटैलिटी प्रा. लि.,11.267605633802813,0,"16A/406 Vasundhara, Ghaziabad, Uttar Pradesh","DOOR NO 16A/406 VASUNDHARA, GHAZIABAD, CROSSING REPUBLIC, उत्तर प्रदेश",28.07017543859649,4,1,India,India,"Disjoint Business Name Tokens (Address Common, Name Sub-threshold)"
S1-224729402,S3-865761077,S3,Global Sona Builders Pvt Ltd,Veokor,17.647058823529417,0,"B6/119, Kalyani, Kolkata, Kolkata, Howrah, West Bengal","B6/119, Kolkata, Howrah, পশ্চিমবঙ্গ",56.17977528089888,4,1,India,India,"Disjoint Business Name Tokens (Address Common, Name Sub-threshold)"
S1-587107442,S2-734571558,S2,Digital Healthcare Private Limited,ಡಿಜಿಟಲ್ ಹೆಲ್ತ್‌ಕೇರ್ ಪ್ರೈವೇಟ್ ಲಿಮಿಟೆಡ್,8.450704225352112,0,"No. 1528, 2Nd Floor, 3Rd Cross, Opp G.S.S School, 2Nd Block, Hbr Layout, Bangalore, Karnataka","H.NO, BANGALORE, Karnataka",30.252100840336137,3,0,India,India,"Disjoint Business Name Tokens (Address Common, Name Sub-threshold)"
S1-535605149,S2-751164711,S2,Supreme Engineering LLP,सुप्रीम इंजीनियरिंग एलएलपी,8.163265306122447,0,"Shop-04, Gut-41/2, Plot-3/A, 3/B, Pratham Park, Panvel, Raigarh(Mh), Maharashtra","SHOP-1-04, RAIGARH(MH), Maharashtra",43.47826086956522,5,1,India,India,"Disjoint Business Name Tokens (Address Common, Name Sub-threshold)"
S1-438430300,S2-301818957,S2,Urban Logistics Private Limited,अर्बन लॉजिस्टिक्स प्राइवेट लिमिटेड,9.230769230769232,0,"A-15, Fourth Floor, Lajpat Nagar, New Delhi, New Delhi, South Delhi, Delhi","A-14, NEW DELHI, SOUTH DELHI, Delhi",36.69724770642202,4,0,India,India,"Disjoint Business Name Tokens (Address Common, Name Sub-threshold)"
S1-647077283,S2-583436881,S2,Quartz Inc,Qutcz Ínc,73.6842105263158,0,"613 Cavendish Court, Nashville, TN","613. CAVENDISH CT, ANTIOCH CITY, TN",40.57971014492754,3,1,US,US,"Disjoint Business Name Tokens (Address Common, Name Sub-threshold)"
S1-368348061,S3-656890408,S3,Naon Enterprises Inc,Naon Ínc Partners,54.054054054054056,1,"31481 Oak Ridge Drive, Muscoda, WI",,0.0,0,0,US,US,Target Address Completely Missing + Typo in Name
S1-279157594,S2-82662840,S2,Urban Tech Private Limited,ଅର୍ବାନ୍ ଟେକ୍ ପ୍ରାଇଭେଟ୍ ଲିମିଟେଡ୍,10.526315789473683,0,"Khordha, Orissa, Plot No-1215/1422, Khandagiri Bari, Mouza-Ghatikia, Ps-Khandagiri, Bhubaneswar","HN 776 PLOT NO-1215/1422, KHORDHA, BHUBANESWAR, Odisha",34.89932885906041,6,2,India,India,"Disjoint Business Name Tokens (Address Common, Name Sub-threshold)"
S1-921396568,S3-826472888,S3,Hotel Management Pvt Ltd,होटल मैनेजमेंट प्रा. लि.,12.5,0,"Unit No. 231, 2Nd Foor, Dlf Star Tower Building Sector-31, Nh-8, Gurugram, Gurugram, Gurgaon, Haryana","Unit No. 231, HR, Gurugram",37.79527559055118,4,1,India,India,"Disjoint Business Name Tokens (Address Common, Name Sub-threshold)"
S1-25867054,S2-46913995,S2,UY Commerce Private Limited,Limited UY Private Center,50.0,3,"Delhi, Sector-5, Dsidc Bawana Industrial Area, D-279, North Delhi","D-279, DELHI, BAWANA, Delhi",32.608695652173914,4,1,India,India,Low Character N-gram Similarity (Sub-Top-K TF-IDF)
S1-467198990,S3-367123111,S3,National Kensington,National Service,62.857142857142854,1,"114 3rd Street, West Terre Haute, IN",,0.0,0,0,US,US,Target Address Completely Missing + Typo in Name
S1-795631320,S3-603278752,S3,Smart Trading Private Limited,ಸ್ಮಾರ್ಟ್ Trading ಪ್ರೈವೇಟ್ ಲಿಮಿಟೆಡ್,31.746031746031743,1,"Flat No-1/22, Vijaya Enclave Nb, Bangalore South, Bangalore, Karnataka","Flat No-1/22, Bangalore, Bangalore South, ಕರ್ನಾಟಕ",62.18487394957983,6,2,India,India,Low Character N-gram Similarity (Sub-Top-K TF-IDF)
S1-783575505,S2-75798168,S2,Aditya Best International Private Limited,આદિત્ય બેસ્ટ ઇન્ટરનેશનલ પ્રાઇવેટ લિમિટેડ,9.876543209876543,0,"60Ff, Gajanand Park Soc-2, B/H Chikuvadi, Puna Road, Choryasi, Surat, Gujarat","60FF, SURAT, ગુજરાત",18.75,2,0,India,India,"Disjoint Business Name Tokens (Address Common, Name Sub-threshold)"
S1-883973644,S2-346262429,S2,Global Hovnanian LLC,GLOBAL HOGNANINN LLC,35.0,2,"4024 39th Avenue, Seattle, WA","4024B 39RD AVE, SEATTLE, WA",57.14285714285714,2,0,US,US,Low Character N-gram Similarity (Sub-Top-K TF-IDF)
S1-728332269,S3-555239723,S3,Blue Grill LLC,Blue Gcnrisl (LLC),81.25,2,"627 5th Street, Clinton, OK","450 5rd St, Cliton, Oklahoma",58.18181818181818,0,0,US,US,Address Completely Disjoint / Different Branch
S1-800482427,S3-355590735,S3,B+ Biotechnologies LLC,B+ LLC Services,37.83783783783784,2,"328 Buckingham Street, Unit 414, Columbus, OH",,0.0,0,0,US,US,Target Address Completely Missing + Typo in Name
S1-479783161,S2-877881238,S2,SZ Optics Inc,SZ Orphgdcs Inc,78.57142857142857,2,"3948 Foothill Road, Santa Barbara, CA","3948 Foothill Road, EASTERN GOLETA VALLEY, CA",63.41463414634146,4,1,US,US,Low Character N-gram Similarity (Sub-Top-K TF-IDF)
S1-292649689,S3-182160243,S3,Global Services Private Limited,গ্লোবাল সার্ভিসেস প্রাইভেট লিমিটেড,9.230769230769232,0,"2-Floor, 2/D Panditya Road, Kolkata, Kolkata, Howrah, West Bengal","2-Floor., N/A, Howrah, Kolkata, WB",54.54545454545454,4,1,India,India,"Disjoint Business Name Tokens (Address Common, Name Sub-threshold)"
S1-120433302,S2-44772905,S2,Authentic Electro Ltd,BRIXVEO,7.14285714285714,0,"House No. S-219, Basement, Greater Kailash-Ii, New Delhi, South Delhi, Delhi","HOUSE NO. S-219, NEW DELHI, SOUTH DELHI, Delhi",44.26229508196722,7,1,India,India,"Disjoint Business Name Tokens (Address Common, Name Sub-threshold)"
S1-394340130,S2-802580138,S2,Shivam Enterprises Private Limited,শিবম এন্টারপ্রাইজেস প্রাইভেট লিমিটেড,8.571428571428575,0,"46D, Rafi Ahmed Kidwai Road, Kolkata, Howrah, West Bengal","46D, CALCUTTA, SOUTH PARGANAS, পশ্চিমবঙ্গ",22.44897959183674,1,0,India,India,"Disjoint Business Name Tokens (Address Common, Name Sub-threshold)"
S1-511010319,S2-786661426,S2,Baba Balaji Investments Private Limited,బాబా బాలాజీ ఇన్వెస్ట్‌మెంట్స్ ప్రైవేట్ లిమిటెడ్,9.302325581395355,0,"Third Floor-3A, Plot No -98&99 Lumbini Lay Out, Gachibowli, Serilingamp, Ally, Hyderabad, Telangana","HN 396 THIRD FLOOR-3A, HDERABAD, ALLY, Telangana",31.292517006802722,5,0,India,India,"Disjoint Business Name Tokens (Address Common, Name Sub-threshold)"
S1-596555182,S2-697857785,S2,Creative Consultancy Pvt Ltd,Creative Pvt Ltd (Center),60.37735849056604,3,"20B, Sarat Bose Road, Kolkata, Howrah, West Bengal","20B, SARAT BOSE ROAD, KOLKATA, পশ্চিমবঙ্গ",32.96703296703297,5,0,India,India,Low Character N-gram Similarity (Sub-Top-K TF-IDF)
S1-779827243,S3-48396221,S3,Murali Foundation LLP,Mr Brixonyxfaye,33.333333333333336,0,"2Nd Floor, 31A, Tara Chand Dutt Street, Kolkata, Kolkata, Howrah, West Bengal","No 2N Floor, Kolkata Region, Kolkata, WB",51.28205128205128,2,0,India,India,"Disjoint Business Name Tokens (Address Common, Name Sub-threshold)"
S1-657626552,S3-949676899,S3,Nrr Marketing Private Limited,Mr Nrr Marketing Limited Center,70.0,3,"171, Sanzgiri Sadan, 2Nd Floor, A - Block, Girgaum, Mumbai, Mumbai City, Maharashtra","171, Mumbai Region, Bombay, MH",35.08771929824561,2,1,India,India,Low Character N-gram Similarity (Sub-Top-K TF-IDF)
S1-746193689,S3-216442734,S3,Cardiology Clinic LLC,Cardiology  Clinic LLC Trading,82.35294117647058,3,"12726 Gladys Retreat Circle, Bowie, MD",,0.0,0,0,US,US,Target Address Completely Missing + Typo in Name
S1-161210403,S3-210777351,S3,Hyderabad Ventures Pvt Ltd,Hyderabad Pvt Ltd  Center,66.66666666666667,3,"Plot No: 26H To 26K, Tsiic Industrial Park Muppireddy Palli Village, Manoharabad Ma, Ndal, Hyderabad, Medak, Telangana","Plot No: G-26h To 26K, Siddipet, TG",36.60130718954249,5,0,India,India,Low Character N-gram Similarity (Sub-Top-K TF-IDF)
S1-643318152,S2-276570121,S2,Dynamic Global Private Limited,डायनामिक ग्लोबल प्राइवेट लिमिटेड,9.677419354838712,0,"308, Apra North Ex Plaza, Plot No.H-2, Netaji Subhash Place Pitamp, Ura, Delhi, North Delhi, Delhi","08, NORTH DELHI, DELHI, दिल्ली",20.3125,2,0,India,India,"Disjoint Business Name Tokens (Address Common, Name Sub-threshold)"
S1-241678218,S3-93364060,S3,Blue Global Limited,Dr BLUE GLÓBAL LIMITED,24.390243902439025,2,"Shop No 16, Ground Floor Market Block Nehru Nagar, New Delhi, South Delhi, Delhi",,0.0,0,0,India,India,Target Address Completely Missing + Typo in Name
S1-593999035,S3-998647516,S3,Vikalp Trading Private Limited,vikalptrading.com,51.06382978723405,0,"Hig 28, Balagi Nagar Kukatpally, Hyderabad, Telangana","Hig 29, Hyderabad, Andhra Pradesh",48.837209302325576,2,0,India,India,"Disjoint Business Name Tokens (Address Common, Name Sub-threshold)"
S1-995572998,S3-286331151,S3,New Foods Private Limited,New Fóods Private Ltd,86.95652173913044,2,"C-401, Rukmini Vaibhav, Chsl, Azad Nagar 3, Vd Rd, Mumbai, Maharashtra","C-401, Mumbai Ii, Mumbai, MH",46.93877551020408,3,1,India,India,Low Character N-gram Similarity (Sub-Top-K TF-IDF)
S1-89160825,S3-700656227,S3,Delhi Servicesprivate LLP,(Services) Delhi LLP,57.77777777777777,2,"38, Ajanta Appartment I P Extn., Delhi, East Delhi, Delhi","0038, Delhi, East Delhi, DL",57.14285714285714,2,0,India,India,Low Character N-gram Similarity (Sub-Top-K TF-IDF)
S1-785336105,S3-363331884,S3,Gambhir Trust,gtrust.com,34.78260869565217,0,"8/496, Trichy Road, Coimbatore, Tamil Nadu","H.no 358 8/496, Coimbatore, தமிழ்நாடு",48.10126582278481,3,2,India,India,"Disjoint Business Name Tokens (Address Common, Name Sub-threshold)"
S1-985233868,S2-489455711,S2,Vijay Systems Pvt Ltd,विजय सिस्टम्स प्रा. लि.,13.636363636363635,0,"B-306, Crestia, Casa Bella Gold, Shil Road, Kalyan, Thane, Maharashtra","Maharashtra, B-##306, THANE",22.680412371134018,4,1,India,India,"Disjoint Business Name Tokens (Address Common, Name Sub-threshold)"
S1-104226194,S3-873691905,S3,Global Lotus Construction Pvt Ltd,ग्लोबल लोटस कंस्ट्रक्शन प्रा. लि.,12.121212121212121,0,"A-212, Malhotra Complex, Gali No. Â 01, Vikas Marg, Shakarpur, Laxmi Nagar, East Delhi, Delhi","A-212, Laxmi Nagar, East Delhi, दिल्ली",48.1203007518797,6,1,India,India,"Disjoint Business Name Tokens (Address Common, Name Sub-threshold)"
S1-338830003,S3-607853162,S3,Doex LLC,Doex L.L.C. L.L.C.,61.53846153846154,1,"5421 Lakeside Avenue, Crystal, MN",,0.0,0,0,US,US,Target Address Completely Missing + Typo in Name
S1-164240371,S3-565742141,S3,Family Association,Family [Services],45.714285714285715,1,"OH, Fl 3, Columbus, 5059 Enclave Boulevard","Ohio, Floor 3, Westerville Citty, 5059 Enclave Blvd",62.365591397849464,3,2,US,US,Low Character N-gram Similarity (Sub-Top-K TF-IDF)
S1-898630961,S2-503875679,S2,Best Infra Limited,बेस्ट इंफ्रा लिमिटेड,10.526315789473683,0,"Naman Centre, C-31, Bandra Kurla Complex, G-Block, Opp Dena Bank, Mumbai, Maharashtra","NAAN CENTRE, MUMBAI, Maharashtra",32.47863247863248,3,0,India,India,"Disjoint Business Name Tokens (Address Common, Name Sub-threshold)"
S1-279157594,S2-775267202,S2,Urban Tech Private Limited,ଅର୍ବାନ୍ ଟେକ୍ ପ୍ରାଇଭେଟ୍ ଲିମିଟେଡ୍,10.526315789473683,0,"Khordha, Orissa, Plot No-1215/1422, Khandagiri Bari, Mouza-Ghatikia, Ps-Khandagiri, Bhubaneswar","HN 776 PLOT NO-1215/1422, BHUBANESWAR, KHORDHA, Odisha",34.89932885906041,6,2,India,India,"Disjoint Business Name Tokens (Address Common, Name Sub-threshold)"
S1-385927046,S3-944855669,S3,Great Initiative,Great Center,64.28571428571428,1,"5545 27th Avenue, Seattle, WA","5545 27st Ave, Seattle, Washington",76.19047619047619,2,1,US,US,Low Character N-gram Similarity (Sub-Top-K TF-IDF)
S1-967735640,S3-471472529,S3,Sree Impex LLP,Mr Sree LLP Impex,64.51612903225806,3,"215, Dhalipara, Maheshgote Krishnapur, Newtown, Kolkata, Kolkata, Howrah, West Bengal","Hn B3/235 215, Kolkata, Howrah, WB",40.33613445378151,3,1,India,India,Low Character N-gram Similarity (Sub-Top-K TF-IDF)
S1-952571031,S3-106480282,S3,Pediatric Dental Associates LLC,Pediatric Dental Associates Llc Trading,82.85714285714285,4,"109 Adams Street, Elmhurst, IL",,0.0,0,0,US,US,Target Address Completely Missing + Typo in Name
S1-830371097,S3-890753223,S3,CX Commercial Private Limited,Coamdercial CX CX Private-Limited,77.41935483870968,3,"North Delhi, Delhi, A-30, Gali No-01, Hardev Nagar, Jharoda Majra Burari, Delhi","A-30, North Delhi, दिल्ली",30.76923076923077,4,1,India,India,Low Character N-gram Similarity (Sub-Top-K TF-IDF)
S1-337664430,S3-600072135,S3,Valley Global LLC,Valley LLC Center Enterprises,43.47826086956522,2,"1216 Huntington Drive, Phoenix, AZ",,0.0,0,0,US,US,Target Address Completely Missing + Typo in Name
S1-925471453,S3-257705202,S3,Annapurna Wind (India) Pvt. Ltd.,@annapumawind,40.0,0,"Q-203, 2Nd Floor, Tower-Q, Plot No.- Gh-001, Prateek Wisteria, Noida, Sector-77, Noida, Gautam Buddha Nagar, Uttar Pradesh","Q-203, Noida, Gautam Buddha Nagar, UP",46.540880503144656,6,1,India,India,"Disjoint Business Name Tokens (Address Common, Name Sub-threshold)"
S1-903467626,S3-610296731,S3,Ely Machine Works Inc,Ely Works Inc Center,63.41463414634146,3,"205 Dyer Street, Henry County, VA","Bassett, Virginia, Dyer Street",38.095238095238095,2,0,US,US,Low Character N-gram Similarity (Sub-Top-K TF-IDF)
S1-42544670,S3-447434104,S3,Gold Estate Pvt Ltd,गोल्ड एस्टेट प्रा. लि.,14.634146341463417,0,"16 B, Horniman Circle, Zoroastrain Building, Fort, Mumbai, Maharashtra","B, Mumbai Region, Fort, MH",37.5,3,0,India,India,"Disjoint Business Name Tokens (Address Common, Name Sub-threshold)"
S1-766392501,S2-598721131,S2,Vision Agro Private Limited,విజన్ ఆగ్రో ప్రైవేట్ లిమిటెడ్,10.71428571428571,0,"Plot No.14, Street No.8, Ravindra Nagar Colony, Habsiguda, Secunderabad, Hyderabad, Telangana","Telangana, HYDERABAD, SECUNDERABAD, PLOT NO.G-14",21.276595744680847,6,1,India,India,"Disjoint Business Name Tokens (Address Common, Name Sub-threshold)"
S1-669413769,S2-805282132,S2,First Investment Private Limited,ফার্স্ট ইনভেস্টমেন্ট প্রাইভেট লিমিটেড,8.695652173913048,0,"57B, Purna Das Road, Kolkata, Howrah, West Bengal","5-7B, KOLKATA, পশ্চিমবঙ্গ",21.62162162162162,1,0,India,India,"Disjoint Business Name Tokens (Address Common, Name Sub-threshold)"
S1-263277646,S3-193299025,S3,Swastik Dynamic Services Pvt Ltd,स्वस्तिक डायनामिक सर्विसेज प्रा. लि.,11.764705882352944,0,"Faridabad, 171, 1St Floor, Sector 15A, Haryana","171, Faridabad, HR",37.5,2,1,India,India,"Disjoint Business Name Tokens (Address Common, Name Sub-threshold)"
S1-176496041,S2-418697003,S2,Gold Dynamic Properties Limited,गोल्ड डायनामिक प्रॉपर्टीज लिमिटेड,9.375,0,"B-13, Dainik Janyug Apartments, C-1, Vasundhra Enclave, Delhi","BLOCK A-#271 B-13, DELHI, EAST, Delhi",34.693877551020414,3,1,India,India,"Disjoint Business Name Tokens (Address Common, Name Sub-threshold)"
S1-209962563,S2-526138450,S2,Apex Media Private Limited,एपेक्स मीडिया प्राइवेट लिमिटेड,10.71428571428571,0,"304, 3Rd Floor, Plot No. 1 Rg Complex, Rohini Sector-8, New Delhi, North West, Delhi","Delhi, NORTH WEST, NEW DELHI, DOOR NO 82 304",26.5625,6,1,India,India,"Disjoint Business Name Tokens (Address Common, Name Sub-threshold)"
S1-962621727,S3-44377339,S3,Ss Exports Private Limited,ଏସ୍‌ଏସ୍ ଏକ୍ସପୋର୍ଟସ୍ ପ୍ରାଇଭେଟ୍ ଲିମିଟେଡ୍,9.375,0,"Plot No- A63/1, Sahid Nagar, Ps- Sahid Nagar, Bhubaneswar, Bhubaneswar, Khordha, Orissa","Plot 640 Plot No- A63/1, Bhubaneswar, Khordha, Orissa",62.857142857142854,7,1,India,India,"Disjoint Business Name Tokens (Address Common, Name Sub-threshold)"
S1-293049146,S3-897342940,S3,Eastern Foundation Limited,éasternfoundation.com,68.08510638297872,0,"Plot No-920, Sankarpur Kolathia, Bhubaneswar, Khordha, Orissa","Block B-a-660 Plot No-920, Khordha, Bhubaneswar, Orissa",65.51724137931035,6,1,India,India,"Disjoint Business Name Tokens (Address Common, Name Sub-threshold)"
S1-486296456,S2-440266189,S2,Asset Building Fellowship,Asset Building Services,70.83333333333333,2,"1510 Beaumont Street, Sheppard Afb, TX",,0.0,0,0,US,US,Target Address Completely Missing + Typo in Name
S1-908498505,S3-70675543,S3,LO Venture LLC,Fayelyra,18.181818181818176,0,"620 2nd Street, City Of Baraboo, WI","620 Second Street, Baraboo, Wisconsin",69.44444444444444,3,1,US,US,"Disjoint Business Name Tokens (Address Common, Name Sub-threshold)"
S1-163077720,S2-906538643,S2,JI Software Limited,JI LIMITED (CENTER),21.052631578947366,2,"Howrah, West Bengal, Kolkata, 29-5A, Dr. Ambedkar Sarani, Topsia Road, Kolkata, Vishwakarma Ii",,0.0,0,0,India,India,Target Address Completely Missing + Typo in Name
S1-524036030,S3-686482320,S3,Yes Future (India) Private Limited,Yes Fúture (India) Limited Service,73.52941176470588,3,"Tiljala Road, Kolkata, West Bengal, Kolkata, West Bengal, 93/A, Kolkata, Howrah","93/A, Howrah, Kolkata, WB",32.692307692307686,4,1,India,India,Low Character N-gram Similarity (Sub-Top-K TF-IDF)
S1-734467842,S2-254328326,S2,Silver Foundation Private Limited,सिल्वर फाउंडेशन प्राइवेट लिमिटेड,9.230769230769232,0,"Maharashtra, Ghatkopar (East), Mumbai, Satyam Shopping Centre, 2Nd Floor M.G.Road, 9-10 A Wing","DOOR NO 9-10 A WING, GREATER BOMBAY, MUMBAI, Maharashtra",19.999999999999996,6,2,India,India,"Disjoint Business Name Tokens (Address Common, Name Sub-threshold)"
S1-780331711,S3-5305839,S3,Orthopedic Associates LLC,Orthopedic Associates L.L.C.,94.33962264150944,2,"7380 Westlake Terrace, Bethesda, MD",,0.0,0,0,US,US,Target Address Completely Missing + Typo in Name
S1-34957343,S2-142064799,S2,Sun Products Private Limited,सन प्रोडक्ट्स प्राइवेट लिमिटेड,10.344827586206895,0,"201 Annora, Rodas Enclave, Hiranandani Estate, Thane, Maharashtra","H.NO 201 ANNORA, NULL, THANE, Maharashtra",45.28301886792453,4,1,India,India,"Disjoint Business Name Tokens (Address Common, Name Sub-threshold)"
S1-525924487,S3-879399070,S3,My Products Pvt Ltd,My Pvt Ltd Services,52.63157894736843,3,"No 41, Classic Crest, 1St Main, 1St Block, Koramangala, Bangalore, Karnataka","H.no 41, KA",16.09195402298851,2,1,India,India,Low Character N-gram Similarity (Sub-Top-K TF-IDF)
S1-609062608,S2-832976130,S2,Surya Investment,ಸೂರ್ಯ ಇನ್ವೆಸ್ಟ್‌ಮೆಂಟ್,5.405405405405405,0,"No. B-1803, 18Th Floor Ebony Block, Salarpuria Sattva Greenage, Bengaluru, Bangalore, Karnataka","PLOT 906 NO. B-1803, BANGALORE, Karnataka",35.29411764705882,5,1,India,India,"Disjoint Business Name Tokens (Address Common, Name Sub-threshold)"
S1-641579109,S2-196228165,S2,Unique Developers Private Limited,ইউনিক ডেভেলপারস প্রাইভেট লিমিটেড,9.230769230769232,0,"104/A, Block F, 32 Jnan Goswami Sarani, Kolkata, Kolkata, Howrah, West Bengal","104/A, CALCUTTA, HOWRAH, West Bengal",40.70796460176991,5,1,India,India,"Disjoint Business Name Tokens (Address Common, Name Sub-threshold)"
S1-238331147,S3-727417613,S3,Sree It Limited,Sree Ít Limited,93.33333333333333,2,"Plot No 21, Office No.101-106, First Floor, Block-G, Vardhman Chamber-Ii, Community Centre, Vikaspuri, New Delhi, West Delhi, Delhi","DL, New Delhi, Plot No 22",20.512820512820518,4,0,India,India,Low Character N-gram Similarity (Sub-Top-K TF-IDF)
S1-215335896,S2-45923142,S2,North Investment Private Limited,नॉर्थ इन्वेस्टमेंट प्राइवेट लिमिटेड,8.955223880597018,0,"Office No. 102, Pentagon, Tower P4, Magarpatta, Pune City, Pune, Maharashtra","PUNE CITY, Maharashtra, PUNE, PLOT 81 OFFICE NO. 102",29.6875,6,1,India,India,"Disjoint Business Name Tokens (Address Common, Name Sub-threshold)"
S1-216181354,S3-509236611,S3,United Consultants Private Limited,यूनाइटेड Consultants Private Limited,80.0,3,"1/522A, Survey No 52, Rajput Associates, Kolkhe, Panvel, Raigarh(Mh), Maharashtra","001/522A, Panvel, MH",33.66336633663366,3,0,India,India,Low Character N-gram Similarity (Sub-Top-K TF-IDF)
S1-203925563,S3-613575535,S3,Balaji Impex,বালাজি ইম্পেক্স,7.4074074074074066,0,"Kolkata, 3/29/1, Howrah, Bl C, Fl 320H 202, Jessore Road, North 24 Pgs, West Bengal","Howrah, 3/29/1, WB",27.722772277227726,4,3,India,India,"Disjoint Business Name Tokens (Address Common, Name Sub-threshold)"
S1-602440532,S2-345263307,S2,Falcon LLC,Falcon,75.0,1,"8848 8th Street, Unit 16B, Phoenix, AZ","8848 8TH STREET, SUNNYSLOPE, AZ",46.37681159420289,4,1,US,US,Low Character N-gram Similarity (Sub-Top-K TF-IDF)
S1-360488265,S3-978889721,S3,Jai Systems Private Limited,जय सिस्टम्स प्राइवेट लिमिटेड,10.909090909090914,0,"19/1276, Indira Nagar, Lucknow, Lucknow, Uttar Pradesh","उत्तर प्रदेश, 19/1276., Lucknow, Indira Nagar, Lucknow",55.55555555555556,5,2,India,India,"Disjoint Business Name Tokens (Address Common, Name Sub-threshold)"
S1-824076722,S3-691802600,S3,Al Enterprises Pvt Ltd,Smt Alenterprises.Com,55.81395348837209,0,"Office No-201, 2Nd Floor, Global Square, Cts No-1505, S.No-247, Yerwada, Pune City, Pune, Maharashtra","Offcie No-201, Pune City, Pune, महाराष्ट्र",43.35664335664335,4,1,India,India,"Disjoint Business Name Tokens (Address Common, Name Sub-threshold)"
S1-56520129,S3-178053264,S3,Big Construction Pvt Ltd,બિગ કન્સ્ટ્રક્શન પ્રા. લિ.,12.0,0,"Ahmadabad City, Ahmedabad, 7Th Floor, Iscon Elegance, Nr Circle-P, Sg Highway, Satellite, Ahmedabad, Gujarat, 705 B","705/5 B, Shyamal Cross Road, GJ",21.91780821917808,2,1,India,India,"Disjoint Business Name Tokens (Address Common, Name Sub-threshold)"
S1-999023589,S3-586599866,S3,Sunrise Builders Limited,ಸನ್‌ರೈಸ್ Builders ಲಿಮಿಟೆಡ್,40.0,1,"Karnataka, Bangalore, 4A, Peenya Industrial Area, Bangalore","4A, Bangalore, KA",36.8421052631579,2,0,India,India,Low Character N-gram Similarity (Sub-Top-K TF-IDF)
S1-848852562,S3-104163212,S3,Real Energy Pvt Ltd,Real Enye Pvt Ltd,88.88888888888889,3,"15, Sbi Employees, Pankaj Chsl, Navghar Road Mulund East, Mumbai, Mumbai City, Maharashtra","Mumbai, 15, MH",21.153846153846157,2,1,India,India,Low Character N-gram Similarity (Sub-Top-K TF-IDF)
S1-57549624,S3-454756046,S3,Behavioral Health Specialists LLC,Behavioral Health Specialists L.L.C. Enterprises,81.4814814814815,3,"5117 Rolling Meadows, Milan, TN",,0.0,0,0,US,US,Target Address Completely Missing + Typo in Name
S1-614982217,S2-84246941,S2,Golden Logistics Private Limited,ಗೋಲ್ಡನ್ ಲಾಜಿಸ್ಟಿಕ್ಸ್ ಪ್ರೈವೇಟ್ ಲಿಮಿಟೆಡ್,8.571428571428575,0,"No.176, Adarsh Eco Place, Epip Zone, Phase Ii, Whitefield Industrial Area, Wh, Itefield, Bangalore, Karnataka","A-176, BANGALORE, Karnataka",26.470588235294112,3,1,India,India,"Disjoint Business Name Tokens (Address Common, Name Sub-threshold)"
S1-196309581,S3-361204897,S3,UA Investments Private Limited,UA Investments Privae Limited,98.30508474576271,3,"616, Swati Crimson And, Clover, Nr. Shilaj Circle, Daskroi, Ahmedabad, Gujarat","H.no 176 616, Ahmedabad, Daskroi, GJ",35.08771929824561,3,1,India,India,Low Character N-gram Similarity (Sub-Top-K TF-IDF)
S1-692594454,S2-312050097,S2,Royal Consultancy Limited,ROYAL CONUSRTAY LIMITED,20.833333333333336,2,"Siddhi Ground Floor, Plot No.14 15Th Road Khar (W), Mumbai, Maharashtra",,0.0,0,0,India,India,Target Address Completely Missing + Typo in Name
S1-360488265,S3-144210612,S3,Jai Systems Private Limited,Private Jai Systéms Limited,66.66666666666667,3,"19/1276, Indira Nagar, Lucknow, Lucknow, Uttar Pradesh","Lucknow, 19/1276., UP, Lucknow",42.85714285714286,3,2,India,India,Low Character N-gram Similarity (Sub-Top-K TF-IDF)
S1-335576235,S3-42549227,S3,Hari Solutions Limited,हरि सॉल्यूशंस लिमिटेड,9.302325581395355,0,"301, 3Rdfloor, Marvelalaina, Laneno.5, Koregaonpark, Pune, Maharashtra","301, N/A, Pune, MH",31.818181818181824,2,1,India,India,"Disjoint Business Name Tokens (Address Common, Name Sub-threshold)"
S1-903445032,S2-689432168,S2,JK Energy Private Limited,JK JK Eenhrgy Private Limited,88.88888888888889,3,"121A J-Extension Iiird Floor Laxmi Nagar, Delhi, East Delhi, Delhi",,0.0,0,0,India,India,Target Address Completely Missing + Typo in Name
S1-108314429,S2-628035494,S2,Supreme Dream It,सुप्रीम ड्रीम आईटी,11.764705882352944,0,"Office No F-39, First Floor Eternity Commercial Premises, Lbs Marg, Teen Hath Naka, Thane, Maharashtra","OFFICE NO F-39., THANE, महाराष्ट्र",22.058823529411764,5,1,India,India,"Disjoint Business Name Tokens (Address Common, Name Sub-threshold)"
S1-995572998,S2-813719642,S2,New Foods Private Limited,न्यू फूड्स प्राइवेट लिमिटेड,11.538461538461542,0,"C-401, Rukmini Vaibhav, Chsl, Azad Nagar 3, Vd Rd, Mumbai, Maharashtra","C-401, BOMBAY, MUMBAI, Maharashtra",46.15384615384615,4,1,India,India,"Disjoint Business Name Tokens (Address Common, Name Sub-threshold)"
S1-921396568,S2-940114459,S2,Hotel Management Pvt Ltd,होटल मैनेजमेंट प्रा. लि.,12.5,0,"Unit No. 231, 2Nd Foor, Dlf Star Tower Building Sector-31, Nh-8, Gurugram, Gurugram, Gurgaon, Haryana","HN 38 UNIT NO. 231, GURUGRAM, GURGAON, हरियाणा",25.850340136054417,5,1,India,India,"Disjoint Business Name Tokens (Address Common, Name Sub-threshold)"
S1-402237262,S3-569214031,S3,Real Hospitality Private Limited,ರಿಯಲ್ ಹಾಸ್ಪಿಟಾಲಿಟಿ ಪ್ರೈವೇಟ್ ಲಿಮಿಟೆಡ್,8.823529411764708,0,"Karnataka, Ithiel Complex, 3Rd Main, 2Nd Cross, Kacharakanahalli, St Thomas Town Post, No.1, Bangalore","No.1, Bangalore, ಕರ್ನಾಟಕ",23.809523809523814,3,1,India,India,"Disjoint Business Name Tokens (Address Common, Name Sub-threshold)"
S1-803590345,S2-719870548,S2,Horizon LLC,Horizon Enterprises,53.333333333333336,1,"1109 Pea Ridge Road, Huntington, WV",,0.0,0,0,US,US,Target Address Completely Missing + Typo in Name
S1-130018504,S3-456998181,S3,Anand Blue Producer,आनंद ब्लू प्रोड्यूसर,10.256410256410254,0,"Indore, Scheme No 78 Part 2 Vijay Nagar, Madhya Pradesh, Plot No 12","No 12, Indore, MP",28.57142857142857,3,1,India,India,"Disjoint Business Name Tokens (Address Common, Name Sub-threshold)"
S1-919952138,S3-166354776,S3,Surgical Medicine,Surgical Medicine Co Enterprises,69.38775510204081,2,"8 Frontier Lane, Rose Hill, KS",,0.0,0,0,US,US,Target Address Completely Missing + Typo in Name
S1-203925563,S2-719558106,S2,Balaji Impex,Dovazeph,19.999999999999996,0,"Kolkata, 3/29/1, Howrah, Bl C, Fl 320H 202, Jessore Road, North 24 Pgs, West Bengal","West Bengal, DUMDUM, 3/29/1",19.999999999999996,5,3,India,India,"Disjoint Business Name Tokens (Address Common, Name Sub-threshold)"
S1-122232705,S3-816700908,S3,Noah Trust LLC,Noah LLC Center,55.172413793103445,2,"6096 Tinley Mill Drive, Prince William County, VA","6096 Tinley Mill Dr, Haymarket, Virginia",60.67415730337078,3,1,US,US,Low Character N-gram Similarity (Sub-Top-K TF-IDF)
S1-766392501,S3-305332402,S3,Vision Agro Private Limited,Visionagro.Com,48.78048780487805,0,"Plot No.14, Street No.8, Ravindra Nagar Colony, Habsiguda, Secunderabad, Hyderabad, Telangana","H.no 14, Secunderabad, Hyderabad, Andhra Pradesh",48.22695035460993,4,1,India,India,"Disjoint Business Name Tokens (Address Common, Name Sub-threshold)"
S1-339374417,S3-242628819,S3,YD Services Private Limited,ydservices.com,39.02439024390244,0,"22/957, Swasthi, Thanapadom Sariga Club Road, Thanapadom, Kakkanad, Ernakulam, Kerala","22/957, Ernakulam, KL",37.735849056603776,3,2,India,India,"Disjoint Business Name Tokens (Address Common, Name Sub-threshold)"
S1-768057805,S3-195799938,S3,EL Lincoln,EL Líncoln,90.0,1,"102 Union Avenue, Mountain View, AR","Arkansas, Mountian VIEW CDP, 702 Union Ave",41.55844155844156,2,0,US,US,Low Character N-gram Similarity (Sub-Top-K TF-IDF)
S1-513223898,S3-265928280,S3,Black Logistics Private Limited,ब्लैक लॉजिस्टिक्स प्राइवेट लिमिटेड,9.230769230769232,0,"J-1985 F/F, C.R. Park New Delhi, Delhi, South Delhi, Delhi","J-1985 F/f, Delhi, <NULL>, DL",48.275862068965516,4,1,India,India,"Disjoint Business Name Tokens (Address Common, Name Sub-threshold)"
S1-805549305,S2-713726449,S2,Dream Engineering Pvt Ltd,ड्रीम इंजीनियरिंग प्रा. लि.,11.538461538461542,0,"Shop No.3, Near Kundan Chowk, Vill. Khushkhera, Near Bhiwadi, Bhiwadi, Alwar, Rajasthan","DOOR NO G-3, BHIWADI, राजस्थान",15.384615384615385,3,1,India,India,"Disjoint Business Name Tokens (Address Common, Name Sub-threshold)"
S1-163747087,S3-302914388,S3,Lotus Services Pvt Ltd,लोटस सर्विसेज प्रा. लि.,13.33333333333333,0,"Floor-2Nd, 45/47, Silver Mansion, Dhanji Street, Zaveri Bazar Mumbadevi, Mandvi, Mumbai, Maharashtra, 17","#141 17, Mumbai, MH",21.138211382113823,2,1,India,India,"Disjoint Business Name Tokens (Address Common, Name Sub-threshold)"
S1-570361411,S2-592744157,S2,Shyam Ventures Private Limited,ਸ਼ਿਆਮ ਵੈਂਚਰਜ਼ ਪ੍ਰਾਈਵੇਟ ਲਿਮਟਿਡ,10.169491525423723,0,"#771, Sector 91 Sas Nagar, Mohali, Punjab","#771, MOHALI, ਪੰਜਾਬ",30.000000000000004,2,1,India,India,"Disjoint Business Name Tokens (Address Common, Name Sub-threshold)"
S1-385303865,S3-714744072,S3,Red Foods Pvt Ltd,రెడ్ ఫుడ్స్ ప్రైవేట్ లిమిటెడ్,13.043478260869568,0,"D.No 6-2-30/B, Flot No 103 First Floor, Express Court, Lakdi Ka Poo, L, Saifabad, Hyderabad, Telangana","Hyderabad, Door No 4-2-30/B, తెలంగాణ",18.840579710144922,5,2,India,India,"Disjoint Business Name Tokens (Address Common, Name Sub-threshold)"
S1-851334426,S2-789121207,S2,Solstice Inc,Inc Solstice,66.66666666666667,2,"14 9th Street, Richmond, IN","0014 NINTH ST, RICHMOND, IN",44.44444444444444,2,0,US,US,Low Character N-gram Similarity (Sub-Top-K TF-IDF)
S1-591911604,S3-270380377,S3,Ram Consultants Private Limited,રામ કન્સલ્ટન્ટ્સ પ્રાઇવેટ લિમિટેડ,9.375,0,"306, President House Ambawadi Circle, Ahmedabad, Gujarat","G-306, Ahmedabad, GJ",44.73684210526315,2,1,India,India,"Disjoint Business Name Tokens (Address Common, Name Sub-threshold)"
S1-272340452,S2-406933062,S2,Lakshmi Tech Media Limited,लक्ष्मी टेक मीडिया लिमिटेड,11.538461538461542,0,"Shop No. 06, Nr Petrol, Pump, Ratlam Road, Banswara, Rajasthan","Rajasthan, TEJPUR, 06, BANSWARA",23.655913978494624,3,1,India,India,"Disjoint Business Name Tokens (Address Common, Name Sub-threshold)"
S1-238331147,S2-667940175,S2,Sree It Limited,श्री आईटी लिमिटेड,12.5,0,"Plot No 21, Office No.101-106, First Floor, Block-G, Vardhman Chamber-Ii, Community Centre, Vikaspuri, New Delhi, West Delhi, Delhi","DOOR NO 21, NEW DELHI, WEST DELHI, Delhi",25.730994152046783,5,1,India,India,"Disjoint Business Name Tokens (Address Common, Name Sub-threshold)"
S1-358618259,S2-846810182,S2,One Builders Private Limited,వన్ బిల్డర్స్ ప్రైవేట్ లిమిటెడ్,10.169491525423723,0,"Flat.No.202, Plot.No.25, Sunder Nagar, S.R.Nagar, Hyderabad, Telangana","HYDERABAD, S.R.NAGAR, FLAT.NO.202, Andhra Pradesh",31.932773109243694,7,1,India,India,"Disjoint Business Name Tokens (Address Common, Name Sub-threshold)"
S1-464514986,S3-604135891,S3,Valley Fund,Valley Center,66.66666666666667,1,"97 Cass Avenue, Cheektowaga, NY","Cass Ave, Buffalo, New York",51.72413793103448,1,0,US,US,Low Character N-gram Similarity (Sub-Top-K TF-IDF)
S1-159067707,S3-342293148,S3,Parth Technologies (India) Private Limited,Parth (India) Private Limited Service,73.41772151898735,4,"C/O Karan Singh Parmar Shop No. 08, Ramayan South Katara Hills, Bhopal, Madhya Pradesh",,0.0,0,0,India,India,Target Address Completely Missing + Typo in Name
S1-201376315,S3-968027795,S3,E/I World,eiworld.com,40.0,0,"VA, 117 Elliot Street, Augusta County","117 Elliot St, Staunton, Virginia",57.14285714285714,2,1,US,US,"Disjoint Business Name Tokens (Address Common, Name Sub-threshold)"
S1-183232960,S3-84576486,S3,Star Blue Oncology LP,starblueoncology.com,63.41463414634146,0,"1443 Cliff Court, Unit B, Columbus, OH","1443 Cliff Ct, Colubus, PO Box 1919, Ohio",63.29113924050633,2,1,US,US,"Disjoint Business Name Tokens (Address Common, Name Sub-threshold)"
S1-335576235,S2-976123764,S2,Hari Solutions Limited,हरि सॉल्यूशंस लिमिटेड,9.302325581395355,0,"301, 3Rdfloor, Marvelalaina, Laneno.5, Koregaonpark, Pune, Maharashtra","PUNE, Maharashtra, PUNE, 301",28.57142857142857,3,1,India,India,"Disjoint Business Name Tokens (Address Common, Name Sub-threshold)"
S1-224534945,S2-518930624,S2,Gitanjali Realestate Private Limited,PRIVATEREALESTATE.COM #85158,6.25,0,"Khasra No 950, 950 Me And 951, Village Kilhora Jalalabad Hapur, Hapur, Ghaziabad, Uttar Pradesh","950., GHAZIABAD, NEW DELHI, Uttar Pradesh",36.76470588235294,4,1,India,India,"Disjoint Business Name Tokens (Address Common, Name Sub-threshold)"
S1-330281696,S2-448188089,S2,New International Private Limited,न्यू इंटरनेशनल प्राइवेट लिमिटेड,9.375,0,"B-148, Vikas Vihar Vikas Nagar, Uttam Nagar, New Delhi, West Delhi, Delhi","Delhi, SOUTH WEST DELHI, WEST DELHI, B-148",26.086956521739136,4,1,India,India,"Disjoint Business Name Tokens (Address Common, Name Sub-threshold)"
S1-410040347,S3-186997268,S3,Temple Synagogue,Temple Partners,58.06451612903225,1,"10202 W Maple Road, Omaha, NE",,0.0,0,0,US,US,Target Address Completely Missing + Typo in Name
S1-499382294,S3-972269320,S3,Blanco Lifesciences,Blanco Center,62.5,1,"671 Alpha Avenue, Brownsburg, IN",,0.0,0,0,US,US,Target Address Completely Missing + Typo in Name
S1-609062608,S3-420083497,S3,Surya Investment,Mr Surya Surya Service,42.10526315789473,1,"No. B-1803, 18Th Floor Ebony Block, Salarpuria Sattva Greenage, Bengaluru, Bangalore, Karnataka",,0.0,0,0,India,India,Target Address Completely Missing + Typo in Name
S1-481666470,S2-893661944,S2,Shakti Services,शक्ति सर्विसेज,6.896551724137934,0,"101, Plot No. A11, Midas Chambers, Off Link Road, Andheri W, Est, Mumbai, Mumbai City, Maharashtra","101, MUMBAI, MUMBAI CITY, Maharashtra",38.51851851851852,4,1,India,India,"Disjoint Business Name Tokens (Address Common, Name Sub-threshold)"
S1-753495835,S2-518701172,S2,Orbic Indigo,Deltaorbiiri,33.333333333333336,0,"1779 Mill Lane, Millcreek, UT","SALT LAKE CITY, 1779 MILL LN, UT",39.34426229508197,3,1,US,US,"Disjoint Business Name Tokens (Address Common, Name Sub-threshold)"
S1-887816750,S2-583908458,S2,Cozy Seafood Company,Arconyx,22.22222222222222,0,"4688 Walker Avenue, Unit Slip 20, Orange Beach, AL","BALDWIN COUNTY, AL, 4688 1/2 WALKER AVE",22.47191011235955,3,1,US,US,"Disjoint Business Name Tokens (Address Common, Name Sub-threshold)"
S1-68953626,S2-347955887,S2,Neff Arc LLC,LLC NEFF ÁRC,25.0,2,"9128 Rowe Court, Charlotte, NC","NC, PMB 729, 8798 ROWE CT, CHARLOTTE",27.27272727272727,3,0,US,US,Low Character N-gram Similarity (Sub-Top-K TF-IDF)
S1-424010232,S3-244010851,S3,Good Systems Private Limited,गुड सिस्टम्स प्राइवेट लिमिटेड,10.526315789473683,0,"Pune, Sai Ambience, Maharashtra, Pune, B-1001, Pimple Saudagar","Sai Ambience, Sangvi, MH",41.860465116279066,2,0,India,India,"Disjoint Business Name Tokens (Address Common, Name Sub-threshold)"
S1-597762257,S3-426660831,S3,Green Logistics Private Limited,ग्रीन लॉजिस्टिक्स प्राइवेट लिमिटेड,9.230769230769232,0,"E-7, Second Floor, New Delhi, South Delhi, Delhi","South Delhi, No. 225 E-7, DL, New Delhi",45.97701149425287,5,1,India,India,"Disjoint Business Name Tokens (Address Common, Name Sub-threshold)"
S1-216181354,S3-317748253,S3,United Consultants Private Limited,यूनाइटेड कंसल्टेंट्स प्राइवेट लिमिटेड,8.450704225352112,0,"1/522A, Survey No 52, Rajput Associates, Kolkhe, Panvel, Raigarh(Mh), Maharashtra","001/522A, Panvel, महाराष्ट्र",29.357798165137616,2,0,India,India,"Disjoint Business Name Tokens (Address Common, Name Sub-threshold)"
S1-948768038,S3-551969084,S3,Happy Tattoo,Happy Táttoo,91.66666666666666,1,"17062 Rand Drive, Fountain Hills, AZ",,0.0,0,0,US,US,Target Address Completely Missing + Typo in Name
S1-392566689,S3-117144804,S3,EA Software Inc,EA Sofwttoaer Inc,81.25,2,"1429 College Street, Portland, OR",,0.0,0,0,US,US,Target Address Completely Missing + Typo in Name
S1-828302204,S3-673341637,S3,Mac Foundation,Mac Cénter,50.0,1,"214 C R Avenue, Kolkata, Calcutta, West Bengal","214- C R Avenue, Kolkata, Hatibagan, WB",75.29411764705883,5,1,India,India,Low Character N-gram Similarity (Sub-Top-K TF-IDF)
S1-373810395,S2-576151122,S2,High Energy Private Limited,हाई एनर्जी प्राइवेट लिमिटेड,11.111111111111116,0,"Plot No A212, R N 30, Thane, Maharashtra","PLOT NO A212, THANE, महाराष्ट्र",36.61971830985915,4,0,India,India,"Disjoint Business Name Tokens (Address Common, Name Sub-threshold)"
S1-580992307,S3-938870340,S3,Creative Baba It Private Limited,क्रिएटिव बाबा आईटी प्राइवेट लिमिटेड,11.940298507462687,0,"D220, S/Floor Defence Colony, New Delhi, South Delhi, Delhi","D20, S/floor Defence Colony, Dadri, Distt G. B. Nagar, South Delhi, दिल्ली",69.17293233082707,6,0,India,India,"Disjoint Business Name Tokens (Address Common, Name Sub-threshold)"
S1-901086958,S2-938234474,S2,Baba Foods Private Limited,बाबा फूड्स प्राइवेट लिमिटेड,11.32075471698113,0,"A-101, Unique Towers, Pratap Nagar, Sector 26, Jaipur, Rajasthan","JAIPUR, A-101, Rajasthan",36.36363636363637,4,1,India,India,"Disjoint Business Name Tokens (Address Common, Name Sub-threshold)"
S1-308240187,S3-377116427,S3,LB Xrp,LB Partners,47.05882352941176,1,"3118 Soaring Pines Trail, Conroe, TX",,0.0,0,0,US,US,Target Address Completely Missing + Typo in Name
S1-239986792,S3-705961678,S3,Krishna Software Pvt Ltd,Krishna Snfftsorea Pvt Ltd,84.0,3,"A02, Omkar Building Mathura Nagar Taaki Road Nallasopara East, Palghar, Nallasopara, Thane, Maharashtra",,0.0,0,0,India,India,Target Address Completely Missing + Typo in Name
S1-931228719,S3-948667688,S3,Black Consultancy Private Limited,Black ಕನ್ಸಲ್ಟೆನ್ಸಿ ಪ್ರೈವೇಟ್ ಲಿಮಿಟೆಡ್,23.188405797101453,1,"1235, 9Th Main Road Vijaya Nagar, Bengalore, Bangalore, Karnataka","Block D-#560 1235, ಕರ್ನಾಟಕ, Bangalore",33.333333333333336,2,1,India,India,Low Character N-gram Similarity (Sub-Top-K TF-IDF)
S1-289445281,S2-708881630,S2,Unique Global Pvt Ltd,यूनिक ग्लोबल प्रा. लि.,13.953488372093027,0,"602, 6Th Floor, Bldg No.16, Ajmera Heights Iii Chsl, Yogidham, Kalyan, Thane, Maharashtra","0602, महाराष्ट्र, MUMBAI, KALYAN",21.487603305785118,1,0,India,India,"Disjoint Business Name Tokens (Address Common, Name Sub-threshold)"
S1-306095185,S3-261575641,S3,Leo International School,Leo School Center,48.78048780487805,2,"Mumbai, Maharashtra, Mumbai City, Al-Safa Chs, Millat Nagar, Andheri (West), 104/A-1","104/A-1, Mumbai, महाराष्ट्र",18.018018018018022,4,2,India,India,Low Character N-gram Similarity (Sub-Top-K TF-IDF)
S1-981346708,S2-465848431,S2,Shiva Foods Private Limited,శివ ఫుడ్స్ ప్రైవేట్ లిమిటెడ్,10.909090909090914,0,"Villa No. 66, Kolla Luxurys, Masjid Banda, Serilingampally, Hyderabad, Telangana","VILLA NO. 66, RANGAREDDY, HYDERABAD, తెలంగాణ",22.580645161290324,4,1,India,India,"Disjoint Business Name Tokens (Address Common, Name Sub-threshold)"
S1-499302167,S2-148775637,S2,Shree Industries Private Limited,શ્રી ઇન્ડસ્ટ્રીઝ પ્રાઇવેટ લિમિટેડ,9.230769230769232,0,"Plot No. 265, G. I. D. C. Estate Sachin, Surat, Gujarat","PLOT NO. 265, SURAT, ગુજરાત",31.707317073170728,4,1,India,India,"Disjoint Business Name Tokens (Address Common, Name Sub-threshold)"
S1-912858680,S3-419436439,S3,Apex Systems Pvt Ltd,एपेक्स सिस्टम्स प्रा. लि.,13.33333333333333,0,"302, 3Rd Fl, Sr. No. 48/13/3, Vijaylaxmi Prestige, Rahatani-Kalewadi Link Road, Rahatani, Pune, Maharashtra","302, Pune, महाराष्ट्र",17.1875,2,1,India,India,"Disjoint Business Name Tokens (Address Common, Name Sub-threshold)"
S1-98579303,S3-719484948,S3,Indian Technologies,Indian Services,64.70588235294117,1,"Flat 19/1/16, Nabin Chandra Das Road, Kolkata, Kolkata, Howrah, West Bengal","Flat 19/1/16, Kolkata, Howrah, পশ্চিমবঙ্গ",53.448275862068975,6,3,India,India,Low Character N-gram Similarity (Sub-Top-K TF-IDF)
S1-98065022,S3-698900166,S3,Care Consultants,careconsultants.com,74.28571428571429,0,"Survey No. 29, Plot No. 2, B/H Navjivan Way Bridge, Himatnagar, Sabarkantha, Gujarat","29, Himatnagar, NULL, GJ",35.18518518518518,2,1,India,India,"Disjoint Business Name Tokens (Address Common, Name Sub-threshold)"
S1-486816598,S3-72537341,S3,Balashree Technology Private Limited,btprivate.com,28.57142857142857,0,"56/57, Mumbai City, Maharashtra, Mumbai, Mittal Chambers 228, Nariman Point","56/57, Bombay, Mumbai City, महाराष्ट्र",42.47787610619469,4,2,India,India,"Disjoint Business Name Tokens (Address Common, Name Sub-threshold)"
S1-898279595,S3-9435354,S3,Star Enterprises Pvt Ltd,स्टार एंटरप्राइजेज प्रा. लि.,11.538461538461542,0,"North Delhi, Delhi, 26, Prem Niwas Malkaganj Road, Delhi","26, Delhi, North Delhi, DL",41.463414634146346,3,1,India,India,"Disjoint Business Name Tokens (Address Common, Name Sub-threshold)"
S1-429691516,S3-948989150,S3,Led Mail Pvt Ltd,Led Pvt  Ltd Center,62.857142857142854,3,"Tamil Nadu, Kk Ngr, 187, Chennai, Sv Lingam Stkk Ngr, Chennai Kk Ngr, Chennai","Plot 225 187, Chennai, TN",35.29411764705882,2,1,India,India,Low Character N-gram Similarity (Sub-Top-K TF-IDF)
S1-692127788,S3-741378949,S3,Prime Om Energy Private Limited,Veoiri,16.216216216216218,0,"B-10, Shivam Apartment, Block-D, Vikaspuri, New Delhi, Delhi","New Delhi, दिल्ली, B-b3/10",25.581395348837212,4,1,India,India,"Disjoint Business Name Tokens (Address Common, Name Sub-threshold)"
S1-745839307,S2-148602546,S2,Innovative Agro Private Limited,ಇನೋವೇಟಿವ್ ಅಗ್ರೋ ಪ್ರೈವೇಟ್ ಲಿಮಿಟೆಡ್,9.375,0,"No.1, Ground Floor, H I M Towers, 9Th Cross Kempegowd Layout Nageshwara Nagebahalli, Bangalore, Karnataka","Karnataka, BANGALORE, NO.1",16.793893129770986,4,1,India,India,"Disjoint Business Name Tokens (Address Common, Name Sub-threshold)"
S1-866514162,S2-679232263,S2,Eastern Consultancy Private Limited,M/s Eastern Consultancy Limited Services,72.0,3,"Plot No. 27, New No B-27, S/F Sector-8, Dwarka, New Delhi, South West Delhi, Delhi",,0.0,0,0,India,India,Target Address Completely Missing + Typo in Name
S1-506296494,S3-260394381,S3,Pinnacle Public,Pinnacle Públic,93.33333333333333,1,"4400 Culver Road, Irondequoit, NY","4400 Culver Rd, Rochester, New York",67.64705882352942,2,1,US,US,Low Character N-gram Similarity (Sub-Top-K TF-IDF)
S1-163747087,S3-798193328,S3,Lotus Services Pvt Ltd,लोटस सर्विसेज प्रा. लि.,13.33333333333333,0,"Floor-2Nd, 45/47, Silver Mansion, Dhanji Street, Zaveri Bazar Mumbadevi, Mandvi, Mumbai, Maharashtra, 17","#141 17, Mumbai, MH",21.138211382113823,2,1,India,India,"Disjoint Business Name Tokens (Address Common, Name Sub-threshold)"
S1-344557977,S2-237548317,S2,Smart Industries Private Limited,स्मार्ट इंडस्ट्रीज प्राइवेट लिमिटेड,8.955223880597018,0,"D-32, New Ashok Nagar New Delhi, New Delhi, East Delhi, Delhi","GAZIPUR DELHI, Delhi, <NULL>, NEW DELHI, D-32",35.84905660377359,4,1,India,India,"Disjoint Business Name Tokens (Address Common, Name Sub-threshold)"
S1-710909094,S3-17904782,S3,Halley Parker American Corporation,Nylatavo,19.047619047619047,0,"4502 Indian School Road, Unit 221, Phoenix, AZ","4502 Indian School Rd, PMB 9847, Arcadia, Arizona",63.1578947368421,3,1,US,US,"Disjoint Business Name Tokens (Address Common, Name Sub-threshold)"
S1-931228719,S3-775792842,S3,Black Consultancy Private Limited,ಬ್ಲ್ಯಾಕ್ ಕನ್ಸಲ್ಟೆನ್ಸಿ ಪ್ರೈವೇಟ್ ಲಿಮಿಟೆಡ್,8.333333333333337,0,"1235, 9Th Main Road Vijaya Nagar, Bengalore, Bangalore, Karnataka","Block D-#560 1235, Bengalore, Bangalore, ಕರ್ನಾಟಕ",49.557522123893804,3,1,India,India,"Disjoint Business Name Tokens (Address Common, Name Sub-threshold)"
S1-745839307,S3-218169504,S3,Innovative Agro Private Limited,innovativeagro.com,53.06122448979591,0,"No.1, Ground Floor, H I M Towers, 9Th Cross Kempegowd Layout Nageshwara Nagebahalli, Bangalore, Karnataka","No.g-1, Bangalore, KA",28.57142857142857,3,1,India,India,"Disjoint Business Name Tokens (Address Common, Name Sub-threshold)"
S1-681392030,S3-340243016,S3,Care Institute of Technology,Care Institute óf Technology,96.42857142857143,3,"West Bengal, Howrah, 229, Kolkata, Netaji Subhas Chandra Bose Road Vishnu Enclave, 3Rd Floor, Flat No.- 3A, Kolkata","229., Kolkata, WB",22.72727272727273,2,1,India,India,Low Character N-gram Similarity (Sub-Top-K TF-IDF)
S1-974370004,S2-251897681,S2,Smart Builders Private Limited,स्मार्ट बिल्डर्स प्राइवेट लिमिटेड,9.523809523809524,0,"Faridabad, 122, Haryana, Navloo Colony, Gali No. 1, Near Ballabgarh Metro Station, Faridabad","DOOR NO 141 122, FARIDABAD, हरियाणा",15.748031496062998,3,1,India,India,"Disjoint Business Name Tokens (Address Common, Name Sub-threshold)"
S1-629358782,S3-743698941,S3,Indrtech Instruments Care,Indrtech Care Partners,63.829787234042556,2,"Ardente Office One, Unit 2225, Hoodi Itpl Main Road, Mahadevapura Post, Bangalore, Karnataka",,0.0,0,0,India,India,Target Address Completely Missing + Typo in Name
S1-171653159,S2-531915848,S2,First Hospitality LLP,फर्स्ट हॉस्पिटैलिटी एलएलपी,8.510638297872342,0,"Wz-351, Delhi, Shakurpur Village, Delhi","WZ-351, WEST DELHI, DELHI, दिल्ली",33.333333333333336,3,1,India,India,"Disjoint Business Name Tokens (Address Common, Name Sub-threshold)"
S1-751295948,S3-147465491,S3,Custom Marine Associates,Cust0m  Marine,63.1578947368421,1,"2628 5th Place, Tulsa, OK","Tulsa, 2628 Fifth Pl, Oklahoma",50.90909090909091,2,1,US,US,Low Character N-gram Similarity (Sub-Top-K TF-IDF)
S1-558634684,S2-623955087,S2,Prime Food Private Limited,प्राइम फूड प्राइवेट लिमिटेड,11.32075471698113,0,"Plot No. 23, Zone-1 M.P. Nagar, Bhopal, Madhya Pradesh","PLOT NO. 23, BHOPAL, मध्य प्रदेश",30.23255813953488,4,1,India,India,"Disjoint Business Name Tokens (Address Common, Name Sub-threshold)"
S1-606725408,S3-578712267,S3,Green Consulting Pvt Ltd,Green Cbsubtlng Pvt (Ltd),81.63265306122449,3,"M-171, Greater Kailash-Ii, New Delhi, Delhi","M-17, New Delhi, Greater Kailash-ii, दिल्ली",60.46511627906976,6,0,India,India,Low Character N-gram Similarity (Sub-Top-K TF-IDF)
S1-98579303,S3-690119410,S3,Indian Technologies,ইন্ডিয়ান টেকনোলজিস,5.263157894736848,0,"Flat 19/1/16, Nabin Chandra Das Road, Kolkata, Kolkata, Howrah, West Bengal","Flat 19/1/16, Howrah, Kolkata, WB",53.703703703703695,6,3,India,India,"Disjoint Business Name Tokens (Address Common, Name Sub-threshold)"
S1-724752961,S3-100608178,S3,Shree Hospital,Shree Hóspital,92.85714285714286,1,"6/28, East Patel Nagar, Delhi, Central Delhi, Delhi","06/28, Delhi, Central Delhi, DL",70.73170731707317,3,1,India,India,Low Character N-gram Similarity (Sub-Top-K TF-IDF)
S1-916773322,S3-254017158,S3,Integrated Myers Group,Integrated Group Service,69.56521739130434,2,"311 Glenn Avenue, Unit 33, Auburn, AL",,0.0,0,0,US,US,Target Address Completely Missing + Typo in Name
S1-829348020,S2-708805610,S2,All Management Limited,ALL MTANIAEGMBNT LIMITED,21.739130434782606,2,"52-12-1 Rajendra Nagar, Rajahmundry, Guntur, Andhra Pradesh",,0.0,0,0,India,India,Target Address Completely Missing + Typo in Name
S1-621761582,S3-770029994,S3,Dynamic Properties Pvt Ltd,డైనమిక్ ప్రాపర్టీస్ ప్రైవేట్ లిమిటెడ్,9.523809523809524,0,"39-17-48/1, Main Road, Near 48 Busstop, Visakhapatnam (Urban), Visakhapatnam, Vishakhapatnam, Andhra Pradesh","39-17-48/1, Vizag, Vishakhapatnam, ఆంధ్రప్రదేశ్",42.58064516129032,5,4,India,India,"Disjoint Business Name Tokens (Address Common, Name Sub-threshold)"
S1-829420372,S3-601412026,S3,Dental Physicians LLC,Dental Phybcsians LLC,90.47619047619048,2,"245 Indian Lake Boulevard, Unit E308, Hendersonville, TN",,0.0,0,0,US,US,Target Address Completely Missing + Typo in Name
S1-872302647,S3-56614947,S3,Lucky Pilates Inc,Lucky Inc Pi1ates,70.58823529411764,2,"321 21st Street, Unit C, Newark, OH",,0.0,0,0,US,US,Target Address Completely Missing + Typo in Name
S1-162593001,S3-443312032,S3,Primary Care Group,Primary Group Care Enterprises,62.5,3,"8190 Tr 73, Old Fort, OH",,0.0,0,0,US,US,Target Address Completely Missing + Typo in Name
S1-716442915,S3-355978425,S3,Creative Plum,Creative Center,64.28571428571428,1,"7371 Denny Drive, North Ridgeville, OH",,0.0,0,0,US,US,Target Address Completely Missing + Typo in Name
S1-355266439,S3-521499248,S3,Empire Alliance Inc,Empire Inc Services,57.89473684210527,2,"89 Prince Street, Unit 4R, Boston, MA","89 Prinec St, # 4R, Bostonn CITY, Massachusetts",64.28571428571428,2,1,US,US,Low Character N-gram Similarity (Sub-Top-K TF-IDF)
S1-602806324,S3-600381825,S3,Enjoy & Sons,esons.com,28.57142857142857,0,"Sf No.21/4B, Pavan Garden, P.N.Pudur, Coimbatore, Coimbatore, Tamil Nadu","Sf No.21/4b, Coimbatore, தமிழ்நாடு",47.16981132075472,5,1,India,India,"Disjoint Business Name Tokens (Address Common, Name Sub-threshold)"
S1-999023589,S3-694949056,S3,Sunrise Builders Limited,Services Sunrise Limited,66.66666666666667,2,"Karnataka, Bangalore, 4A, Peenya Industrial Area, Bangalore","4A, Bangalore, KA",36.8421052631579,2,0,India,India,Low Character N-gram Similarity (Sub-Top-K TF-IDF)
S1-622374625,S3-726746553,S3,Om Estate Private Limited,ओम एस्टेट प्राइवेट लिमिटेड,11.764705882352944,0,"Gujara Mala, Pune, Maharashtra, Ap Shirur, Tal Shirur, Pune","Gujara Mala, Pune, Nimone, MH",50.0,3,0,India,India,"Disjoint Business Name Tokens (Address Common, Name Sub-threshold)"
S1-898630961,S3-683805650,S3,Best Infra Limited,बेस्ट इंफ्रा लिमिटेड,10.526315789473683,0,"Naman Centre, C-31, Bandra Kurla Complex, G-Block, Opp Dena Bank, Mumbai, Maharashtra","Naman Centre, Mumbai, महाराष्ट्र",37.60683760683761,3,0,India,India,"Disjoint Business Name Tokens (Address Common, Name Sub-threshold)"
S1-313386776,S2-318583672,S2,Ridge Fellowship II,Ridge-Follwmnhsip ÍI,71.7948717948718,1,"KY, 409 Benham Street, Dayton",,0.0,0,0,US,US,Target Address Completely Missing + Typo in Name
S1-6532344,S3-871070212,S3,Chiropractic Physicians Center,chiropracticphysicianscenter.com,80.64516129032258,0,"2493 625, Woods Cross City, UT","2493 625, Bountiful, Utah",54.54545454545454,2,2,US,US,"Disjoint Business Name Tokens (Address Common, Name Sub-threshold)"
S1-722293691,S3-64224875,S3,"Patrica Gonzalez Metro Lakeshore, LLC",pgmetro.com,20.833333333333336,0,"527 124th Street, Seattle, WA","527 1/2 124rd Saint, Seattle, Washington",63.76811594202898,2,1,US,US,"Disjoint Business Name Tokens (Address Common, Name Sub-threshold)"
S1-546325650,S2-588555098,S2,Physical Therapy Specialists,Physical Therapy Specialists Corp,91.80327868852459,3,"3102 3990, Winnsboro, TX",,0.0,0,0,US,US,Target Address Completely Missing + Typo in Name
S1-856710782,S3-584218851,S3,Sunrise Technologies Limited,ಸನ್‌ರೈಸ್ ಟೆಕ್ನಾಲಜೀಸ್ ಲಿಮಿಟೆಡ್,7.017543859649122,0,"No.60, 7Th Cross, 8Th Main Bikasipura, Bangalore, Karnataka","No.060, Bangalore, KA, Bangalore",48.35164835164834,2,0,India,India,"Disjoint Business Name Tokens (Address Common, Name Sub-threshold)"
S1-109132023,S2-38769036,S2,Chiropractic Piedmont Specialists LLC,Chiropractic Spécialists LLC Center,75.0,2,"2532 17th Avenue, Portland, OR","2532 17ND AVE, PORTLAND, OR",56.14035087719298,3,1,US,US,Low Character N-gram Similarity (Sub-Top-K TF-IDF)
S1-898630961,S3-220643517,S3,Best Infra Limited,Dr Best Infra,64.51612903225806,2,"Naman Centre, C-31, Bandra Kurla Complex, G-Block, Opp Dena Bank, Mumbai, Maharashtra",,0.0,0,0,India,India,Target Address Completely Missing + Typo in Name
S1-947166860,S3-29876156,S3,Apoorva Works Private Limited,Wexwex,17.14285714285714,0,"22/2791, Old Y Block, 6Th Street 12Th Main Road, Anna Nagar, Chennai, Tamil Nadu","B3/22/2791, Chennai City Region, TN",38.26086956521739,3,2,India,India,"Disjoint Business Name Tokens (Address Common, Name Sub-threshold)"
S1-973414824,S3-314185820,S3,Premier Minerals Inc,Premier Mdnffrlas Inc,82.92682926829268,2,"34815 Schwalm Road, Kenai Peninsula Borough, AK","034815 Schwalm Rd, Soldotna, Alaska",56.09756097560976,1,0,US,US,Low Character N-gram Similarity (Sub-Top-K TF-IDF)
S1-246478198,S2-296004580,S2,Modern Marketing Private Limited,మోడర్న్ మార్కెటింగ్ ప్రైవేట్ లిమిటెడ్,8.695652173913048,0,"5-8-49/2/1/A, Gadwal Compound, Nampally, Hyderabad, Telangana","5-8-49/2/1/A, HYDERABAD, Andhra Pradesh",46.0,7,5,India,India,"Disjoint Business Name Tokens (Address Common, Name Sub-threshold)"
S1-587107442,S2-664925321,S2,Digital Healthcare Private Limited,ಡಿಜಿಟಲ್ ಹೆಲ್ತ್‌ಕೇರ್ ಪ್ರೈವೇಟ್ ಲಿಮಿಟೆಡ್,8.450704225352112,0,"No. 1528, 2Nd Floor, 3Rd Cross, Opp G.S.S School, 2Nd Block, Hbr Layout, Bangalore, Karnataka","NO., BANGALORE, Karnataka",30.508474576271183,3,0,India,India,"Disjoint Business Name Tokens (Address Common, Name Sub-threshold)"
S1-543291404,S2-728000855,S2,Southern Technologies Private Limited,Southern ടെക്നോളജീസ് പ്രൈവറ്റ് ലിമിറ്റഡ്,28.57142857142857,1,"Excelsior Building Thengana, Perumpanachy P.O., Changanacherry, Kottayam, Kerala",,0.0,0,0,India,India,Target Address Completely Missing + Typo in Name
S1-637520401,S2-378686999,S2,Best Vijay Systems Private Limited,बेस्ट विजय सिस्टम्स प्राइवेट लिमिटेड,11.428571428571432,0,"402, The Great Eastern Galleria, Plot No. 20, Sector - 4, Nerul, Navi Mumbai, Maharashtra","महाराष्ट्र, NO. 874 402, NERUL, NAVI MUMBAI",24.242424242424242,5,1,India,India,"Disjoint Business Name Tokens (Address Common, Name Sub-threshold)"
S1-335576235,S2-757956582,S2,Hari Solutions Limited,हरि सॉल्यूशंस लिमिटेड,9.302325581395355,0,"301, 3Rdfloor, Marvelalaina, Laneno.5, Koregaonpark, Pune, Maharashtra","301, PUNE, महाराष्ट्र",17.582417582417587,2,1,India,India,"Disjoint Business Name Tokens (Address Common, Name Sub-threshold)"
S1-606725408,S3-741068886,S3,Green Consulting Pvt Ltd,greenconsulting.com,60.46511627906976,0,"M-171, Greater Kailash-Ii, New Delhi, Delhi","M-17, New Delhi, DL",58.06451612903225,3,0,India,India,"Disjoint Business Name Tokens (Address Common, Name Sub-threshold)"
S1-380833681,S3-702670896,S3,Toto Institute of Technology Private Limited,M/s Toto Institute of Private Limited (Services),71.73913043478262,5,"No 12, Manjolai Street, Addison Colony Ekkaduthangal, Chennai, Tamil Nadu","12, Chennai, TN",34.09090909090909,2,1,India,India,Low Character N-gram Similarity (Sub-Top-K TF-IDF)
S1-570361411,S2-603890088,S2,Shyam Ventures Private Limited,ਸ਼ਿਆਮ ਵੈਂਚਰਜ਼ ਪ੍ਰਾਈਵੇਟ ਲਿਮਟਿਡ,10.169491525423723,0,"#771, Sector 91 Sas Nagar, Mohali, Punjab","771, MOHALI, Punjab",46.666666666666664,3,1,India,India,"Disjoint Business Name Tokens (Address Common, Name Sub-threshold)"
S1-126927804,S2-434788498,S2,Future Healthcare Pvt Ltd,फ्यूचर हेल्थकेयर प्रा. लि.,11.764705882352944,0,"Unit No. 14, Krishna Commercial Centre, 6, Udyog Nagar, Near Kamat Club, Goregaon, (West), Mumbai, Maharashtra","UNIT NO. 14, N/A, (WEST), MUMBAI, Maharashtra",40.0,6,1,India,India,"Disjoint Business Name Tokens (Address Common, Name Sub-threshold)"
S1-268426904,S3-753500447,S3,Sun One Estate Private Limited,সান ওয়ান এস্টেট প্রাইভেট লিমিটেড,12.698412698412698,0,"6Th Floor, 4, Maharana Pratap Sarani, Kolkata, Howrah, West Bengal","Door No 6Th/8 Floor, Kolkata, Howrah, WB",56.60377358490566,4,0,India,India,"Disjoint Business Name Tokens (Address Common, Name Sub-threshold)"
S1-402237262,S2-981803489,S2,Real Hospitality Private Limited,ರಿಯಲ್ ಹಾಸ್ಪಿಟಾಲಿಟಿ ಪ್ರೈವೇಟ್ ಲಿಮಿಟೆಡ್,8.823529411764708,0,"Karnataka, Ithiel Complex, 3Rd Main, 2Nd Cross, Kacharakanahalli, St Thomas Town Post, No.1, Bangalore","NO A-1, BANGALORE, Karnataka",21.53846153846154,4,1,India,India,"Disjoint Business Name Tokens (Address Common, Name Sub-threshold)"
S1-388325812,S3-197262044,S3,Slate Inc,Sagre Inc,77.77777777777779,1,"1930 Fawn Drive, Cheltenham Township, PA","Fawn Drive, Glenside, Pennsylvania",54.054054054054056,2,0,US,US,Low Character N-gram Similarity (Sub-Top-K TF-IDF)
S1-609062608,S3-547987157,S3,Surya Investment,ಸೂರ್ಯ ಇನ್ವೆಸ್ಟ್‌ಮೆಂಟ್,5.405405405405405,0,"No. B-1803, 18Th Floor Ebony Block, Salarpuria Sattva Greenage, Bengaluru, Bangalore, Karnataka","#256 No. B-1803, Bengaluru, Banglore, ಕರ್ನಾಟಕ",47.14285714285714,4,1,India,India,"Disjoint Business Name Tokens (Address Common, Name Sub-threshold)"
S1-575449189,S3-907178399,S3,Shivam It Private Limited,Shivam lt Private (Limited),92.3076923076923,3,"01 Sarvodaya Nagar, Sanaua, Bareilly, Uttar Pradesh",,0.0,0,0,India,India,Target Address Completely Missing + Typo in Name
S1-611958238,S2-940781917,S2,JGX Graf LLC,J6X LLC PARTNERS,42.85714285714286,1,"Alexandria, IN, 1031 28","1031 28, ALEXNADRIA CITY, IN",27.450980392156865,3,2,US,US,Low Character N-gram Similarity (Sub-Top-K TF-IDF)
S1-829348020,S2-19151888,S2,All Management Limited,ఆల్ మేనేజ్‌మెంట్ లిమిటెడ్,8.510638297872342,0,"52-12-1 Rajendra Nagar, Rajahmundry, Guntur, Andhra Pradesh","#54-12-1 RAJENDRA NAGAR, RAJAMAHENDRAVARAM, GUNTUR, ఆంధ్రప్రదేశ్",29.268292682926834,5,2,India,India,"Disjoint Business Name Tokens (Address Common, Name Sub-threshold)"
S1-372903225,S3-845582833,S3,Elevate Professional Center,Miraumbra,16.666666666666664,0,"74B, Lowther Road, Allahabad, Uttar Pradesh","74B, Lowther Road, Kaushambi, Allahabad, उत्तर प्रदेश",64.58333333333333,4,0,India,India,"Disjoint Business Name Tokens (Address Common, Name Sub-threshold)"
S1-590082446,S3-949636981,S3,First Food Private Limited,Mr First Fooo Private Limited,90.9090909090909,3,"20, Baranashi Ghosh Street, Kolkata, Kolkata, Howrah, West Bengal","20, Kolkata, Howrah, WB",52.27272727272727,3,1,India,India,Low Character N-gram Similarity (Sub-Top-K TF-IDF)
S1-889785911,S2-182852657,S2,Surya Om Hospitality Private Limited,సూర్య ఓం హాస్పిటాలిటీ ప్రైవేట్ లిమిటెడ్,10.666666666666668,0,"Flat No 201, Anshu Courtyard, Rangareddy, Telangana","HYDERABAD, Andhra Pradesh, RANGAREDDY, DOOR NO 201",27.722772277227726,3,1,India,India,"Disjoint Business Name Tokens (Address Common, Name Sub-threshold)"
S1-453939454,S3-627477604,S3,Pediatric Dentistry Care Associates LLC,Pediatric Denbsttry Care Associates LLC,94.87179487179486,4,"154 Rapor Ridge Road, Wythe County, VA","154. Rapor Ridge Road, Austinville, Virginia",65.85365853658536,4,1,US,US,Low Character N-gram Similarity (Sub-Top-K TF-IDF)
S1-84172548,S3-632715238,S3,Prime Food Private Limited,ಪ್ರೈಮ್ ಫುಡ್ ಪ್ರೈವೇಟ್ ಲಿಮಿಟೆಡ್,10.909090909090914,0,"No. 14, 13Th Cross, Gante S Gopal Building Opposite To Kandhya Bhavan, Cubbonpet, Bangalore, Karnataka","No. ##14, Bangalore, KA",31.999999999999996,3,1,India,India,"Disjoint Business Name Tokens (Address Common, Name Sub-threshold)"
S1-90128015,S2-232725993,S2,Valley Charter School,@valleycharter,62.857142857142854,0,"VA, Prince William County, 1541 Colonial Drive, Unit UNIT 303","1541 COLONIAL DRIVE, WOODBRIDGE, VA",25.0,4,1,US,US,"Disjoint Business Name Tokens (Address Common, Name Sub-threshold)"
S1-720206442,S2-663027707,S2,LK Global Mozayyx LLC,LK GLOBAL,40.0,2,"403 6th Street, Newport, TN","403 6TH STRET, BYBEE, TN",50.98039215686274,3,1,US,US,Low Character N-gram Similarity (Sub-Top-K TF-IDF)
S1-128347375,S3-848225821,S3,Anand Green Logistics Private Limited,आनंद ग्रीन लॉजिस्टिक्स प्राइवेट लिमिटेड,10.526315789473683,0,"107 First Floor Plot No-6T.C, Jaina Tower -2 District Centre Janak New Delhi, Delhi, Jaina Tower -2 District Centre Janak New Delhi, Delhi, New Delhi, West Delhi, Delhi","107 First Floor Plot No-6t.c, New Delhi, दिल्ली",37.2093023255814,9,1,India,India,"Disjoint Business Name Tokens (Address Common, Name Sub-threshold)"
S1-247132924,S2-569358324,S2,Gold Software Private Limited,गोल्ड सॉफ्टवेयर प्राइवेट लिमिटेड,9.836065573770492,0,"Pn 47, Ram Nagar Colony, Malpura Gate Ke Pass, Sanganer, Jaipur, Rajasthan","HN 437 PN 47, SANGANER, JHUNJHUNU, Rajasthan",38.983050847457626,4,1,India,India,"Disjoint Business Name Tokens (Address Common, Name Sub-threshold)"
S1-455534410,S3-168537003,S3,Aum Eye Private Limited,aumeyeprivate.com,55.00000000000001,0,"301 Malay Sky, Friends, Colony, Nr. D.K Patel Hall, Ahmadabad City, Ahmedabad, Gujarat","Door No A-301 Malay Sky, Ahmedabad, GJ",43.548387096774185,4,1,India,India,"Disjoint Business Name Tokens (Address Common, Name Sub-threshold)"
S1-704479363,S2-749009937,S2,Harbor Coalition,Harbor Coiatin,86.66666666666667,1,"202 15th Street, Fairfield, IA","202 15ST ST, CENTER TOWNSHIP, IA",45.16129032258065,2,1,US,US,Low Character N-gram Similarity (Sub-Top-K TF-IDF)
S1-633779655,S2-24729487,S2,Aspen Zhejiang LLC,Aspen Zhmg LLC,81.25,2,"24304 33rd Avenue, WA, Spanaway",,0.0,0,0,US,US,Target Address Completely Missing + Typo in Name
S1-967735640,S2-155233311,S2,Sree Impex LLP,শ্রী ইম্পেক্স এলএলপি,11.764705882352944,0,"215, Dhalipara, Maheshgote Krishnapur, Newtown, Kolkata, Kolkata, Howrah, West Bengal","215, NORTH 24 PARGANAS, পশ্চিমবঙ্গ",16.806722689075627,1,1,India,India,"Disjoint Business Name Tokens (Address Common, Name Sub-threshold)"
S1-292766321,S3-892376483,S3,Sweet Barbershop,Sweet 8arbershop Corporation,68.18181818181819,1,"6075 Fm 3481, Salado, TX",,0.0,0,0,US,US,Target Address Completely Missing + Typo in Name
S1-946221985,S2-833081173,S2,Valley Investments LLC,Valley Invsetmest LLC,88.37209302325581,2,"35 Clark Road, Bourne, MA","35 CLARK RD, SAGAMOR BEACH, MA",47.27272727272728,3,1,US,US,Low Character N-gram Similarity (Sub-Top-K TF-IDF)
S1-302623297,S2-828512644,S2,Jain Healthcare Private Limited,जैन हेल्थकेयर प्राइवेट लिमिटेड,9.836065573770492,0,"B-73, Sector 6, Noida, Ghaziabad, Uttar Pradesh","#939 B-73, SECTOR 6, NOIDA, NITHARI, उत्तर प्रदेश",35.416666666666664,5,2,India,India,"Disjoint Business Name Tokens (Address Common, Name Sub-threshold)"
S1-909955989,S2-685701568,S2,New Consultancy LLP,न्यू कंसल्टेंसी एलएलपी,9.756097560975608,0,"Shop No. 17, Gopal Arcade Poll No. Z-27Ext, Jabalpur, Madhya Pradesh","H.NO 17, JABALPUR, मध्य प्रदेश",22.44897959183674,3,1,India,India,"Disjoint Business Name Tokens (Address Common, Name Sub-threshold)"
S1-763496609,S3-510672652,S3,Shakti Consulting Limited,shakticonsulting.com,66.66666666666667,0,"Flat No. 8, C Wing, Sai Tower Chs Ltd, Ambadi Road, Vasai West, Thane, Maharashtra","Door No 8, Thane, MH",31.372549019607842,3,1,India,India,"Disjoint Business Name Tokens (Address Common, Name Sub-threshold)"
S1-181172933,S2-265472423,S2,Laxmi Builders,ಲಕ್ಷ್ಮಿ ಬಿಲ್ಡರ್ಸ್,6.451612903225811,0,"#25, 1St Floor, 6Th Cross, Leela Palace Road, Vruddhi Complex, (Near Ayyappa Temple), Kodihalli, Bangalore, Karnataka","BANGALORE, Karnataka, BANGALORE, #25",18.300653594771244,3,1,India,India,"Disjoint Business Name Tokens (Address Common, Name Sub-threshold)"
S1-513223898,S3-54391080,S3,Black Logistics Private Limited,ब्लैक लॉजिस्टिक्स प्राइवेट लिमिटेड,9.230769230769232,0,"J-1985 F/F, C.R. Park New Delhi, Delhi, South Delhi, Delhi","J-1985 F/f, Delhi, <NULL>, DL",48.275862068965516,4,1,India,India,"Disjoint Business Name Tokens (Address Common, Name Sub-threshold)"
S1-900593758,S2-815104992,S2,"Sanet, Inc","Snen, Inc",84.21052631578947,1,"50 Monarch Lane, Hutchinson, KS","50 MONRCH LN, HUTCHNSON CITY, KS",41.269841269841265,2,1,US,US,Low Character N-gram Similarity (Sub-Top-K TF-IDF)
S1-38402575,S3-886031599,S3,White Marketing Private Limited,Private White Marketing Ltd,65.51724137931035,3,"S. No 142/4, Cts No 5102, Fl No 1001, Bld No C, 10Th Floor, Aishwaryam Ventures, Pune City, Pune, Maharashtra","Pune, Pune City, null, MH, H.no 505 S. No 142/4",24.35897435897436,6,2,India,India,Low Character N-gram Similarity (Sub-Top-K TF-IDF)
S1-39641619,S3-76298342,S3,Global Global Private Limited,Global-Global Pcriaite Limited,91.52542372881356,2,"Virar, Maharashtra, Thakur Arcade, Above Viva Super Market, Virar (West), Thane, 28-30","28-30, Palghar, Thane, MH",27.027027027027028,3,2,India,India,Low Character N-gram Similarity (Sub-Top-K TF-IDF)
S1-944430830,S3-122364418,S3,Real Trading,realtrading.com,66.66666666666667,0,"Plot 120, Sy No 41 Kavuri Hills Phase-1, Jubilee Hills, Hyderabad, Telangana","Hyderabad, Plot 120, Hyderabad, TG",40.0,3,1,India,India,"Disjoint Business Name Tokens (Address Common, Name Sub-threshold)"
S1-42596820,S3-810444824,S3,Lakshmi Construction Private Limited,लक्ष्मी कंस्ट्रक्शन Private Limited,47.887323943661976,2,"B-11/C-2, Malviya Nagar, Ind. Area, Jaipur, Rajasthan","Jaipur, B-011/c-2, Ind. Area, RJ",49.411764705882355,6,1,India,India,Low Character N-gram Similarity (Sub-Top-K TF-IDF)
S1-422926253,S3-182229658,S3,Sky Enterprises Pvt Ltd,स्काई एंटरप्राइजेज प्रा. लि.,11.764705882352944,0,"A- 42, Ground Front Side, Dayal Bagh Faridabad, Faridabad, Haryana","Faridabad, A- 42, हरियाणा",28.57142857142857,3,1,India,India,"Disjoint Business Name Tokens (Address Common, Name Sub-threshold)"
S1-281356776,S3-328402545,S3,Allied Educational Society,Smt Allied Educational Services,77.19298245614034,2,"Gurugram, Gurgaon, Haryana, H-115 South City 2 Gurugram",,0.0,0,0,India,India,Target Address Completely Missing + Typo in Name
S1-872978967,S3-93715521,S3,Urology Regional Clinic Corp,Beloveoorbi,30.76923076923077,0,"2220 66th Lane, Phoenix, AZ","2220 66th Lane, PMB 8229, Maryvale, Arizona",60.0,3,1,US,US,"Disjoint Business Name Tokens (Address Common, Name Sub-threshold)"
S1-506296494,S2-757441199,S2,Pinnacle Public,Nylaarcsol,24.0,0,"4400 Culver Road, Irondequoit, NY","#4400 CULVER RD, ROCHESTER, NY",44.44444444444444,3,1,US,US,"Disjoint Business Name Tokens (Address Common, Name Sub-threshold)"
S1-481586703,S3-989678341,S3,Bay Institute,Bay Ingstimote,81.4814814814815,1,"9313 Shoveler Trail, Fort Worth, TX","931 Shoveler Trl, N/A, FT. Worth, Texas",75.67567567567568,2,0,US,US,Low Character N-gram Similarity (Sub-Top-K TF-IDF)
S1-974370004,S2-967465960,S2,Smart Builders Private Limited,स्मार्ट बिल्डर्स प्राइवेट लिमिटेड,9.523809523809524,0,"Faridabad, 122, Haryana, Navloo Colony, Gali No. 1, Near Ballabgarh Metro Station, Faridabad","H.NO 141 122, FARIDABAD, Haryana",22.580645161290324,4,1,India,India,"Disjoint Business Name Tokens (Address Common, Name Sub-threshold)"
S1-615738219,S3-6559536,S3,Rahul Brothers Private Limited,Rahul Private Limited Center,72.41379310344827,3,"A-279Okhla Phase-I, New Delhi, South Delhi, Delhi","A-00279okhla Phase-i, New Delhi, Vasundhara, दिल्ली",65.99999999999999,5,0,India,India,Low Character N-gram Similarity (Sub-Top-K TF-IDF)
S1-758075760,S3-957484857,S3,Bharat Investments,भारत इन्वेस्टमेंट्स,5.405405405405405,0,"No 7, 3Rd Floor, N.W.A Club Road Market Sector Iv Market, West Punjabi Bagh, New Delhi, Delhi","No ##7, New Delhi, दिल्ली, West Punjabi Bagh",43.79562043795621,7,1,India,India,"Disjoint Business Name Tokens (Address Common, Name Sub-threshold)"
S1-534731343,S3-397126540,S3,Big Solutions Private Limited,ಬಿಗ್ ಸೊಲ್ಯೂಷನ್ಸ್ ಪ್ರೈವೇಟ್ ಲಿಮಿಟೆಡ್,9.523809523809524,0,"L21, Zonesha Elegance, Dinne Anjaneya Swamp Temple Rd, Off Haralur Rd, Bangalore, Karnataka","L21, Bangalore, ಕರ್ನಾಟಕ",28.07017543859649,2,0,India,India,"Disjoint Business Name Tokens (Address Common, Name Sub-threshold)"
S1-609758235,S3-479735972,S3,Real Constructions Private Limited,Real Cgrsoucions Private Limited,87.87878787878788,3,"No.1, 1St Floor, Sri Sai, Layout, Panthanur Dinne, Bangalore North, Bangalore, Karnataka","No.1/9, Bangalore North, Bengaluru Rural, KA",48.484848484848484,4,1,India,India,Low Character N-gram Similarity (Sub-Top-K TF-IDF)
S1-975229569,S3-603710587,S3,"Better Software Services, LLC",Quoriza,16.666666666666664,0,"8 Knollridge Road, Asheville, NC","Knollridge Rd, Candler, North Carolina",60.0,1,0,US,US,"Disjoint Business Name Tokens (Address Common, Name Sub-threshold)"
S1-862053862,S2-463433426,S2,Universal & Co,Synvera,47.61904761904761,0,"85, Vindhya Commercial Complex, Sector 11 Cbd Belapur, Navi Mumbai, Navi Mumbai, Mumbai City, Maharashtra","85/3, <NULL>, MUMBAI CITY, NAVI MUMBAI, Maharashtra",34.61538461538461,5,1,India,India,"Disjoint Business Name Tokens (Address Common, Name Sub-threshold)"
S1-126927804,S3-773054197,S3,Future Healthcare Pvt Ltd,फ्यूचर हेल्थकेयर प्रा. लि.,11.764705882352944,0,"Unit No. 14, Krishna Commercial Centre, 6, Udyog Nagar, Near Kamat Club, Goregaon, (West), Mumbai, Maharashtra","Unit No. 14, (West), Mumbai, महाराष्ट्र",38.92617449664429,5,1,India,India,"Disjoint Business Name Tokens (Address Common, Name Sub-threshold)"
S1-47765963,S2-599796635,S2,Arihant Agro Limited,अरिहंत एग्रो लिमिटेड,9.999999999999998,0,"Shop No.32, First Floor, Chaitanya Market, Goda Nakks, Bhopal, Madhya Pradesh","NO 32, BHOPAL, मध्य प्रदेश",17.47572815533981,3,1,India,India,"Disjoint Business Name Tokens (Address Common, Name Sub-threshold)"
S1-612071387,S3-89753282,S3,Hawes Photonics LLC,Hawes LLC Services,48.64864864864865,2,"1109 Front Street, Chenango, NY",,0.0,0,0,US,US,Target Address Completely Missing + Typo in Name
S1-169108778,S2-650989582,S2,Smart Industries Private Limited,स्मार्ट इंडस्ट्रीज प्राइवेट लिमिटेड,8.955223880597018,0,"Delhi, South Delhi, New Delhi, Omaxe, Square, Plot No.14, Jasola District Center, Unit No. Ff-48A","UNIT NO. FF-048A, SOUTH DELHI, NEW DELHI, Delhi",20.833333333333336,6,0,India,India,"Disjoint Business Name Tokens (Address Common, Name Sub-threshold)"
S1-91085118,S2-581064933,S2,Eastern Trading Private Limited,ईस्टर्न ट्रेडिंग प्राइवेट लिमिटेड,9.375,0,"Flat No. 204, Building 47, Sector 54/56/58 Seawood, Thane, Maharashtra","THANE, Maharashtra, NO 04, THANE",27.450980392156865,3,0,India,India,"Disjoint Business Name Tokens (Address Common, Name Sub-threshold)"
S1-557018978,S3-265670689,S3,RG Kuries Ltd,Ltd RG Kúries,61.53846153846154,2,"No.169C, Second Floor, K.P Road, Agastheeswaram, Kanyakumari, Tamil Nadu","No.0169c, Agastheeswaram, N/A, TN",55.23809523809524,2,0,India,India,Low Character N-gram Similarity (Sub-Top-K TF-IDF)
S1-292615208,S2-442644857,S2,Laxmi Software Private Limited,लक्ष्मी सॉफ्टवेयर प्राइवेट लिमिटेड,9.375,0,"210, 2Nd Floor, Tv Industrial Estate, S K Ahire Marg, Behind Glaxo, Worli., Mumbai, Mumbai City, Maharashtra","210/9, GREATER BOMBAY, MUMBAI CITY, Maharashtra",37.41935483870967,4,1,India,India,"Disjoint Business Name Tokens (Address Common, Name Sub-threshold)"
S1-930984906,S3-861801469,S3,Shiv Blue Agro Limited,शिव ब्लू एग्रो लिमिटेड,13.636363636363635,0,"B-154, Basement Dayanand Colony, Lajpat Nagar Iv, Delhi, South Delhi, Delhi","B-54, Delhi, South Delhi, DL",52.42718446601942,3,0,India,India,"Disjoint Business Name Tokens (Address Common, Name Sub-threshold)"
S1-692127788,S3-660351010,S3,Prime Om Energy Private Limited,प्राइम ॐ एनर्जी प्राइवेट लिमिटेड,12.698412698412698,0,"B-10, Shivam Apartment, Block-D, Vikaspuri, New Delhi, Delhi","B-b3/10, New Delhi, DL",43.90243902439024,4,1,India,India,"Disjoint Business Name Tokens (Address Common, Name Sub-threshold)"
S1-722985117,S2-906320276,S2,Innovative Exports Private Limited,ಇನೋವೇಟಿವ್ ಎಕ್ಸ್‌ಪೋರ್ಟ್ಸ್ ಪ್ರೈವೇಟ್ ಲಿಮಿಟೆಡ್,7.8947368421052655,0,"No.16/2, Survey No.13/2, 2Nd Cross, Raghuvanahalli, Bangalore South, Bangalore, Karnataka","NO.16/2, BENGALURU URBAN, BANGALORE, Karnataka",38.51851851851852,5,2,India,India,"Disjoint Business Name Tokens (Address Common, Name Sub-threshold)"
S1-774070269,S3-346474131,S3,Guru Energy Private Limited,Guru Energy ಪ್ರೈವೇಟ್ ಲಿಮಿಟೆಡ್,46.42857142857143,2,"132, Ground Floor, Mig, 1St Main, 2Nd Cross 707 Khb, Yelahanka New Town, Bangalore, Karnataka","Bangalore, ಕರ್ನಾಟಕ, Bangalore, 132",29.92125984251969,2,1,India,India,Low Character N-gram Similarity (Sub-Top-K TF-IDF)
S1-181172933,S2-214464661,S2,Laxmi Builders,ಲಕ್ಷ್ಮಿ ಬಿಲ್ಡರ್ಸ್,6.451612903225811,0,"#25, 1St Floor, 6Th Cross, Leela Palace Road, Vruddhi Complex, (Near Ayyappa Temple), Kodihalli, Bangalore, Karnataka","25, BANGALORE, Karnataka, BANGALORE",22.368421052631582,3,1,India,India,"Disjoint Business Name Tokens (Address Common, Name Sub-threshold)"
