s1_id	target_id	target_source	s1_name	s1_address	s1_country	target_country	shared_tokens	diagnosed_reason
S1-869464127	S2-317615649	S2	lakshmi ventures private limited	shop no 2 vasant mile stone veera desai road andheri w mumbai mumbai city maharashtra	india	india		empty_or_missing_name
S1-518941002	S2-669198326	S2	a cure 7 all inc	2500 ann julian court tn brentwood	us	us	cure,a,7	partial_token_overlap_unindexed
S1-723848968	S3-288894572	S3	apex select entergy lp	or 4050 hayesville drive unit 201 marion county	us	us	entergy,lp,apex	partial_token_overlap_unindexed
S1-257057513	S3-170744274	S3	physical therapy diamond medicine inc	ky carrollton 106 park avenue	us	us	inc,diamond,physical,therapy	partial_token_overlap_unindexed
S1-285068554	S3-625250594	S3	passion service private limited	maharashtra mumbai dahisar east build no 2 cabin no 1 plot b unit 115 diamoda gold diamond compound s v road dahisar east	india	india	service,passion,private	partial_token_overlap_unindexed
S1-979463930	S2-292776041	S2	teel highview lp	450 brady beach road russia ny	us	us	highview,teel	partial_token_overlap_unindexed
S1-242195439	S3-590734964	S3	dream infra limited	gat no 71 22 turkheda near mamurabad jalgaon jalgaon maharashtra	india	india		zero_shared_tokens_transliteration
S1-517944023	S2-895613133	S2	anchor creative advisors llc	1840 fairfield avenue chicago il	us	us	creative,llc,advisors	partial_token_overlap_unindexed
S1-474409913	S2-520519920	S2	frye and santana inc	108 tower street paola ks	us	us	santana,and,frye	partial_token_overlap_unindexed
S1-992538093	S2-241643735	S2	super producer private limited	anagha 2nd floor devasandra no 4 karnataka new bel road bangalore	india	india		zero_shared_tokens_transliteration
S1-426509164	S3-57463605	S3	lotus apex consultants private limited	6 150 u edayoor p o malappuram malappuram malapuram kerala	india	india		empty_or_missing_name
S1-50780963	S2-228279150	S2	super constructions private limited	sr no 81 1b chaitraban society new sangvi pune city pune maharashtra	india	india		empty_or_missing_name
S1-668624767	S3-848171904	S3	lemmon miller and haynes llc	salt lake city unit 10 ut 874 s temple street	us	us	lemmon,miller,and,haynes	partial_token_overlap_unindexed
S1-117866925	S3-308308098	S3	ho hernandez and nichols	105 cherokee drive thomasville nc	us	us	nichols,ho,and	partial_token_overlap_unindexed
S1-990629891	S2-486666860	S2	pinnacle coastal solid llc	spokane wa 3617 24th avenue	us	us	pinnacle,llc,coastal	partial_token_overlap_unindexed
S1-123659802	S3-212444566	S3	empire initiative iv	808 elias court chesapeake city va	us	us	empire,initiative	partial_token_overlap_unindexed
S1-392724608	S3-956419856	S3	one global pvt ltd	no 8 muni yelappa garden kodihalli halasuru bangalore north bangalore karnataka	india	india	one,pvt,ltd	partial_token_overlap_unindexed
S1-596426035	S3-497902523	S3	memorial program	6538 heather drive lockport ny	us	us	memorial,program	partial_token_overlap_unindexed
S1-70365948	S3-825355227	S3	jones and hurst l l c	1698 dunsinane circle ogden city ut	us	us	hurst,jones,c,l	partial_token_overlap_unindexed
S1-377673441	S3-516379	S3	sbg your llp	flat no 185c dg ii vikas puri new delhi west delhi delhi	india	india	llp,your,sbg	partial_token_overlap_unindexed
S1-288967379	S3-921031217	S3	north engineering private limited	plot no 321 8 imt manesar nsg camp manesar gurgaon haryana	india	india	north,limited,private	partial_token_overlap_unindexed
S1-651468741	S2-60612557	S2	flory s legacy mortgage associates	in brownsburg 6775 kara lane	us	us	associates,s,legacy,flory	partial_token_overlap_unindexed
S1-368890496	S3-693848739	S3	optimal highland lithium	633 closhire lane birmingham al	us	us	highland,optimal	partial_token_overlap_unindexed
S1-991361913	S3-769777885	S3	pl technologies limited	plot no 207 ground floor pkt n sector 5 delhi north west delhi delhi	india	india	pl,limited	partial_token_overlap_unindexed
S1-879885417	S3-772337016	S3	eye pacific specialists llc	347 3430 new harmony ut	us	us	pacific,eye,specialists	partial_token_overlap_unindexed
S1-95503899	S3-339095779	S3	unique investment limited	h no 1152 kashiprayag bumglow champa nagari jail road dasak nasik road nashik maharashtra	india	india	unique,investment	partial_token_overlap_unindexed
S1-334600861	S3-963020215	S3	sai biotech pvt ltd	door no 10 175 1 visalakshi nagar visakhapatnam vishakhapatnam andhra pradesh	india	india	pvt,ltd,sai	partial_token_overlap_unindexed
S1-935033929	S3-278967941	S3	chan fuse llc	woburn ma 13 scott street	us	us	chan,llc	partial_token_overlap_unindexed
S1-776560239	S2-421093065	S2	silver tech private limited	village and p o raghudevpur block ii nh 6 uluberiahowrah howrah west bengal	india	india		empty_or_missing_name
S1-618707493	S2-482053361	S2	octavia lee return l l c	204 mead drive fl 1 chandler az	us	us	lee,octavia,c,l	partial_token_overlap_unindexed
S1-375817052	S3-880879124	S3	digha pharmaceuticals private limited	c o ashutosh kumar ghurdaur road near b k institute digha ghat digha patna bihar	india	india		zero_shared_tokens_transliteration
S1-771438725	S3-233534470	S3	everest inc	622 marshall road vacaville ca	us	us	inc,everest	partial_token_overlap_unindexed
S1-665834015	S3-603009448	S3	orthopedic total care associates center	195 south street unit 3 boston ma	us	us	care,center,associates,orthopedic,total	partial_token_overlap_unindexed
S1-642510192	S3-660022548	S3	briggs skin care llc	120 80th street seattle wa	us	us	skin,briggs	partial_token_overlap_unindexed
S1-49636377	S2-669193683	S2	trading infocom limited	1102 shri kripalu apartments sector 52 gurgaon gurgaon haryana	india	india	infocom,trading	partial_token_overlap_unindexed
S1-780690767	S3-25298857	S3	harbor fund	4862 sunnyview road salem or	us	us	harbor	partial_token_overlap_unindexed
S1-911341652	S3-55880086	S3	voss best concepts	803 wolcott road wolcott ct	us	us	voss,concepts,best	partial_token_overlap_unindexed
S1-490748403	S3-132858079	S3	pioneer care private limited	r 24 rita block shakarpur new delhi delhi	india	india	care,pioneer	partial_token_overlap_unindexed
S1-123161329	S3-898253796	S3	red tavern	6850 enville road henderson tn	us	us	red,tavern	partial_token_overlap_unindexed
S1-75963451	S3-614766267	S3	standard automation advisors group	629 barbados drive unit apt 6 indianapolis in	us	us	standard,group,advisors	partial_token_overlap_unindexed
S1-640746766	S2-77704551	S2	deco steel limited	sco 7 first floor metro city plaza market rajpura mohali punjab	india	india	deco,steel	partial_token_overlap_unindexed
S1-142759990	S3-303390511	S3	sun ventures private limited	8 2 293 82 pn 198 rd no7 shaikpet golconda mandal shaikpet hyderabad telangana	india	india		zero_shared_tokens_transliteration
S1-562176993	S3-548368490	S3	bishop hoffmann and ketner focus llc	3875 dobbins road unit 2134 phoenix az	us	us	llc,focus,and,hoffmann,bishop	partial_token_overlap_unindexed
S1-600079333	S2-327558167	S2	environmental project ii associates	1651 52nd street sacramento ca	us	us	environmental,project,associates,ii	partial_token_overlap_unindexed
S1-529322998	S3-218226748	S3	quinn and hudnall inc	5928 oakland park drive fairfax county va	us	us	hudnall,and,quinn	partial_token_overlap_unindexed
S1-714165136	S3-88534199	S3	vadodara infosolutions private limited	gf 2 3 7 sarswati complex 39 sampatrao colony alkapuri vadodara gujarat	india	india	vadodara,limited,infosolutions	partial_token_overlap_unindexed
S1-82597331	S3-884284014	S3	padilla hossain and baughman water inc	11022 honey suckle haven drive cypress tx	us	us	baughman,and,padilla,hossain	partial_token_overlap_unindexed
S1-730390312	S2-951826159	S2	aditi marketing pvt ltd	nagpur maharashtra viktubaba nagar ring road jariparka plot no 28 nagpur	india	india	aditi,pvt,ltd	partial_token_overlap_unindexed
S1-383003906	S2-478224641	S2	hoffman and britt llc	1654 carlyon avenue fl 1 olympia wa	us	us	hoffman,and,britt	partial_token_overlap_unindexed
S1-268169736	S2-922191499	S2	hitech prime projects private limited	a 56 sector 72a near dpg college tikri dlf qe gurgaon haryana	india	india	private,limited	partial_token_overlap_unindexed
S1-197934161	S2-121793836	S2	verrify communications llc	3745 english avenue eaton ny	us	us	verrify,communications	partial_token_overlap_unindexed
S1-46998318	S3-66697427	S3	kora d cohen dds llc	3504 15th avenue pine bluff ar	us	us	cohen,d,kora,dds	partial_token_overlap_unindexed
S1-237412958	S2-425049442	S2	surgical supreme care corp	el dorado 2006 elm street ar	us	us	care,surgical,corp	partial_token_overlap_unindexed
S1-743338929	S2-238186444	S2	south consulting private limited	the avenue unit no 109 1111st floor international airport road opp hotel lee la andheri east mumbai maharashtra	india	india		empty_or_missing_name
S1-581924464	S2-327483090	S2	surya business limited	h no 8 3 210 2 srinivasa colony maithrivanam hyderabad telangana	india	india	limited	partial_token_overlap_unindexed
S1-301057863	S3-627677950	S3	grace catholic church group	72 frances street ny auburn	us	us	catholic,church,grace	partial_token_overlap_unindexed
S1-123067808	S3-469333731	S3	hyderabad traders pvt ltd	plot no 983 ground floor near cgr international school ayyappa society madhapur hyderabad telangana	india	india	pvt,ltd,hyderabad	partial_token_overlap_unindexed
S1-112553621	S3-2077443	S3	a cure 7 you	1301 scottsdale road unit unit 3091 scottsdale az	us	us	cure,a,7	partial_token_overlap_unindexed
S1-418423816	S2-244371989	S2	barnes campbell and hillman guaranty inc	35 madison avenue unit apartment 1c spring valley ny	us	us	inc,guaranty,barnes,and,campbell	partial_token_overlap_unindexed
S1-523155797	S3-586087436	S3	jones olive p a m d p c	6721 hickory road chesterfield county va	us	us		zero_shared_tokens_transliteration
S1-333216393	S2-711965255	S2	halcari reserve llc	214 willowbrook drive west norriton township pa	us	us	llc,reserve	partial_token_overlap_unindexed
S1-898449101	S2-668519564	S2	arihant trading llp	shop no 1 ground floor atta market noida gautam buddha nagar uttar pradesh noida	india	india	llp,arihant,trading	partial_token_overlap_unindexed
S1-743857557	S3-933289917	S3	doreen terrell allied broadband	240 summer street franklin ma	us	us		zero_shared_tokens_transliteration
S1-852017384	S2-668451301	S2	cj industries private limited	2 2 1109 b ganga bowli amberpet hyderabad telangana	india	india	industries,cj,limited	partial_token_overlap_unindexed
S1-321879016	S2-863798620	S2	ocasio trading pllc	7311 lynn cove lane unit l raleigh nc	us	us	pllc,ocasio,trading	partial_token_overlap_unindexed
S1-813496958	S3-731174523	S3	pratishtha charitable trust	b 289 3rd floor kh no 271 chattarpur enclave south west delhi delhi	india	india	pratishtha,trust,charitable	partial_token_overlap_unindexed
S1-295805789	S2-708562874	S2	ramirez starry llc	618 henderson street fl 1 galesburg il	us	us		zero_shared_tokens_transliteration
S1-176496041	S3-221355706	S3	gold dynamic properties limited	b 13 dainik janyug apartments c 1 vasundhra enclave delhi	india	india		empty_or_missing_name
S1-56798234	S3-845165652	S3	yt capital llc	1285 berkshire lane grayslake il	us	us	llc,yt	partial_token_overlap_unindexed
S1-165847829	S2-925020854	S2	klein choice charles corp	augusta 19 boulder avenue me	us	us	corp,klein,charles	partial_token_overlap_unindexed
S1-183884441	S3-181183080	S3	west rocky corporation	23 purchase street unit 1 newburyport ma	us	us	rocky,west	partial_token_overlap_unindexed
S1-572543543	S3-15469321	S3	sap india private limited	k v rangareddy telangana uppal no d 413 4th floor sri tirumala millennium 3	india	india	sap,limited,india	partial_token_overlap_unindexed
S1-324217499	S3-445471634	S3	fortune producer private limited	sno s101 dno 769 2nd flr spencer plaza chennai tamil nadu	india	india		empty_or_missing_name
S1-155814648	S2-362051495	S2	sweet barbershop inc	2116 marsh lane unit 504 carrollton tx	us	us		zero_shared_tokens_transliteration
S1-679923653	S3-334453187	S3	mallorie f clark dpm	161 cleaves street unit apartment 4 biddeford me	us	us	dpm,f,mallorie,clark	partial_token_overlap_unindexed
S1-182818424	S3-700949892	S3	cold global private limited	q 358 pallav puram phase ii meerut uttar pradesh	india	india	global,cold	partial_token_overlap_unindexed
S1-641720845	S3-192268324	S3	city trading private limited	7th floor vuda bhavan near vuda circle vip road karelibaug vadodara gujarat	india	india		empty_or_missing_name
S1-357079669	S3-421808896	S3	innovative properties limited	office no 212 on 2nd floor raj shrungi building at palace road opp ashapura mata mandir rajkot rajkot gujarat	india	india		empty_or_missing_name
S1-768767266	S2-417890148	S2	rocky collective inc	5533 darling street houston tx	us	us	inc,rocky	partial_token_overlap_unindexed
S1-106480523	S3-618092794	S3	north services	survey no 807 ida medchal ranga reddy district rangareddy telangana	india	india	north,services	partial_token_overlap_unindexed
S1-613137824	S2-368741339	S2	first transit corporation	89 highland avenue fl floor 1 buffalo ny	us	us	first,corporation	partial_token_overlap_unindexed
S1-456572221	S3-769013296	S3	creative shyam ventures private limited	site no 16 athipalayam road chinnavadampatti coimbatore tamil nadu	india	india	creative,private,ventures,limited	partial_token_overlap_unindexed
S1-345806596	S3-163357213	S3	office of housing	39 donna lane bristol ct	us	us	office,housing,of	partial_token_overlap_unindexed
S1-658758977	S3-862243695	S3	gulf red llc	1289 1300 pleasant grove ut	us	us		zero_shared_tokens_transliteration
S1-586487532	S3-753361906	S3	p g nova co	3265 landrey boulevard nederland tx	us	us	p,g,nova	partial_token_overlap_unindexed
S1-60946319	S3-730500969	S3	montgomery bright ultra	pearland 3617 mahogany trail tx	us	us		zero_shared_tokens_transliteration
S1-855217822	S3-634511272	S3	ghaziabad developers private limited	r k puram ghaziabad h no b 28 uttar pradesh ghaziabad	india	india	private,developers,limited,ghaziabad	partial_token_overlap_unindexed
S1-523035722	S3-206721000	S3	wood health center llc	244 shook cove road tuckasegee nc	us	us	wood,health,llc	partial_token_overlap_unindexed
S1-100946908	S2-264387631	S2	twisted bakery	457 kings court akron oh	us	us		zero_shared_tokens_transliteration
S1-787256882	S3-141099277	S3	pino gulf renaissancere llc	360 2025 unit 62 centerville ut	us	us	renaissancere,gulf,llc,pino	partial_token_overlap_unindexed
S1-605428668	S3-366243632	S3	beth chapel	814 highland avenue wooster oh	us	us	beth,chapel	partial_token_overlap_unindexed
S1-739752911	S2-120937640	S2	aditya developers private limited	no 38 4 2nd floor rangarao road shanakarapuram basavanagudi bangalore karnataka	india	india	private,aditya,limited	partial_token_overlap_unindexed
S1-484659365	S3-686173932	S3	north pediatrics lp	469 clifton drive dennard ar	us	us	north,pediatrics	partial_token_overlap_unindexed
S1-731704064	S2-559014217	S2	anchor supply holdings	28 beech glen drive black mountain nc	us	us	anchor,supply	partial_token_overlap_unindexed
S1-494048904	S2-192260169	S2	lotus infra private limited	40 9 ram nagar opp dr sardana hospital karnal haryana	india	india		empty_or_missing_name
S1-974036117	S3-69278580	S3	lotus estate pvt ltd	02 175 main road iskapalem tp gudur iskapalem nellore andhra pradesh nellore andhra pradesh	india	india	lotus,estate	partial_token_overlap_unindexed
S1-370224889	S3-347409428	S3	fassett s research corp	5 knight street sanford me	us	us		zero_shared_tokens_transliteration
S1-330250935	S3-368268925	S3	malappuram ai corp	old no i 896 new no 680 a nettukkattil house parammal kuttippuram malappuram malappuram malapuram kerala	india	india		zero_shared_tokens_transliteration
S1-419304665	S3-474166180	S3	akola glove llp	168 tambaour road near goverment hospital biswan sitapur uttar pradesh	india	india	llp,akola	partial_token_overlap_unindexed
S1-511388403	S3-733914044	S3	harbor outdoor llc	st peters mo 27 wendy lane	us	us	llc,harbor	partial_token_overlap_unindexed
S1-960970462	S3-617232881	S3	aditya investment	vl 469 vaddagere koratagere koratagere tumkur karnataka	india	india	aditya,investment	partial_token_overlap_unindexed
S1-499229776	S3-103305128	S3	marketing management hills ltd	panchayat 2 21 danthanpally utnoor adilabad telangana	india	india	hills,marketing,management	partial_token_overlap_unindexed
S1-895621536	S2-709260678	S2	south finance private limited	c 25 sector 62 stellar it park 4th floor noida gautam buddha nagar uttar pradesh	india	india		empty_or_missing_name
S1-910915756	S2-625994011	S2	mgm infrastructure	12 mahatma sisir kumar saranigalif st kolkata howrah west bengal	india	india	mgm,infrastructure	partial_token_overlap_unindexed
S1-961446390	S2-676467478	S2	uttar nidhi private limited	shahdara delhi shahdara gali no 16 vishwas nagar 460 b 3 ug f new 25 46	india	india	private,nidhi,uttar	partial_token_overlap_unindexed
S1-264533506	S3-327296171	S3	personal services india private limited	25 40 everest co op housing society d road dombivli thane maharashtra	india	india	private,services,personal,india	partial_token_overlap_unindexed
S1-329541680	S2-110279409	S2	first green wireless lp	23 woodside circle sturbridge ma	us	us	lp,first,wireless	partial_token_overlap_unindexed
S1-800294363	S2-90945076	S2	great investments private limited	106 8th main road malleswaram west bangalore karnataka	india	india		empty_or_missing_name
S1-797713949	S3-147179084	S3	projects shakti solution ltd	regal paradise ph i awadhpuri khajuri huzur madhya pradesh bhopal mig 802	india	india		zero_shared_tokens_transliteration
S1-796692921	S2-399949377	S2	laney advertising inc	6514 chickasaw street phoenix az	us	us	inc,laney	partial_token_overlap_unindexed
S1-479849368	S2-398108915	S2	michel choice thayer inc	10801 33rd place tulsa ok	us	us	michel,inc,choice	partial_token_overlap_unindexed
S1-558696248	S3-619447565	S3	sai power private limited	110 a 8th a cross bommasandra indl area bangalore bangalore karnataka	india	india		empty_or_missing_name
S1-796628292	S2-1711068	S2	cube technologies private limited	flat no a 17 503 park infinia s no 214 220 221 bhekarainagar fursungi pune maharashtra	india	india	private,limited,cube	partial_token_overlap_unindexed
S1-960071581	S3-438507634	S3	midwest hub	4163 beachcomber lane lanark il	us	us	hub	partial_token_overlap_unindexed
S1-447990301	S3-77343207	S3	lee generation inc	144 walnut avenue unit 2 norwood ma	us	us		zero_shared_tokens_transliteration
S1-67208711	S3-426941793	S3	miriam bautista m d p c llc	1326 o keefe avenue celina tx	us	us	llc,bautista,c,miriam,p	partial_token_overlap_unindexed
S1-818280924	S3-920799060	S3	urban swastik global limited	lp 3 81 ground floor 1078 jessore road kolkata parganas north west bengal	india	india		empty_or_missing_name
S1-825346251	S3-112250041	S3	galaxy healthcare private limited	sraddha lakshmi 50 5th cross 10th main indiranagar bangalore karnataka	india	india		empty_or_missing_name
S1-81523269	S2-302711886	S2	international consulting limited	6th floor d building mbc it park g b road near wadavali police kasarwadavali kasarwadavali thane maharashtra	india	india		empty_or_missing_name
S1-820983126	S2-308000659	S2	creative foundation private limited	vill roshan pur jagirp o hasupurwa bijnor uttar pradesh bijnor bijnore uttar pradesh	india	india		empty_or_missing_name
S1-628436260	S2-688626490	S2	hotel consulting private limited	1 654 vishal khandgomti nagar lucknow uttar pradesh lucknow uttar pradesh	india	india		empty_or_missing_name
S1-165218161	S3-419288322	S3	sosa cassandry o d m d p c	14 hammock point fuquay varina nc	us	us	d,m,cassandry,o,sosa	partial_token_overlap_unindexed
S1-434852732	S3-510410822	S3	hawkins liberty chase llc	10011 payson road phoenix az	us	us	liberty,llc,hawkins	partial_token_overlap_unindexed
S1-269065632	S2-760291423	S2	murillo superior futurewave llc	1417 heathers mist avenue charlotte nc	us	us	murillo,superior	partial_token_overlap_unindexed
S1-185557895	S2-866780648	S2	ram ventures pvt ltd	office no 809 plot 2 kamdhenu commerz sec 14 k panvel raigarh mh maharashtra	india	india		empty_or_missing_name
S1-353015643	S2-56682081	S2	aggi tracy pro inc	304 14th street unit apartment 2 buffalo ny	us	us	inc,pro,aggi	partial_token_overlap_unindexed
S1-598063315	S3-293360591	S3	thirumala brothers private limited	7 23m t p road n s n palayam coimbatore tamil nadu	india	india	limited,thirumala,brothers	partial_token_overlap_unindexed
S1-927177398	S3-907698511	S3	secure pebblebrook inc	16704 2000th street marshall il	us	us	secure,pebblebrook	partial_token_overlap_unindexed
S1-812076174	S3-728948950	S3	dill and huff public llc	1014 hines street republic mo	us	us	public,dill,llc,and	partial_token_overlap_unindexed
S1-282899614	S3-359711446	S3	western offshore	5100 georgia avenue unit 409 washington dc	us	us		zero_shared_tokens_transliteration
S1-371814600	S2-738243159	S2	heidi w cortes l c s w	246 northpoint avenue huntington in	us	us	w,s,l,cortes,c,heidi	partial_token_overlap_unindexed
S1-184948045	S3-916844164	S3	rae s choice skin care	7 jackson cove road nc leicester	us	us	care,choice,rae,skin,s	partial_token_overlap_unindexed
S1-90576892	S2-838443348	S2	iv solutions llp	toopran telangana survey no 148 narasapur road venkatapur pt village toopran mandal west godavari	india	india	iv,solutions	partial_token_overlap_unindexed
S1-982921700	S2-869502263	S2	ipd funds private limited	2 ff krishna complex ms 1 13 sector a ram ram lucknow uttar pradesh	india	india		zero_shared_tokens_transliteration
S1-792234199	S3-842779718	S3	kramer and hebert inc	md unit 612 fort washington 2602 brinkley road	us	us	hebert,inc,kramer	partial_token_overlap_unindexed
S1-868689834	S3-492787078	S3	jai traders ltd	2 partugiz church street calcutta west bengal	india	india	traders,jai	partial_token_overlap_unindexed
S1-459991058	S2-426906459	S2	shakti international limited	1st floor udaya building college road ambakkaden junction kerala tc 12 2294 thrissur	india	india		empty_or_missing_name
S1-869128438	S3-151052320	S3	international power pvt ltd	plot no 5 local shoppingcomplex vardhman royal plaza gujrawala town delhi	india	india	pvt,ltd,international	partial_token_overlap_unindexed
S1-598560016	S3-35059348	S3	best power	123 75 saresh bagh gararianpurwa fazalganj kanpur uttar pradesh	india	india	best	partial_token_overlap_unindexed
S1-457385885	S2-529896243	S2	cinderella mills lifestyle llc	720 12th street larned ks	us	us	cinderella,llc,mills	partial_token_overlap_unindexed
S1-755861525	S2-229877354	S2	bombay procon india pvt ltd	14 260 b doyes opp alind serilingampally hyderabad telangana	india	india	india,pvt,bombay,procon,ltd	partial_token_overlap_unindexed
S1-616755144	S3-608438229	S3	keystone llc	72 r m way mead ok	us	us	llc	partial_token_overlap_unindexed
S1-438430300	S3-14141327	S3	urban logistics private limited	a 15 fourth floor lajpat nagar new delhi new delhi south delhi delhi	india	india		empty_or_missing_name
S1-950783420	S2-399613831	S2	memorial charities	oh 280 buckingham street newark	us	us	memorial,charities	partial_token_overlap_unindexed
S1-865908516	S3-376789172	S3	white international pvt ltd	a 404 bldg no 29 wing a subhash nagar chembur mumbai mumbai city maharashtra	india	india		zero_shared_tokens_transliteration
S1-146144824	S3-959351945	S3	james summit world	303 county road 421 satin tx	us	us	summit,james	partial_token_overlap_unindexed
S1-61900741	S3-164727489	S3	global sim inc	303 wild ginger court fl 1 columbia mo	us	us	sim,global	partial_token_overlap_unindexed
S1-121982108	S3-445899776	S3	prairie coalition of buffalo iv llc	ks buffalo 245 scotsman road	us	us	buffalo,prairie,of,coalition,iv	partial_token_overlap_unindexed
S1-499308314	S3-361786499	S3	frasier occupational therapy inc	43893 reeds lake road janesville mn	us	us		zero_shared_tokens_transliteration
S1-926018314	S2-269390198	S2	x t weinstein painting	8049 bay bend drive willis tx	us	us	x,t,painting,weinstein	partial_token_overlap_unindexed
S1-553330268	S2-977190043	S2	tech care private limited	41 jeliapara lane po salkia lp 57 16 howrah howrah west bengal	india	india		empty_or_missing_name
S1-925545499	S3-958403973	S3	ganga buildcon pvt ltd	84 krishna nagar shekhawat marg sirsi road jaipur rajasthan	india	india		zero_shared_tokens_transliteration
S1-795467997	S3-83911844	S3	bureau of sanitation	212 13th street farmington mn	us	us	sanitation,bureau,of	partial_token_overlap_unindexed
S1-749979100	S2-947426425	S2	star cascade engineering inc	236 pleasant hill road scarborough me	us	us	star,engineering,cascade	partial_token_overlap_unindexed
S1-186748283	S2-665351226	S2	eastern endocrinology	567 rolling oak court vacaville ca	us	us	eastern	partial_token_overlap_unindexed
S1-84083509	S3-758141462	S3	midc area travels public limited	j 114 midc area jalgaon maharashtra	india	india	public,area,limited,midc	partial_token_overlap_unindexed
S1-548852318	S3-464666333	S3	superior research alliance inc	12602 epping road md silver spring	us	us	inc,alliance,superior	partial_token_overlap_unindexed
S1-760816941	S3-452171887	S3	rishika and co	s 553 554 school block shakarpur new delhi delhi	india	india	rishika	partial_token_overlap_unindexed
S1-18420258	S2-466542334	S2	cardiology quality health llc	5069 poplar glen drive indian trail nc	us	us	llc,cardiology,quality	partial_token_overlap_unindexed
S1-792880767	S3-902893136	S3	gray financial llc	404 coxs fork road danville wv	us	us	financial,gray	partial_token_overlap_unindexed
S1-314207684	S2-708552114	S2	shakti enterprises private limited	no15 316 salarpuriahallmark 4thfloor kadubeesanahalli outerringroad bangalore karnataka	india	india		empty_or_missing_name
S1-597539565	S2-230636316	S2	odisha technology	h no 8 3 228 1280 390 jawahar nagar s k nagar yousufguda hyderabad telangana	india	india	odisha,technology	partial_token_overlap_unindexed
S1-16541529	S3-336949967	S3	shyam projects private limited	surat gujarat surat shiv shakti ind estate vill sanki ta palsana dist plot no 72 to 76	india	india	shyam,projects,limited	partial_token_overlap_unindexed
S1-832115704	S3-514986956	S3	too solutions private limited	a 20 2c chet ram gali mouj pur delhi north east delhi	india	india		zero_shared_tokens_transliteration
S1-481261914	S2-88404967	S2	grand management llc	173 brevator street albany ny	us	us	management,grand	partial_token_overlap_unindexed
S1-5196687	S3-406862797	S3	superior trading consultants llc	1013 lake forest drive weddington nc	us	us	llc,consultants,superior,trading	partial_token_overlap_unindexed
S1-692361226	S3-227463818	S3	balaji constructions private limited	wz 8d 1 asalatpur a 2 block janak puri new delhi west delhi delhi	india	india	private,balaji,constructions	partial_token_overlap_unindexed
S1-744403700	S2-632337176	S2	lotus consulting	50 sanjay colony ward no 07 dandapura vidisha madhya pradesh	india	india		empty_or_missing_name
S1-49219863	S3-84557643	S3	s i token llc	1200 old martindale road san marcos tx	us	us	s,i,token	partial_token_overlap_unindexed
S1-272831981	S2-182133289	S2	capital equity partners	5525 mcleod lane unit 401 keizer or	us	us	partners,capital,equity	partial_token_overlap_unindexed
S1-718700810	S2-813646172	S2	mendez resource llc	watertown 27 hillcrest circle unit 2 ma	us	us	llc,mendez	partial_token_overlap_unindexed
S1-142151995	S2-769567558	S2	gomez empire imperial llc	9903 205th avenue wa bonney lake	us	us	empire,imperial,gomez	partial_token_overlap_unindexed
S1-382549381	S3-712921315	S3	triolo moreno and pinedo inc	981 signal crossing nashville tn	us	us		zero_shared_tokens_transliteration
S1-202971690	S3-676322873	S3	noelani cruz heritage construction inc	1214 main street ar flippin	us	us	construction,cruz,noelani,heritage	partial_token_overlap_unindexed
S1-804955332	S2-443509669	S2	eastern consulting pvt ltd	s osh ram kishan rzk 43 5 s f no 85 1 2 nihal vihar new delhi west delhi delhi	india	india		empty_or_missing_name
S1-711789509	S3-369787250	S3	keystone solarius llc	3299 sarabee lane memphis tn	us	us	keystone,solarius	partial_token_overlap_unindexed
S1-149922172	S3-208607670	S3	american resources llc	brooklyn 1732 flatbush avenue ny	us	us	american,resources	partial_token_overlap_unindexed
S1-116361766	S3-124477573	S3	urgent care health llc	unit 1d 9340 canterchase drive oh miamisburg	us	us	health,urgent,llc,care	partial_token_overlap_unindexed
S1-976423900	S3-634162334	S3	desert ridge data	636 jefferson avenue venice il	us	us	desert,data,ridge	partial_token_overlap_unindexed
S1-882510535	S2-703563413	S2	interfaith ministries llc	2253 clearview circle benicia ca	us	us	ministries,interfaith	partial_token_overlap_unindexed
S1-333373551	S3-268299150	S3	anderson carranza and blumenberg athene llc	2412 8th street canton oh	us	us		zero_shared_tokens_transliteration
S1-651962224	S2-382167166	S2	hadley delta rent	28019 fm 1488 hockley tx	us	us	rent,hadley,delta	partial_token_overlap_unindexed
S1-173333217	S3-139271503	S3	alma india solutions private limited	no 110 mogappair eri scheme chennai tamil nadu	india	india	solutions,private,alma,india	partial_token_overlap_unindexed
S1-799632615	S3-447938200	S3	sanchez studios inc	8221 chancellor row dallas tx	us	us		zero_shared_tokens_transliteration
S1-499302167	S3-112108004	S3	shree industries private limited	plot no 265 g i d c estate sachin surat gujarat	india	india		empty_or_missing_name
S1-578764126	S2-87211941	S2	murphy davis and mitchell llc	17 lawn avenue quincy ma	us	us		zero_shared_tokens_transliteration
S1-537720196	S3-795593938	S3	pediatric dentistry summit medicine lp	536 194 west jefferson nc	us	us	dentistry,medicine,pediatric,summit	partial_token_overlap_unindexed
S1-182887772	S3-485605538	S3	special collar private limited	c 3 801 narayan sanskruti near vikrama duplex sunpharma atladra link road vadodara gujarat	india	india	special,collar,limited	partial_token_overlap_unindexed
S1-743044129	S2-914402361	S2	galaxy trading private limited	16 haridham estate ahmedabad gujarat ahmadabad city nradarsh ii opp gurudwara	india	india	private,galaxy,trading	partial_token_overlap_unindexed
S1-674804193	S3-988127326	S3	urban book store	6 franklin court barboursville wv	us	us	urban,store,book	partial_token_overlap_unindexed
S1-970879476	S3-683138338	S3	peridiq realty llc	city of boscobel 801 bluff street wi	us	us	peridiq,llc	partial_token_overlap_unindexed
S1-328713969	S3-179552907	S3	cozy barbershop	7675 wryneck drive dublin oh	us	us	cozy,barbershop	partial_token_overlap_unindexed
S1-459735113	S2-911236725	S2	multi india india of cuddapah private limited	2 144 gudipadu village duvvur mandal cuddapah andhra pradesh	india	india	cuddapah,of,india,private,multi	partial_token_overlap_unindexed
S1-688943895	S3-703605679	S3	v t agraharam society ltd	plot no h 1 ap industrial estate v t agraharam vizianagaram andhra pradesh	india	india	society,v,ltd,t	partial_token_overlap_unindexed
S1-270944415	S3-341071115	S3	east sterling dominion p c	521 looking glass trail mecklenburg county va	us	us	dominion,east,p,c	partial_token_overlap_unindexed
S1-360909582	S3-941669819	S3	coastal school of medicine	3 astor ridge drive unit unit d amherst ny	us	us	school,coastal,of	partial_token_overlap_unindexed
S1-143051451	S2-906065132	S2	secunderabad builders private limited	plot no 8 first floor apgovt karkana janakpuri colony near narne estate secunderabad hyderabad telangana	india	india	private,secunderabad,limited	partial_token_overlap_unindexed
S1-160962647	S3-719811626	S3	superstar health private limited	shell north gate near kims tennis academy hennur main road kothanur bangalore karnataka	india	india	private,health,superstar	partial_token_overlap_unindexed
S1-593759410	S3-317277804	S3	behavioral health medicine inc	170 stroud road shelton wa	us	us	medicine,inc,behavioral,health	partial_token_overlap_unindexed
S1-603700214	S2-66988999	S2	random college	1st floor morabia commercialcentre plotno 44 sector 9 gandhidham kutch gujarat	india	india		zero_shared_tokens_transliteration
S1-436985273	S3-150259143	S3	corner pilates	ky 116 redwood drive frankfort	us	us		zero_shared_tokens_transliteration
S1-691663442	S2-590889572	S2	classic data digital lp	az 15361 virginia avenue goodyear unit 2041	us	us		zero_shared_tokens_transliteration
S1-989061306	S3-486975380	S3	red technology	flat no 6 mumbai city maharashtra krishna kunj nbbk colony ceasar road amboli andheri w mumbai	india	india		empty_or_missing_name
S1-170773933	S3-781664293	S3	ss consultancy private limited	plot no tc 16 vibhuti khand lesa lucknow uttar pradesh	india	india		empty_or_missing_name
S1-88481196	S2-109938414	S2	blue ace mae llc	70 wilson court chesterton in	us	us	ace,blue,mae	partial_token_overlap_unindexed
S1-486982617	S3-315801942	S3	kent capital llc	1302 shandelee road ny callicoon	us	us	capital,kent	partial_token_overlap_unindexed
S1-151748434	S3-106947969	S3	tejas films private limited	plot no d 20 g f nawada houseing complex uttam nagar near fakkar baba mandir new delhi west delhi delhi	india	india	tejas,films	partial_token_overlap_unindexed
S1-2706888	S2-718967340	S2	silver properties private limited	634 kh no 258 s f westend marg saiyadul ajyab new delhi south west delhi delhi	india	india		zero_shared_tokens_transliteration
S1-191645710	S2-243975990	S2	gangansh consultancy pvt ltd	5 139 aradhana roop nagarstation road bandra east mumbai maharashtra	india	india	gangansh,pvt,consultancy	partial_token_overlap_unindexed
S1-281384928	S3-565971954	S3	first infrastructure limited	flat no 803 a block shree ram south court jaipur rajasthan	india	india	first,infrastructure	partial_token_overlap_unindexed
S1-477234854	S2-179008487	S2	internal medicine health corp	16 contenta unit unit 2 flagstaff az	us	us	medicine,health,internal	partial_token_overlap_unindexed
S1-483905548	S3-201408207	S3	jay infrastructure private limited	c o rajeswar pawade shivaji nagar nanded maharashtra	india	india		empty_or_missing_name
S1-513198302	S2-272964407	S2	supreme laxmi consulting private limited	kodungallur kerala thrissur p kalthikat h mayooreswaram temple rd 6 545c	india	india		empty_or_missing_name
S1-475736552	S2-811239699	S2	fairfax county family church	3003 pleasantree court fairfax county va	us	us	county,fairfax,family	partial_token_overlap_unindexed
S1-147388490	S3-629881157	S3	friedman and spring	16111 319th street auburn wa	us	us	and,friedman	partial_token_overlap_unindexed
S1-3312041	S2-174613994	S2	alpha care pvt ltd	plot no 212 1 phase ii ida cherlapally hyderabad telangana	india	india		empty_or_missing_name
S1-546469339	S3-841907701	S3	90 99 street llc	1012 karen drive new bern nc	us	us	street,99,90	partial_token_overlap_unindexed
S1-144878347	S3-808694273	S3	ib advisors pvt ltd	z3 chaitanya hdlm hanuman chowk opp p pump bathinda punjab	india	india		zero_shared_tokens_transliteration
S1-884606211	S2-136627460	S2	foot and ankle care associates lp	york 5 madison street sc	us	us	care,associates,foot,and,ankle	partial_token_overlap_unindexed
S1-544993623	S3-520022527	S3	precision cloud brands inc	10 coates avenue deerfield ma	us	us	cloud,brands,precision	partial_token_overlap_unindexed
S1-341321228	S3-315594171	S3	jrp flour private limited	46 first street gopalapuram coimbatore tamil nadu	india	india		zero_shared_tokens_transliteration
S1-956930131	S3-112213518	S3	womens health partners llc	2100 fairfield drive joliet il	us	us	partners,health,womens	partial_token_overlap_unindexed
S1-970491860	S3-495874350	S3	corcoran blue eqv llc	3229 denman street fort worth tx	us	us	blue,llc,corcoran	partial_token_overlap_unindexed
S1-477308019	S3-533185008	S3	cardiology center group	930 600 logan city ut	us	us	center,cardiology	partial_token_overlap_unindexed
S1-100114235	S3-298484569	S3	global initiative	21155 nowthen boulevard nowthen mn	us	us	global	partial_token_overlap_unindexed
S1-819527390	S2-554542621	S2	new delhi option private limited	g 5 28 safdarjung development area opposite iit gate new delhi south delhi delhi	india	india	private,new,option,delhi	partial_token_overlap_unindexed
S1-601784526	S3-841535682	S3	prudy maldonado tri state mortgage llc	6553 olive lane maple grove mn	us	us	mortgage,tri,maldonado,state,prudy	partial_token_overlap_unindexed
S1-479190496	S2-298184012	S2	west willow l l c	116 la ventana drive liberty hill tx	us	us	west,willow	partial_token_overlap_unindexed
S1-325106163	S2-330111962	S2	premier marketing private limited	956 34 cherickal house cherickal lane pallom kottayam kerala kottayam kerala	india	india		empty_or_missing_name
S1-559129958	S2-831241381	S2	krishna impex pvt ltd	unit 604 607 tower a the address plot no b district center mayur vihar phase 1 extension east delhi delhi	india	india		empty_or_missing_name
S1-242634825	S3-319900521	S3	creative environmental networks	2432 colter court fort worth tx	us	us	creative,environmental,networks	partial_token_overlap_unindexed
S1-599209501	S2-213951844	S2	bright ventures private limited	15 2 677 telangana hyderabad kishan gunj hyderabad	india	india		empty_or_missing_name
S1-876781792	S3-651646511	S3	secure sangh	503 b block green terraces whitefields kondapur hyderabad telangana	india	india	sangh,secure	partial_token_overlap_unindexed
S1-41217356	S3-272041321	S3	dental valley specialists llc	4 curtis street peabody ma	us	us	valley,dental	partial_token_overlap_unindexed
S1-684726056	S3-681558501	S3	gulf advantage inc	304 jenette avenue il buckner fl 1	us	us	gulf,inc	partial_token_overlap_unindexed
S1-7335365	S3-406498394	S3	western tri state staked inc	2867 western avenue il park forest	us	us	western,inc,staked	partial_token_overlap_unindexed
S1-947812879	S2-143668953	S2	care 1 it	7421 400 greensburg in	us	us	1,care	partial_token_overlap_unindexed
S1-994551021	S2-353715879	S2	trout frank and green can	16 harmon road glenville ny	us	us	and,trout,frank	partial_token_overlap_unindexed
S1-254626800	S2-745160549	S2	heritage vanguard wintergreen inc	41 fermoy heights avenue boston ma	us	us	inc,wintergreen,heritage	partial_token_overlap_unindexed
S1-694106476	S3-304980831	S3	silver hair studio	6802 old bastrop highway san marcos tx	us	us	silver,hair	partial_token_overlap_unindexed
S1-169459586	S3-246316944	S3	pediatric dentistry partners	7005 lampkins crossing drive williamson county tn	us	us	dentistry,pediatric,partners	partial_token_overlap_unindexed
S1-856710782	S2-576052323	S2	sunrise technologies limited	no 60 7th cross 8th main bikasipura bangalore karnataka	india	india		empty_or_missing_name
S1-541947198	S2-598171166	S2	apex fortune power pvt ltd	b 38 47 k 1 tulsipur moti jheel varanasi uttar pradesh	india	india		empty_or_missing_name
S1-623261026	S2-477672690	S2	orthopedic care	827 elmhurst road des plaines il	us	us		zero_shared_tokens_transliteration
S1-200918632	S3-376432921	S3	new and associates	plot no 02 khasra no 122 gram faridipur dubagga uttar pradesh lucknow	india	india		zero_shared_tokens_transliteration
S1-512069001	S3-984502215	S3	first management private limited	501 madhuram enclave behind sarvottam hotel gandhinagar gandhi nagar gujarat	india	india	limited,first,management	partial_token_overlap_unindexed
S1-502209550	S3-245721249	S3	hitech health india	new delhi nand vihar sec 16 a nr dwarka metro station c 1 25 ff hukum chand appt delhi south west delhi	india	india	hitech,health,india	partial_token_overlap_unindexed
S1-729124566	S2-769499500	S2	west cardiology	1050 high street bridgton me	us	us	west	partial_token_overlap_unindexed
S1-804122429	S2-759605861	S2	shiv traders private limited	ii floor surya complex 625 anna salai chennai tamil nadu	india	india	private,limited,shiv	partial_token_overlap_unindexed
S1-568912791	S3-606683905	S3	hess continental jab	912 olvey road harrison ar	us	us	hess,continental	partial_token_overlap_unindexed
S1-299771920	S2-829117311	S2	oxford trading private limited	g 03 village garhi noida gautam buddha nagar uttar pradesh	india	india	private,oxford,trading	partial_token_overlap_unindexed
S1-132651583	S3-201479226	S3	tech india merchants private limited	h no 154 3rd floor vinoba puri new delhi south delhi delhi	india	india	private,merchants,tech,india	partial_token_overlap_unindexed
S1-452015353	S3-706462488	S3	st catholic church	peoria il 6337 devonshire drive	us	us	st	partial_token_overlap_unindexed
S1-842247360	S2-995101662	S2	family care associates inc	3664 lavender lane bainbridge island wa	us	us	care,family	partial_token_overlap_unindexed
S1-864085570	S3-189973168	S3	shyam management	venkatadri building msk mill road gulbarga karnataka	india	india	shyam,management	partial_token_overlap_unindexed
S1-628388435	S3-215386196	S3	global projects pvt ltd	pno 16 maniknagar waghala m corp nanded maharashtra	india	india		empty_or_missing_name
S1-365905493	S3-21948079	S3	mumbai producer clinic	5 sindulla 2nd floor navroji gamadia road mumbai mumbai city maharashtra	india	india		zero_shared_tokens_transliteration
S1-234437198	S3-691183557	S3	federal learning center	416 doc miller road cool ridge wv	us	us	learning,federal	partial_token_overlap_unindexed
S1-482358496	S2-807496982	S2	pioneer agro private limited	old survey no 57 3 4 8 59 1 new survey no 97 m nr national miplastic kashimira thane maharashtra	india	india		empty_or_missing_name
S1-871061162	S3-92808762	S3	cruz bride esq	263 corlear drive unit lot 2 willsboro ny	us	us	bride,cruz,esq	partial_token_overlap_unindexed
S1-593494851	S2-17757163	S2	international technical systems	2 apache trail hampton city va	us	us	systems,international	partial_token_overlap_unindexed
S1-139532667	S3-905481899	S3	merchant charitable trust	mohla road village harphala post office gadpuri ballabgarh faridabad haryana	india	india		zero_shared_tokens_transliteration
S1-219662853	S2-328673064	S2	cunningham allegro	17 high street newville borough pa	us	us	cunningham	partial_token_overlap_unindexed
S1-33710717	S2-822397210	S2	mumbai technologies	g 02 gr floor cozyden chs ltd 45 bazar road nr ram mandir bandra west mumbai mumbai city maharashtra	india	india	mumbai,technologies	partial_token_overlap_unindexed
S1-146513196	S3-568987680	S3	orthopedic express care llc	2400 b fort worth street broken arrow ok	us	us	care,express,orthopedic	partial_token_overlap_unindexed
S1-207311787	S3-783841951	S3	elizabeth banks m d pc	1680 farmstead drive chattanooga tn	us	us	pc,d,m,elizabeth	partial_token_overlap_unindexed
S1-613937548	S2-833827730	S2	vanguard aura	5120 annapolis dekalb road bucyrus oh	us	us		zero_shared_tokens_transliteration
S1-988634923	S2-915585998	S2	marketing tushar construction	flat no i 705 rajapushpa atria rajendra nagar k v rangareddy telangana	india	india		zero_shared_tokens_transliteration
S1-795884032	S3-51428309	S3	vl management private limited	behind power house ward no 1 dev colony pilani jhunjhunun rajasthan	india	india	vl,management	partial_token_overlap_unindexed
S1-913926543	S2-799918155	S2	kamala hospital	ct 5 906b floor 9th lodha supremus new cuff parede mumbai maharashtra	india	india	hospital,kamala	partial_token_overlap_unindexed
S1-422844605	S2-844601485	S2	interstate initiative llc	204 crestwood street fairview or	us	us	llc,interstate	partial_token_overlap_unindexed
S1-793517999	S2-737499509	S2	leblanc dynamics corp	2320 10th street nm farmington	us	us	dynamics,leblanc	partial_token_overlap_unindexed
S1-905049075	S3-436227745	S3	pune financial private limited	flat no a 1302 kool homes panchamrut s no 6 2 3 near orchid school ambegaon pune maharashtra	india	india	private,limited,pune	partial_token_overlap_unindexed
S1-662651729	S2-715742383	S2	india gkv india private limited	unit no 920 921 9th floor tower 4 assotech business cresterra sector 135 noida gautam buddha nagar uttar pradesh	india	india	private,limited,india	partial_token_overlap_unindexed
S1-344101169	S2-853690095	S2	rainbow retreat	c o sukanta ghosh 41 1 n c b lane berhampore murshidabad west bengal	india	india		zero_shared_tokens_transliteration
S1-339727390	S3-647834634	S3	keystone optimal products	1075 jason circle ashland city tn	us	us	keystone,products	partial_token_overlap_unindexed
S1-432977003	S2-58887072	S2	pittman hcm	4132 bayou maison circle dickinson tx	us	us	hcm,pittman	partial_token_overlap_unindexed
S1-541242696	S3-966657701	S3	city_name homes private limited	ausa road tq latur latur maharashtra	india	india	private,city_name,homes	partial_token_overlap_unindexed
S1-155228361	S3-123060220	S3	maa and co private limited	73 balaji layout mylasandra village kengeri hobli bangalore karnataka	india	india		zero_shared_tokens_transliteration
S1-246074347	S2-154397597	S2	ambattur legal private limited	mettu street athipet tamil nadu no 45 50 chennai ambattur	india	india	private,legal,ambattur	partial_token_overlap_unindexed
S1-242706067	S3-955639656	S3	ujjaendra productions private limited	b 47 jai bharat enclave near sahibabad thane ghaziabad uttar pradesh	india	india	ujjaendra,productions,limited	partial_token_overlap_unindexed
S1-508556728	S3-795693988	S3	guru estate private limited	pno 73wp bolligudam ghatkesar hyderabad telangana	india	india		empty_or_missing_name
S1-390280634	S2-247595174	S2	laxmi infotech private limited	sri radhacharan sah s o late harivansh sah mahaveer tola ara bhojpur bihar	india	india		empty_or_missing_name
S1-366031383	S2-907645463	S2	sanchez companies	7056 waterview way unit 52 cincinnati oh	us	us	companies,sanchez	partial_token_overlap_unindexed
S1-1785366	S3-720947383	S3	hp design	darjeeling h no 2044 n 2 ward no 42 west bengal chayan para near wbh road siliguri darjiling	india	india	design,hp	partial_token_overlap_unindexed
S1-515624637	S3-563301876	S3	mireles generation llc	2114 s 3rd street unit 5d shelbyville il	us	us		zero_shared_tokens_transliteration
S1-945702783	S2-536932473	S2	schafer orozco and plascencia corp	403 grand avenue ada oh	us	us	schafer,and,orozco	partial_token_overlap_unindexed
S1-427323703	S2-603044663	S2	aquatech rahul private limited	house no 373 near shanti hotel nabinabag khordha khurda khordha orissa	india	india	rahul,private,aquatech	partial_token_overlap_unindexed
S1-974373503	S3-517077662	S3	khyati tours private limited	183 g b r s nagar ludhiana punjab	india	india	tours,khyati,private	partial_token_overlap_unindexed
S1-625446096	S3-631633975	S3	pediatric dentistry health	tx 837 lilac drive garland	us	us	dentistry,pediatric,health	partial_token_overlap_unindexed
S1-60171676	S2-343942583	S2	cardiology center llc	23 boysenberry drive milton vt	us	us		zero_shared_tokens_transliteration
S1-924890137	S2-87579817	S2	star consultants llp	shop no 3 sai raj apartment near thakare garden badlapur east badlapur thane maharashtra	india	india		empty_or_missing_name
S1-376134215	S2-872868497	S2	tech impex private limited	a 31 new friends colony new delhi south delhi delhi	india	india	tech,impex,private	partial_token_overlap_unindexed
S1-204289563	S3-721457487	S3	roopanth india partners	z 067 tatvam villas sohna road sector 48 gurgaon haryana	india	india		zero_shared_tokens_transliteration
S1-847235397	S3-200991850	S3	american rapid grayscale llc	120 fatorria cove georgetown tx	us	us	american,grayscale,rapid	partial_token_overlap_unindexed
S1-25581751	S3-982539662	S3	mateo insurance llc	8017 lerwick trail charlotte nc	us	us	insurance,mateo	partial_token_overlap_unindexed
S1-613137824	S3-547843492	S3	first transit corporation	89 highland avenue fl floor 1 buffalo ny	us	us	first,corporation	partial_token_overlap_unindexed
S1-614770978	S3-683795391	S3	universal food private limited	96 upper ground floor pkt b sector 26 delhi north west delhi delhi	india	india		empty_or_missing_name
S1-830412925	S3-751123762	S3	montyn truist inc	11053 renfield avenue mesa az	us	us	inc,montyn	partial_token_overlap_unindexed
S1-170295653	S2-891951178	S2	miley integrated citigroup p c	1507 lyndhurst drive chattanooga tn	us	us	integrated,citigroup,miley	partial_token_overlap_unindexed
S1-626521335	S3-97981752	S3	maa properties pvt ltd	plot no 296 sumatismritichsswatantrya veersavarkarmarg catering college dadar west mumbai city maharashtra	india	india	pvt,ltd,properties	partial_token_overlap_unindexed
S1-994131802	S3-823962400	S3	siddhi group	2 2 1090 a 14 1 indira nagar golnaka amberpet hyderabad telangana	india	india	siddhi	partial_token_overlap_unindexed
S1-291994697	S3-588475610	S3	super producer limited	floor 4 14 291 1 bodas r convention bank of india svg market branch building rajahmundry urban east godavari andhra pradesh	india	india		empty_or_missing_name
S1-983214139	S3-857323392	S3	prime healthcare private limited	c o tirupaticomplexpvtltd 2ndfloor ganpati plaza siliguri darjiling darjeeling west bengal	india	india		zero_shared_tokens_transliteration
S1-970207960	S3-595082915	S3	bolt institute	tc 86 811 chakkai thiruvananthapuram thiruvananthapuram trivandrum kerala	india	india	bolt	partial_token_overlap_unindexed
S1-387846489	S3-772460178	S3	liladhar venture private limited	budhi lane opp shiya masjid aurangabad maharashtra	india	india		zero_shared_tokens_transliteration
S1-712854542	S3-621509319	S3	washburn holdings	7855 305th avenue e broken arrow ok	us	us	washburn,holdings	partial_token_overlap_unindexed
S1-167909815	S3-628386067	S3	frazier heritage ellington llc	3805 cullom avenue chicago il	us	us	ellington,frazier,heritage	partial_token_overlap_unindexed
S1-860215100	S3-153337248	S3	bharat consulting pvt ltd	thrissur flat no 304 topaz sobha city puzhakkal po thrissur kerala	india	india		empty_or_missing_name
S1-890545138	S2-495891169	S2	kali brothers pvt ltd	404 rohan arcade dattani park thakur village kandivali east mumbai mumbai city maharashtra	india	india	pvt,ltd,brothers,kali	partial_token_overlap_unindexed
S1-291983930	S2-704581984	S2	royal electronics global llc	3336 piedmont estates road climax nc	us	us	electronics,royal	partial_token_overlap_unindexed
S1-472015566	S3-624791137	S3	jenkins cyndia w md	5 fern drive bloomfield ct	us	us	jenkins,md,cyndia	partial_token_overlap_unindexed
S1-603442937	S2-285957614	S2	skill agro private limited	3 101 shree krishan avenyu face limbodi indore madhya pradesh	india	india		zero_shared_tokens_transliteration
S1-110036027	S3-699517773	S3	signature supply partners llc	15380 green woods lane waldorf md	us	us	signature,partners,supply	partial_token_overlap_unindexed
S1-494333596	S3-215313004	S3	zonnya query dpm p c inc	6 davies terrace unit apartment 95 beacon ny	us	us	query,c,dpm,p,zonnya	partial_token_overlap_unindexed
S1-736083154	S2-959666346	S2	aditendra india private limited	no 5 ground floor chikkaharadana hally mysore karnataka	india	india	private,aditendra,india	partial_token_overlap_unindexed
S1-88833811	S2-877703215	S2	jay city builders	delhi ohini 311 delhi 3rd floor vikas surya shopping mall plot no 18 sector 03 mangalam place r	india	india		empty_or_missing_name
S1-267804010	S2-260911435	S2	sharp services pvt ltd	406 first floor sant nagar new delhi south delhi delhi	india	india	pvt,ltd,sharp	partial_token_overlap_unindexed
S1-165754019	S2-564906118	S2	technologies xtreme trendz private limited	sripadham building 1st floor room no vii 392 1 a near irattambalam siva temble kallipada m shoranur palakkad kerala	india	india		zero_shared_tokens_transliteration
S1-610330318	S3-907011839	S3	unique digital properties	haryana dheeraj nagar faridabad g 24 block2g	india	india	properties,digital	partial_token_overlap_unindexed
S1-731277614	S3-986200422	S3	sharma better clearthink	5621 southern pkwy louisville ky	us	us	sharma,clearthink,better	partial_token_overlap_unindexed
S1-444167799	S3-97496156	S3	stahl technologies hawthorn woods	25275 marilyn lane hawthorn woods il	us	us		zero_shared_tokens_transliteration
S1-749522741	S3-752949688	S3	urology center llc	10926 clemson boulevard unit 1337 seneca sc	us	us	llc,center,urology	partial_token_overlap_unindexed
S1-651511891	S2-597640750	S2	classic consulting private limited	h n 1644 mhasadi pimpalner sakri dhule maharashtra	india	india	private,classic,limited	partial_token_overlap_unindexed
S1-886242903	S3-940485727	S3	foods advisors	c o rajkumar seoni dhuma sc no 10 santnagar dhuma tehsil lakhnadon district seoni madhya pradesh	india	india	advisors,foods	partial_token_overlap_unindexed
S1-897576828	S3-410742457	S3	amberpet vincom private limited	hyderabad house no 2 2 23 22 30 telangana amberpet durgabhai deshmukh colony bagh	india	india		zero_shared_tokens_transliteration
S1-886143618	S2-730485031	S2	summit runway pllc	tabor city nc 55 river view lane	us	us	summit,runway	partial_token_overlap_unindexed
S1-697204762	S2-46873910	S2	white constructions	b 94 flat no 302 housing colony lohia nagar kankarbagh patna bihar	india	india		empty_or_missing_name
S1-27541239	S3-739757636	S3	nexus anchor rain	1111 church street unit 2007 nashville tn	us	us	nexus,anchor	partial_token_overlap_unindexed
S1-523995535	S3-996161117	S3	horus up	22 146 2f kirshna nagar revenue ward no 2 kandukur prakasam andhra pradesh	india	india	horus,up	partial_token_overlap_unindexed
S1-939456674	S2-63263986	S2	visakhapatnam mills private limited	plot no 12 brandix india apparel city sez apsez pudimadaka road atchuthapuram ma ndal visakhapatnam vishakhapatnam andhra pradesh	india	india	visakhapatnam,private,limited	partial_token_overlap_unindexed
S1-945789020	S3-616544435	S3	rodriguez cosmetics llc	7543 oakwood canyon drive cypress tx	us	us	rodriguez,llc	partial_token_overlap_unindexed
S1-674208702	S3-198052455	S3	jai consultants	nagar near lloyd bridge pune pune city s no 110 5 6 shivaji maharashtra	india	india	jai	partial_token_overlap_unindexed
S1-251632711	S2-975550476	S2	acn services limited	f 338 nexa tower industrial area phase 8b s a s nagar mohali rupnagar punjab	india	india	limited,acn	partial_token_overlap_unindexed
S1-104226194	S2-162965740	S2	global lotus construction pvt ltd	a 212 malhotra complex gali no a 01 vikas marg shakarpur laxmi nagar east delhi delhi	india	india		empty_or_missing_name
S1-459161863	S3-73693435	S3	peak alliance llc	516 broadway street spencerville oh	us	us	peak,alliance	partial_token_overlap_unindexed
S1-749185751	S2-285534420	S2	east power limited	nagpur plot no 77 bhawani nagar maharashtra nagpur	india	india		empty_or_missing_name
S1-624853217	S3-569953044	S3	barber castaneda and dugas communications	9317 dandy street houston tx	us	us	barber,dugas,castaneda,communications	partial_token_overlap_unindexed
S1-136236806	S3-234326475	S3	silver data services inc	131 kimber drive peters township pa	us	us	silver,data	partial_token_overlap_unindexed
S1-255941721	S2-843206362	S2	ram tech private limited	1576 c ward bindu chowk dattakrurpa appt karvir kolhapur maharashtra	india	india	tech,ram,limited	partial_token_overlap_unindexed
S1-456036159	S2-634056072	S2	north 24 pgs software private limited	p 701 block a lake town kolkata north 24 pgs north 24 parganas west bengal	india	india	24,north,pgs,software	partial_token_overlap_unindexed
S1-959405640	S2-101334424	S2	jarlay indonesia inc	1606 talcott lane sugar land tx	us	us	indonesia,jarlay	partial_token_overlap_unindexed
S1-283808530	S3-496310417	S3	physical therapy integrated physicians llc	2580 cooper street freeport il	us	us	integrated,physical,therapy	partial_token_overlap_unindexed
S1-456786963	S2-655635347	S2	hotel shiva marketing pvt ltd	83 khasra no 623 ghaziabad g r garden 2 chipiyana bujurg uttar pradesh	india	india		zero_shared_tokens_transliteration
S1-275514964	S3-941301393	S3	concepcion auto sales	tx arlington 5221 carpenter drive	us	us	auto,concepcion	partial_token_overlap_unindexed
S1-36603423	S3-884947785	S3	my international private limited	180 vinobha puri lajpat nagar ii new delhi delhi	india	india	private,my	partial_token_overlap_unindexed
S1-629968168	S2-848063523	S2	oneal highland beijing	2433 arrowhead circle south bend in	us	us	highland,beijing,oneal	partial_token_overlap_unindexed
S1-727987012	S3-436060990	S3	ocimum emerging private limited	e 1002 crystal garden s no 134 3 pashan l n 11 haveli pune maharashtra	india	india	private,limited,ocimum,emerging	partial_token_overlap_unindexed
S1-824373227	S2-928606576	S2	surgical group	2630 prairie avenue unit 105 south bend in	us	us	surgical	partial_token_overlap_unindexed
S1-99902905	S3-255112571	S3	szatkowski crystal first pc	3530 val vista drive unit 202 gilbert az	us	us		zero_shared_tokens_transliteration
S1-523071145	S3-771879831	S3	ludovika baumer colonial origin llc	496 gerry drive conroe tx	us	us	origin,colonial,llc,ludovika	partial_token_overlap_unindexed
S1-776560239	S3-845562307	S3	silver tech private limited	village and p o raghudevpur block ii nh 6 uluberiahowrah howrah west bengal	india	india		empty_or_missing_name
S1-440889960	S3-660863470	S3	new trust	h n 8 3 229 t 6 tahir ville colony behind st marrys college yousufguda ch eck post hyderabad telangana	india	india		zero_shared_tokens_transliteration
S1-605307045	S3-45812296	S3	sree and sons limited	khata sankhya 188 vake gram syau patwar halka dholai chomu jaipur rajasthan	india	india	sree,limited,sons	partial_token_overlap_unindexed
S1-554583067	S3-149542393	S3	baba it limited	maharashtra sr no 57 1 2 kalbhor wast lohagaon pune mah pune pune city	india	india	baba,limited	partial_token_overlap_unindexed
S1-130364813	S2-879723682	S2	vanton era	978 preschool road district five az	us	us	vanton,era	partial_token_overlap_unindexed
S1-856668680	S3-28821019	S3	safe optimal impact	247 evani avenue benson az	us	us	safe,optimal	partial_token_overlap_unindexed
S1-895990217	S3-361798454	S3	board of education	2996 568 cranks ky	us	us	board,of	partial_token_overlap_unindexed
S1-631435084	S3-544941867	S3	total interstate farms	tx georgetown 808 rockmoor drive unit 107	us	us	total,farms	partial_token_overlap_unindexed
S1-942590387	S3-860483867	S3	brightium robinhood llc	33269 190th street 22 ia	us	us	brightium,llc	partial_token_overlap_unindexed
S1-728223702	S3-64774118	S3	ace human private limited	a 104 1st floor a wing plot 355 357 florentine dosti acres shaikh misree road antop hill bus terminal antop hill mumbai maharashtra	india	india	private,ace,human	partial_token_overlap_unindexed
S1-986207185	S2-42503928	S2	ace modern care private limited	karnataka 12th cross 5th main m c layout vijayanagar bangalore no 648 bangalore	india	india	private,ace,limited,care	partial_token_overlap_unindexed
S1-942418129	S3-739979290	S3	real estate private limited	157c lenin sarani deluxe centre 3rd floor kolkata kolkata howrah west bengal	india	india		empty_or_missing_name
S1-705978737	S2-902643619	S2	atlas fargo l l c	222 100 provo ut	us	us	fargo,atlas	partial_token_overlap_unindexed
S1-925554464	S2-578768246	S2	niche health corporation	calcutta p 16 kalakar street west bengal kolkata	india	india	niche,corporation	partial_token_overlap_unindexed
S1-679802254	S3-520191547	S3	jewel engineering private limited	no 1 23 raja mansion 12th cross swimming pool extn malleswaram bangalore karnataka	india	india	private,jewel,engineering	partial_token_overlap_unindexed
S1-311847071	S3-102133306	S3	family partners	15974 74th lane peoria az	us	us	partners,family	partial_token_overlap_unindexed
S1-763611874	S2-161982309	S2	reina s summit engineering	md 4637 harwich drive waldorf	us	us	s,engineering,summit,reina	partial_token_overlap_unindexed
S1-868349363	S2-258002231	S2	red care llp	kashi kunj shop no 3 sv road malad west mumbai mumbai maharashtra mumbai city	india	india		empty_or_missing_name
S1-866344609	S2-281706095	S2	optimal liberty all care	803 parliament street little rock ar	us	us	liberty,optimal	partial_token_overlap_unindexed
S1-431241109	S2-957179593	S2	vijay industries private limited	mumbai maharashtra mumbai city 5 ll flr raja inds estate p k road mulund west	india	india	vijay,private,limited	partial_token_overlap_unindexed
S1-986726880	S3-424454568	S3	lansing pattana llc	709 tenth street city of watertown wi	us	us	llc,lansing	partial_token_overlap_unindexed
S1-28678758	S3-277984245	S3	pw qdro inc	200 reeve street sublette il	us	us	pw,inc	partial_token_overlap_unindexed
S1-574137829	S2-775472980	S2	miix interests inc	scottsdale fl 1 az 10166 rising sun drive	us	us	interests,miix	partial_token_overlap_unindexed
S1-221384458	S3-838959099	S3	new business pvt ltd	survey number 39 a 2 3 house number 2 163 building number 7 flat 15 durvankur apartment manikbag amrutanagar pune city pune maharashtra	india	india	pvt,ltd,new	partial_token_overlap_unindexed
S1-207988494	S2-858544897	S2	blue premier llc	119 crawford street danville il	us	us	blue,premier	partial_token_overlap_unindexed
S1-754139407	S3-85754647	S3	international trading	3 c 75c park street 3 floor kamdhenu building kolkata kolkata howrah west bengal	india	india		zero_shared_tokens_transliteration
S1-229555888	S2-554839207	S2	rapid quality made lp	6 wildwood lane goshen ma	us	us	lp,made,rapid	partial_token_overlap_unindexed
S1-483337679	S3-996134194	S3	bansidhar law chambers	alete towers h no 3 6 726 and 727 street no 11 himayatnagar himayathnagar hyderabad telangana	india	india	law,bansidhar	partial_token_overlap_unindexed
S1-177380392	S3-995568039	S3	laxmi logistics limited	c 402 shantinagar dutta mandir road malad east mumbai mumbai city maharashtra	india	india		zero_shared_tokens_transliteration
S1-142759990	S2-313652099	S2	sun ventures private limited	8 2 293 82 pn 198 rd no7 shaikpet golconda mandal shaikpet hyderabad telangana	india	india		empty_or_missing_name
S1-566823473	S2-150047726	S2	little electronics llp	no 6 sengunthapuram 5th street mangalam road tirupur coimbatore tamil nadu	india	india	electronics,little	partial_token_overlap_unindexed
S1-482358496	S3-185542045	S3	pioneer agro private limited	old survey no 57 3 4 8 59 1 new survey no 97 m nr national miplastic kashimira thane maharashtra	india	india	private,limited,pioneer,agro	partial_token_overlap_unindexed
S1-580728640	S3-901938112	S3	bright massage	5025 dahlia drive phoenix az	us	us	bright,massage	partial_token_overlap_unindexed
S1-22754779	S2-465801821	S2	star consulting llp	plot no 24 office no 805 shalin complex sector 11 gandhinagar gandhinagar gandhi nagar gujarat	india	india		empty_or_missing_name
S1-598081658	S3-839900376	S3	big pub	wa east wenatchee 680 colorado avenue	us	us	pub,big	partial_token_overlap_unindexed
S1-279014952	S2-800340691	S2	kt animation private limited	flat no 124 cate iii sfs hauz khas new delhi south west delhi delhi	india	india	private,limited,kt	partial_token_overlap_unindexed
S1-467017428	S2-232846512	S2	lakshmi marketing private limited	sunvision classic 5th floor opp ing vsya bank hanuman road vile parle e mumbai mumbai city maharashtra	india	india		empty_or_missing_name
S1-774108759	S3-70887639	S3	aurora rice llc	226 7th street winona mn	us	us	aurora,llc	partial_token_overlap_unindexed
S1-691565855	S2-559534717	S2	metropolitan project inc	oak lawn 5377 otto place il	us	us	metropolitan,inc	partial_token_overlap_unindexed
S1-859712142	S3-842138321	S3	diversified aerospace products	nd 116 23rd street williston	us	us	diversified,aerospace	partial_token_overlap_unindexed
S1-265276030	S3-128107737	S3	reichel academy pc	410 deborah street bono ar	us	us	pc,academy	partial_token_overlap_unindexed
S1-538732661	S3-82358885	S3	community ministries iii	w606 bay road park falls wi	us	us	community,iii,ministries	partial_token_overlap_unindexed
S1-674771355	S2-423563758	S2	jarlic muniholdings l l c	il ottawa 125 allen street	us	us	muniholdings,jarlic	partial_token_overlap_unindexed
S1-657626552	S3-949676899	S3	nrr marketing private limited	171 sanzgiri sadan 2nd floor a block girgaum mumbai mumbai city maharashtra	india	india	marketing,nrr,limited	partial_token_overlap_unindexed
S1-52410964	S3-61637069	S3	hostetter merck and lewis ftai	35313 cox lane modesto il	us	us		zero_shared_tokens_transliteration
S1-323868866	S2-873171560	S2	key financial	tamil nadu kovil street villivakkam tiruvallur 28 agatheeswarar ambattur	india	india	key	partial_token_overlap_unindexed
S1-979734176	S2-815368162	S2	patriot association	102 ruby avenue gastonia nc	us	us	patriot	partial_token_overlap_unindexed
S1-636502807	S3-380674503	S3	sbk fincon private limited	703 sharda chambers 15 new marine lines mumbai mumbai city maharashtra	india	india	fincon,private,sbk	partial_token_overlap_unindexed
S1-423191543	S3-835993467	S3	gaby sanchez launchpad inc	3333 william johnston lane unit unit 14 prince william county va	us	us		zero_shared_tokens_transliteration
S1-473375664	S3-545569934	S3	lakshmi products pvt ltd	house no 45 omaxe anandam omaxe city 1 baliyakheda indore madhya pradesh	india	india	pvt,ltd	partial_token_overlap_unindexed
S1-330440630	S3-905927929	S3	orthopedic center of ballwin pc	345 sulphur spring road ballwin mo	us	us	pc,ballwin,orthopedic,of	partial_token_overlap_unindexed
S1-449029	S2-470156778	S2	maxim institute clinic	67 26 strand road kolkata howrah west bengal	india	india	clinic,maxim	partial_token_overlap_unindexed
S1-52394172	S3-297004450	S3	bihariji industries group	village and post pratapura via bandikui tehsil baswa dausa rajasthan	india	india	industries,bihariji	partial_token_overlap_unindexed
S1-631152952	S2-784242957	S2	first lutheran church	595 hicks road unit e nashville tn	us	us	lutheran,first	partial_token_overlap_unindexed
S1-391631501	S2-891742997	S2	astha and co	23 c east delhi delhi pocket j and k dilshad garden delhi	india	india	astha,and	partial_token_overlap_unindexed
S1-364885957	S2-674705250	S2	rev it up tattoo inc	oh madison township 73 martha drive	us	us	up,it,rev,tattoo	partial_token_overlap_unindexed
S1-376986445	S3-603401822	S3	classic consulting pvt ltd	c 13 sudarshan tower sun n step club road thaltej ahmedabad gujarat	india	india	classic,pvt,ltd	partial_token_overlap_unindexed
S1-273008311	S3-524325527	S3	swastik infotech limited	odakhanda po badala sasan balipatna balipatna khordha orissa	india	india	swastik,limited	partial_token_overlap_unindexed
S1-448521657	S3-961356409	S3	clear all senior	1516 menard avenue chicago il	us	us	all,clear	partial_token_overlap_unindexed
S1-805549305	S3-900793526	S3	dream engineering pvt ltd	shop no 3 near kundan chowk vill khushkhera near bhiwadi bhiwadi alwar rajasthan	india	india		empty_or_missing_name
S1-664831217	S3-175309732	S3	jai healthcare	sumadhura vasantham sonnenahalli flat no 408 karnataka bangalore	india	india	healthcare,jai	partial_token_overlap_unindexed
S1-177764089	S2-508231891	S2	lila shyam private limited	haryana faridabad h no 11 sector 31 faridabad	india	india		zero_shared_tokens_transliteration
S1-903467626	S3-610296731	S3	ely machine works inc	205 dyer street henry county va	us	us	inc,works,ely	partial_token_overlap_unindexed
S1-942681672	S3-684846289	S3	jones dollar llc	4949 lake road livonia ny	us	us	jones,dollar	partial_token_overlap_unindexed
S1-868606175	S2-727637369	S2	du cbre inc	129 trumbull parkway batavia ny	us	us	du,cbre	partial_token_overlap_unindexed
S1-812468795	S3-414577777	S3	smart management private limited	patna bihar nagina shanti vatika sharma path rukanpura 403 phulwari	india	india	private,smart,limited	partial_token_overlap_unindexed
S1-585104095	S2-566609231	S2	heartland gss l l c	2647 woodley place fairfax county va	us	us	gss,heartland	partial_token_overlap_unindexed
S1-251744180	S2-234938323	S2	dorine f rainey md m d p c	105 main street fort branch in	us	us	f,md,rainey	partial_token_overlap_unindexed
S1-13864555	S3-930232281	S3	ear nose and throat keystone care llc	5103 raven street gillette wy	us	us	keystone,care,nose,throat,and,ear	partial_token_overlap_unindexed
S1-361057210	S2-237237819	S2	data design worldwide associates	6803 scioto chase boulevard powell oh	us	us	design,data,worldwide	partial_token_overlap_unindexed
S1-282124306	S3-427498696	S3	white consulting private limited	h no 14 81 140 18 mallikarjuna nagar beeramguda ramachandrapuram medak telangana	india	india		empty_or_missing_name
S1-820371961	S2-681438624	S2	legacy electronics industries	809 23rd street copperas cove tx	us	us	electronics,industries,legacy	partial_token_overlap_unindexed
S1-60364342	S3-374001535	S3	dermatology care associates	2141 ravenswood road city of burlington wi	us	us	dermatology,associates,care	partial_token_overlap_unindexed
S1-214457238	S2-338318803	S2	tirupati mahila private limited	no 19 2nd main road swami vivekananda nagar hoskote bangal ore bangalore bangalore rural karnataka	india	india	tirupati,limited,mahila	partial_token_overlap_unindexed
S1-254627789	S2-61451887	S2	huggins s associates	6800 strand avenue unit 676 yuma az	us	us	associates,s,huggins	partial_token_overlap_unindexed
S1-341204121	S3-679266023	S3	krishna innovative consultants limited	no 9 11 18 10 ahmed ahmedpura colony nizamabad telangana	india	india		empty_or_missing_name
S1-807634832	S3-740556805	S3	sunrise producer private limited	house m72 vidhyut nagar vijay singh yadav path khagaul near kidz dinapur cum khagaul patna bihar	india	india		empty_or_missing_name
S1-276865572	S3-866178331	S3	claudette s desert environmental services llc	riverdale 6002 67th avenue md unit 205	us	us	claudette,environmental,desert,services,s	partial_token_overlap_unindexed
S1-779905145	S3-611796599	S3	rosemary bryant frontier disciplined inc	3701 11th avenue in gary	us	us	disciplined,rosemary,bryant,frontier	partial_token_overlap_unindexed
S1-71382864	S2-389314967	S2	rodriguez apex ngl	6068 sparrow street millington tn	us	us	rodriguez,apex,ngl	partial_token_overlap_unindexed
S1-972059054	S3-138304817	S3	derosa preferred hovnanian llc	6409 135th place kirkland wa	us	us		zero_shared_tokens_transliteration
S1-168366893	S3-652487184	S3	hari investment private limited	plot no g 9 sector 6 noida gautam buddha nagar uttar pradesh	india	india		empty_or_missing_name
S1-667419894	S3-401470056	S3	mahaffey s auto body	635 wind chime court stephenville tx	us	us		zero_shared_tokens_transliteration
S1-62329201	S3-270245622	S3	urology center inc	695 empire boulevard irondequoit ny	us	us	inc,center,urology	partial_token_overlap_unindexed
S1-672065049	S2-587906390	S2	ghaziabad industries pvt ltd	gh 012 windsor park 5 vaibhav khand indirapuram ghaziabad uttar pradesh	india	india	pvt,ltd,ghaziabad	partial_token_overlap_unindexed
S1-651861053	S3-51864610	S3	puri consultants	w 6 30 dlf city phase iii gurgaon haryana	india	india	puri	partial_token_overlap_unindexed
S1-424010232	S3-244010851	S3	good systems private limited	pune sai ambience maharashtra pune b 1001 pimple saudagar	india	india		empty_or_missing_name
S1-342431665	S2-323217960	S2	cardiology center llc	190 davenport avenue new rochelle ny	us	us	llc,center,cardiology	partial_token_overlap_unindexed
S1-47620116	S3-327275889	S3	amrit computech pvt ltd	vill kadavita debipur kalyaneshwari west bengal kulti bardhaman	india	india	amrit,pvt,ltd	partial_token_overlap_unindexed
S1-404466688	S2-95227592	S2	q 9 anchor public llc	225 59th way birmingham al	us	us	public,q,9,llc	partial_token_overlap_unindexed
S1-515251309	S3-422105409	S3	skyway cold llp	plot 47 banwali kala sanghian kapurthala punjab	india	india	skyway,cold	partial_token_overlap_unindexed
S1-293441859	S2-130627608	S2	redwood inc	36 main street unit apartment 4 leroy ny	us	us	inc,redwood	partial_token_overlap_unindexed
S1-652171268	S3-132394312	S3	eastern estate private limited	c 1211 east loni road delhi delhi east delhi delhi	india	india		empty_or_missing_name
S1-504633584	S3-16761984	S3	silver foundation private limited	b 602 mayflower opp poisar bus depot plot no 100 lady fatima road poisar kandivali west mumbai city maharashtra	india	india	silver,private,foundation	partial_token_overlap_unindexed
S1-997450253	S3-241257280	S3	halcial long llc	5448 rock springs road harrison ar	us	us	long,halcial	partial_token_overlap_unindexed
S1-164739661	S3-921349374	S3	creative trading private limited	s no 56 3 95 kavade nagar pimple gurav pune maharashtra	india	india	creative,trading	partial_token_overlap_unindexed
S1-192763800	S2-57500772	S2	fj hill llc	219 country meadow court mansfield tx	us	us	fj,llc	partial_token_overlap_unindexed
S1-560853131	S2-193065324	S2	patriot investments	7835 118th street seattle wa	us	us	patriot	partial_token_overlap_unindexed
S1-149134144	S3-996440207	S3	ram trading pvt ltd	e 42 kamla nagar nr water tank road agra uttar pradesh	india	india	ram,pvt,ltd,trading	partial_token_overlap_unindexed
S1-270053163	S2-623375302	S2	innovative enterprises	302 ild trade centre sec 47 sohna road gurgaon haryana	india	india		empty_or_missing_name
S1-905994896	S2-156874802	S2	kathlin gaddy hartford llc	1628 311 old donation parkway virginia beach city va	us	us		zero_shared_tokens_transliteration
S1-964925471	S2-376123131	S2	heritage fund	6005 ten ten road apex nc	us	us	heritage	partial_token_overlap_unindexed
S1-315280831	S3-864125565	S3	maa wind limited	805 b pinacel prahladnagar area opp orchade auda garden vejalpur ahmedabad gujarat	india	india	limited,maa	partial_token_overlap_unindexed
S1-674888714	S3-269968904	S3	tirupati foundation private limited	32 c nalin sarkar street kolkata kolkata howrah west bengal	india	india	tirupati,limited,foundation	partial_token_overlap_unindexed
S1-203787600	S3-382625181	S3	high point internal medicine partners	3841 hickswood creek drive high point nc	us	us		zero_shared_tokens_transliteration
S1-933440839	S2-748279478	S2	eastern logistics private limited	101 auchyut mazon h no 7 1 621 48 s r nagar hyderabad telangana	india	india		empty_or_missing_name
S1-154495885	S2-778612058	S2	people services private limited	bhopal huzur top floor doorsanchar colony gulmohar shahpura bhopal madhya pradesh 111	india	india		zero_shared_tokens_transliteration
S1-356072736	S3-539973594	S3	esme e gilpin do m d p c	2075 willis gap mountain road patrick county va	us	us	d,gilpin,esme,c,m,do,p,e	partial_token_overlap_unindexed
S1-829654801	S3-313308460	S3	ridge medicines llc	3882 forge road rockbridge county va	us	us		zero_shared_tokens_transliteration
S1-57235044	S2-378241139	S2	bhagat consultants	e 54 ground floor sujan singh park ndmc delhi south delhi delhi	india	india	bhagat	partial_token_overlap_unindexed
S1-410562881	S3-251337900	S3	prescott health council	2899 venture drive unit c93 az prescott	us	us		zero_shared_tokens_transliteration
S1-66443808	S3-462829875	S3	sauer fitness inc	211 tanglewood circle dahinda il fl 1	us	us	fitness,inc	partial_token_overlap_unindexed
S1-998129023	S3-14173199	S3	one silver food private limited	12 84 1 narayanagiri dharmasagar warangal urban telangana	india	india		empty_or_missing_name
S1-626337984	S3-919418613	S3	mountain giant inc	south jordan ut 4091 great neck drive	us	us	inc,mountain	partial_token_overlap_unindexed
S1-640830255	S3-994982012	S3	united complete construction	phoenix 6026 encinas lane az	us	us	united,complete	partial_token_overlap_unindexed
S1-227259029	S3-640890303	S3	fernandez cascade bakery inc	1826 merriman avenue unit 4 charlotte nc	us	us	bakery,fernandez,cascade	partial_token_overlap_unindexed
S1-454420077	S3-5056874	S3	united foundation	3376 south road vt williston	us	us	united,foundation	partial_token_overlap_unindexed
S1-811157294	S2-486970536	S2	eminence media ltd	11 12 swapana complex near mithakhali six roads navrangpura ahmedabad gujarat	india	india	media,eminence	partial_token_overlap_unindexed
S1-355360961	S3-60891493	S3	internal medicine center	7 third street andover ny	us	us	medicine,center,internal	partial_token_overlap_unindexed
S1-488231271	S3-430020883	S3	davis family office inc	71 chancellor drive lillington nc	us	us	davis,office,family	partial_token_overlap_unindexed
S1-85253102	S3-643331175	S3	lantern park inc	144 brookfield circle sanford nc	us	us	inc,lantern	partial_token_overlap_unindexed
S1-491973276	S3-313848060	S3	surgical group inc	15014 ivory drive fountain hills az	us	us		zero_shared_tokens_transliteration
S1-793579612	S3-443852679	S3	hanson s fresh apparel	1210 q street unit lot 64 richmond in	us	us	s,hanson,fresh	partial_token_overlap_unindexed
S1-746703491	S3-203874860	S3	marsh industries ltd	d no 6 15 31 kubera towers 15 1 arundelpet guntur a p andhra pradesh	india	india		zero_shared_tokens_transliteration
S1-50027237	S3-839361967	S3	stephens sterling franklin	2256 wood street unit 8 decatur il	us	us	stephens,franklin	partial_token_overlap_unindexed
S1-669182921	S3-969924373	S3	chiropractic medicine inc	6236 wadsworth road montville township oh	us	us	chiropractic,medicine,inc	partial_token_overlap_unindexed
S1-133292201	S2-66312622	S2	nexis graf inc	31 parkwood hills spruce pine nc	us	us	nexis,inc	partial_token_overlap_unindexed
S1-631544802	S3-664181782	S3	metro piedmont aldabra llc	2824 lana circle fort worth tx	us	us		zero_shared_tokens_transliteration
S1-459996080	S2-297039810	S2	express union llc	east aurora unit suite 2 695 main street ny	us	us	union,express	partial_token_overlap_unindexed
S1-378266359	S2-341196496	S2	creative logistics limited	c o marreddy anji reddy thotlavll 04 chagant thotlavalluru krishna andhra pradesh	india	india		zero_shared_tokens_transliteration
S1-596450212	S3-991003018	S3	bally jagachha management private limited	ideal grand bl a g t road south howrah bally jagachha howrah west bengal	india	india	private,jagachha,bally,management	partial_token_overlap_unindexed
S1-745949803	S3-46392324	S3	surya best consultants private limited	rz09 209 f f block no 1 kh no 744 208 gali no4 west sagarpur new delhi south west delhi delhi	india	india		empty_or_missing_name
S1-405300261	S2-286729858	S2	neha sangh	301 goyal shopping centre s v road borivali west mumbai maharashtra	india	india	neha	partial_token_overlap_unindexed
S1-295723007	S3-787570544	S3	bombay energy pvt ltd	uttar pradesh 96 8civil lines jhansi jhansi	india	india	pvt,ltd,bombay	partial_token_overlap_unindexed
S1-121300600	S3-328159647	S3	heartland custom blueport	4249 shadwell drive evansville in	us	us	blueport,heartland	partial_token_overlap_unindexed
S1-260511638	S2-66308325	S2	patriot institute	unit 06 740 straight creek road tn new tazewell	us	us	institute,patriot	partial_token_overlap_unindexed
S1-566540811	S2-674762974	S2	optify inc	20 box hill parkway s unit 421 abingdon md	us	us	optify	partial_token_overlap_unindexed
S1-159064092	S3-677891725	S3	paul holdings group llc	431 hawthorne loop road unit 206 leland nc	us	us	group,paul	partial_token_overlap_unindexed
S1-706031642	S3-981235940	S3	roopika estate private limited	no 102 floor 1 plot 210 snow flama dosti flamingo china mill compound t j road sewri mumbai mumbai city maharashtra	india	india	private,limited,roopika	partial_token_overlap_unindexed
S1-191505777	S2-881322894	S2	atlantic foundation	1511 saint paul avenue unit apartment 7 saint paul mn	us	us	atlantic	partial_token_overlap_unindexed
S1-325616466	S3-994954842	S3	marijo maland american flag pllc	218 890 orem ut	us	us		zero_shared_tokens_transliteration
S1-126440778	S2-156206132	S2	victory constructions private limited	near airtel tower ab road bhojpuria pachore raigarh madhya pradesh	india	india	private,limited,victory	partial_token_overlap_unindexed
S1-815575341	S3-24214274	S3	riify llc	17221 10th avenue shoreline wa	us	us	llc,riify	partial_token_overlap_unindexed
S1-737225506	S2-990729108	S2	secure shore llc	tx sweeny 1465 camellia street	us	us	secure,llc	partial_token_overlap_unindexed
S1-868937193	S3-798474718	S3	cheryl robinson renewables pllc	25 bryner street helper city ut	us	us	cheryl,renewables,robinson	partial_token_overlap_unindexed
S1-6374980	S2-742527409	S2	lee brown and denning auto sales	mt 1050 p k road shepherd unit unit 1	us	us		zero_shared_tokens_transliteration
S1-465828504	S3-984017991	S3	zaroa charles	1558 chalk avenue whitpain township pa	us	us		zero_shared_tokens_transliteration
S1-395911148	S2-27997611	S2	choice printing partners llc	418 48th place chicago il	us	us	partners,choice,printing	partial_token_overlap_unindexed
S1-574568737	S2-146588341	S2	classic foundation private limited	om enclave ground floor mal naka sanmitra nagar road near swayanvar mang al karyala ratnagiri maharashtra	india	india		empty_or_missing_name
S1-847693024	S3-294130873	S3	guru bombay consulting private limited	shop no 314 315 exxoniic jahangirpura surat gujarat	india	india	private,limited,bombay,guru	partial_token_overlap_unindexed
S1-314957460	S3-841770752	S3	anand hari systems private limited	d 11 second floor defence colony new delhi south delhi delhi	india	india		empty_or_missing_name
S1-469865710	S2-252700475	S2	panchmukhi surgical private limited	rajasthan plot no 126 kuldeep vihar yojna jodhpur	india	india		zero_shared_tokens_transliteration
S1-41341245	S3-38589501	S3	first cathedral	336 diversity way raleigh nc	us	us	cathedral,first	partial_token_overlap_unindexed
S1-550240886	S3-187065047	S3	blossom infrastructure india private limited	orchid plaza bh macdonalds village vemali taluka vadodara vadodara gujarat 424	india	india	private,infrastructure,blossom,india	partial_token_overlap_unindexed
S1-644699489	S2-174499414	S2	vimal cargo private limited	2 1 chatarpur more mehrauli new delhi south delhi delhi	india	india	private,cargo,vimal	partial_token_overlap_unindexed
S1-999894380	S2-144616502	S2	harbor school of medicine	ma milton 37 pagoda street	us	us	medicine,harbor,of	partial_token_overlap_unindexed
S1-78359304	S3-9336656	S3	m d and x crane llc	712 baltimore avenue md ocean city	us	us	x,d,and,crane,m	partial_token_overlap_unindexed
S1-928371510	S2-140730220	S2	modern power private limited	h o minta devi minta market mangal chowk khemnichak p s ram krishna nagar patna bihar	india	india	private,modern,limited	partial_token_overlap_unindexed
S1-148790352	S3-558760025	S3	ganapati solutions public limited	16 344 first floor ananya mukkath house near govt high school muppathadom kerala	india	india	solutions,limited,ganapati	partial_token_overlap_unindexed
S1-684726056	S3-768423116	S3	gulf advantage inc	304 jenette avenue il buckner fl 1	us	us	gulf,advantage	partial_token_overlap_unindexed
S1-149458465	S3-279777870	S3	patriot committee l l c	957 cr 905 green forest ar	us	us	l,c,patriot	partial_token_overlap_unindexed
S1-253260211	S3-687899829	S3	kaur outdoor inc	514 14th street front royal town va	us	us	kaur,outdoor	partial_token_overlap_unindexed
S1-242797708	S2-442045651	S2	universal logistics limited	supath ii opp wadaj bus terminal nr union bank of india usmanpura ashram road ahmedabad 102 e gujarat ahmadabad city	india	india	universal,limited,logistics	partial_token_overlap_unindexed
S1-546325650	S2-588555098	S2	physical therapy specialists	3102 3990 winnsboro tx	us	us	physical,specialists,therapy	partial_token_overlap_unindexed
S1-939456674	S2-441199078	S2	visakhapatnam mills private limited	plot no 12 brandix india apparel city sez apsez pudimadaka road atchuthapuram ma ndal visakhapatnam vishakhapatnam andhra pradesh	india	india		zero_shared_tokens_transliteration
S1-124830824	S3-221778708	S3	cardiology specialists inc	5424 hartford avenue tulsa ok	us	us	inc,cardiology,specialists	partial_token_overlap_unindexed
S1-357344139	S3-369353727	S3	holy israel	fair oaks ca 5337 sunrise boulevard	us	us	israel,holy	partial_token_overlap_unindexed
S1-382435344	S3-356046991	S3	american western llc	61 01 bleecker street ridgewood ny	us	us	western,american	partial_token_overlap_unindexed
S1-318477774	S3-621264121	S3	seven systems limited	c o radhey krshna dashrath farenda maharajganj uttar pradesh	india	india		empty_or_missing_name
S1-644727021	S3-853985825	S3	lakshmi properties private limited	new delhi c 22 b s f guru ram dass nagar laxmi nagar delhi east delhi	india	india	private,lakshmi,properties	partial_token_overlap_unindexed
S1-538239017	S2-565454483	S2	american lending llc	1842 maine drive elk grove village il	us	us	american,llc	partial_token_overlap_unindexed
S1-927651996	S3-701215575	S3	anand builders pvt ltd	b 101 bhaveshwar plazal b s road ghatkopar w mumbai maharashtra	india	india	anand	partial_token_overlap_unindexed
S1-999063329	S3-329926193	S3	ram management private limited	2 262 2 keela street keela ariyappapuram thippanampatti tenkasi tirunelveli tamil nadu	india	india	private,ram,limited	partial_token_overlap_unindexed
S1-768899550	S2-911203096	S2	modern consultants	mumbai seventh floor crescent business park samitha complex safed pul sakinaka andheri east mumbai unit no 714 maharashtra	india	india		empty_or_missing_name
S1-649029066	S3-369100540	S3	redwood inc	3177 128th street charlotte ia	us	us	inc,redwood	partial_token_overlap_unindexed
S1-820112905	S2-569340181	S2	city arihant infrastructure private limited	malappuram kerala malapuram shamil tower kizhakkethala nilambur building no 10 208 x	india	india		zero_shared_tokens_transliteration
S1-436037642	S3-311284254	S3	gp marketing private limited	m 496 shakurpur j j colony sri nagar saraswati vihar delhi north west delhi	india	india	private,limited,gp	partial_token_overlap_unindexed
S1-316169377	S3-799190872	S3	all management private limited	no 150a thanikachalam nagar 7th street ponniamman medu chennai thiruvallur tamil nadu	india	india	management	partial_token_overlap_unindexed
S1-183283123	S3-804180847	S3	zq fishery co	1st floor plot no 2 opposite housing board akara batta abu road sirohi rajasthan	india	india	co,zq	partial_token_overlap_unindexed
S1-70864351	S2-984083099	S2	thibeault mitsubishi l l c	1514 main street white pine tn	us	us		zero_shared_tokens_transliteration
S1-705978737	S3-246183176	S3	atlas fargo l l c	222 100 provo ut	us	us	fargo,atlas	partial_token_overlap_unindexed
S1-44872528	S2-144598655	S2	nizamabad shree private limited	h no 1 22 shutter no 1 opp shyam petrol pump nizamabad telangana	india	india	shree,private,nizamabad	partial_token_overlap_unindexed
S1-1791086	S2-669481676	S2	calderon investments	1925 birch terrace town of trenton wi	us	us	calderon	partial_token_overlap_unindexed
S1-119217493	S3-512342078	S3	indian care private limited	madhya pradesh itwari mohalla shahdol shahdol	india	india		empty_or_missing_name
S1-696081776	S3-574951972	S3	quality tribeca associates	428 oak street huntington ar	us	us		zero_shared_tokens_transliteration
S1-821301265	S3-324762959	S3	clear commercial works	716 cajon street redlands ca	us	us	commercial,clear	partial_token_overlap_unindexed
S1-551380284	S2-573542136	S2	indian modern power private limited	60 shri ram vihar mahal sanganer jaipur rajasthan	india	india		empty_or_missing_name
S1-124308942	S3-351461556	S3	noor and co	pune maharashtra oxford village ph iii bl b sn 61 62 63 wanawadi pune fl 1106	india	india	co,noor,and	partial_token_overlap_unindexed
S1-150033799	S3-459645937	S3	kim clough inc	901 487 taylor tx	us	us	kim,clough	partial_token_overlap_unindexed
S1-703118290	S3-481932882	S3	whitfield harbor corp	1360 towhee trail prescott az	us	us	whitfield,harbor	partial_token_overlap_unindexed
S1-927372443	S3-85835419	S3	jai golden engineering llp	dada bazarbhartiya krida mandir 57 naigaon cross rd wadala w mumbai maharashtra mumbai	india	india	engineering,golden,jai	partial_token_overlap_unindexed
S1-209424373	S3-255706773	S3	moga urban limited	moga road bagha purana moga punjab	india	india	moga,limited	partial_token_overlap_unindexed
S1-708334600	S2-128989164	S2	rocky forefront llc	238 gum springs road morgantown wv	us	us	forefront,rocky	partial_token_overlap_unindexed
S1-411694890	S3-550362689	S3	family associates	3765 preserve crossing boulevard unit 2 columbus oh	us	us	family	partial_token_overlap_unindexed
S1-885556293	S2-269762357	S2	ridge capital inc	2220 32nd street topeka ks	us	us	capital,ridge	partial_token_overlap_unindexed
S1-469535575	S3-804649093	S3	mangal construction associates	gautam buddha nagar noida ats dolce gh 12a zeta i flat no 5gf1 uttar pradesh	india	india	construction,associates,mangal	partial_token_overlap_unindexed
S1-510197667	S3-329446106	S3	gi rocky stone llc	decatur 4337 380 fl 0 tx	us	us	gi,llc,stone	partial_token_overlap_unindexed
S1-890545138	S3-534816198	S3	kali brothers pvt ltd	404 rohan arcade dattani park thakur village kandivali east mumbai mumbai city maharashtra	india	india	pvt,brothers,kali	partial_token_overlap_unindexed
S1-988975398	S2-265388741	S2	fu global arcelormittal inc	805 ridley street suffolk city va	us	us	fu,global	partial_token_overlap_unindexed
S1-103251899	S3-914616180	S3	fae ebert bluerock llc	1800 prathersville road unit 83 columbia mo	us	us		zero_shared_tokens_transliteration
S1-905813486	S3-497928092	S3	maa impex private limited	c o subodh mondal mohanpur g p purbasa main road p o n c pukur p s titagarh titagarh parganas north west bengal	india	india		empty_or_missing_name
S1-405616757	S3-305313831	S3	rosie williams oriental	sallisaw 410 port arthur place ok	us	us	oriental,rosie	partial_token_overlap_unindexed
S1-520421085	S2-612204111	S2	global estate private limited	plot no 226 1456 f m nagar karanjia sadar balasore orissa	india	india		empty_or_missing_name
S1-717490268	S3-310163523	S3	navimumbai financial limited	plot no 1ab kalpataru chs ltd sector 8b cbd belapur thane maharashtra navimumbai b 5 501	india	india	financial,navimumbai	partial_token_overlap_unindexed
S1-520442475	S3-631862445	S3	caldova productions care	206 lewis street geneva ny	us	us	productions,caldova	partial_token_overlap_unindexed
S1-828016394	S3-586335594	S3	blue properties private limited	bhoupoli flat no 5 2nd flr98 3 erandawana pune maharashtra	india	india	private,blue,limited	partial_token_overlap_unindexed
S1-189254015	S2-92988595	S2	trinity emanuel	unit 2 washington dc 2506 14th street	us	us	trinity	partial_token_overlap_unindexed
S1-67352393	S3-325422092	S3	baba tech private limited	hall no 2 third floor radhey corner complex daskroi ahmedabad gujarat	india	india	baba,limited,private	partial_token_overlap_unindexed
S1-32515842	S2-422900063	S2	first hawk	5600 patriot avenue orient oh	us	us	first	partial_token_overlap_unindexed
S1-707048164	S2-402806563	S2	prachi center llp	208 209 2nd floor new sonal link industrial estate bldg no 2 link road malad w mumbai mumbai city maharashtra	india	india	prachi,center	partial_token_overlap_unindexed
S1-604792531	S3-690984758	S3	united foundation	2793 bridgestone circle kokomo in	us	us	united,foundation	partial_token_overlap_unindexed
S1-482132461	S2-418186655	S2	dental center llc	907 shellbrook court unit 13 raleigh nc	us	us	center,dental	partial_token_overlap_unindexed
S1-650491742	S3-297230591	S3	vanguard genomic works	owensboro ky 4907 highway 81	us	us	vanguard,genomic	partial_token_overlap_unindexed
S1-681985492	S3-493719927	S3	bright infra private limited	wz 260 b main najafgarhrd near metro pillar no 671 new delhi west delhi delhi	india	india		empty_or_missing_name
S1-936820081	S3-723704675	S3	anand foundation private limited	g107 vidyasagar oswal garden 210 212 cochraine basin road korukkupet chennai tamil nadu	india	india	private,anand,foundation	partial_token_overlap_unindexed
S1-611250975	S2-305512066	S2	sun service limited	s no 47 hirai sitai rasta haveli pune maharashtra	india	india	sun,limited	partial_token_overlap_unindexed
S1-875623014	S3-251405065	S3	saryu foundation limited	57 perumalpuram 7th street w no perumalpuram perumalpuram tirunelveli tamil nadu	india	india	saryu,limited,foundation	partial_token_overlap_unindexed
S1-84060211	S3-453293576	S3	ear nose and throat medicine	8307 edgemoor drive houston tx	us	us	medicine,nose,throat,and,ear	partial_token_overlap_unindexed
S1-856668680	S2-966230549	S2	safe optimal impact	247 evani avenue benson az	us	us	safe,optimal	partial_token_overlap_unindexed
S1-778149242	S3-948623294	S3	corinne barraza d c center	145 263rd street fl 0 garden plain ks	us	us	center,corinne	partial_token_overlap_unindexed
S1-176414805	S2-646174233	S2	creative services limited	kerala ernakulam building no 46 102 aadhappilly tower ernakulam vennala p o kochi	india	india	creative,limited	partial_token_overlap_unindexed
S1-717892742	S3-415789494	S3	sree consultants private limited	c o om prakash nakatiya baboo ram dhora lalpur bareilly uttar pradesh	india	india	sree,consultants	partial_token_overlap_unindexed
S1-353416148	S3-294753892	S3	arnold valley orion pc	800 buffalo brink road mannington wv	us	us	valley,arnold	partial_token_overlap_unindexed
S1-924588344	S3-762162620	S3	bright lloyds inc	1046 e lake road montville ct	us	us	bright,inc	partial_token_overlap_unindexed
S1-812553864	S3-535438356	S3	goldstar clinic	sh no 1 grn flr tere gaali versova mumbai maharashtra	india	india	goldstar,clinic	partial_token_overlap_unindexed
S1-951451939	S2-462155423	S2	maa investments private limited	villa no 68 cyprus palms serilingampally k v rangareddy telangana	india	india		empty_or_missing_name
S1-506578606	S3-908635145	S3	secure cloud brands llc	321 6th street duluth mn	us	us		zero_shared_tokens_transliteration
S1-662961085	S3-439742559	S3	modern consulting llp	sr no 102 2 5 fl no a 1107 dreams carnival char haveli haveli pune maharashtra	india	india	consulting	partial_token_overlap_unindexed
S1-256324615	S3-658462119	S3	saga and sons ltd	707 eldorado apartment 7 88 tilak nagar opp abha nursing home kanpur uttar pradesh	india	india		zero_shared_tokens_transliteration
S1-536488324	S3-621455513	S3	swanson and baird	586 henshaw street leicester ma	us	us		zero_shared_tokens_transliteration
S1-716053494	S2-111529676	S2	dental center l l c	143 chases mill road east machias me	us	us	l,c,dental	partial_token_overlap_unindexed
S1-108284040	S3-21236414	S3	hidalgo mountain studios llc	tx 124 jordan court allen	us	us	mountain,hidalgo	partial_token_overlap_unindexed
S1-600088932	S2-830104497	S2	palmer affiliated of mott pllc	310 dakota avenue mott nd	us	us		zero_shared_tokens_transliteration
S1-383000800	S3-494462660	S3	cardiology care associates	va 315 woods avenue unit apt a roanoke city	us	us	associates,care,cardiology	partial_token_overlap_unindexed
S1-725326314	S3-607180170	S3	dee dee roberto integrated wireless llc	1404 lincoln court union ky	us	us	llc,roberto,integrated,dee	partial_token_overlap_unindexed
S1-378062593	S3-637007713	S3	cure cleaning service	4853 railway circle monrovia md	us	us	service,cure,cleaning	partial_token_overlap_unindexed
S1-643663550	S3-201873627	S3	empire rapid canadian llc	109 saint charles place chickasha ok	us	us	empire,rapid	partial_token_overlap_unindexed
S1-849406830	S3-144392647	S3	wolford obic	736 elder court glencoe il	us	us	wolford	partial_token_overlap_unindexed
S1-411801793	S3-647154516	S3	gorakhpur solutions pvt ltd	c o dr arun chand pnt colony rustampur gorakhpur uttar pradesh	india	india	gorakhpur,pvt,solutions	partial_token_overlap_unindexed
S1-161080659	S3-254152723	S3	pioneer trading pvt ltd	mumbai unit 701a maharashtra mumbai city 7th floor tower 2 one international centre senapati bapat marg elphinstone road	india	india	pvt,ltd,pioneer	partial_token_overlap_unindexed
S1-344949649	S2-344501219	S2	keener dorolice j o d p c	tn 1450 tom white road big sandy	us	us	j,keener,d,dorolice,o	partial_token_overlap_unindexed
S1-105548872	S3-886174080	S3	george espindola and fritts	1765 b street salem or	us	us	george,espindola	partial_token_overlap_unindexed
S1-340515379	S3-630864604	S3	demaio alexander and vasquez center	123 witherspoon lane penfield ny	us	us	center,and,vasquez,demaio,alexander	partial_token_overlap_unindexed
S1-107807557	S2-658292262	S2	jyoti college	519 ground floor nyay khand 2 indirapuram ghaziabad uttar pradesh	india	india	jyoti,college	partial_token_overlap_unindexed
S1-144124314	S2-132912329	S2	kesoft credit inc	914 maple street kindred nd	us	us	credit,kesoft	partial_token_overlap_unindexed
S1-141651343	S2-285068352	S2	mint trade llp	a 610 siddhi vinayak towers b h dcp office off s g highway makarba ahmedabad gujarat	india	india	trade,mint	partial_token_overlap_unindexed
S1-961045042	S3-728010352	S3	chandra frontier innovations inc	1803 mcginnis court harker heights tx	us	us	innovations,inc,chandra	partial_token_overlap_unindexed
S1-830574336	S2-780693763	S2	bombay construction pvt ltd	ward no 10 vill panch muzaffarpur block musahri muzaffarpur bihar	india	india		empty_or_missing_name
S1-685028795	S3-182341280	S3	hcc capital private limited	pethkar projects siyona b2 702sno47 p 48 p 50 p 7 pune city pune maharashtra	india	india		zero_shared_tokens_transliteration
S1-667378442	S3-610011999	S3	bright marine systems llc	2357 putnam lane fl 0 crofton md	us	us	systems,bright,marine	partial_token_overlap_unindexed
S1-649583432	S3-973982160	S3	nickels veterinary clinic	51 stanton way north andover ma	us	us	veterinary,nickels	partial_token_overlap_unindexed
S1-816057608	S3-713397703	S3	behavioral health associates inc	1565 crossing duck lane washington nc	us	us	associates,inc,behavioral,health	partial_token_overlap_unindexed
S1-417706840	S2-579346399	S2	nathani consultants llp	1662 5 b gali 17 f f govind puri new delhi delhi	india	india		zero_shared_tokens_transliteration
S1-119392524	S3-460924854	S3	aditi computing private limited	parganas north bhatpara 6 gopikrishna goswami road p o bhatpara west bengal	india	india	aditi,private,computing	partial_token_overlap_unindexed
S1-764157893	S3-31211532	S3	valadez and upton drive lp	francis 56 scenic heights road ut bldg vacant parcel	us	us		zero_shared_tokens_transliteration
S1-731441459	S3-393041019	S3	vaayuaksh consultants private limited	s c no 9226 usha pipe factory naitra naitra balaghat madhya pradesh	india	india		zero_shared_tokens_transliteration
S1-696654443	S3-69798436	S3	myatt integrated alpha inc	wi town of clayton 7475 sunwood drive	us	us	alpha,integrated,myatt	partial_token_overlap_unindexed
S1-631167304	S3-369016303	S3	behavioral health center inc	81 woodgreen drive pittsford ny	us	us	health,center,behavioral	partial_token_overlap_unindexed
S1-952031448	S3-12329053	S3	quantis iii llc	384 sandy creek drive 75182 tx	us	us	iii,quantis	partial_token_overlap_unindexed
S1-751911575	S3-963519549	S3	colonial vanguard eagle l l c	1666 27th avenue clinton ia	us	us	colonial,eagle,vanguard	partial_token_overlap_unindexed
S1-516898227	S3-160861503	S3	seven products limited	86 baruin ghazipur zamania ghazipur uttar pradesh	india	india	limited,seven,products	partial_token_overlap_unindexed
S1-869037142	S3-231876232	S3	east aditya management pvt ltd	maharashtra ahmednagar village shilar survey no 105 3 105 5 post kashele karjat	india	india	east,pvt,aditya,management	partial_token_overlap_unindexed
S1-396523089	S2-959635024	S2	sun consulting private limited	1 40 l chakrapani colony st thomas mount chennai 16 chennai 16 chennai tamil nadu	india	india		empty_or_missing_name
S1-516619070	S2-456261366	S2	foundation bhole textiles llp	a 304 mayfair raviraj oberoicomplexofflink road mumbai maharashtra	india	india	foundation,bhole,textiles	partial_token_overlap_unindexed
S1-697766149	S3-341996675	S3	temple catholic church	138 falcon road rocky mount nc	us	us	temple,catholic	partial_token_overlap_unindexed
S1-618034883	S3-506047268	S3	martz ithax llc	md fl 0 819 sunny chapel road odenton	us	us	llc,martz	partial_token_overlap_unindexed
S1-129409679	S3-713004048	S3	barbey johnson d o	in gary 2324 durbin street	us	us	johnson,o,d,barbey	partial_token_overlap_unindexed
S1-887182370	S3-591929640	S3	addia dominguez general pllc	14 henshaw street woburn ma	us	us	general,addia,dominguez	partial_token_overlap_unindexed
S1-420915986	S2-911182333	S2	real tech private limited	house no 339 pocket a 01 keshav puram delhi north west delhi	india	india		empty_or_missing_name
S1-229408875	S2-147014851	S2	cube sangh	no 143 6 r s road pattukkottai thanjavur tamil nadu	india	india	sangh,cube	partial_token_overlap_unindexed
S1-957313162	S2-32317457	S2	cardiology medicine	1248 port diane drive fl 0 saint louis mo	us	us		zero_shared_tokens_transliteration
S1-860352928	S2-964285512	S2	aurora llc	205 arch street stephens ar	us	us	aurora,llc	partial_token_overlap_unindexed
S1-180109784	S3-414999555	S3	corina galeas green freedom	2400 superior avenue middletown oh	us	us		zero_shared_tokens_transliteration
S1-862338675	S2-177685541	S2	sloan mountain grid corp	3315 80th street city of kenosha wi	us	us	corp,grid,sloan	partial_token_overlap_unindexed
S1-824076722	S2-80041004	S2	al enterprises pvt ltd	office no 201 2nd floor global square cts no 1505 s no 247 yerwada pune city pune maharashtra	india	india		empty_or_missing_name
S1-377482798	S2-139303470	S2	ackermann and fisher partnership	2116 marsh lane unit 2306 carrollton tx	us	us		zero_shared_tokens_transliteration
S1-95832791	S3-835040511	S3	congregation methodist church	3430 stiles road washougal wa	us	us	congregation,methodist	partial_token_overlap_unindexed
S1-983719787	S2-423056604	S2	anilva infotech ltd	building no 46 540 b ground floor nkm arcade6 ernakulam kerala	india	india	infotech,anilva	partial_token_overlap_unindexed
S1-315325465	S2-666991378	S2	enterprises academy pvt ltd	sri arbind kumar s o sri shiv narayan rai mahabir nagar 70 fit road gardanbagh patna bihar	india	india	enterprises,pvt,academy	partial_token_overlap_unindexed
S1-826696794	S2-408547460	S2	h h artificial inc	2076 winslow drive unit 9 columbus oh	us	us		zero_shared_tokens_transliteration
S1-116281198	S3-259194035	S3	mous clinic	3750 midland drive roy city ut unit 24	us	us		zero_shared_tokens_transliteration
S1-650870229	S3-226766957	S3	infosolutions animal pvt ltd	439 neo corporate plaza sreekarayil chits kachpada ramchandra la ne malad mumbai mumbai city maharashtra	india	india	animal,pvt,infosolutions	partial_token_overlap_unindexed
S1-435390124	S3-354925814	S3	metropolitan institute	6424 kilmer street hyattsville md	us	us	metropolitan,institute	partial_token_overlap_unindexed
S1-798119049	S3-452071454	S3	redwood transport	44 wood street woburn ma	us	us	redwood	partial_token_overlap_unindexed
S1-411340216	S2-553698574	S2	environmental fund	5844 village forest court houston tx	us	us	environmental,fund	partial_token_overlap_unindexed
S1-529046082	S2-351782433	S2	hari management private limited	shop no 2 ground floor sri niwas puri i market opp mother dair y new delhi south delhi delhi	india	india	hari,limited,management	partial_token_overlap_unindexed
S1-597359174	S2-299866782	S2	creative materials partners llc	10 ravine road wellesley ma	us	us	creative,materials	partial_token_overlap_unindexed
S1-657840095	S3-52165807	S3	primary care group	5101 blue bluff road austin tx	us	us	primary,group	partial_token_overlap_unindexed
S1-454575051	S3-62552306	S3	dental medicine llc	3940 mountain view road hampden township pa	us	us	medicine,llc,dental	partial_token_overlap_unindexed
S1-518468319	S2-639935537	S2	anant care pvt ltd	flat no 201 prasad apartments gunfoundry hyderabad telangana	india	india		zero_shared_tokens_transliteration
S1-650080847	S2-820767531	S2	eastern martin llc	1700 103rd avenue unit 2044 avondale az	us	us	eastern,llc	partial_token_overlap_unindexed
S1-999204768	S3-823750636	S3	qa farms private limited	shop no 12 savedi area prince housing society bhistbag road ahmednagar ahmednagar maharashtra	india	india	farms,limited,qa	partial_token_overlap_unindexed
S1-872683586	S3-465482752	S3	womens health physicians	2747 greenup avenue ashland ky	us	us	physicians,health,womens	partial_token_overlap_unindexed
S1-838949766	S3-829890899	S3	kiersten yazzie diamond brc llc	3657 rhea avenue memphis tn	us	us	kiersten,yazzie,diamond,brc	partial_token_overlap_unindexed
S1-903283779	S2-403646213	S2	conley verde corp	5445 state street murray ut	us	us	verde,conley	partial_token_overlap_unindexed
S1-291989464	S2-84075229	S2	star digital associates llc	3070 corrine drive prescott valley az	us	us	associates,star,llc,digital	partial_token_overlap_unindexed
S1-796524983	S2-150043323	S2	la ventures limited	h no 8 4 315 20 prem nagar erragadda ameerpet hyderabad telangana	india	india	la,limited	partial_token_overlap_unindexed
S1-1727907	S2-213722067	S2	sun hospitality pvt ltd	8 mamta kutir mahakali road andheri east mumbai city mumbai maharashtra	india	india		empty_or_missing_name
S1-106042723	S2-25131279	S2	lewis express two	3019 old gamber road finksburg md	us	us	express,lewis	partial_token_overlap_unindexed
S1-208167915	S2-878222287	S2	steel welfare society	plot no k 4 1465 kalinga vihar bhuabneswar khordha orissa	india	india	society,steel,welfare	partial_token_overlap_unindexed
S1-55916197	S3-123582170	S3	alson traders pvt ltd	f no 306 wide reach enclave r no 1 as raju nagar colony kukatpally hyderabad telangana	india	india		zero_shared_tokens_transliteration
S1-319976599	S2-335885463	S2	jagdamba brothers private limited	rajapalayam virudhunagar old d no 1 40 new d no 1 171 sundaranatchiyarpuram tenkasi road tamil nadu	india	india	private,jagdamba,limited	partial_token_overlap_unindexed
S1-559697713	S3-709391702	S3	sree developers private limited	sno39 7 gui tekadu j n marg s s rd pune pune city pune maharashtra	india	india		empty_or_missing_name
S1-211841489	S3-383319959	S3	western centurion	11 running brook lane loudoun county va	us	us	centurion	partial_token_overlap_unindexed
S1-55679373	S3-840984274	S3	dhyeya entertainment private limited	a 15 b riico industrial area behror alwar rajasthan	india	india		zero_shared_tokens_transliteration
S1-162896164	S3-558943736	S3	y t and g fortress	83 beard drive new milford ct	us	us	y,fortress,g,t	partial_token_overlap_unindexed
S1-613859137	S3-668087829	S3	coast charitable trust	8 2 672 5 and 6 6th floor ilyas mohammed khan estate road no 1 banjara hills hyderabad telangana	india	india	coast,charitable	partial_token_overlap_unindexed
S1-432725599	S3-541406544	S3	horak colonial johnson	6687 nc211 lumberton nc	us	us	colonial,horak	partial_token_overlap_unindexed
S1-164942774	S3-842035604	S3	shree handicrafts india private limited	shop no 25 53 new fruit market jodhpur jodhpur rajasthan	india	india	shree,private,limited,handicrafts	partial_token_overlap_unindexed
S1-685444194	S3-347721124	S3	maxy francis energy	111 1st street newark oh	us	us	maxy,francis	partial_token_overlap_unindexed
S1-20928731	S3-740367178	S3	international systems limited	shivlok house 1 delhi west delhi new delhi i1 comm co a2 karam pura	india	india		empty_or_missing_name
S1-276041200	S3-333456423	S3	shiva systems private limited	27 new market jeoni mandi agra uttar pradesh	india	india		zero_shared_tokens_transliteration
S1-979115941	S3-31024024	S3	romero lilia dmd	105 35th avenue pine bluff ar	us	us		zero_shared_tokens_transliteration
S1-584740131	S3-144246756	S3	health fellowship	wv rawl 25 america drive	us	us	health,fellowship	partial_token_overlap_unindexed
S1-245984026	S2-934726823	S2	eastern consultancy private limited	matha sahi motel chhak near unani hospital bhadrak orissa	india	india		empty_or_missing_name
S1-223176496	S3-779546905	S3	analise woods partners llc	edgewood 2899 yost court md	us	us	woods,analise	partial_token_overlap_unindexed
S1-700882543	S2-461366289	S2	frontier rent inc	2785 14 unit 1 reidsville nc	us	us	rent,frontier	partial_token_overlap_unindexed
S1-424430974	S3-826433464	S3	global animal hospital group	2063 sea cove lane costa mesa ca	us	us	animal,hospital,global	partial_token_overlap_unindexed
S1-130677609	S3-645687658	S3	best constructions private limited	baroda university road gujarat near sayaji gardens kala ghoda chowk hotel revival	india	india		zero_shared_tokens_transliteration
S1-974933448	S2-308422231	S2	youth association iv	4507 lewis avenue phoenix az	us	us	iv,youth	partial_token_overlap_unindexed
S1-471214180	S2-981284719	S2	maxworth advisors	maharashtra kumar kruti appts wadgoan sheri opp cerebram it park pune a8 1204 pune	india	india	maxworth	partial_token_overlap_unindexed
S1-932188653	S3-192921332	S3	f and i aldel inc	tx 204 3561 paradise fl 0	us	us	aldel,f,and,i	partial_token_overlap_unindexed
S1-867038639	S3-219394689	S3	urgent care clinic	25320 chicago avenue ingleside il	us	us	urgent,clinic,care	partial_token_overlap_unindexed
S1-379992117	S3-448850944	S3	blue coalition	3454 broadview street montgomery al	us	us	blue	partial_token_overlap_unindexed
S1-804634674	S3-271543649	S3	rr steel private limited	no 50 24 chithambaram street bharathypuram chrompet chennai tamil nadu	india	india		zero_shared_tokens_transliteration
S1-691192134	S2-559165140	S2	thai holdings	h no g16 dr jumani chawal jitendra road haji bapu road malad e jain mandir mumbai mumbai city maharashtra	india	india	thai,holdings	partial_token_overlap_unindexed
S1-938792097	S3-12099845	S3	shree estate private limited	501 shashi niketan vindyavasini street gyan ganga ke bagal wali gali kadamkuan patna bihar	india	india		empty_or_missing_name
S1-996523584	S3-234748343	S3	common consultants care	house no 2244 sector 28 faridabad haryana	india	india	care,common,consultants	partial_token_overlap_unindexed
S1-889479873	S2-908155769	S2	jones s complete design	115 cambridge street winchester ma	us	us	design,s,jones	partial_token_overlap_unindexed
S1-625630736	S3-794248530	S3	touchwood common limited	b2 103 paras hermitage hoshangabad road bhopal madhya pradesh	india	india	common,limited	partial_token_overlap_unindexed
S1-408643468	S3-426990102	S3	gd enterprises private limited	c o sunny sharma vii panighata t e siliguri darjiling darjeeling west bengal	india	india	enterprises,limited,gd	partial_token_overlap_unindexed
S1-67160153	S2-964691672	S2	oncology care	unit apartment a albion ny 226 park street	us	us	oncology	partial_token_overlap_unindexed
S1-458906979	S3-452797784	S3	cardiology delta health corp	1307 kitty street stafford tx	us	us	health,cardiology,delta	partial_token_overlap_unindexed
S1-482878118	S2-975735911	S2	custom payment group	608 van buren street paris il	us	us	custom,group	partial_token_overlap_unindexed
S1-895755712	S3-821288863	S3	ear nose and throat global associates llc	10686 79 springville tn	us	us	llc,nose,associates,and,ear,global	partial_token_overlap_unindexed
S1-171670923	S3-998507515	S3	ry metro quality	1994 state street de dover	us	us	ry,quality,metro	partial_token_overlap_unindexed
S1-730270938	S3-933179662	S3	gerrity pinnacle inc	8045 boise street portland or	us	us		zero_shared_tokens_transliteration
S1-640196189	S2-886886084	S2	vina harrison md	15055 bevington avenue milwaukie or	us	us	harrison,vina	partial_token_overlap_unindexed
S1-41303057	S3-952298786	S3	total regions pllc	2600 evening primrose drive redmond or	us	us	total,regions,pllc	partial_token_overlap_unindexed
S1-85670214	S3-156602303	S3	moran patriot aldabra llc	unit c oh columbus 5768 bixbywoods court	us	us	moran,patriot	partial_token_overlap_unindexed
S1-997553932	S3-12110735	S3	regional international llc	407 clinton street brayton ia	us	us	regional,llc	partial_token_overlap_unindexed
S1-340297110	S2-772182834	S2	sukhshanti dreams care	66 village noorpur peerwali gali sai dham road deoband saharanpur uttar pradesh	india	india	dreams,care,sukhshanti	partial_token_overlap_unindexed
S1-816685834	S3-619707245	S3	indus and partners	office no 106 1st floor mayfair tower survey no 28 tp scheme bhamburda pune maharashtra	india	india	partners,indus,and	partial_token_overlap_unindexed
S1-789416032	S3-276324425	S3	venus power private limited	no 12 i cross i main i block gg palya tumkur road bangalore karnataka	india	india	private,venus,power	partial_token_overlap_unindexed
S1-718992438	S2-256452466	S2	krishna consulting private limited	601 teja block my home navadweepa hitech city madhapur hyderabad telangana	india	india	private,krishna,limited	partial_token_overlap_unindexed
S1-36015006	S2-615973447	S2	metropolitan institute of technology	ca 4925 10th avenue sacramento	us	us	metropolitan,of,technology	partial_token_overlap_unindexed
S1-376656562	S3-92189114	S3	vijay care private limited	1497 16 eacharath h mannuthy p o thrissur kerala	india	india		empty_or_missing_name
S1-207827400	S2-608134894	S2	supreme consulting llp	c o vinod kumar sharma bhilora nausar sader gorakhpur uttar pradesh	india	india	supreme,consulting	partial_token_overlap_unindexed
S1-196132693	S3-162492565	S3	colonial gores	6246 westminster drive parma oh	us	us	colonial	partial_token_overlap_unindexed
S1-443974590	S3-746646112	S3	gutierrez strategic diversified inc	301 orchard beach drive grapeview wa	us	us	gutierrez,inc,strategic	partial_token_overlap_unindexed
S1-773547559	S2-166962556	S2	o 5 premier auto llc	7419 b 4th avenue seattle wa	us	us	o,auto,premier,5	partial_token_overlap_unindexed
S1-750845447	S2-912786470	S2	new gujarat systems private limited	office no 1210 12th floor rupa solitaire bl no a1 sector 1 mbp mahape navi mumbai thane maharashtra	india	india	systems,private,new,gujarat	partial_token_overlap_unindexed
S1-473095952	S3-84036381	S3	corporate defense international inc	4113 sail court chesapeake city va	us	us	defense,corporate,international	partial_token_overlap_unindexed
S1-499342988	S2-334725134	S2	gujarat golden constructions private limited	p 104 bangur ave bl d fl 3 1st floor jessore road north 24 parganas west bengal	india	india	private,golden,constructions,gujarat	partial_token_overlap_unindexed
S1-570717918	S2-22088319	S2	dermatology care llc	497 pleasant street unit 196 amherst ma	us	us	dermatology,care	partial_token_overlap_unindexed
S1-199719839	S3-108109313	S3	young unified liquor inc	6350 havana street unit 723 cherry creek co	us	us	inc,young,liquor	partial_token_overlap_unindexed
S1-118851226	S2-983397605	S2	jt india	mohali c 6 sebiz square floor 3 it park mohali punjab	india	india	jt	partial_token_overlap_unindexed
S1-532036704	S3-714128598	S3	doctor siddhivinayak limited	a29 patterns a goodearth malhar kambipura kengeri bangalore karnataka	india	india	limited,doctor	partial_token_overlap_unindexed
S1-942977436	S3-362492165	S3	jay city foods private limited	plot no 129 shiv sundar nagar near noble school bhilwara bhilwara rajasthan	india	india		empty_or_missing_name
S1-753479835	S3-535041794	S3	ochoa total deli	buchanan county va 1126 roseann road	us	us	total,ochoa	partial_token_overlap_unindexed
S1-239414283	S3-92106766	S3	bombay construction private limited	a 1 gf 06 white pearl appt sangma padra vadodara gujarat	india	india		empty_or_missing_name
S1-794100950	S2-547956272	S2	indraya services private limited	block ii 6c ceebros shyamala garden 136 arcot road saligramam chennai tamil nadu	india	india	indraya,limited,services	partial_token_overlap_unindexed
S1-468594265	S3-624707084	S3	premier industrial ventures	185 union street manchester ct	us	us	ventures,industrial,premier	partial_token_overlap_unindexed
S1-57861376	S3-629656430	S3	apex interstate etf l l c	7731 alta vista road laveen annex az	us	us	interstate,apex,etf	partial_token_overlap_unindexed
S1-11246184	S3-973887609	S3	national education technologies of port neches inc	2046 11th street port neches tx	us	us		zero_shared_tokens_transliteration
S1-409235421	S3-725732704	S3	trujillo transport llc	103 6th street city of wausau wi	us	us	llc,trujillo	partial_token_overlap_unindexed
S1-394832400	S3-199462620	S3	southern smart soren llc	5800 falcon way fl 0 guilford in	us	us	southern,llc,soren	partial_token_overlap_unindexed
S1-981925901	S2-835576642	S2	divya forest corp	office no 311 silver chamber tagore road rajkot gujarat	india	india	divya,forest,corp	partial_token_overlap_unindexed
S1-761449550	S3-347696305	S3	holiday xii	wi 822 dogwood lane city of tomah	us	us	xii	partial_token_overlap_unindexed
S1-812479165	S2-330376067	S2	shakti projects private limited	c o ramaashish pd yadav soni nagar motihari east champaran bihar	india	india		empty_or_missing_name
S1-374269189	S3-902124520	S3	nicol myles drugs	320 30th street unit 208 charlotte nc	us	us	myles,drugs	partial_token_overlap_unindexed
S1-503162036	S3-834709688	S3	eastern foods	34 585 1st floor krishna towers civil line road opposite p o c edapally p o padivattom kochi ernakulam kerala	india	india		empty_or_missing_name
S1-649611658	S2-485542839	S2	colonial retail pc	9669 hill road otto ny	us	us	colonial,retail	partial_token_overlap_unindexed
S1-572881405	S3-369266765	S3	shena s seafood llc	7845 gail drive sneads fl	us	us	s,shena,seafood	partial_token_overlap_unindexed
S1-408643468	S3-904545050	S3	gd enterprises private limited	c o sunny sharma vii panighata t e siliguri darjiling darjeeling west bengal	india	india		zero_shared_tokens_transliteration
S1-458605878	S3-327680182	S3	opulent express private limited	new no 40 old no 29 dr r k nagar main road thiruvanmiyur chennai tamil nadu	india	india	opulent,express,limited	partial_token_overlap_unindexed
S1-254753785	S2-665162805	S2	reliable printing ventures inc	tx houston 14010 pacific street	us	us	reliable,printing	partial_token_overlap_unindexed
S1-797361235	S3-799568071	S3	indian consulting private limited	bareilly agrass po khas house number 72 uttar pradesh bareilly	india	india	indian,private,limited	partial_token_overlap_unindexed
S1-236648945	S3-449511886	S3	shanmuga softech limited	h no 93 swami vivekananda nagar kota rajasthan	india	india	shanmuga,softech	partial_token_overlap_unindexed
S1-911373323	S3-723807596	S3	bureau of housing	tn 5608 davida road knoxville	us	us	bureau,of	partial_token_overlap_unindexed
S1-126263710	S2-368541059	S2	a cure 2 you	77 rangeley street west haven ct	us	us	2,a	partial_token_overlap_unindexed
S1-802233504	S3-867982336	S3	north select prime lp	319 arthur hills way louisville ky	us	us	select,north,lp	partial_token_overlap_unindexed
S1-847865812	S3-915067922	S3	indian producer private limited	146 kandasamy layout sivananda colony coimbatore south coimbatore tamil nadu	india	india	indian,private,producer	partial_token_overlap_unindexed
S1-759365268	S3-701265108	S3	kiosk trading private limited	plot no 1 ground floor lsc mor land new delhi central delhi delhi	india	india	private,limited,trading	partial_token_overlap_unindexed
S1-677544297	S3-648258594	S3	torres s bakery	380 stryker road gilboa ny	us	us	bakery,s,torres	partial_token_overlap_unindexed
S1-778613512	S3-828388407	S3	welkin technologies associates	a 304 empire business hub opp shakti farm science city road sola daskroi ahmedabad gujarat	india	india	welkin,technologies	partial_token_overlap_unindexed
S1-115876182	S2-334769707	S2	hotel investments pvt ltd	bhagyakul mansion 4th floor b block 22 lee road kolkata kolkata howrah west bengal	india	india		empty_or_missing_name
S1-318929686	S3-364009985	S3	all american soren l l c	500 rucker road ky dawson springs	us	us		zero_shared_tokens_transliteration
S1-217508654	S2-295364155	S2	clifford india india llp	dno 287 3 standerd towers avinashi road coimbatore south coimbatore tamil nadu	india	india	clifford,india	partial_token_overlap_unindexed
S1-631435084	S2-405300138	S2	total interstate farms	tx georgetown 808 rockmoor drive unit 107	us	us	total,interstate	partial_token_overlap_unindexed
S1-912185763	S2-881614721	S2	akshaya erectors llp	117 h 2 2pandu nagar kanpur uttar pradesh jyotiba phule nagar uttar pradesh	india	india	akshaya,erectors	partial_token_overlap_unindexed
S1-403028834	S3-714289919	S3	piedmont construction llc	ok 917 linn lane yukon	us	us	construction,piedmont	partial_token_overlap_unindexed
S1-137361418	S2-609280987	S2	continental coalition	112 juniper road unit 112 levelland tx	us	us	continental	partial_token_overlap_unindexed
S1-938488765	S2-313723132	S2	solstice inc	90 gainsborough street unit 101e boston ma	us	us	solstice	partial_token_overlap_unindexed
S1-808713404	S3-292451552	S3	regional piedmont chiropractic llc	327 sunrise avenue unit apt 1 giddings tx	us	us		zero_shared_tokens_transliteration
S1-612695850	S2-834550248	S2	sree consultants	udaipur c o suresh kumar sharma 24 new jaishree colony pandey ji ki badi udaipur rajasthan	india	india		empty_or_missing_name
S1-495643608	S3-938764338	S3	colonial coalition	154 vidas avenue south salt lake city ut	us	us	coalition	partial_token_overlap_unindexed
S1-172154218	S2-516538579	S2	golden power	house no 33 hanumant nagar takrohi lucknow uttar pradesh	india	india		empty_or_missing_name
S1-759182044	S3-153447917	S3	stag llc	1200 somerby drive unit 529 mobile al	us	us	stag,llc	partial_token_overlap_unindexed
S1-95782272	S3-784313402	S3	rachelle watterson ftai llc	914 lily creek rd middletown ky	us	us	rachelle,ftai	partial_token_overlap_unindexed
S1-365310135	S3-250237210	S3	liuka choate offshore llc	52 tremont street taunton ma	us	us	choate,liuka,offshore	partial_token_overlap_unindexed
S1-487865990	S3-492219399	S3	cothran and higgins	portage in 5520 6	us	us	higgins,cothran,and	partial_token_overlap_unindexed
S1-232014931	S2-842377868	S2	celina briseno catalyst llc	813 1260 unit 114 heber city ut	us	us	llc,briseno,celina	partial_token_overlap_unindexed
S1-665989323	S2-822894139	S2	supreme hospitality alliance l l c	285 antioch circle terre haute in	us	us	supreme,alliance	partial_token_overlap_unindexed
S1-212460801	S3-250424633	S3	clyyn pan pllc	209 simpson road marlborough ma	us	us	pllc,pan	partial_token_overlap_unindexed
S1-826309155	S3-232319444	S3	amis procon private limited	checkitta vilaimankarai p o kanyakumari district kanyakumari district kanyakumari tamil nadu	india	india	private,amis,procon	partial_token_overlap_unindexed
S1-740769570	S2-169194228	S2	clean lincoln llc	3720 lochearn drive gwynn oak md	us	us	llc,clean	partial_token_overlap_unindexed
S1-706942192	S3-895262629	S3	arsa trust company	plot no 490 5851 krishna garden phase ii jagamara bhubaneswar khordha orissa	india	india	arsa,trust	partial_token_overlap_unindexed
S1-296746022	S2-540743336	S2	satya bar private limited	6th floor bakhtawar b and c 229 nariman point mumbai mumbai city maharashtra	india	india	bar,limited,satya	partial_token_overlap_unindexed
S1-229858811	S3-86365789	S3	atlantic association corp	2595 28th street fort worth tx	us	us	corp,atlantic	partial_token_overlap_unindexed
S1-651273292	S2-919888366	S2	lotus investment limited	e 1 502 oval nest near sr no 77 near aditya garden city warje pune maharashtra	india	india	limited,investment	partial_token_overlap_unindexed
S1-728640862	S3-176903317	S3	wagner tavia llc	2028 glen moor road evansville in	us	us	tavia,wagner	partial_token_overlap_unindexed
S1-312896045	S2-200425502	S2	aleece g devine l c s w	810 24 road rolla ks	us	us	g,w,l,aleece,c,s	partial_token_overlap_unindexed
S1-560522379	S3-645686456	S3	pediatric dental specialists	6097 sissonville drive charleston wv	us	us	dental,pediatric,specialists	partial_token_overlap_unindexed
S1-905859616	S3-795523309	S3	otero stonebridge pllc	419 3rd street unit apartment 608 fargo nd	us	us	otero,stonebridge	partial_token_overlap_unindexed
S1-770208796	S3-331900527	S3	yo vii llc	3404 collins ln louisville ky	us	us	vii,llc	partial_token_overlap_unindexed
S1-838134640	S2-96593117	S2	silver and co	house no 310 mig hbns pinjore kalka panchkula haryana	india	india	co,and	partial_token_overlap_unindexed
S1-156028688	S3-516868663	S3	sky services private limited	shyam business hub mukesh industries isanpur narol highway ahmedabad ahmadabad city gujarat office t f 309	india	india		empty_or_missing_name
S1-549288319	S3-952474171	S3	devin jewels private limited	6 53 geeta colony delhi east delhi delhi	india	india	jewels,limited,devin	partial_token_overlap_unindexed
S1-726860670	S3-165705146	S3	oneil national sprott inc	18 morning dew drive asheville nc	us	us	inc,oneil,national,sprott	partial_token_overlap_unindexed
S1-777826220	S2-670038520	S2	horizon bridge llc	2354 6895 unit 4 cottonwood heights ut	us	us	llc,horizon	partial_token_overlap_unindexed
S1-991381328	S3-754499964	S3	midwest society	804 freeman avenue berryville ar	us	us	society,midwest	partial_token_overlap_unindexed
S1-105438216	S3-678414178	S3	pl berkley inc	708 coshocton avenue mount vernon oh	us	us	pl,inc	partial_token_overlap_unindexed
S1-170195620	S3-803109217	S3	dream technology pvt ltd	ashok kumar sharma nimbalkar ki goth behind santa nurshing home patankar baz ar gwalior madhya pradesh	india	india		empty_or_missing_name
S1-593745438	S3-258020577	S3	citadel llc	4031 sunset harbor avenue sacramento ca	us	us	citadel,llc	partial_token_overlap_unindexed
S1-596743118	S2-235538199	S2	harbor guild	35 lincoln street lewiston mn	us	us	harbor	partial_token_overlap_unindexed
S1-52394172	S3-801233315	S3	bihariji industries group	village and post pratapura via bandikui tehsil baswa dausa rajasthan	india	india	industries,bihariji	partial_token_overlap_unindexed
S1-575902348	S2-571447510	S2	cardiology medicine inc	127 chapman place ma leominster	us	us	medicine,inc,cardiology	partial_token_overlap_unindexed
S1-725249439	S2-218551232	S2	shree international llp	plot no 1168 gada sahi nayapalli p s nayapalli bhubaneswar khordha orissa	india	india		empty_or_missing_name
S1-401616356	S3-248672302	S3	shiva technologies	kolkata howrah 56 2 hazra road kolkata west bengal	india	india		empty_or_missing_name
S1-825825175	S2-927736078	S2	bria s electrical	6820 montana avenue city of el paso tx	us	us	s,bria,electrical	partial_token_overlap_unindexed
S1-631772217	S2-701106269	S2	fortune consultancy private limited	muhana mode plot no 21 shiv nagar at dhani kumawat sanganer jaipur rajasthan	india	india		empty_or_missing_name
S1-338758100	S3-818741355	S3	certified iron llc	tuttle ok 212 scottie drive	us	us	llc,certified	partial_token_overlap_unindexed
S1-686668008	S3-143966761	S3	cheema polytechnic	siliguri west bengal upper basement floor international market sevoke road darjeeling shop no 13	india	india	polytechnic,cheema	partial_token_overlap_unindexed
S1-109461975	S3-35779673	S3	mariejeanne gasser better pyrophyte llc	169 big bear resort road leighton al	us	us	mariejeanne,pyrophyte,llc,better	partial_token_overlap_unindexed
S1-765734254	S3-392778993	S3	health fellowship partners	601 oleander circle virginia beach city va	us	us	partners,health,fellowship	partial_token_overlap_unindexed
S1-678466717	S2-334418463	S2	admire gems group	748 e and f block kuvempunagar mysore karnataka	india	india	admire,gems	partial_token_overlap_unindexed
S1-786012768	S3-403231895	S3	mejia desert atlanta llc	5 pine street unit g3 stockbridge ma	us	us	desert,atlanta,mejia	partial_token_overlap_unindexed
S1-684675824	S3-241726329	S3	sunrise builders limited	139 malu sadan 3rd main 9th cross chamrajpet bangalore karnataka	india	india	builders,sunrise	partial_token_overlap_unindexed
S1-851631512	S3-904396749	S3	greensboro eye physicians llc	2425 retriever lane greensboro nc	us	us	eye,llc,greensboro	partial_token_overlap_unindexed
S1-546165896	S3-597524075	S3	quia capital partners llc	342 vale street hagerstown md	us	us	llc,capital,quia	partial_token_overlap_unindexed
S1-780400330	S2-602613463	S2	behavioral health center l l c	nc morehead city 1219 woods court	us	us	l,center,c,behavioral	partial_token_overlap_unindexed
S1-687973023	S3-423314466	S3	sai services private limited	dinubhai estate beside satkar restuarant trikampura pat ia ff 11 12 13 ahmedabad gujarat ahmedabad	india	india		empty_or_missing_name
S1-92768201	S2-535441935	S2	complete atlantic pc	137 sterling street unit 3 west boylston ma	us	us	atlantic,complete	partial_token_overlap_unindexed
S1-382825535	S3-679523527	S3	alida s classic security services	2103 andrew street fort wayne in	us	us	security,services,alida,classic,s	partial_token_overlap_unindexed
S1-66808800	S3-728512036	S3	life software private limited	house no 666 sector 38 gurgaon haryana gurgaon haryana	india	india	life,private,software	partial_token_overlap_unindexed
S1-309069586	S2-982686489	S2	department of transportation	az 1449 charleston avenue phoenix	us	us	of,department	partial_token_overlap_unindexed
S1-330841826	S3-410807402	S3	tova inc	6714 california avenue seattle wa	us	us	inc	partial_token_overlap_unindexed
S1-490689266	S3-819846146	S3	adrienne beckstrand rivernorth associates	1336 viola road cherryvale ks	us	us	rivernorth,adrienne,associates	partial_token_overlap_unindexed
S1-974695290	S3-340576372	S3	regional altisource corp	55 150 summit ut	us	us	corp,regional	partial_token_overlap_unindexed
S1-89821827	S3-387165640	S3	desert spartacus	425 apollo drive lino lakes mn	us	us	desert,spartacus	partial_token_overlap_unindexed
S1-124312817	S3-337783610	S3	bangalore group of companies	14 15 bhagawathi nagar road no 11 jubilee hills hyderabad telangana	india	india	bangalore,of,companies,group	partial_token_overlap_unindexed
S1-457711764	S3-786499916	S3	vision group	burkesville ky 834 green grove road	us	us	group	partial_token_overlap_unindexed
S1-56634790	S2-127117831	S2	first biopharma llc	4415 2nd lane renton wa	us	us	biopharma,first	partial_token_overlap_unindexed
S1-374976103	S2-6738220	S2	first construction international llc	57 broadway street bldg residence crittenden county ky	us	us	construction,first,international	partial_token_overlap_unindexed
S1-334940615	S3-984079050	S3	musheerabad dairy ltd	1 8 7 4 a 2nd floor hyderabad chikkadpally musheerabad telangana	india	india	ltd,musheerabad	partial_token_overlap_unindexed
S1-64428159	S2-536822385	S2	parag impex private limited	s 38g f back side kh 85 and 86 hargovind enclave south delhi delhi	india	india	impex,parag,private	partial_token_overlap_unindexed
S1-966218415	S2-671349147	S2	best technology private limited	flat no 303 11 hill view cts 1049 1064 11 shivaji nagar pune maharashtra	india	india	private,limited,technology	partial_token_overlap_unindexed
S1-311868916	S2-159603922	S2	shiv international private limited	block no 103 sai homes near aditya nagar solapur south solapur maharashtra	india	india		empty_or_missing_name
S1-768878183	S2-836616906	S2	hotel systems private limited	b 6 324 nand nagri delhi east delhi delhi	india	india	systems,hotel	partial_token_overlap_unindexed
S1-275444673	S2-162416409	S2	pollard and taylor care	195 lafayette street unit 5 salem ma	us	us	taylor,care,and	partial_token_overlap_unindexed
S1-128647284	S2-374162171	S2	visual platforms pvt ltd	h no 8 3 944 15 flat no 103 sri rama enclave ameerpet hyderabad telangana	india	india	pvt,ltd,visual	partial_token_overlap_unindexed
S1-825588670	S2-352535578	S2	blue industries private limited	temple road sir kasturchand marg civil lines opp hislop college nagpur m corp ta nagpur nagpur maharashtra p no 5	india	india		empty_or_missing_name
S1-83311103	S3-913134726	S3	barnes global	2010 plank road unit apartment 8 city of appleton wi	us	us	barnes,global	partial_token_overlap_unindexed
S1-512024286	S2-617461373	S2	silver foods private limited	plot no 1650 kwc kalamboli navi mumbai panvel raigarh mh maharashtra	india	india		empty_or_missing_name
S1-773412773	S3-120095115	S3	big 56 hair studio	718 cleveland avenue saint paul mn	us	us	big,studio,hair,56	partial_token_overlap_unindexed
S1-964198931	S2-138068664	S2	sx india private limited	577 1st floor 8th main road 5th block 1st stage hbr layout bengaluru bangalore karnataka	india	india	limited,sx,india	partial_token_overlap_unindexed
S1-35850492	S3-328263157	S3	3 nm uranium	1500 1000 unit 1 salt lake city ut	us	us	nm,uranium,3	partial_token_overlap_unindexed
S1-675959550	S2-84417274	S2	ne forwarding private limited	no 5m 651 a 1st floor 5th main banasawadi ombr layout bangalore karnataka	india	india	private,ne,limited,forwarding	partial_token_overlap_unindexed
S1-92922537	S2-589508557	S2	cedar inc	3111 paw paw crossing new bern nc	us	us	cedar,inc	partial_token_overlap_unindexed
S1-171414026	S2-540998701	S2	eye bay center llc	1080 voak road potter ny	us	us	bay,center,eye	partial_token_overlap_unindexed
S1-501651309	S3-510743250	S3	motor trading pvt ltd	302 ganesh palaza gola ka mandir gwalior madhya pradesh	india	india		zero_shared_tokens_transliteration
S1-343147728	S3-235374977	S3	womens health horizon care associates llc	3412 pleasant run road irving tx	us	us	care,health,womens,horizon	partial_token_overlap_unindexed
S1-208414889	S3-796868492	S3	feel enterprises private limited	gem wellington old air port road bangalore p1 karnataka bangalore	india	india	enterprises,feel,private	partial_token_overlap_unindexed
S1-928600301	S2-225212464	S2	harbor associated inc	716 jasmine street wendell nc	us	us	inc,harbor	partial_token_overlap_unindexed
S1-505599291	S3-835198290	S3	steelworkers union local no 191	80 washington street unit d28 norwell ma	us	us	union,steelworkers,191,local,no	partial_token_overlap_unindexed
S1-560997894	S2-623066636	S2	bison llc	415 lakeview road unit k25 lynnwood wa	us	us	bison,llc	partial_token_overlap_unindexed
S1-773320212	S2-98574359	S2	marathon infoway private limited	a 304 pushpvan apt nr ioc pump bodakdev ahmedabad gujarat	india	india	private,marathon,infoway	partial_token_overlap_unindexed
S1-332786422	S3-435642065	S3	white tech private limited	78 ground floor kailash hills new delhi south delhi delhi	india	india	tech,white,private	partial_token_overlap_unindexed
S1-602222708	S3-364147963	S3	edson pulliam and nicholson hotels inc	34 louis drive east greenbush ny	us	us	edson,pulliam,and,nicholson,hotels	partial_token_overlap_unindexed
S1-188726131	S3-37200527	S3	innovative engineering	13 palace road opposite rajputana palace sheretorn jaipur rajasthan	india	india		empty_or_missing_name
S1-339739032	S3-588717759	S3	devan public school	sahu theatre building lucknow uttar pradesh	india	india	public,devan	partial_token_overlap_unindexed
S1-603075972	S3-325275868	S3	straight edge grill	47 jerome street lindenhurst ny	us	us	straight,grill,edge	partial_token_overlap_unindexed
S1-16541529	S2-104867064	S2	shyam projects private limited	surat gujarat surat shiv shakti ind estate vill sanki ta palsana dist plot no 72 to 76	india	india	shyam,projects,limited	partial_token_overlap_unindexed
S1-806430458	S3-701422839	S3	global strategic flex inc	2633 ashland avenue baltimore md	us	us	inc,global,flex	partial_token_overlap_unindexed
S1-208167915	S2-818039280	S2	steel welfare society	plot no k 4 1465 kalinga vihar bhuabneswar khordha orissa	india	india	society,steel,welfare	partial_token_overlap_unindexed
S1-252469031	S3-494013852	S3	2 point	3280 pickering road shelton wa	us	us		zero_shared_tokens_transliteration
S1-667018874	S3-185667558	S3	american mountain guardian llc	12151 cortez drive fl 1 scottsdale az	us	us	american,mountain	partial_token_overlap_unindexed
S1-295491445	S3-905988280	S3	i j and h fannie pllc	201 lanier avenue mobile al	us	us	j,and,h,i,fannie	partial_token_overlap_unindexed
S1-538674211	S3-308520095	S3	southern graphics llc	50 chinkapin lane robbinsville nc	us	us	southern,graphics	partial_token_overlap_unindexed
S1-96102280	S3-348524060	S3	supreme tech private limited	103 buddheswari colony 2nd floor cuttack road near laxmisagar s quare orissa bhubaneswar usha villa khordha	india	india	supreme,private,limited	partial_token_overlap_unindexed
S1-853053883	S3-38154376	S3	woodson preferred constellation inc	7 plum street danville oh	us	us		zero_shared_tokens_transliteration
S1-861741724	S3-884532605	S3	industries springfield sms private limited	no 9 114 patel street palladam madurai tamil nadu	india	india	sms,industries,springfield,private	partial_token_overlap_unindexed
S1-213531654	S3-126953729	S3	torrence rent llc	3677 rivercrest drive eugene or	us	us	rent,torrence	partial_token_overlap_unindexed
S1-132482993	S3-288606342	S3	cedillo hunt and walker for llc	4599 28th avenue hackensack mn	us	us	cedillo,hunt,walker,and	partial_token_overlap_unindexed
S1-967249053	S2-517690746	S2	thompson horizon aldel ltd	mesquite unit 301 tx 1409 range drive	us	us		zero_shared_tokens_transliteration
S1-142910593	S2-136021226	S2	zephance lithium llc	203 main street city of edgerton wi	us	us	lithium,zephance	partial_token_overlap_unindexed
S1-670894283	S3-774400189	S3	infrastructure natural sales pvt ltd	2 cool roadjalandhar city punjab jalandhar punjab	india	india	pvt,ltd,infrastructure,natural	partial_token_overlap_unindexed
S1-774729189	S3-617177993	S3	aarvendra infosys care	flat no 1 bhoomi riddhi s no 14 anandnagar vadgaon bk pune maharashtra	india	india	infosys,care,aarvendra	partial_token_overlap_unindexed
S1-41863081	S3-806833270	S3	national myers	19104 vivian street lindale tx	us	us	myers	partial_token_overlap_unindexed
S1-920810515	S3-941250826	S3	psc trading co	501 jaisingh centresahar international airport road mumbai maharashtra	india	india	psc,trading	partial_token_overlap_unindexed
S1-858282875	S3-351586427	S3	gava engineering llc	78 land of nod road windham me	us	us	gava,llc	partial_token_overlap_unindexed
S1-798921461	S3-45961732	S3	trusted investment holdings	ar 2450 amhurst loop springdale	us	us	trusted,holdings	partial_token_overlap_unindexed
S1-990945547	S3-841302943	S3	parayil services limited	tamil nadu tiruchirappalli palayam bazzar road woraiyur tiruchirappalli 120a	india	india		zero_shared_tokens_transliteration
S1-73407193	S3-484724144	S3	para and associates	1410 e block aecs layout kundalahalli marathahalli post bangalore karnataka	india	india		zero_shared_tokens_transliteration
S1-337503787	S3-675075085	S3	erwin interests l l c	al opelika 1750 hidden lakes drive	us	us		zero_shared_tokens_transliteration
S1-646927201	S3-505351761	S3	tag food pvt ltd	plot no 66 shankar nagar chandrapur maharashtra	india	india	pvt,tag,food	partial_token_overlap_unindexed
S1-914958503	S3-243484559	S3	new ventures private limited	no 46 first floor kirupa sankari street chennai city corporation chennai tamil nadu	india	india	private,limited,new	partial_token_overlap_unindexed
S1-900973509	S2-907905870	S2	bo infrasolutions private limited	plot no 12 n heights software units layout shaikpet hyderabad telangana	india	india	bo,limited,private	partial_token_overlap_unindexed
S1-688410303	S3-772207816	S3	cardiology physicians llc	18 bentree lane unit unit 409 indian point mo	us	us	physicians,cardiology	partial_token_overlap_unindexed
S1-65983522	S3-271658791	S3	dental health l l c	3216 orcutt avenue newport news city va	us	us	l,health,c,dental	partial_token_overlap_unindexed
S1-476830031	S2-727102911	S2	continental animal hospital inc	1900 tolbert terrace unit apt 102 va chesterfield county	us	us		zero_shared_tokens_transliteration
S1-981006854	S2-692098816	S2	dynamic trading pvt ltd	shop no a1 indira place near gaurav tower jaipur rajasthan	india	india		empty_or_missing_name
S1-883286915	S2-595288012	S2	blue foundation private limited	01 beejanakoppa kundaragi yellapur uttara kannada karnataka	india	india		empty_or_missing_name
S1-458363751	S2-943080160	S2	zh wealth private limited	office 605 jaihind daskroi ahmedabad gujarat	india	india	wealth,zh	partial_token_overlap_unindexed
S1-835428050	S3-836807460	S3	surgical midwest physicians	2925 cedarwood court albany or	us	us	midwest,surgical	partial_token_overlap_unindexed
S1-253394078	S3-173713467	S3	meerut machinery pvt ltd	house no 81 julehra meerut uttar pradesh	india	india	machinery,pvt,meerut	partial_token_overlap_unindexed
S1-77330315	S3-388104785	S3	olguin restaurant inc	225 columbine drive alexander city al	us	us	olguin,restaurant	partial_token_overlap_unindexed
S1-805786908	S3-838681868	S3	poe cardiology	4115 bannockburn place unit i charlotte nc	us	us	poe	partial_token_overlap_unindexed
S1-263896110	S3-830441515	S3	jaipur wood	203 204 radhika complex loha mandi s c road jaipur rajasthan	india	india	jaipur	partial_token_overlap_unindexed
S1-200274178	S3-888789415	S3	dynamic power limited	302 madhukala chs r k vaidya road dadar w mumbai maharashtra	india	india		empty_or_missing_name
S1-506575427	S3-427347181	S3	pe foundation private limited	12 royapettah high road 2ndfloor chennai tamil nadu	india	india	private,pe,foundation	partial_token_overlap_unindexed
S1-44887125	S3-926825163	S3	taylor crystal bankshares llc	3343 barra drive brunswick city oh	us	us	taylor,llc,bankshares	partial_token_overlap_unindexed
S1-625837595	S3-96688524	S3	hitech properties	sivaganga sivaganagai barathiyar street thilagar nagar karaikudi tamil nadu 27	india	india		empty_or_missing_name
S1-811491785	S2-652473862	S2	linea prather reliable cms	29 white birch lane danbury ct	us	us	linea,prather,reliable,cms	partial_token_overlap_unindexed
S1-311090979	S2-252555009	S2	brewster rivernorth llc	charlotte nc 1307 briar creek road	us	us	llc,brewster	partial_token_overlap_unindexed
S1-357989017	S2-636808167	S2	bharat farms pvt ltd	shop 406 2nd floor poddar plaza ghod dod road surat surat gujarat	india	india		zero_shared_tokens_transliteration
S1-974328643	S3-500371456	S3	maa vincom llp	kavaraipettai sathyavedu road thanipoondi post gummidipoondi taluk thiruvallur tamil nadu sf 273	india	india	maa,vincom	partial_token_overlap_unindexed
S1-266358212	S3-790942103	S3	tramel holding company llc	20415 legend trail buckeye az	us	us	company,llc,tramel	partial_token_overlap_unindexed
S1-98533284	S2-675593237	S2	spradlin garcia and smith corp	1939 anderson drive minot nd	us	us	corp,spradlin,garcia,and	partial_token_overlap_unindexed
S1-893159896	S2-869081873	S2	all lease llc	950 bell road phoenix az	us	us	lease,all	partial_token_overlap_unindexed
S1-760271020	S3-746538040	S3	federal society	7777 oakwood street ralston ne	us	us	federal	partial_token_overlap_unindexed
S1-382534463	S3-783028537	S3	mccallum and tennyson llc	74 russell street bath me	us	us	tennyson,llc,and,mccallum	partial_token_overlap_unindexed
S1-325250785	S2-43908910	S2	keystone financial company	357 cottage street springfield ma	us	us	company,keystone	partial_token_overlap_unindexed
S1-71331843	S3-63726759	S3	birch	267 shelby avenue unit 2 radcliff ky	us	us	birch	partial_token_overlap_unindexed
S1-103293741	S3-906450199	S3	bangalore agrofood limited	1st floor tiffany tower near pani ki tanki sham ki sabzi mandi bhilwara rajasthan	india	india	bangalore,limited	partial_token_overlap_unindexed
S1-742043120	S3-248491018	S3	memorial fund	6 hoornkill avenue lewes de	us	us	memorial	partial_token_overlap_unindexed
S1-320462698	S2-348359494	S2	all marketing llp	office no 101 first floor chandi vyapar exhibition road phulwari patna bihar	india	india	llp,all	partial_token_overlap_unindexed
S1-734359921	S3-625490431	S3	y and a hotel	415 dedham street unit a newton ma	us	us	y,and,a	partial_token_overlap_unindexed
S1-363441737	S3-364814922	S3	surgical care associates of prescott	2376 willmore way prescott az	us	us	associates,care,surgical,of	partial_token_overlap_unindexed
S1-598337248	S2-445331388	S2	nedyne consulting llc	9012 hood place brentwood tn	us	us	llc,nedyne	partial_token_overlap_unindexed
S1-855196185	S3-931649807	S3	jain industries limited	67 laxmi vihar appartments vikas puri new delhi delhi	india	india		empty_or_missing_name
S1-743857557	S3-209306831	S3	doreen terrell allied broadband	240 summer street franklin ma	us	us	doreen,terrell,allied	partial_token_overlap_unindexed
S1-194287033	S2-343742309	S2	stephens berger and braatz llc	4136 ashwindale lane rockford il	us	us		zero_shared_tokens_transliteration
S1-734312688	S3-817755449	S3	surya impex pvt ltd	c o smriti das and sudipta das 1161 satyajit kanan mukundapur lp 208 4 17 kolkata kolkata howrah west bengal	india	india		empty_or_missing_name
S1-942039165	S2-963347728	S2	big life agro private limited	flat no 3405 34th floor wing a3 oberoi springs excel indus off link road andheri we st mumbai mumbai city maharashtra	india	india		empty_or_missing_name
S1-167093471	S3-927355809	S3	alika berman vance inc	2779 seneca drive troy oh	us	us	vance,inc,alika,berman	partial_token_overlap_unindexed
S1-847096293	S3-220626257	S3	sanskruti process center	h no 210 lot no 2 jaiswal school mughalsarai chandauli uttar pradesh	india	india	center,sanskruti	partial_token_overlap_unindexed
S1-300028158	S3-497255135	S3	cq reserve llc	22817 colorado drive porter tx	us	us		zero_shared_tokens_transliteration
S1-95925372	S3-672754987	S3	temple presbyterian church	11802 hickory drive fort washington md	us	us	temple,presbyterian	partial_token_overlap_unindexed
S1-805535132	S3-493734453	S3	bombay ss hospitality pvt ltd	c o sukhbir singh huda sector 34 village shahpur ambala haryana	india	india	bombay	partial_token_overlap_unindexed
S1-978421811	S3-453096432	S3	highland learning center	1240 indiana avenue salt lake city ut	us	us		zero_shared_tokens_transliteration
S1-630130733	S3-464462695	S3	vision industries limited	a 701 royal hights flat vaishno devi cross road village khodiyar district ahmedabad khodiyar ahmedabad gujarat	india	india		empty_or_missing_name
S1-904351621	S3-737356956	S3	saex hawaii	1259 stonewyck drive granite quarry nc	us	us	hawaii,saex	partial_token_overlap_unindexed
S1-131911443	S3-279869985	S3	parivar metal llp	a 1 industrial estate varanasi uttar pradesh	india	india	parivar,llp	partial_token_overlap_unindexed
S1-33991297	S2-977641501	S2	jmd india limited	plot 115 kakatiya nagar beside srigayathri college bachupally k v rangareddy qutubullapur telangana qutubullapur k v rangareddy telangana	india	india		zero_shared_tokens_transliteration
S1-367793476	S3-770171112	S3	tech constructions private limited	the capital executive centre 7 th floor plot c70 g block bkc ba mumbai maharashtra	india	india		empty_or_missing_name
S1-899841754	S2-260892221	S2	haus and co	plot no 210 g f shop vipin garden uttam nagar delhi west delhi delhi	india	india		zero_shared_tokens_transliteration
S1-937375091	S3-180244197	S3	jane lew village of	1046 kincheloe road jane lew wv	us	us	lew,jane,village,of	partial_token_overlap_unindexed
S1-574609783	S2-639101892	S2	wk chit limited	s no 107 father wadi near vishant regency gokhiware vasai east vasai thane maharashtra	india	india	limited,wk	partial_token_overlap_unindexed
S1-254555114	S2-648757354	S2	prairie valley partners	412 edgewater way mattawa wa	us	us	partners,prairie,valley	partial_token_overlap_unindexed
S1-912518943	S2-765907017	S2	perfect products private limited	c s complex near police chowki 100ft road shimoga 2nd floor vinobanagara karnataka	india	india		empty_or_missing_name
S1-348707263	S3-172604764	S3	vision specialists	saugus ma 15 hull drive	us	us		zero_shared_tokens_transliteration
S1-233981657	S2-694082106	S2	unique impex pvt ltd	kolkata calcutta 43 dumdum par4th fl west bengal	india	india		empty_or_missing_name
S1-566822758	S2-732597627	S2	virtue charitable trust	148 lower chitpur rd1st floor kolkata south 24 parganas west bengal	india	india		zero_shared_tokens_transliteration
S1-404124513	S3-558350987	S3	finance advantech india private limited	460 third floor kohat enclave pitam pura new delhi north west delhi	india	india		zero_shared_tokens_transliteration
S1-988321030	S3-763742924	S3	primary care associates llc	405 oak street unit ste 5 conway ar	us	us	associates,primary,llc,care	partial_token_overlap_unindexed
S1-492099079	S3-704740327	S3	px terminal private limited	501 c 817 818 geeta kunj sector c lucknow uttar pradesh	india	india	private,px,terminal	partial_token_overlap_unindexed
S1-344744007	S3-797245337	S3	milano and sons llp	c o sudhir kumar bihar bhikhanpura ramdayalu nagar near sbi bhikhanpura branch mushahari muzaffarpur	india	india	milano,and,sons	partial_token_overlap_unindexed
S1-26077265	S2-356299955	S2	lakshmi finance private limited	f 21 1st floor kohinoor mall kirol road kurla west mumbai mumbai city maharashtra	india	india		empty_or_missing_name
S1-548717271	S3-595746210	S3	meon llc	2541 elmhurst drive beachwood oh	us	us	llc	partial_token_overlap_unindexed
S1-361785459	S2-887131997	S2	cooper and farah healthcare llc	125 larino lane branson west mo	us	us	cooper,healthcare,farah,and	partial_token_overlap_unindexed
S1-463108316	S3-982434875	S3	gallina sterling zeo	2102 phillips road huntsville al	us	us	gallina,zeo	partial_token_overlap_unindexed
S1-913172650	S3-376383653	S3	grace and sons company	c o mrs ashwini dhawal deurkar bldg e treasure park fl 1003 sant ngr pune maharashtra	india	india	grace,and,sons	partial_token_overlap_unindexed
S1-654634473	S3-344946186	S3	vadodara farmer private limited	vadodara atmajyoti ashram road ellora park vadodara gujarat gd house	india	india	private,farmer,vadodara	partial_token_overlap_unindexed
S1-886533338	S3-344991840	S3	tvr white india private limited	sultanpur pandohivikvajitpur uttar pradesh sultanpur	india	india		zero_shared_tokens_transliteration
S1-280803193	S3-524340773	S3	jannel benson l c s w	1173 shelburne museum shelburne vt	us	us	w,jannel,l,c,s,benson	partial_token_overlap_unindexed
S1-85024477	S2-351938556	S2	mig exports llp	shyam kutir 25 58 part lane 15 vishwas nagar shahdara delhi	india	india		zero_shared_tokens_transliteration
S1-905779419	S3-732755575	S3	om marketing pvt ltd	dharam shree a 19 noida uttar pradesh gautam buddha nagar sector 70	india	india		empty_or_missing_name
S1-385878893	S3-557885241	S3	india harshvardhan india	34 ezra street kolkata howrah west bengal	india	india	harshvardhan,india	partial_token_overlap_unindexed
S1-228893963	S3-693969376	S3	thai epr llc	wi city of mayville 273 john street	us	us	thai,epr	partial_token_overlap_unindexed
S1-650606886	S2-252121673	S2	commission on motor vehicles	6085 chippewa trail frisco tx	us	us		zero_shared_tokens_transliteration
S1-526964139	S2-370141750	S2	poonam fund limited	no 60 1st floor tata silk farm basavangudi bangalore karnataka	india	india	limited,poonam	partial_token_overlap_unindexed
S1-844412430	S2-605869293	S2	twisted book store lp	1125 madison street unit b3 annapolis md	us	us	twisted,book	partial_token_overlap_unindexed
S1-720270897	S2-892784777	S2	vijay producer private limited	c o awadhesh kumar sharma h no 18 vill hatiya p o ghoshwari p s bakhtiyarpur patna bihar	india	india		empty_or_missing_name
S1-531263981	S3-889894324	S3	tk india pvt ltd	3rd floor vega circle mall 3rd mile siliguri darjiling darjeeling west bengal	india	india	tk,pvt,ltd	partial_token_overlap_unindexed
S1-561033177	S3-224317642	S3	mueller total family practice llc	8072 gwinn circle elk grove ca	us	us	mueller,total,family	partial_token_overlap_unindexed
S1-285643289	S3-87322084	S3	grand blue fargo	1715 valley wind lane missoula mt	us	us	fargo,blue	partial_token_overlap_unindexed
S1-412161752	S3-746804404	S3	foods radix overseas private limited	a 4 1 prime industiral estate savli vadodara gujarat	india	india	private,limited,overseas,foods	partial_token_overlap_unindexed
S1-516296490	S3-266916644	S3	tiify futurecrest llc	6901 security boulevard unit unit 61 windsor mill md	us	us	futurecrest,tiify	partial_token_overlap_unindexed
S1-246373926	S3-204255169	S3	madlen s metro pizza	47 firehouse road unit apartment a halfmoon ny	us	us		zero_shared_tokens_transliteration
S1-385303865	S3-714744072	S3	red foods pvt ltd	d no 6 2 30 b flot no 103 first floor express court lakdi ka poo l saifabad hyderabad telangana	india	india		empty_or_missing_name
S1-256047752	S3-357184120	S3	rodriguez partnership inc	1006 rosemont terrace upper hanover township pa	us	us	rodriguez,partnership	partial_token_overlap_unindexed
S1-649238343	S3-156916725	S3	amor first centers llc	4601 53rd street moline il	us	us	amor,centers,llc	partial_token_overlap_unindexed
S1-114891444	S3-85558381	S3	hari construction private limited	302 shanni bhavan shanti nagar wagale estate thane maharashtra	india	india		empty_or_missing_name
S1-222698004	S3-729197060	S3	creative foundation	g no 293 sangwade sangwade tal maval maval pune maharashtra	india	india		empty_or_missing_name
S1-520051529	S3-949919643	S3	devault royal therapies inc	233 lindsay road gilbert az	us	us	royal,therapies,inc	partial_token_overlap_unindexed
S1-198368079	S3-357374859	S3	big yoga partners	105 short street pearl il	us	us	yoga,big	partial_token_overlap_unindexed
S1-441082208	S2-244854439	S2	good food limited	karnataka s no 7 k no 16 7 sonnathammanahalli village anadapuram k r puram bangalore	india	india		empty_or_missing_name
S1-168106553	S2-277431514	S2	clear learning holdings	3918 bell hollow lane katy tx	us	us	learning,holdings,clear	partial_token_overlap_unindexed
S1-589327578	S3-958472411	S3	asset building program corp	1310 fremont way oxnard ca	us	us		zero_shared_tokens_transliteration
S1-127051751	S2-975084420	S2	anvil plutonian llc	153 cool breeze lane maple hill nc	us	us	anvil,plutonian	partial_token_overlap_unindexed
S1-621453199	S3-641331235	S3	unnati service private limited	196 3 m g roadjaysingpur kolhapur maharashtra	india	india	private,limited,unnati	partial_token_overlap_unindexed
S1-175633133	S3-52694257	S3	suyash ventures private limited	d no 9 47 36 3 gf 103 dtr mansion vaibhav nagar visakhapatnam rural visakhapatnam vishakhapatnam andhra pradesh	india	india	ventures,private,suyash	partial_token_overlap_unindexed
S1-351369921	S2-658663892	S2	krissie valentine heartland gores llc	17212 scottsdale road unit 3349 phoenix az	us	us	valentine,krissie,gores,heartland	partial_token_overlap_unindexed
S1-468098192	S2-622113256	S2	eye partners llc	2265 lincoln avenue port orchard wa	us	us	eye,partners	partial_token_overlap_unindexed
S1-212454796	S3-758672018	S3	jai export private limited	house no 63 gandhi nagar boring road phulwari patna bihar	india	india	private,limited,jai	partial_token_overlap_unindexed
S1-865492250	S2-867321182	S2	best diagnostics	1808 hawk pointe drive mo festus	us	us	best,diagnostics	partial_token_overlap_unindexed
S1-897381389	S3-163941851	S3	indore innovations private limited	office no 202 94 sneh nagar golden tower indore madhya pradesh	india	india		zero_shared_tokens_transliteration
S1-606480359	S2-553306217	S2	creative services private limited	h no 8 3 214 1 a 1 plot no b2madhura nagar hyderabad andhra pradesh telangana	india	india	creative,limited,services	partial_token_overlap_unindexed
S1-885606930	S3-923344684	S3	x k metals llc	1703 waln drive unit 243 salem or	us	us	x,llc,k	partial_token_overlap_unindexed
S1-114265924	S3-117240161	S3	nova	935 franklin heights road franklin ny	us	us	nova	partial_token_overlap_unindexed
S1-563035143	S3-766117034	S3	harekrishna it pvt ltd	71 7th floor grand pardi apartment august kranti marg kemps corner mumbai mumbai city maharashtra	india	india		zero_shared_tokens_transliteration
S1-977292711	S2-256007340	S2	sai innovative exports private limited	plot no 355 rohini villa taraboi baniatangi jatni khordha orissa	india	india		empty_or_missing_name
S1-180825357	S2-806189981	S2	ace developers pvt ltd	358 1 daskroi gujarat ahmedabad vaniyavas village aslali	india	india		empty_or_missing_name
S1-38975384	S2-2838590	S2	krishna hospitality private limited	orissa cuttack niladri vihar chauliagang plot no 861 cuttack	india	india		empty_or_missing_name
S1-604063938	S3-336358895	S3	wildlife initiative	60 frederic road vernon ct	us	us	initiative,wildlife	partial_token_overlap_unindexed
S1-305440895	S3-547827089	S3	no nursing home	32 vill bania bigha tola bania bigha panch amara panchyat block arwal arwal bihar	india	india	nursing,no	partial_token_overlap_unindexed
S1-313505778	S3-679018516	S3	birgitta wheeler columbia	551 seitz drive salina ks	us	us	wheeler,columbia,birgitta	partial_token_overlap_unindexed
S1-415633195	S3-733585917	S3	east india pvt ltd	at shiv road beside of m p sir house khadgaon latur maharashtra	india	india	east,pvt,ltd	partial_token_overlap_unindexed
S1-7272746	S2-957322522	S2	dermatology group	1036 sellers road jefferson city tn	us	us	dermatology,group	partial_token_overlap_unindexed
S1-689019362	S2-475497241	S2	modern power private limited	8 2 334 35 road no 4 banjara hills khairatabad hyderabad telangana	india	india		empty_or_missing_name
S1-994834382	S3-624071176	S3	deerdre berg precision brewing inc	1300 grandview drive fl 0 saint louis mo	us	us	inc,brewing,deerdre,precision	partial_token_overlap_unindexed
S1-243896131	S3-899277341	S3	delta advanced wells llc	53 08 192 street fresh meadows ny	us	us	llc,wells,advanced,delta	partial_token_overlap_unindexed
S1-279092218	S2-8835675	S2	internal medicine group inc	kansas city mo 5504 86th street	us	us	medicine,internal,group	partial_token_overlap_unindexed
S1-510798130	S2-610285646	S2	gennxt agencies private limited	kothavale galli at post kavathemahankal tal kavathemahankal kavathemahankal sangli maharashtra	india	india		zero_shared_tokens_transliteration
S1-8548525	S3-756708084	S3	matrix global private limited	flat no 52 delhi krishna appartments j block sec 16 rohini north west	india	india		zero_shared_tokens_transliteration
S1-982496134	S3-833351961	S3	aditva stone ltd	s no 12 2a 1 vrundavan colony chinchwade nagar pune maharashtra	india	india	ltd,aditva	partial_token_overlap_unindexed
S1-2092817	S3-891277782	S3	hamilton newtekone	210 clark street sweetwater tn	us	us		zero_shared_tokens_transliteration
S1-270609465	S2-124107475	S2	continental immersion	31 morehouse avenue milford ct	us	us	immersion,continental	partial_token_overlap_unindexed
S1-399718134	S3-724061995	S3	engineering remedies private limited	no 7 1 raza villa alfred street richmond town bangalore karnataka	india	india	engineering,limited,remedies	partial_token_overlap_unindexed
S1-331578066	S3-981905541	S3	reliable telecom enterprises clinic	il bartlett 1221 rose court	us	us	enterprises,telecom,clinic,reliable	partial_token_overlap_unindexed
S1-563661207	S3-894052809	S3	rockstar and sons of pune city	a 802 wisteria keshav nagar manjri rd pune city pune maharashtra	india	india	rockstar	partial_token_overlap_unindexed
S1-8068264	S3-26009326	S3	tech constructions pvt ltd	ground floor 1 village sarai khawaja faridabad haryana	india	india		empty_or_missing_name
S1-49676790	S2-618933781	S2	new delhi realtors llp	new delhi e 61 block e first floor delhi gurunanakpura jail raod west delhi	india	india	realtors,new,delhi	partial_token_overlap_unindexed
S1-312468980	S3-386529355	S3	cascade fund	5645 pardee smith road arcadia ny	us	us	fund,cascade	partial_token_overlap_unindexed
S1-370211327	S3-619380993	S3	mium best flaherty llc	ar harrison 592 highway 125	us	us		zero_shared_tokens_transliteration
S1-847119223	S2-807583136	S2	unique power private limited	panchamukhi regency balianta bhubaneswar block d 503 khordha orissa	india	india		empty_or_missing_name
S1-647077283	S2-583436881	S2	quartz inc	613 cavendish court nashville tn	us	us	inc	partial_token_overlap_unindexed
S1-121715794	S2-294495523	S2	digital agro	no 523 n s r road saibaba colony coimbatore 641 011 tamil nadu	india	india		empty_or_missing_name
S1-878079632	S2-933591448	S2	smart medical works inc	620 hogan road nashville tn	us	us	medical,smart,works	partial_token_overlap_unindexed
S1-230494994	S2-689293952	S2	kmr midwest medicines llc	7849 roscoe street chicago il	us	us		zero_shared_tokens_transliteration
S1-835425265	S3-9987388	S3	green united solana llc	694 e side drive unit f layton ut	us	us	solana,llc,green	partial_token_overlap_unindexed
S1-438638381	S3-368557591	S3	shree hari private limited	section no 13 bh 133 sector 70 noida gautam buddha nagar uttar pradesh	india	india		zero_shared_tokens_transliteration
S1-128057058	S3-964892901	S3	alexander superior travel	worcester township 2572 muirfield way pa	us	us	travel,alexander,superior	partial_token_overlap_unindexed
S1-838509817	S3-298099817	S3	ironclad wintergreen inc	2935 68th street unit unit 210 scottsdale az	us	us	inc,ironclad	partial_token_overlap_unindexed
S1-264688076	S2-327776196	S2	trujillo atlanticus l l c	6417 central avenue phoenix az	us	us	trujillo,atlanticus	partial_token_overlap_unindexed
S1-4713410	S2-561072570	S2	soundarya service private limited	s 8 and 9 hl plaza plot no 9 sector 12 dwarka new delhi south west delhi delhi	india	india	service,private,soundarya	partial_token_overlap_unindexed
S1-291621916	S3-523199169	S3	creative energy private limited	karnataka bangalore 8 and 9 mes road sharadamba nagar jalahalli industrial area	india	india		empty_or_missing_name
S1-105648976	S2-158821583	S2	jolene farnham webster l l c	in 11180 main street flat rock	us	us		zero_shared_tokens_transliteration
S1-986317696	S3-515693622	S3	behavioral health group	3021 regency ct unit 92 ames ia	us	us	health,group,behavioral	partial_token_overlap_unindexed
S1-580118356	S2-998416208	S2	spectra technologies llp	north delhi block h 2nd floor dsiidc narela plot no one four one nine delhi new delhi	india	india	spectra,technologies	partial_token_overlap_unindexed
S1-982706227	S3-385108842	S3	high constructions limited	anekal ground floor s v pleasenta no flat no 1011 bangalore karnataka	india	india		empty_or_missing_name
S1-598327086	S3-862210892	S3	sherrill alpine llc	246 iris street mahtomedi mn	us	us	sherrill,alpine	partial_token_overlap_unindexed
S1-745303317	S2-833734172	S2	ahmadabad city polytech private limited	1001 10th floor aaryan workspaces 2 nr navkar public school gulbai tekra road ahmadabad city ahmedabad gujarat	india	india	polytech,limited,private,ahmadabad	partial_token_overlap_unindexed
S1-188660583	S3-16447566	S3	ear nose and throat specialists llc	8713 bedford euless road hurst tx	us	us	llc,specialists,nose,throat,and,ear	partial_token_overlap_unindexed
S1-706711675	S2-259368932	S2	zhang school of medicine llc	unit 4197 4197 o connor road tx irving	us	us	of,zhang,school	partial_token_overlap_unindexed
S1-547976821	S3-220069423	S3	grand dynamix l l c	405 bradshire court deer park tx	us	us	dynamix,grand	partial_token_overlap_unindexed
S1-652730415	S3-521452875	S3	arma dairy associates	building no 5 and 4 k no 262 4 5 kalkere village arekere puttappa layout bangalore karnataka	india	india	associates,dairy,arma	partial_token_overlap_unindexed
S1-835406433	S3-388743379	S3	pediatric associates inc	1728 lauren circle spring lake nc	us	us	associates,pediatric	partial_token_overlap_unindexed
S1-248810108	S3-714353670	S3	patterson express eagle inc	270 mobile drive fl 1 ashland or	us	us	inc,eagle,express	partial_token_overlap_unindexed
S1-285120447	S2-166284690	S2	shiv software	no 386 karnataka bangalore 4th main ii block r t nagar	india	india		empty_or_missing_name
S1-977844794	S3-556051999	S3	ear nose and throat group	629 sundance drive bolingbrook il	us	us	ear,throat,nose,and	partial_token_overlap_unindexed
S1-22888672	S2-255953348	S2	eye center llc	winston salem nc 2249 brecknock drive	us	us	eye,llc	partial_token_overlap_unindexed
S1-353027107	S3-176088935	S3	avani valley private limited	rs no 253 2 karur main road ganapathypalayam post punjaikalamangalam erode tamil nadu	india	india	avani,limited,private	partial_token_overlap_unindexed
S1-815293385	S3-684752599	S3	rare and sons private limited	mumbai 2nd floor anmol chs s m haldankar road 201 maharashtra mumbai	india	india	and,rare,sons	partial_token_overlap_unindexed
S1-330250935	S2-66782066	S2	malappuram ai corp	old no i 896 new no 680 a nettukkattil house parammal kuttippuram malappuram malappuram malapuram kerala	india	india	corp,ai	partial_token_overlap_unindexed
S1-264008910	S3-270838962	S3	contreras marabel dds p c	1725 charles street lafayette in	us	us		zero_shared_tokens_transliteration
S1-195543907	S2-828103101	S2	north memorial trust	a 1 2 floor 5 plot 2 a wing aidun building john crasto lane dhobi talao 1st lane marine lines mumbai mumbai maharashtra	india	india	north,trust	partial_token_overlap_unindexed
S1-104226194	S3-873691905	S3	global lotus construction pvt ltd	a 212 malhotra complex gali no a 01 vikas marg shakarpur laxmi nagar east delhi delhi	india	india		empty_or_missing_name
S1-16339655	S2-569673995	S2	family reliable chiropractic	1522 indianola avenue unit a columbus oh	us	us	chiropractic,family	partial_token_overlap_unindexed
S1-793579612	S2-139233570	S2	hanson s fresh apparel	1210 q street unit lot 64 richmond in	us	us	s,hanson,apparel	partial_token_overlap_unindexed
S1-983032539	S3-147864456	S3	pioneer raj technologies pvt ltd	30 c r avenue 3rd floor kolkata kolkata howrah west bengal	india	india	pvt,raj,ltd,pioneer	partial_token_overlap_unindexed
S1-652569864	S3-421585101	S3	bhopal analytics	flat g 1 plot no 75 ruchi apartment trilanga behind bank of baroda gulmohar bhopal madhya pradesh	india	india	bhopal	partial_token_overlap_unindexed
S1-50900137	S2-664209491	S2	td exports private limited	kolkata sir rnm house 5th floor3b lal bazar street block 2 west bengal calcutta	india	india	td,private,exports	partial_token_overlap_unindexed
S1-53811749	S3-234365735	S3	garza rebecca p a	929 5th avenue laurel mt	us	us	garza,p,rebecca,a	partial_token_overlap_unindexed
S1-178294245	S3-129729503	S3	novyn foods	1881 waterside court oak harbor wa	us	us	novyn	partial_token_overlap_unindexed
S1-927246417	S3-939865140	S3	merci thompson royal breeze co	8365 800 monticello in	us	us	breeze,royal,co,merci	partial_token_overlap_unindexed
S1-223283080	S2-374659322	S2	young builders inc	1935 apache boulevard unit 3005 tempe az	us	us		zero_shared_tokens_transliteration
S1-826235860	S3-404341586	S3	daron harris hydro llc	4313 brookview terrace fl 1 columbia mo	us	us	daron,llc,harris	partial_token_overlap_unindexed
S1-418840732	S3-364913737	S3	summers partners pllc	wake forest nc 6324 wakefalls drive	us	us		zero_shared_tokens_transliteration
S1-2244812	S3-298637087	S3	brightify massage	15315 statice trail houston tx	us	us	brightify,massage	partial_token_overlap_unindexed
S1-760737194	S3-811159777	S3	fresh ice cream	3538 davis stuart road unit 9 lewisburg wv	us	us	fresh,ice,cream	partial_token_overlap_unindexed
S1-857694595	S2-209901958	S2	lewis culpepper and webster holding group	5060 106th street omaha ne	us	us	holding,culpepper,and,webster,lewis	partial_token_overlap_unindexed
S1-998456115	S3-466750354	S3	anitra griffin specialty llc	15 windsweep court unit 129 phenix city al	us	us	anitra,griffin	partial_token_overlap_unindexed
S1-963104624	S3-515019758	S3	smith brewing inc	4525 garvin circle unit apt e saint louis mo	us	us	smith,inc,brewing	partial_token_overlap_unindexed
S1-371680181	S2-789061718	S2	heda s advanced specialists	in bloomington 3302 windcrest drive	us	us	heda,advanced,s	partial_token_overlap_unindexed
S1-216181354	S2-302685491	S2	united consultants private limited	1 522a survey no 52 rajput associates kolkhe panvel raigarh mh maharashtra	india	india	united,limited,consultants	partial_token_overlap_unindexed
S1-43298878	S3-693670779	S3	middleton bitcoin of jackson llc	17 barksdale cove jackson tn	us	us		zero_shared_tokens_transliteration
S1-456209472	S2-557352654	S2	ninnette s landscaping	50 sourwood drive franklin county va	us	us	s,ninnette	partial_token_overlap_unindexed
S1-471942318	S3-548823955	S3	lawson corporation	221 j e gentry road crumpler nc	us	us	lawson,corporation	partial_token_overlap_unindexed
S1-578696075	S2-689349997	S2	diane marie lopez internet llc	2320 7 unit unit c oswego ny	us	us	diane,lopez,internet,marie	partial_token_overlap_unindexed
S1-972835752	S3-200790587	S3	ashe abbie g o d	town of monroe 974 f street wi	us	us		zero_shared_tokens_transliteration
S1-165203567	S2-750831126	S2	ear nose and throat health	7240 heather trail il justice	us	us	ear,throat,nose,and	partial_token_overlap_unindexed
S1-708159128	S3-384094442	S3	wong graf llc	6234 cortez street glendale az	us	us	wong,graf	partial_token_overlap_unindexed
S1-25237941	S3-287573812	S3	octavia s select marketing llc	1011 4th avenue newton ia	us	us	llc,octavia,marketing,s	partial_token_overlap_unindexed
S1-34292661	S2-226604093	S2	rishabh island care	flat no 203 2nd floor underhill road civil line new delhi south delhi delhi	india	india	island,care,rishabh	partial_token_overlap_unindexed
S1-525946045	S3-763827735	S3	rdb institute of technology private limited	a2 104 kapoor apartment burmese colony jaipur rajasthan	india	india	institute,of,technology,private,rdb	partial_token_overlap_unindexed
S1-7101839	S3-794888662	S3	holo sangh associates	wework manyata redwood d3block manayatatech park bangalore north bangalore karnataka	india	india	sangh,associates	partial_token_overlap_unindexed
S1-922994065	S3-772978028	S3	amethi finance limited	amethi uttar pradesh sultanpur c o narsingh yadav ramganj ram awadh rampur ramganj	india	india	limited,amethi	partial_token_overlap_unindexed
S1-982814551	S3-678177576	S3	cj contractorsprivate private limited	47 b 5 m h colony baiganwadi govandi mumbai maharashtra	india	india	contractorsprivate,cj,private	partial_token_overlap_unindexed
S1-847149133	S3-83972945	S3	gpt micro llc	1951 virginia avenue bluefield town va	us	us		zero_shared_tokens_transliteration
S1-840453714	S3-729863707	S3	tricon consultancy	c 21 second floor shivalik new delhi south delhi delhi	india	india	tricon,consultancy	partial_token_overlap_unindexed
S1-958666877	S3-951795149	S3	timber ubs	6548 iron horse boulevard north richland hills tx	us	us	ubs	partial_token_overlap_unindexed
S1-353716831	S3-830911547	S3	cultural charities	1305 home avenue village of fox crossing wi	us	us	cultural	partial_token_overlap_unindexed
S1-976821840	S3-401324427	S3	indo infrastructure private limited	mumbai a 23 92 hari ichharajawadi co op hsg soc ghatkopar e mumbai maharashtra	india	india		empty_or_missing_name
S1-952088099	S3-366360664	S3	regional institute	sumner 1457 county road 32200 tx	us	us		zero_shared_tokens_transliteration
S1-904812775	S2-317577686	S2	sun care private limited	building no 59 ward 7 ekm etr road manickanamparambil buildings nadakavu udayamperoor ernakulam kerala	india	india		zero_shared_tokens_transliteration
S1-374654283	S2-158308287	S2	sunrise trading private limited	c o atmaram baburao kale at chondhi kh tq sengaon sengaon hingoli maharashtra	india	india	sunrise,limited,trading	partial_token_overlap_unindexed
S1-112698887	S2-49117955	S2	shree finance private limited	no 118 e building b velachery main road guindy chennai tamil nadu	india	india	shree,private,limited	partial_token_overlap_unindexed
S1-500026447	S3-808112600	S3	medeiros signature catalyst inc	35 poplar court fletcher nc	us	us	inc,medeiros,catalyst	partial_token_overlap_unindexed
S1-215396556	S3-242469023	S3	atlantic college clinic	1710 muleshoe road dallas tx	us	us	clinic,atlantic	partial_token_overlap_unindexed
S1-442397151	S2-820993684	S2	roopansh solutions private limited	maharashtra garden lane sher e punjab soc 29 5 lotus building mumbai andheri east	india	india	solutions,roopansh,limited	partial_token_overlap_unindexed
S1-500841209	S3-61034637	S3	bautista properties llc	7196 state route 14 mcleansboro il	us	us		zero_shared_tokens_transliteration
S1-458365510	S2-547659164	S2	paulita wilson columbia partners	1550 beverly court unit unit a ontario ca	us	us		zero_shared_tokens_transliteration
S1-366856374	S2-933365761	S2	novic stifel llc	21 earl road hutchinson mn	us	us	stifel,novic	partial_token_overlap_unindexed
S1-798119049	S2-613137008	S2	redwood transport	44 wood street woburn ma	us	us	redwood,transport	partial_token_overlap_unindexed
S1-152837942	S3-112381923	S3	vijay agro private limited	46 shantai bunglow gangadham bunglow society market yard pune maharashtra	india	india	vijay,agro	partial_token_overlap_unindexed
S1-84421663	S2-282392881	S2	mumbai hospital private limited	4 hira bldg champshi bhimji road mazgaon mumbai mumbai city maharashtra	india	india	private,limited,mumbai	partial_token_overlap_unindexed
S1-604117272	S2-750921821	S2	hitech supreme services private limited	koraput orissa plot no 423 3669 khata no 65 3205 tala indira nagar semiliguda	india	india		empty_or_missing_name
S1-105438216	S3-51305734	S3	pl berkley inc	708 coshocton avenue mount vernon oh	us	us		zero_shared_tokens_transliteration
S1-251007435	S3-733643091	S3	south ram engineering private limited	ground floor malerkotla road raikot ludhiana punjab	india	india		empty_or_missing_name
S1-195381333	S2-321392297	S2	jaipur systems pvt ltd	business avenue b 12 s 2 iind floor above idbi bank govind marg raja park adars h nagar jaipur rajasthan	india	india		zero_shared_tokens_transliteration
S1-241610774	S3-99358333	S3	irwin amc inc	11122 17th place tulsa ok	us	us	inc,irwin,amc	partial_token_overlap_unindexed
S1-313176899	S3-769375224	S3	manasi system pvt ltd	shop no ug 29 palika place r k marg new delhi delhi new delhi central delhi delhi	india	india	manasi,pvt,ltd	partial_token_overlap_unindexed
S1-474680967	S3-654994107	S3	surat academy private limited	plot a 5 sainath society nr gujarat gas pump bhatar char rasta bhatar road surat gujarat surat sy no 41	india	india	private,academy	partial_token_overlap_unindexed
S1-966607820	S2-591332849	S2	bramha chemicals private limited	above numero uno showroom 2nd floor near atul katariya chowk gurgaon haryana 1976 2 gurugram	india	india	private,limited,chemicals	partial_token_overlap_unindexed
S1-740943681	S3-432452973	S3	cooley carley p dds m d p c	1173 penobscot drive soddy daisy tn	us	us		zero_shared_tokens_transliteration
S1-748364403	S3-355553997	S3	eye group	802 buffalo street unit 8 johnson city tn	us	us	eye,group	partial_token_overlap_unindexed
S1-208031709	S3-13604020	S3	prairie charities inc	22840 lawndale avenue richton park il	us	us	inc,prairie	partial_token_overlap_unindexed
S1-346778668	S2-104897709	S2	coastal superior pegasus	1389 miller avenue columbus oh	us	us		zero_shared_tokens_transliteration
S1-864883720	S2-300123352	S2	sky projects	no 1038 perumal koil st kannigaipair uthukottai tamil nadu tiruvallur uttukottai	india	india		empty_or_missing_name
S1-875672601	S3-340874682	S3	nova	104 lewis street kittitas wa	us	us	nova	partial_token_overlap_unindexed
S1-461322371	S3-905490616	S3	frontier capital partners llc	1355 villa avenue villa park il	us	us	llc,capital,frontier	partial_token_overlap_unindexed
S1-467800339	S2-797035971	S2	raj projects private limited	tower a 5th floor mis deeta construction pvt ltd no 51 deverabisanahalli innov8 mantri commercio bangalore karnataka bangalore south	india	india		empty_or_missing_name
S1-790495555	S3-591241393	S3	operating engineers local union 166	224 n avon avenue wadsworth city oh	us	us	operating,engineers,local	partial_token_overlap_unindexed
S1-453231993	S2-556194445	S2	aditya energy limited	no 2 bangalore karnataka bangalore ii floor r r chambers 11th main road vasanth nagar	india	india		empty_or_missing_name
S1-809913631	S3-178293546	S3	supreme airport	19 sunset drive charlton ma	us	us	supreme,airport	partial_token_overlap_unindexed
S1-71331843	S3-442635663	S3	birch	267 shelby avenue unit 2 radcliff ky	us	us	birch	partial_token_overlap_unindexed
S1-743380777	S3-25305488	S3	nx infra limited	allahabad 13e 16 rajeev nagar shutur khana prayagraj uttar pradesh	india	india	infra,nx	partial_token_overlap_unindexed
S1-590049156	S2-31380386	S2	lear services corp	17 a british indian street kolkata calcutta west bengal	india	india	lear,services	partial_token_overlap_unindexed
S1-66272365	S2-59577002	S2	new traders private limited	28 new manak nagar manak nagar lucknow uttar pradesh	india	india	private,traders,limited,new	partial_token_overlap_unindexed
S1-824373227	S2-848669792	S2	surgical group	2630 prairie avenue unit 105 south bend in	us	us	group,surgical	partial_token_overlap_unindexed
S1-952031448	S3-215010486	S3	quantis iii llc	384 sandy creek drive 75182 tx	us	us	iii,quantis	partial_token_overlap_unindexed
S1-562989120	S2-358084731	S2	acp plus private limited	hyderabad telangana pt 55 and 56 sy no 102 103 p and 1 ph ii h no 4 50 p ii 55 1f to 5f gachibowli hyderabad	india	india	plus,private,acp	partial_token_overlap_unindexed
S1-381286473	S3-162606363	S3	drayance software llc	3442 mary avenue murfreesboro tn	us	us	llc,drayance	partial_token_overlap_unindexed
S1-23180298	S3-765449595	S3	new delhi chit pvt ltd	1861 2nd floor outram lane gtb nagar new delhi delhi	india	india	pvt,ltd,new,chit	partial_token_overlap_unindexed
S1-880699973	S2-827334828	S2	jeevan enterprises private limited	5f everest46 c chowrighee road p s shakeapeare sarani kolkata calcutta west bengal	india	india	jeevan,enterprises,private	partial_token_overlap_unindexed
S1-710774853	S2-233595789	S2	internal medicine choice associates llc	2875 whitman creek road whitman wv	us	us	medicine,llc,choice,internal	partial_token_overlap_unindexed
S1-131392607	S2-493194572	S2	excel marketing private limited	d 285 vivek vihar phase i delhi east delhi delhi	india	india		zero_shared_tokens_transliteration
S1-927476499	S3-978786833	S3	ns bright tungsten llc	975 eastwind drive westerville oh	us	us	bright,ns,tungsten	partial_token_overlap_unindexed
S1-221443075	S2-804818360	S2	iris advisors	house no 777 raghubir bhawanmadan pur khadar sarita vihar delhi south delhi delhi	india	india	iris	partial_token_overlap_unindexed
S1-218464093	S2-499271904	S2	services credits diagnostic partners	shop no 3 127 bandlaguda r c puram sangareddy hyderabad medak telangana	india	india	diagnostic,services,credits	partial_token_overlap_unindexed
S1-565449058	S3-993492666	S3	balaji exports	186 tilakpath rambagh indore madhya pradesh	india	india		empty_or_missing_name
S1-28313199	S3-272275561	S3	virtue and desantis resource llc	1848 woodstork lane bolivia nc	us	us	virtue,and,resource,desantis	partial_token_overlap_unindexed
S1-953821708	S3-54601975	S3	2823 market st management llc	2305 aurora drive bldg 26 pingree grove il	us	us		zero_shared_tokens_transliteration
S1-560220771	S2-773316983	S2	highland academy	1141 altamont avenue rotterdam ny	us	us	highland	partial_token_overlap_unindexed
S1-506790583	S3-375462302	S3	noel vista inc	18880 butler avenue lincoln de	us	us	noel,inc	partial_token_overlap_unindexed
S1-362335010	S2-423180746	S2	universal impex limited	north fort gate thripunithura ernakulam kerala	india	india		empty_or_missing_name
S1-607920224	S2-710961954	S2	molina heritage retail pc	15513 mason circle omaha ne	us	us	molina,heritage,retail	partial_token_overlap_unindexed
S1-637849531	S3-962883662	S3	oncology clinic llc	275 maryland avenue oh sebring	us	us	oncology,llc	partial_token_overlap_unindexed
S1-955866957	S3-138999914	S3	great investment private limited	51 1 6 5b sri ram nagar jagannaickpur kakinada east godavari andhra pradesh	india	india		empty_or_missing_name
S1-232165020	S3-783936290	S3	tanna drives private limited	48 part c second floor najafgarh road rama road new delhi west delhi delhi	india	india	tanna,drives	partial_token_overlap_unindexed
S1-596375677	S3-369677577	S3	tech tech private limited	plot no d 3 1 1 at midc deori deori gondiya maharashtra	india	india		empty_or_missing_name
S1-161609847	S2-993523502	S2	joela ringo precision spruce inc	416 tyler street richardson tx	us	us	inc,joela,precision,spruce	partial_token_overlap_unindexed
S1-674762593	S2-896687938	S2	roopika farms private limited	aipl business club tower a medawas sector 62 gurugram gurgaon haryana	india	india	private,farms,roopika	partial_token_overlap_unindexed
S1-920862472	S3-179029838	S3	autism assistance association	7806 162nd street unit unit 1102 bixby ok	us	us	autism,assistance	partial_token_overlap_unindexed
S1-827268726	S3-242631512	S3	good management private limited	3rd floor survey no 210 pride purple square kalewadi phata pune city pune maharashtra	india	india	private,management,good	partial_token_overlap_unindexed
S1-507722559	S3-92010124	S3	supreme construction collective	655 promenade parkway unit 2092 irving tx	us	us	supreme,construction	partial_token_overlap_unindexed
S1-641889632	S3-854001104	S3	metro rocky united	3007 firwood drive austin tx	us	us	rocky,metro	partial_token_overlap_unindexed
S1-121300600	S2-190223656	S2	heartland custom blueport	4249 shadwell drive evansville in	us	us		zero_shared_tokens_transliteration
S1-832969377	S3-337380414	S3	patriot patriot monte inc	9945 tammy lane magnolia tx	us	us	monte,patriot	partial_token_overlap_unindexed
S1-44465312	S2-463710184	S2	rohan ventures	flat no 304 sai surabhi awas apts madhura nagar hyderabad hyderabad telangana	india	india	ventures,rohan	partial_token_overlap_unindexed
S1-460213830	S2-369534902	S2	vanguard cloud union	28 meadows lane riddleton tn	us	us	cloud,vanguard	partial_token_overlap_unindexed
S1-343832749	S2-908661509	S2	keystone	12213 307th place auburn wa	us	us	keystone	partial_token_overlap_unindexed
S1-222587463	S2-826589591	S2	noor wireless llc	1935 alison court unit b11 atlanta ga	us	us		zero_shared_tokens_transliteration
S1-627978216	S3-721124655	S3	luxe consultants	lucknow uttar pradesh lucknow lower ground floor surya complex ganeshganj aminabad d 1	india	india	luxe,consultants	partial_token_overlap_unindexed
S1-218948566	S2-454383040	S2	vision global solutions private limited	pune midc industrial estate bhosari w51 pune maharashtra	india	india		empty_or_missing_name
S1-593539933	S3-597079128	S3	primary care clinic of damascus	6 tori lane damascus ar	us	us	care,of,clinic,damascus,primary	partial_token_overlap_unindexed
S1-518019134	S2-877909006	S2	longshoremen local union 938 p c	ma barnstable 733 main street unit g	us	us	union,local,longshoremen,c,p	partial_token_overlap_unindexed
S1-290362235	S3-493160362	S3	producer yashoda enterprises limited	20 1st floor rt nagar main road rt nagar bengaluru bangalore karnataka	india	india	enterprises,limited,producer	partial_token_overlap_unindexed
S1-809468435	S3-721808321	S3	certified defense networks care	214 catalina street aransas county tx	us	us	care,certified,networks	partial_token_overlap_unindexed
S1-545495479	S3-926572799	S3	ankur service limited	c o kanhaiya prasad purab tola siwan bihar	india	india	ankur,service	partial_token_overlap_unindexed
S1-131839362	S3-441395187	S3	foot and ankle care of round lake beach llc	1998 comanche trail round lake beach il	us	us	care,round,of,beach,lake,foot,and,ankle	partial_token_overlap_unindexed
S1-621761582	S2-179489971	S2	dynamic properties pvt ltd	39 17 48 1 main road near 48 busstop visakhapatnam urban visakhapatnam vishakhapatnam andhra pradesh	india	india		empty_or_missing_name
S1-847865812	S2-958194483	S2	indian producer private limited	146 kandasamy layout sivananda colony coimbatore south coimbatore tamil nadu	india	india		empty_or_missing_name
S1-841221633	S3-284232673	S3	shree designs private limited	acme eden court sector 91 punjab mohali flat no 701	india	india	shree,private,limited	partial_token_overlap_unindexed
S1-17363601	S2-135846517	S2	lazo horizon spartacus center	johnson city 1206 meadowview avenue tn	us	us	lazo,spartacus,center,horizon	partial_token_overlap_unindexed
S1-68327405	S2-573910327	S2	meify rate ltd	1021 juneberry place oxnard ca	us	us	meify,rate	partial_token_overlap_unindexed
S1-476024246	S3-726156549	S3	big ventures private limited	sir mount near vasupujya bunglows s g road satelite ahmedabad 5th fl 501 ahmedabad gujarat	india	india	ventures,private,big	partial_token_overlap_unindexed
S1-575476192	S3-107219093	S3	express preferred grid llc	7 hale street newton ma	us	us	express,grid,preferred	partial_token_overlap_unindexed
S1-357344139	S2-837300598	S2	holy israel	fair oaks ca 5337 sunrise boulevard	us	us	holy	partial_token_overlap_unindexed
S1-585512613	S2-799627606	S2	foot and ankle heritage physicians inc	5013 needhams trail seagrove nc	us	us	ankle,foot,heritage,and	partial_token_overlap_unindexed
S1-541943581	S3-445501696	S3	invent exports company	lucknow uttar pradesh lucknow p no 18 sanjivani homes 3 tarak purwa tiwariganj	india	india	invent,exports	partial_token_overlap_unindexed
S1-930487785	S2-912430239	S2	white accounting llc	1610 7th avenue unit b nashville tn	us	us	white,accounting	partial_token_overlap_unindexed
S1-341137426	S2-702523496	S2	tomasina s blanco m d group	6249 blackhawk drive glendale az	us	us		zero_shared_tokens_transliteration
S1-648894561	S2-443506042	S2	supreme consultants private limited	236 and 237 the galleria dlf second floor mayur vihar ext 1 noida link road new delhi east delhi delhi	india	india		empty_or_missing_name
S1-797931932	S3-295523677	S3	electronic wellness networks inc	11903 oak street jenks ok	us	us	wellness,electronic	partial_token_overlap_unindexed
S1-59306179	S3-634998202	S3	trusted preferred futurecrest partners	513 foxfire street mcpherson ks	us	us	trusted,partners,futurecrest	partial_token_overlap_unindexed
S1-403593017	S2-255723652	S2	brown and davila rivernorth llc	camarillo ca 2013 buena vista drive	us	us	brown,llc,and,davila	partial_token_overlap_unindexed
S1-49474663	S2-971198456	S2	dynamic products private limited	96 718 ist floor mohan market ranagaswamy temple street bangalore 53 bangalore karnataka	india	india		empty_or_missing_name
S1-513693430	S3-952559888	S3	tao international pllc	149 levi lane corrales nm	us	us	tao,international	partial_token_overlap_unindexed
S1-668946146	S3-253337916	S3	pediatric partners	208 westside street rockingham nc	us	us	pediatric,partners	partial_token_overlap_unindexed
S1-848779009	S2-326554546	S2	global technology pvt ltd	19 5 srinivasa colony ulavar santhai back side suramangalam post salem tamil nadu	india	india		empty_or_missing_name
S1-24621936	S3-639046864	S3	adroit brothers private limited	shop no 4 sdc green park e block janta colony jaipur rajasthan	india	india	private,adroit,brothers	partial_token_overlap_unindexed
S1-583400838	S2-671648586	S2	y l mccollum pampa	1422 dixie drive asheboro nc	us	us	y,mccollum,l	partial_token_overlap_unindexed
S1-842626907	S2-264395337	S2	chennai sports limited	no 10 thilagar street bharathiyar nagar pattabiram chennai tamil nadu	india	india	sports,chennai	partial_token_overlap_unindexed
S1-360264309	S2-932482479	S2	speed advisors corporation	a 103 lav kush tower opp jay ambe nagar thaltej tekra ahmadabad city ahmedabad gujarat	india	india	speed,corporation	partial_token_overlap_unindexed
S1-155970152	S3-131550856	S3	cascade center	2100 austin street unit 23 bay city tx	us	us	center,cascade	partial_token_overlap_unindexed
S1-57859332	S3-432701427	S3	cinder llc	3985 galloway drive memphis tn	us	us	cinder,llc	partial_token_overlap_unindexed
S1-745224989	S2-15473380	S2	urban auto body	il vernon hills 411 sycamore street	us	us	urban,body,auto	partial_token_overlap_unindexed
S1-874937140	S2-455596958	S2	ridgeline	5758 ironwood drive fl 1 scottsdale az	us	us		zero_shared_tokens_transliteration
S1-244210172	S2-684232413	S2	sky producer pvt ltd	own house koparkhairne village nr hanuman mandir koparkhairne west navi mumbai raigarh maharashtra	india	india	pvt,sky,ltd	partial_token_overlap_unindexed
S1-548304791	S2-16807482	S2	balaji systems private limited	plot no 8 2 293 82 a 1174a road no 56 jubilee hills hyderabad shaikpet hyderabad telangana	india	india	systems	partial_token_overlap_unindexed
S1-1614247	S2-481447882	S2	total platinum latin llc	4314 whites creek pike nashville tn	us	us	total,llc,latin	partial_token_overlap_unindexed
S1-824919785	S3-781959230	S3	al transport private limited	tamil nadu manasarover oyster bay anand farms muttukadu village chingleput taluk kancheepuram house no 24	india	india	private,al,limited	partial_token_overlap_unindexed
S1-256650150	S3-548910864	S3	great enterprises limited	door no tc 2 2465 5 and 6 royal plaza pattom post thiruvananthapuram trivandrum kerala	india	india	enterprises,great	partial_token_overlap_unindexed
S1-230549958	S3-904286941	S3	ear nose and throat mountain partners chicago	2100 kildare avenue chicago il	us	us	nose,throat,mountain,and,ear	partial_token_overlap_unindexed
S1-82591612	S3-316980090	S3	tirupati ventures private limited	1299 arya nagar mani ram bas kosi kalan rural mathura uttar pradesh	india	india		empty_or_missing_name
S1-148848342	S3-414364799	S3	standard education consultants	dc unit 304 washington 2721 adams mill road	us	us	standard,consultants,education	partial_token_overlap_unindexed
S1-315126696	S2-939209536	S2	honest recruiting private limited	60 49e 3rd floor v704 jc chambers opp kairali ernakulam kerala	india	india	private,honest,recruiting	partial_token_overlap_unindexed
S1-877799141	S3-526241510	S3	poss united sab llc	2504 11th avenue canyon tx	us	us	united,poss,sab	partial_token_overlap_unindexed
S1-557596005	S3-949774246	S3	blackwell premier obic	1517 14th avenue greenville nc	us	us	obic,blackwell,premier	partial_token_overlap_unindexed
S1-467346231	S3-578587605	S3	urology medicine of tempe llc	1101 warner road unit 105 tempe az	us	us	medicine,llc,of,urology	partial_token_overlap_unindexed
S1-359699310	S3-797529813	S3	internal medicine coastal center p c	1770 apache road moundridge ks	us	us	medicine,coastal,center,internal	partial_token_overlap_unindexed
S1-864275017	S2-835312506	S2	direct indigo care	24 upland road brewer me	us	us	direct,indigo	partial_token_overlap_unindexed
S1-991954732	S3-928627335	S3	jay healthcare pvt ltd	house no p2 71 4th floor dlf phase ii sector 25 dlf qe gurgaon haryana	india	india		empty_or_missing_name
S1-741817106	S3-57464044	S3	rajkot recording corp	opp astron society amin marg trisha 2 bunglows no 37 rajkot gujarat	india	india	corp,rajkot	partial_token_overlap_unindexed
S1-639870547	S2-177040447	S2	moia rush llc	1015 donovan briley boulevard unit apt d north little rock ar	us	us		zero_shared_tokens_transliteration
S1-603908369	S2-495325760	S2	anagha clinic	room no 11 1st floor vaibhav plaza 4 lee road kolkata kolkata howrah west bengal	india	india	clinic,anagha	partial_token_overlap_unindexed
S1-809800577	S2-608219116	S2	wilburn popular	1937 steeple chase bend apex nc	us	us	popular,wilburn	partial_token_overlap_unindexed
S1-580992307	S3-938870340	S3	creative baba it private limited	d220 s floor defence colony new delhi south delhi delhi	india	india		empty_or_missing_name
S1-342070741	S2-68668602	S2	miguel tri state neuberger inc	10524 national pike big pool md	us	us	tri,state,miguel,neuberger	partial_token_overlap_unindexed
S1-927103786	S3-732580452	S3	fruitful hire private limited	rz d1 355a gali no 5 mahavir enclave new delhi south delhi delhi	india	india	hire,fruitful	partial_token_overlap_unindexed
S1-432374	S2-546708391	S2	nieto animal hospital	1019 hard rock road somers mt	us	us	hospital,nieto	partial_token_overlap_unindexed
S1-681875731	S3-299802862	S3	crystal data systems	182 loft road maryland ny	us	us	crystal,data	partial_token_overlap_unindexed
S1-85371827	S3-555874886	S3	ss energy pvt ltd	karnataka epip industrial area hoody k r puram sjr 1 park 143 and 151 bangalore	india	india	ss,pvt,ltd	partial_token_overlap_unindexed
S1-610164964	S3-422297911	S3	international astro solutions pvt ltd	c 126naraina industrial area phase i new delhi west delhi delhi	india	india		zero_shared_tokens_transliteration
S1-319236372	S3-877498062	S3	hallman american newbridge llc	251 jefferson wy lander	us	us	hallman,american	partial_token_overlap_unindexed
S1-341321228	S3-892728085	S3	jrp flour private limited	46 first street gopalapuram coimbatore tamil nadu	india	india	private,jrp,limited,flour	partial_token_overlap_unindexed
S1-548811788	S3-516567661	S3	golden chemical company	129 bemiston avenue saint louis mo	us	us	company,golden	partial_token_overlap_unindexed
S1-236324398	S3-281931908	S3	nagendra healthcare private limited	221 2nd floor heena arcade char rasta gidc vapi valsad gujarat	india	india	nagendra,private,limited	partial_token_overlap_unindexed
S1-935476540	S2-773524886	S2	krishna india india private limited	29 dr suresh sarkar road kolkata calcutta west bengal	india	india	krishna,private,india	partial_token_overlap_unindexed
S1-133860060	S3-380969873	S3	zepheon nano l l c	108 mimosa court smithfield town va	us	us	l,c,zepheon	partial_token_overlap_unindexed
S1-111650357	S2-300672951	S2	silver pub	46 firetower louisburg nc	us	us	silver,pub	partial_token_overlap_unindexed
S1-523035722	S3-251088534	S3	wood health center llc	244 shook cove road tuckasegee nc	us	us	wood,health,center	partial_token_overlap_unindexed
S1-828582482	S2-143328847	S2	fortune estate private limited	no 146 2nd cross bhovi colony near om shakti temple bangalore south bangalore karnataka	india	india	fortune,private,estate	partial_token_overlap_unindexed
S1-59305245	S2-316360631	S2	velasco and nichols copper l l c	city of racine wi 628 north street	us	us	velasco,nichols,and	partial_token_overlap_unindexed
S1-856721977	S3-612150882	S3	engineering amk security private limited	no 76 wb block ganesh nagar 2 shakarpur delhi east delhi delhi	india	india	amk,engineering,security	partial_token_overlap_unindexed
S1-502760234	S3-991199217	S3	colonial preparatory academy	vancouver wa 12506 38th avenue	us	us	preparatory,colonial	partial_token_overlap_unindexed
S1-293591459	S3-386513307	S3	big agro limited	flat no 304 tulasi residency anantapu po balianta cuttack orissa	india	india	big,agro	partial_token_overlap_unindexed
S1-740137997	S3-443861077	S3	galaxy food	h no 19561 tikamgarh madhya pradesh shivnagar colony tikamgarh	india	india		empty_or_missing_name
S1-47620116	S3-581416842	S3	amrit computech pvt ltd	vill kadavita debipur kalyaneshwari west bengal kulti bardhaman	india	india	amrit,pvt,ltd,computech	partial_token_overlap_unindexed
S1-847693024	S2-368625169	S2	guru bombay consulting private limited	shop no 314 315 exxoniic jahangirpura surat gujarat	india	india		empty_or_missing_name
S1-543253607	S3-314065898	S3	ideal polytechnic	plot no 21 pmd nagar dhinakaran street vadakupattu chennai tamil nadu	india	india	ideal	partial_token_overlap_unindexed
S1-263674098	S3-575255989	S3	innovative infotech private limited	87 2 rt 2nd floor khaleel manzil sindhu travels lane s r nagar hyderabad telangana	india	india		empty_or_missing_name
S1-760738661	S2-471221113	S2	fortune services private limited	sco 27 ambala chandigarh highway zirakpur sub post office silver city main rajpura mohali punjab	india	india		empty_or_missing_name
S1-751681405	S3-645243598	S3	cardiology associates	1121 greenwood avenue ponca city ok	us	us	associates,cardiology	partial_token_overlap_unindexed
S1-22257302	S3-667640938	S3	no solutions private limited	rajasthan karansar road hingoniya jaipur 851 rajoria ki dhani jaipur	india	india	solutions,private,no	partial_token_overlap_unindexed
S1-804025354	S2-718267300	S2	peak mountain altenergy inc	149 wagner street unit 101 troutman nc	us	us	peak,mountain	partial_token_overlap_unindexed
S1-52573936	S3-175183145	S3	constructions india india private limited	flat no 203 2nd floor vikram goldmine fc road shivaji nagar pune city pune maharashtra	india	india	private,constructions,india	partial_token_overlap_unindexed
S1-412271409	S3-468376296	S3	harbor program	1505 14th avenue decatur al	us	us	program,harbor	partial_token_overlap_unindexed
S1-653759388	S3-692108528	S3	big pilates llc	310 seashell drive tx freeport	us	us	big,pilates	partial_token_overlap_unindexed
S1-807215192	S2-695746243	S2	premier foods private limited	1 house e07 sector 63 anant raj estate badshahpur gurgaon haryana	india	india		empty_or_missing_name
S1-410272579	S3-231446239	S3	emerald grid clinic	2375 maple heights road town of freedom wi	us	us	clinic,emerald	partial_token_overlap_unindexed
S1-225931323	S2-49040619	S2	cardiology care llc	unit unit 723 al 8160 64 daphne	us	us	care,llc	partial_token_overlap_unindexed
S1-942039165	S3-492958500	S3	big life agro private limited	flat no 3405 34th floor wing a3 oberoi springs excel indus off link road andheri we st mumbai mumbai city maharashtra	india	india		empty_or_missing_name
S1-518941002	S3-609989041	S3	a cure 7 all inc	2500 ann julian court tn brentwood	us	us		zero_shared_tokens_transliteration
S1-503927396	S2-381603770	S2	maid auto body	2855 pinecreek drive unit f401 costa mesa ca	us	us	body,maid	partial_token_overlap_unindexed
S1-174384148	S3-265072278	S3	gujarat consultants private limited	402 thane maharashtra sarnath society swami vivekanand nagar pokhran rd 2 thane west	india	india	private,limited,gujarat	partial_token_overlap_unindexed
S1-849317263	S2-395337568	S2	casoft inc	611 briarcliff drive houston tx	us	us	inc	partial_token_overlap_unindexed
S1-646006294	S2-714847756	S2	khanna syndicate private limited	varanasi b 38 55 69 a uttar pradesh varanasi	india	india	private,khanna,syndicate	partial_token_overlap_unindexed
S1-36237806	S3-865761977	S3	peum	408 brant road corolla nc	us	us		zero_shared_tokens_transliteration
S1-71284781	S3-434916852	S3	heritage all l l c	7 chipman street boston ma	us	us	all,heritage	partial_token_overlap_unindexed
S1-290234865	S3-385386475	S3	tech it private limited	no 71 35 armenian street 4th floor parrys chennai tamil nadu	india	india	private,tech,it	partial_token_overlap_unindexed
S1-788651638	S3-722095351	S3	education alliance	145 tallman street unit 2 new bedford ma	us	us		zero_shared_tokens_transliteration
S1-911275098	S3-405980182	S3	realtech feast private limited	509 dhakha chamber2068 38 naiwala karol bagh new delhi central delhi delhi	india	india	feast,private,realtech	partial_token_overlap_unindexed
S1-566664126	S3-511925859	S3	first enterprises	noida uttar pradesh a 28 sector 59 gautam buddha nagar	india	india	enterprises,first	partial_token_overlap_unindexed
S1-738681423	S3-760926031	S3	aq services private limited	1 33 tibrewla house swastik society n s road no3 near cooper hospital vileparle mumbai mumbai city maharashtra	india	india	private,aq,services	partial_token_overlap_unindexed
S1-400717175	S2-15456073	S2	brand and sons private limited	s 524 neelkanth house office no 202 2nd floor east delhi east delhi delhi	india	india	private,limited,and,brand	partial_token_overlap_unindexed
S1-358522443	S3-319565736	S3	crall hamaker and marra software	10838 willowbrook drive sun city az	us	us		zero_shared_tokens_transliteration
S1-112553621	S2-510976644	S2	a cure 7 you	1301 scottsdale road unit unit 3091 scottsdale az	us	us	cure,a,7,you	partial_token_overlap_unindexed
S1-620886415	S2-881653289	S2	timmons charter inc	il algonquin 2721 harnish drive	us	us	timmons,charter	partial_token_overlap_unindexed
S1-212614066	S3-187746081	S3	foundation lifetime suppliers pvt ltd	kerala ak square 2nd floor above esaf bank naduvilangadi tirur tirur malappuram malapuram room no 3 651 q2	india	india	pvt,suppliers,lifetime,foundation	partial_token_overlap_unindexed
S1-799142488	S3-301650538	S3	baba medical centre	flat no 601 h no 12 2 823 b 57 6th floor subham residency mehdipatnam hyderabad telangana	india	india	medical,baba	partial_token_overlap_unindexed
S1-777508980	S2-431779375	S2	shiva hospitality private limited	bareilly c o dayawati nr super city gate bareilly uttar pradesh	india	india		empty_or_missing_name
S1-382027039	S2-410283925	S2	rqh cement private limited	ground floor 224 kailash hills east of kailash new delhi delhi south delhi delhi	india	india		zero_shared_tokens_transliteration
S1-160190809	S3-534360516	S3	satkar lab private limited	c o sukhveer singh agra nagla chandan khandault etdmadpur agra uttar pradesh	india	india	lab,private,satkar	partial_token_overlap_unindexed
S1-529322998	S3-497024696	S3	quinn and hudnall inc	5928 oakland park drive fairfax county va	us	us	hudnall,quinn	partial_token_overlap_unindexed
S1-399402750	S3-836307259	S3	ik leasing private limited	north 24 parganas west bengal cf 204 salt lake citysector i kolkata	india	india		zero_shared_tokens_transliteration
S1-566334898	S3-949252295	S3	marge casanova reliable pmv	1445 bluefield drive atlanta ga	us	us	pmv,marge,reliable	partial_token_overlap_unindexed
S1-253454791	S2-723591274	S2	pathik agro private limited	i1103 mayuresh park lake road bhandup west mumbai mumbai city maharashtra	india	india		zero_shared_tokens_transliteration
S1-692594454	S2-211927984	S2	royal consultancy limited	siddhi ground floor plot no 14 15th road khar w mumbai maharashtra	india	india		empty_or_missing_name
S1-928997900	S3-464169954	S3	surya pioneer consultancy private limited	no 70 old no 77 ellai amman koil street vannanthurai adyar chennai tamil nadu	india	india		empty_or_missing_name
S1-721264108	S2-832107530	S2	green tech llp	c o jhunjhunu house ward no 24 ambedakar nagar churu rajasthan	india	india		zero_shared_tokens_transliteration
S1-650396210	S2-893378930	S2	flossy price m d	2106 3rd street city of wausau wi	us	us		zero_shared_tokens_transliteration
S1-373167744	S3-361709082	S3	roopanth mills pvt ltd	c o babita devi udharampur meena bazar sampatchak patna bihar	india	india	roopanth,mills	partial_token_overlap_unindexed
S1-345806596	S3-555550396	S3	office of housing	39 donna lane bristol ct	us	us	office,of	partial_token_overlap_unindexed
S1-328537189	S3-112314996	S3	stephens and alfaro	1000 winter street unit 3300 waltham ma	us	us	stephens,and	partial_token_overlap_unindexed
S1-754053881	S3-229498221	S3	compliance engineering private limited	7 12 akshay appartment siliguri darjeeling west bengal	india	india	private,compliance,engineering	partial_token_overlap_unindexed
S1-215891377	S2-675309646	S2	valley diamond flexible llc	1213 green avenue unit ste b purcell ok	us	us	valley,diamond,flexible	partial_token_overlap_unindexed
S1-301057863	S3-575943313	S3	grace catholic church group	72 frances street ny auburn	us	us	church,group,grace	partial_token_overlap_unindexed
S1-511585683	S3-757868642	S3	cordell braves inc	4420 18th place unit 112 phoenix az	us	us	braves,cordell	partial_token_overlap_unindexed
S1-560685605	S3-55868427	S3	atlas	5053 lankford highway accomack county va	us	us	atlas	partial_token_overlap_unindexed
S1-877040683	S2-517068959	S2	woods charlton corp	1005 n capitol street unit 509 washington dc	us	us	woods,charlton	partial_token_overlap_unindexed
S1-72028617	S3-62766567	S3	shyam blue logistics private limited	fl 302 sn 14 usha swapnanr akash deep dhayari haveli pune maharashtra	india	india		empty_or_missing_name
S1-431241109	S2-680446554	S2	vijay industries private limited	mumbai maharashtra mumbai city 5 ll flr raja inds estate p k road mulund west	india	india		empty_or_missing_name
S1-398841354	S3-122807224	S3	global products limited	plotno 31 and 32 west delhi delhi new delhi g f gali 19 bhagwati garden 55feet rd	india	india		empty_or_missing_name
S1-642600384	S2-389482705	S2	benson tokyo p c	106 pearce creek drive earleville md	us	us	benson,tokyo	partial_token_overlap_unindexed
S1-770749194	S3-29239767	S3	national united oriental company	328 weaverville road woodfin nc	us	us	united,oriental,national	partial_token_overlap_unindexed
S1-982950958	S2-523560685	S2	davidson malt	3021 kell lane fl 0 saint louis mo	us	us	davidson	partial_token_overlap_unindexed
S1-745965155	S3-736963101	S3	thompson harper and johnson service	1153 dietrich lane cat spring tx	us	us	and,service,thompson,johnson,harper	partial_token_overlap_unindexed
S1-3869508	S3-629351850	S3	nexial spartacus llc	wa spokane 2128 post street	us	us	nexial,llc	partial_token_overlap_unindexed
S1-372238878	S2-393767088	S2	shakti media limited	unit no 13b 14a second floor moti manzil mathura uttar pradesh	india	india	limited	partial_token_overlap_unindexed
S1-534792000	S3-313656227	S3	rbg mercantile pvt ltd	room no 615 6th floor diamond heritage 16 strand road fairly place kolkata kolkata howrah west bengal	india	india	pvt,rbg,ltd	partial_token_overlap_unindexed
S1-802465138	S2-658826375	S2	ahmedabad sharma ltd	1107 b block mondeal square opp prahaladnagar garden nr iscon ele gance ahmedabad gujarat	india	india	ltd,ahmedabad	partial_token_overlap_unindexed
S1-478567299	S2-639899425	S2	heart federation care	409 wyandanch avenue ny unit unit 77 babylon	us	us	care,heart	partial_token_overlap_unindexed
S1-587492119	S3-981419129	S3	education council	209 water street elizabethtown ny	us	us	council,education	partial_token_overlap_unindexed
S1-396373343	S3-956433377	S3	douglas cdt group	me 4 timber creek gray	us	us	douglas,group	partial_token_overlap_unindexed
S1-514360031	S3-198179012	S3	creative consulting private limited	1st floor sana bazar near old kseb ponani 5 241 1 kerala malappuram malapuram	india	india	creative,consulting	partial_token_overlap_unindexed
S1-143951516	S2-813269355	S2	azure steels corporation	thane b 104 aasha pal chs near bharati vidyalay navghar jesal park bhayander east maharashtra thane	india	india	azure,steels	partial_token_overlap_unindexed
S1-240610846	S2-342608139	S2	path brothers private limited	d no 61 494 2nd floor beach complex silk street kozhikode kerala	india	india		zero_shared_tokens_transliteration
S1-718013009	S2-223278425	S2	inventive commodities pvt ltd	gc 10 sanskriti vihar gaur city greater noida noida ghaziabad uttar pradesh	india	india	commodities,inventive	partial_token_overlap_unindexed
S1-858551931	S2-151308249	S2	harmon perfect	28 bracken lane brevard nc	us	us		zero_shared_tokens_transliteration
S1-107778647	S3-685238448	S3	holy emanuel llc	2526 archer street tulsa ok	us	us	llc,holy	partial_token_overlap_unindexed
S1-307826956	S3-120977853	S3	ace research advisors	3424 tibbett avenue bronx ny	us	us	research,ace	partial_token_overlap_unindexed
S1-691192134	S3-95539411	S3	thai holdings	h no g16 dr jumani chawal jitendra road haji bapu road malad e jain mandir mumbai mumbai city maharashtra	india	india	thai	partial_token_overlap_unindexed
S1-771165668	S2-24059592	S2	rocky alliance corp	77 south street unit 2 new bedford ma	us	us	corp,rocky	partial_token_overlap_unindexed
S1-745085538	S2-349094138	S2	city projects pvt ltd	5 89 gajju katra bada bazar delhi east delhi delhi	india	india		empty_or_missing_name
S1-721811128	S3-145841420	S3	global infrastructure private limited	h no 63 gali no a7 ashok vihar phase 3 extn sadar bazar gurgaon haryana	india	india		empty_or_missing_name
S1-984322635	S2-840666736	S2	ram constructions limited	1 and 2 a ground floor palmspring 6 shantisadan soci kalupurcomm co op bank nr parimalcross e llisbridge ahmedabad gujarat	india	india		empty_or_missing_name
S1-686672707	S2-500207296	S2	crissie n cook do	6207 oklahoma place tulsa ok	us	us	n,crissie,do	partial_token_overlap_unindexed
S1-536677513	S3-870647182	S3	odi producer private limited	33 15 eldams road alwarpet chennai tamil nadu	india	india		zero_shared_tokens_transliteration
S1-869313409	S2-922200959	S2	select aerospace alliance	6201 capital boulevard raleigh nc	us	us	select,aerospace	partial_token_overlap_unindexed
S1-817083015	S2-560734800	S2	beed projects llp	jitendra medical and general stores peth beed bid maharashtra	india	india	beed,projects	partial_token_overlap_unindexed
S1-972778043	S3-629992969	S3	ace insurance collective co	1807 colvin street syracuse ny	us	us	insurance,ace,co	partial_token_overlap_unindexed
S1-462108517	S3-874431738	S3	technologies cosmic productions limited	166 part d baijal bhawan civil line meerut uttar pradesh	india	india	cosmic,productions,technologies	partial_token_overlap_unindexed
S1-686264813	S3-330072289	S3	ear nose and throat health inc	3775 highway 25e tn tazewell	us	us	inc,nose,throat,health,ear	partial_token_overlap_unindexed
S1-842779104	S3-703761149	S3	doan all columbia	403 illinois street hooker ok	us	us		zero_shared_tokens_transliteration
S1-11447650	S3-926821929	S3	innovative properties private limited	delhi h 199b delhi east delhi pocket h dilshad garden janta	india	india	innovative,private,limited	partial_token_overlap_unindexed
S1-873022884	S2-483800395	S2	black global private limited	26 2 armenian street 4th floor kolkata kolkata howrah west bengal	india	india		empty_or_missing_name
S1-327951743	S2-555617090	S2	first global pvt ltd	plot no 117 rajappa nagar west tiruchirappalli tamil nadu	india	india		empty_or_missing_name
S1-203284869	S2-391053988	S2	north systems private limited	plot no 96 sharon villa gowthami nagar hayathnagar hyderabad telangana	india	india		empty_or_missing_name
S1-903751495	S2-892356463	S2	clarice frantz crystal muzero	1133 old hollow way west jordan city ut	us	us		zero_shared_tokens_transliteration
S1-549398205	S3-671185404	S3	raje organics private limited	no 1 289 saddiq nagar near avinashi lingeswarar kovil udumalaipettai coimbatore tamil nadu	india	india	private,limited,raje	partial_token_overlap_unindexed
S1-858480058	S3-54548993	S3	north energy private limited	plot 3 survey 285 raisoni industrial park hinjawadi pune maharashtra	india	india		empty_or_missing_name
S1-938761366	S2-574037970	S2	marek s productions	15114 35th street tulsa ok	us	us	s,marek	partial_token_overlap_unindexed
S1-455040115	S3-411179366	S3	chandler christenson and wilson molecular inc	10 homestead drive franklin nc	us	us	inc,and,wilson,chandler,christenson	partial_token_overlap_unindexed
S1-478473346	S2-820094211	S2	international investment limited	411 the emporio opp 4d square visat highway motera ahmedabad ahmedabad gujarat	india	india	international,investment	partial_token_overlap_unindexed
S1-902086215	S2-420971372	S2	shikhar systems llp	4h 59 sampatchak bihar patna bhootnath road near hanuman mandir	india	india	llp,shikhar	partial_token_overlap_unindexed
S1-691584189	S2-184082557	S2	ns labs ltd	c o indore city auto garrage near rajeshri cinema lotiya bhagol anand gujarat	india	india	ns,labs	partial_token_overlap_unindexed
S1-299344362	S2-728450843	S2	bay school of medicine	city and borough of juneau ak 9209 long run drive	us	us	school,medicine,bay,of	partial_token_overlap_unindexed
S1-486982617	S3-201950239	S3	kent capital llc	1302 shandelee road ny callicoon	us	us	llc,kent	partial_token_overlap_unindexed
S1-713599256	S3-871190873	S3	infrastructure sai finvest limited	23 n w a club roadpunjabi bagh new delhi delhi	india	india	limited,sai,infrastructure	partial_token_overlap_unindexed
S1-94396596	S3-247068750	S3	beacon retail solutions llc	wichita falls tx 4617 university avenue	us	us		zero_shared_tokens_transliteration
S1-397453629	S3-750956908	S3	srijan consultants	b 2 259 405 sadhubela apartment varanasi uttar pradesh	india	india		zero_shared_tokens_transliteration
S1-359394474	S2-434862595	S2	pinnacle nutrition networks	79 cannon avenue staten island ny	us	us	nutrition,networks	partial_token_overlap_unindexed
S1-528216001	S2-270246386	S2	a royal daedalus llc	11 meramec avenue unit suite 1304 saint louis mo	us	us	royal,a	partial_token_overlap_unindexed
S1-508896438	S2-53717474	S2	valley optimal home p c	275 mary knoll lane keysville town va	us	us	p,c,valley,home	partial_token_overlap_unindexed
S1-972608002	S3-29048903	S3	akira and co	plot no 285 nn no63b 642 new janta colony agra uttar pradesh	india	india	co,and	partial_token_overlap_unindexed
S1-81031831	S3-625796938	S3	learn services private limited	a 1 256 safdarjung enclave new delhi delhi	india	india		zero_shared_tokens_transliteration
S1-947812879	S3-744759238	S3	care 1 it	7421 400 greensburg in	us	us	care	partial_token_overlap_unindexed
S1-212827245	S3-834069471	S3	ocean enterprises	gachibowli cir beside centre for good governance greenland colony gachibowli x roads k v rangareddy telangana seri lingampally sy no 91	india	india	ocean	partial_token_overlap_unindexed
S1-731828809	S3-616548431	S3	ivenelle grid of flagstaff	3171 kyle loop flagstaff az	us	us	ivenelle,of,grid	partial_token_overlap_unindexed
S1-146356444	S3-293698331	S3	platinum better studios	557 lincoln street el paso il	us	us	platinum,studios	partial_token_overlap_unindexed
S1-629464448	S2-128438878	S2	varun services llp	h no 1207janta flatsnear gtb hospital gtbenclave north east delhi delhi	india	india	varun,services	partial_token_overlap_unindexed
S1-302181969	S2-700376817	S2	dream gold agro private limited	no 399 a ground floor 16th cross 3rd block jayanagar bangalore karnataka	india	india		empty_or_missing_name
S1-760737194	S3-123011618	S3	fresh ice cream	3538 davis stuart road unit 9 lewisburg wv	us	us	fresh,ice,cream	partial_token_overlap_unindexed
S1-436593892	S2-39515261	S2	galaxy nidhi limited	h no 1565 71 rajendra park sadar bazar gurgaon haryana	india	india	galaxy,limited	partial_token_overlap_unindexed
S1-667878051	S3-676840040	S3	fi thunder inc	4005 l westfax drive fairfax county va	us	us	thunder,fi	partial_token_overlap_unindexed
S1-310017139	S3-846201100	S3	physical therapy physicians	2874 avon geneseo road avon ny	us	us	physical,therapy	partial_token_overlap_unindexed
S1-270640784	S2-488210860	S2	sunder biofuels pvt ltd	kanpur uttar pradesh 7 99tilak nagar kanpur uttar pradesh	india	india	biofuels,sunder,pvt	partial_token_overlap_unindexed
S1-800915873	S2-877162430	S2	adams williams and alexander carolina llc	7333 lynn avenue fl 0 saint louis mo	us	us	llc,williams,and,adams,alexander	partial_token_overlap_unindexed
S1-462442100	S2-420768356	S2	swastik software limited	no 1262 7th b cross yelahanka new town bangalore karnataka	india	india		empty_or_missing_name
S1-264663287	S2-485601589	S2	highland supply llc	13301 great coastal drive chesterfield county va	us	us	highland,supply	partial_token_overlap_unindexed
S1-556629301	S3-34987158	S3	gulshan cricket private limited	c o manoj kumar soni bhopal road raisen madhya pradesh	india	india		zero_shared_tokens_transliteration
S1-93632691	S3-119560769	S3	ram concepts pvt ltd	tower 3 apartment 803 sushant estate gurgaon haryana	india	india	ram,pvt,ltd	partial_token_overlap_unindexed
S1-521511308	S3-275614675	S3	west ridge environmental services l l c	7511 songbird court wilmington nc	us	us	environmental,services,l,c,west	partial_token_overlap_unindexed
S1-279145576	S2-129450188	S2	koerber and payton llc	unit 1151 tempe 6815 mcclintock drive az	us	us		zero_shared_tokens_transliteration
S1-995608124	S3-99847647	S3	shakti investment private limited	5th floor indrayani galleria building near karve statue karve road pune maharashtra	india	india	private,limited,shakti,investment	partial_token_overlap_unindexed
S1-226817070	S3-993643399	S3	sai consultantprivate pvt ltd	2nd floor pranava the business park adjacent to harsha toyota serilingampally k v rangareddy telangana	india	india	pvt,ltd,sai	partial_token_overlap_unindexed
S1-767791681	S3-269431370	S3	new york wildlife fellowship	41 2 avenue new york ny	us	us	york,new,fellowship,wildlife	partial_token_overlap_unindexed
S1-829698078	S3-933691246	S3	universal retail ltd	f 3 p no 94 choudhary road ram nagar ganpathpura mansarovar jaipur rajasthan	india	india	universal,ltd,retail	partial_token_overlap_unindexed
S1-945702783	S3-582904224	S3	schafer orozco and plascencia corp	403 grand avenue ada oh	us	us	schafer,orozco,plascencia,and	partial_token_overlap_unindexed
S1-358181348	S3-84011181	S3	dream foundation private limited	plot no 19 nr raj ind gondal ta gondal gondal rajkot gujarat	india	india		empty_or_missing_name
S1-257800967	S3-905798496	S3	dunaway assets inc	ma groveland 65 seven star road	us	us	dunaway,assets	partial_token_overlap_unindexed
S1-862644945	S2-979377222	S2	tc informations private limited	shop no 4 dream appartment double road anand nagar gwalior madhya pradesh	india	india	tc,private,limited	partial_token_overlap_unindexed
S1-264476834	S3-289895103	S3	arihant exports private limited	m g road 2nd floor kolkata west bengal 210 kolkata howrah	india	india	private,arihant,exports	partial_token_overlap_unindexed
S1-634386779	S3-274017391	S3	qm application limited	maharashtra mumbai goregaon east 6 mukta bldg peru baug aarey road goregaon east	india	india	application,qm	partial_token_overlap_unindexed
S1-516453951	S2-316104343	S2	real investments llp	shop no 234 s 15 sector 23 rhb pratap nagar sanganer jaipur rajasthan	india	india	investments,real	partial_token_overlap_unindexed
S1-459735113	S3-842319859	S3	multi india india of cuddapah private limited	2 144 gudipadu village duvvur mandal cuddapah andhra pradesh	india	india	cuddapah,of,india,private,multi	partial_token_overlap_unindexed
S1-797086028	S3-354900765	S3	cherice green dogecoin llc	robbins il 4112 137th street	us	us	green,cherice	partial_token_overlap_unindexed
S1-583621636	S2-647797050	S2	mcfarland signature solutions llc	129 tobey road owego ny	us	us		zero_shared_tokens_transliteration
S1-322408163	S3-457416936	S3	nd traders llp	hp 31 maurya enclave pitampura new delhi north west delhi	india	india	traders,nd	partial_token_overlap_unindexed
S1-703950292	S2-808170842	S2	maureen b burr cpa dds pc	2708 5th street sacramento ca	us	us	burr,maureen,dds,b,cpa	partial_token_overlap_unindexed
S1-706052804	S3-249630844	S3	summit institute	1192 pleasant hill road carbondale il	us	us	summit	partial_token_overlap_unindexed
S1-69045955	S3-889216685	S3	v arrived	211 sherman street monroe ia	us	us	v	partial_token_overlap_unindexed
S1-740769570	S2-357764149	S2	clean lincoln llc	3720 lochearn drive gwynn oak md	us	us	clean,lincoln	partial_token_overlap_unindexed
S1-653604995	S2-352016722	S2	gaines spade	36742 petra drive san tan valley az	us	us	gaines	partial_token_overlap_unindexed
S1-426448332	S3-722880715	S3	gold services private limited	c o subhash chand bhura plot no ga 29 p a and b satya nagar bhubaneswar khordha orissa	india	india		empty_or_missing_name
S1-930109783	S2-572873158	S2	terranova and may llc	655 oakwood court hempstead ny	us	us	llc,and,may	partial_token_overlap_unindexed
S1-432713586	S3-729870252	S3	gene powers peak electronic	washington unit 710 630 kenilworth terrace dc	us	us	peak,gene,electronic,powers	partial_token_overlap_unindexed
S1-937127907	S3-195163340	S3	grand apparel group	465 wood avenue city of nekoosa wi	us	us	apparel,grand	partial_token_overlap_unindexed
S1-218000907	S3-858477617	S3	beth emanuel	ca redding 205 woodhill drive	us	us	beth,emanuel	partial_token_overlap_unindexed
S1-322724100	S2-408701623	S2	galaxy systems pvt ltd	house no 1231 dayanand colony opposite fire office sadar bazar gurgaon haryana	india	india		empty_or_missing_name
S1-190028025	S2-584419883	S2	apex creative solutions	2721 greenmount avenue baltimore md	us	us	creative,apex	partial_token_overlap_unindexed
S1-608532085	S3-503811487	S3	hyderabad fortune private limited	telangana bazarghat red hills hyderabad 11 6 718 hyderabad	india	india		zero_shared_tokens_transliteration
S1-588334625	S3-258696439	S3	blue endocrinology inc	836 willow street unit c mount airy nc	us	us	blue,endocrinology	partial_token_overlap_unindexed
S1-550807948	S3-918348268	S3	express diagnostic concepts	edina 5804 olinger boulevard mn	us	us	concepts,express	partial_token_overlap_unindexed
S1-620689609	S2-465166192	S2	rochester vision medicine group	43 delray road rochester ny	us	us	vision,medicine,rochester	partial_token_overlap_unindexed
S1-964063053	S3-697319946	S3	eloise c wood p a pc	az tucson 701 ruston avenue	us	us		zero_shared_tokens_transliteration
S1-558220346	S3-453200820	S3	clear rocky llc	101 avaclaire way indian trail nc	us	us	llc,clear	partial_token_overlap_unindexed
S1-743605943	S2-176574824	S2	pediatric health llc	108 bedbug hill road otsego ny	us	us	pediatric	partial_token_overlap_unindexed
S1-876256279	S3-645487889	S3	panchkula mount private limited	flat no 603 tower 9b suncity parikarma sector 20 panchkula haryana	india	india	private,panchkula,mount	partial_token_overlap_unindexed
S1-731553220	S3-433574735	S3	luis platinum apex	6330 bending river road bartlett tn	us	us	platinum,luis	partial_token_overlap_unindexed
S1-671651678	S3-408619073	S3	bunny jones data	5153 st paul boulevard irondequoit ny	us	us	data,jones,bunny	partial_token_overlap_unindexed
S1-803590345	S2-185490046	S2	horizon llc	1109 pea ridge road huntington wv	us	us	llc,horizon	partial_token_overlap_unindexed
S1-6530353	S3-738583087	S3	shivam engineering llp	a 204 vrindavan chs ltd next to dev nagar new sai baba nagar boraspada road kand ivali west mumbai mumbai city maharashtra	india	india	shivam	partial_token_overlap_unindexed
S1-103952189	S3-38125808	S3	liex pc	9448 lovat road fulton md	us	us	liex	partial_token_overlap_unindexed
S1-127605228	S3-17338139	S3	dakshin medical centre	plot no 32 s y no 135 brindavan colony narsingi village kokapet gandipet road rajendra nagar k v rangareddy telangana	india	india		zero_shared_tokens_transliteration
S1-934057900	S2-185745027	S2	nannie young starling llc	6960 17th street fargo nd	us	us	nannie,starling,young	partial_token_overlap_unindexed
S1-508380113	S3-350155581	S3	dixon applied co	14 acorn valley trail ogden ny	us	us		zero_shared_tokens_transliteration
S1-447699973	S3-522532136	S3	link jorgensen and novak apex	112 stone tower lane wilmington de	us	us	apex,link,and,jorgensen,novak	partial_token_overlap_unindexed
S1-782190430	S2-428549738	S2	2 sons llc	3018 11th avenue bessemer al	us	us		zero_shared_tokens_transliteration
S1-372903225	S2-247750190	S2	elevate professional center	74b lowther road allahabad uttar pradesh	india	india	professional,center,elevate	partial_token_overlap_unindexed
S1-292766321	S3-165945376	S3	sweet barbershop	6075 fm 3481 salado tx	us	us	sweet	partial_token_overlap_unindexed
S1-652724228	S2-539173654	S2	pediatric associates	lorain oh 1217 6th street	us	us	pediatric	partial_token_overlap_unindexed
S1-295129933	S2-848286366	S2	wn vertical	9119 kenwood drive unit 5 lakewood wa	us	us	wn	partial_token_overlap_unindexed
S1-242214870	S3-477205207	S3	all healthcare private limited	jagatganj 0c 27 62 63 varanasi uttar pradesh varanasi	india	india		empty_or_missing_name
S1-884606211	S3-364346917	S3	foot and ankle care associates lp	york 5 madison street sc	us	us	foot	partial_token_overlap_unindexed
S1-901174338	S2-802628772	S2	united global private limited	hno d55 1 tf fateh nagar n d 18 west delhi new delhi west delhi delhi	india	india		empty_or_missing_name
S1-502522346	S3-589126143	S3	johnson internet llc	3800 chandler boulevard unit 1191 chandler az	us	us	johnson,llc	partial_token_overlap_unindexed
S1-446767996	S2-992668722	S2	rj plantations india private limited	168 sunder nagar main indore madhya pradesh	india	india	rj,plantations,private,india	partial_token_overlap_unindexed
S1-557466611	S3-7535246	S3	renaissance digital private limited	chandra kanta complex rajiv nagar patna 800 024 patna bihar	india	india	limited,digital,renaissance	partial_token_overlap_unindexed
S1-891380811	S3-252593505	S3	christ cathedral	615 107th street chicago il	us	us	christ	partial_token_overlap_unindexed
S1-20679780	S3-354586828	S3	red power llp	no 47 86th street kanniappa nagar ashok nagar chennai tamil nadu	india	india		empty_or_missing_name
S1-651438917	S3-681081189	S3	the dent coffee	12117 sable court henrico county va	us	us	coffee,the,dent	partial_token_overlap_unindexed
S1-674423282	S3-611220322	S3	vision power pvt ltd	15 1 413 feel khana hyderabad telangana	india	india	vision,pvt,power	partial_token_overlap_unindexed
S1-396386541	S2-361002904	S2	good care limited	ward no 13 bikaner chowk circular road jhajjar haryana	india	india		empty_or_missing_name
S1-609880827	S2-582733823	S2	kaverin farms private limited	artech house thiruvananthapuram trivandrum tc 24 2014 1 thycaud kerala	india	india	private,farms,kaverin	partial_token_overlap_unindexed
S1-792975315	S3-864651872	S3	my hospitality limited	noorpurramnagar south 24 parganas kolkata durgapur west bengal parganas south	india	india	my,hospitality,limited	partial_token_overlap_unindexed
S1-973819954	S2-275410052	S2	daniels escobedo and sims hotel	304 starview lane dallas nc	us	us	daniels,escobedo,hotel	partial_token_overlap_unindexed
S1-444904680	S2-843053407	S2	highland society p c	19 garland court carlisle borough pa	us	us	society,p,highland,c	partial_token_overlap_unindexed
S1-557806091	S2-602197852	S2	innovative producer private limited	house 11 5 c back portion ground floor blk 11 delhi north delhi delhi	india	india		empty_or_missing_name
S1-337503787	S3-938200148	S3	erwin interests l l c	al opelika 1750 hidden lakes drive	us	us	erwin,l,c	partial_token_overlap_unindexed
S1-747973935	S3-326798115	S3	lynne tilley platinum associated inc	108 school street spillville ia	us	us	inc,lynne,platinum,associated	partial_token_overlap_unindexed
S1-748540962	S2-851919581	S2	swastik sun investment private limited	h no b 1 plot no 8 1st floor extended lal dora santnagar parwati anch al burari new delhi central delhi delhi	india	india		empty_or_missing_name
S1-468893451	S2-10070703	S2	swastik systems private limited	ar shine no 42 1st main road bayappanahalli bangalore north bangalore karnataka	india	india		empty_or_missing_name
S1-973311760	S3-524247170	S3	alpha consulting pvt ltd	sector 110 opulencia landarn road rupnagar punjab b2 33 s a s nagar mohali	india	india	alpha,pvt,consulting,ltd	partial_token_overlap_unindexed
S1-46801320	S2-4475161	S2	krishna constructions private limited	6th floor hall no2 and 3 15nbcc tower bhikaji cama plase n delhi south delhi delhi	india	india		empty_or_missing_name
S1-365748286	S3-138985609	S3	great wintergreen	232 robbins farm road hamptonville nc	us	us	great	partial_token_overlap_unindexed
S1-893925971	S2-562086862	S2	sky estate	13 xxv street no 4 jaswant nagar shivpuri ludhiana punjab	india	india		empty_or_missing_name
S1-801884786	S3-454732768	S3	department of parks and recreation	326 mccroskey pike harrodsburg ky	us	us	parks,and,recreation,department	partial_token_overlap_unindexed
S1-598560016	S3-249450612	S3	best power	123 75 saresh bagh gararianpurwa fazalganj kanpur uttar pradesh	india	india	best	partial_token_overlap_unindexed
S1-91844641	S2-731822792	S2	pipefitters local 520	3001 nw loop 323 tyler tx	us	us		zero_shared_tokens_transliteration
S1-153314910	S3-45405759	S3	eye custom partners p c	1066 temple road bunnlevel nc	us	us	eye,partners,custom	partial_token_overlap_unindexed
S1-912858680	S3-480222069	S3	apex systems pvt ltd	302 3rd fl sr no 48 13 3 vijaylaxmi prestige rahatani kalewadi link road rahatani pune maharashtra	india	india	systems,pvt,apex,ltd	partial_token_overlap_unindexed
S1-558458240	S3-454950010	S3	select acres lp	unit 101 3011 trimblestone lane nc raleigh	us	us		zero_shared_tokens_transliteration
S1-832969377	S3-490601260	S3	patriot patriot monte inc	9945 tammy lane magnolia tx	us	us	inc,monte,patriot	partial_token_overlap_unindexed
S1-300906709	S2-59041023	S2	lewis metropolitan pearl	609 rustling winds drive york sc	us	us	metropolitan,lewis	partial_token_overlap_unindexed
S1-123756506	S3-565383880	S3	bliss management pvt ltd	f 6 5 sector no 3 f type association cbd b thane maharashtra	india	india	bliss,pvt,ltd	partial_token_overlap_unindexed
S1-375504380	S3-28088805	S3	dental clinic	15475 clear spring road williamsport md	us	us	clinic,dental	partial_token_overlap_unindexed
S1-674208702	S3-635779861	S3	jai consultants	nagar near lloyd bridge pune pune city s no 110 5 6 shivaji maharashtra	india	india	consultants,jai	partial_token_overlap_unindexed
S1-886804610	S2-44806588	S2	empire jones	9867 co rd 21 n west unity oh	us	us	jones,empire	partial_token_overlap_unindexed
S1-530881536	S3-12046043	S3	jessie pablo do p c	nd 5963 85 unit apartment 6309 williston	us	us		zero_shared_tokens_transliteration
S1-802814869	S3-783731090	S3	beacon mobility products llc	2502 laurel drive unit a bloomington il	us	us	mobility,beacon,products	partial_token_overlap_unindexed
S1-936979201	S3-287322698	S3	om polytechnic	2104 e wing puneville kate wasti punawale tathawade dattwadi near balaji temple pune city pune maharashtra	india	india	om,polytechnic	partial_token_overlap_unindexed
S1-643663550	S3-337418040	S3	empire rapid canadian llc	109 saint charles place chickasha ok	us	us	canadian,empire,rapid	partial_token_overlap_unindexed
S1-327553650	S3-818117685	S3	urban ice cream	322 woodhills boulevard west carrollton oh	us	us	urban,ice,cream	partial_token_overlap_unindexed
S1-179010934	S2-237794061	S2	housman aria inc	4082 zorro santa barbara ca	us	us	aria,housman	partial_token_overlap_unindexed
S1-852475309	S3-37077985	S3	youth center	516 moore avenue palacios tx	us	us	center	partial_token_overlap_unindexed
S1-44872528	S2-271298967	S2	nizamabad shree private limited	h no 1 22 shutter no 1 opp shyam petrol pump nizamabad telangana	india	india	shree,private,nizamabad	partial_token_overlap_unindexed
S1-828437606	S3-653440739	S3	lenee crossland complete medicines inc	409 houston avenue crookston mn	us	us	lenee,crossland,complete	partial_token_overlap_unindexed
S1-401202131	S3-614926621	S3	everest trust	310 3rd floor angel mega mall kaushambi ghaziabad uttar pradesh	india	india	trust,everest	partial_token_overlap_unindexed
S1-200274178	S3-598087808	S3	dynamic power limited	302 madhukala chs r k vaidya road dadar w mumbai maharashtra	india	india	limited,dynamic	partial_token_overlap_unindexed
S1-178189126	S2-528616559	S2	thane marino pvt ltd	garden enclave building no 03 flat no 203 near vasant vihar thane west thane maharashtra	india	india		zero_shared_tokens_transliteration
S1-862765599	S2-746376847	S2	carson loleta g md pc	80 crescent avenue bldg newton montessori school newton ma	us	us	loleta,g,carson,md	partial_token_overlap_unindexed
S1-99902905	S2-431178911	S2	szatkowski crystal first pc	3530 val vista drive unit 202 gilbert az	us	us		zero_shared_tokens_transliteration
S1-450642377	S3-44397515	S3	new delhi developers private limited	a 2 41 first floor najafagarh road rajouri garden new delhi west delhi delhi	india	india		zero_shared_tokens_transliteration
S1-779455754	S3-703972029	S3	vision value center llc	5250 theodore street maple heights oh	us	us	vision,value	partial_token_overlap_unindexed
S1-219109068	S3-894199499	S3	bombay constructions llp	tamil nadu v g n nagar iyyappan thangal kattupakkam post madras 56 post madras 56 plot no 1 chennai	india	india		empty_or_missing_name
S1-128347375	S3-507291376	S3	anand green logistics private limited	107 first floor plot no 6t c jaina tower 2 district centre janak new delhi delhi jaina tower 2 district centre janak new delhi delhi new delhi west delhi delhi	india	india		empty_or_missing_name
S1-523599143	S2-183278287	S2	properties escrow technology private limited	no 12 kamaraj nagar main road avadi chennai tamil nadu	india	india	private,limited,technology	partial_token_overlap_unindexed
S1-150228997	S3-141393736	S3	staten island community federal fellowship	167 marion street staten island ny	us	us	community,staten,fellowship,federal	partial_token_overlap_unindexed
S1-886943576	S2-968075546	S2	jemmie s modern media	135 drake avenue auburn al	us	us	media,s,modern,jemmie	partial_token_overlap_unindexed
S1-90254742	S3-995164726	S3	apex logistics pvt ltd	10 124 1 b mulakanoor bheemadevarapally warangal urban telangana	india	india		empty_or_missing_name
S1-546467485	S3-489615422	S3	vishwakarma educational society	upananda sarkar vill po gaighata near gaighata girls high school gaighata parganas north west bengal	india	india	society,vishwakarma,educational	partial_token_overlap_unindexed
S1-475018237	S2-811097788	S2	angel guide private limited	p no 35 no 25 mb nagar gulbarga karnataka	india	india	private,limited,angel	partial_token_overlap_unindexed
S1-55248059	S2-898021247	S2	astra law chambers	c 15 iiird flooramar colony main market lajpat nagar iv new delhi south delhi delhi	india	india	law,astra	partial_token_overlap_unindexed
S1-419753578	S3-627381381	S3	asset building fund	trumansburg ny 22 washington street	us	us	fund,asset	partial_token_overlap_unindexed
S1-350539444	S3-55805832	S3	shivam logistics private limited	no m 2 1st stage 5th cross peenya industrial area peenya bangalore karnataka	india	india	private,logistics,shivam	partial_token_overlap_unindexed
S1-289967560	S3-933167933	S3	coastal commercial private limited	s 522 school block shakarpur east delhi delhi	india	india	private,coastal,limited	partial_token_overlap_unindexed
S1-916933260	S2-693860767	S2	fidelity college private limited	60 wind tunnel road mrugeshpalya 3rd floor karnataka bengaluru bangalore	india	india	private,fidelity,limited	partial_token_overlap_unindexed
S1-603129525	S3-963107508	S3	innovative asset industries corp	15581 flowerhill circle stonegate co	us	us	innovative,asset	partial_token_overlap_unindexed
S1-525220238	S2-965773697	S2	croft tech llc	tx 105 bent tree lane ovilla	us	us	tech,croft	partial_token_overlap_unindexed
S1-182428749	S2-3882173	S2	internal medicine group	7395 69th street new leipzig nd	us	us	medicine,internal	partial_token_overlap_unindexed
S1-353174172	S2-563090925	S2	dental sterling physicians llc	4912 red oak drive fl ground floor il waterloo	us	us	physicians,llc,sterling,dental	partial_token_overlap_unindexed
S1-871480353	S3-75877001	S3	sexton and vaughan llc	7105 sanders way westerville oh	us	us		zero_shared_tokens_transliteration
S1-58752008	S3-249917606	S3	holy lutheran church	milton 14506 workman circle de	us	us	lutheran,holy	partial_token_overlap_unindexed
S1-844924228	S3-743863607	S3	q m healthcare	spokane valley 2912 wilbur road wa	us	us		zero_shared_tokens_transliteration
S1-854218548	S2-892174214	S2	housing society	340 wavecrest drive brookhaven ny	us	us	society,housing	partial_token_overlap_unindexed
S1-106291863	S2-883337894	S2	diamond scott and gould land pc	tn 100 naples lane tusculum	us	us	pc,and,scott,land,diamond	partial_token_overlap_unindexed
S1-42848680	S3-793186130	S3	pune organic private limited	10 chaitanya 32 snehnag sane guruji road sadashiv peth pune maharashtra	india	india	private,limited,pune	partial_token_overlap_unindexed
S1-816350345	S2-268791409	S2	uptown hypnosis	weymouth ma 31 pine street	us	us	hypnosis	partial_token_overlap_unindexed
S1-876712461	S3-229545229	S3	chiropractic specialists of la grange park llc	218 homestead road il unit 1 la grange park	us	us	la,specialists,of,grange,park,chiropractic	partial_token_overlap_unindexed
S1-317813952	S2-640746282	S2	office of public works	7205 superstition springs boulevard mesa unit 2139 az	us	us	public,office,of	partial_token_overlap_unindexed
S1-622916148	S3-676283440	S3	meenavi labs public limited	no100 1 a pollachi main roadtamaraikulam post kinathukadavu via pollachi taluk coimbatore district coimbatore tamil nadu	india	india	limited,meenavi,labs	partial_token_overlap_unindexed
S1-746703491	S3-140021888	S3	marsh industries ltd	d no 6 15 31 kubera towers 15 1 arundelpet guntur a p andhra pradesh	india	india	industries,marsh	partial_token_overlap_unindexed
S1-669276233	S2-722817886	S2	munoz scuti	2449 remington road unit apartment 2 city of green bay wi	us	us	munoz	partial_token_overlap_unindexed
S1-310249535	S2-154373458	S2	white foundation pvt ltd	4th street subbalakshmi nagar korattur chennai 42 tamil nadu	india	india	pvt,ltd,white,foundation	partial_token_overlap_unindexed
S1-214600556	S2-929119122	S2	universal healthcare limited	gurgaon haryana gurgaon shop no 101 first floor vpo wazirabad	india	india	healthcare,universal	partial_token_overlap_unindexed
S1-228546334	S3-853842993	S3	nagpur overseas limited	c o smt anusayabai d meshram ambedkar marg nagpur maharashtra	india	india	nagpur,overseas	partial_token_overlap_unindexed
S1-657704531	S2-454744377	S2	mumbai interior private limited	80 a south car street vellakottai aruppukottai virudhunagar tamil nadu	india	india	private,interior,mumbai	partial_token_overlap_unindexed
S1-479824122	S3-320488799	S3	prime infrastructure	c o kamlawati devi sonbarsa bazar gorakhpur uttar pradesh	india	india		empty_or_missing_name
S1-182046037	S2-411095766	S2	ag nieto reliable dividend inc	632 browning place winston salem nc	us	us		zero_shared_tokens_transliteration
S1-947431711	S3-47381924	S3	halcium fisheries	713 w first st madrid ia	us	us		zero_shared_tokens_transliteration
S1-502522346	S2-625806635	S2	johnson internet llc	3800 chandler boulevard unit 1191 chandler az	us	us	johnson,llc	partial_token_overlap_unindexed
S1-333939668	S2-432958620	S2	swasti institute of technology co	plot no 652 sa society khanamet kukatpally hyderabad telangana	india	india	institute,swasti,of,technology	partial_token_overlap_unindexed
S1-19368303	S2-891136405	S2	shanti communications pvt ltd	4328 gali no 6 jai mata market tri nagar delhi north west delhi delhi	india	india	shanti,pvt,ltd,communications	partial_token_overlap_unindexed
S1-566485202	S3-232748232	S3	new life synagogue	2035 litchfield dr hiawatha ia	us	us	life,synagogue,new	partial_token_overlap_unindexed
S1-419758141	S3-57289529	S3	ceex tax llc	10 ems c11 lane warsaw in	us	us	llc,tax	partial_token_overlap_unindexed
S1-38579651	S3-378348714	S3	mutual network networks p c	32 university avenue buffalo ny	us	us	network,mutual	partial_token_overlap_unindexed
S1-524036030	S3-686482320	S3	yes future india private limited	tiljala road kolkata west bengal kolkata west bengal 93 a kolkata howrah	india	india	yes,limited,future,india	partial_token_overlap_unindexed
S1-90707950	S2-409264324	S2	burn hardware private limited	kerala thiruvananthapuram pratheeksha venniyoor neyyattinkara trivandrum 15 196 a	india	india	private,hardware	partial_token_overlap_unindexed
S1-953585718	S3-301998008	S3	aw and associates pvt ltd	701 mehghputra building 15 b juhu tara road mumbai mumbai city maharashtra	india	india	aw,ltd,and,pvt	partial_token_overlap_unindexed
S1-487032061	S2-169779728	S2	indo healthcare private limited	16 india exchange place kolkata calcutta west bengal	india	india		empty_or_missing_name
S1-323643577	S2-586104571	S2	kay greens limited	1308 b wing 13 floor kohinoor square nc kelkar marg shivaji park dadar w mumbai mumbai city maharashtra	india	india	kay,limited	partial_token_overlap_unindexed
S1-453096104	S3-489890383	S3	bagaria trading private limited	no 640 main road shevapet salem tamil nadu	india	india	limited,bagaria,trading	partial_token_overlap_unindexed
S1-393157555	S3-113833654	S3	golden ice cream	307 belleville street freeburg il	us	us	ice,golden	partial_token_overlap_unindexed
S1-268533940	S3-458557551	S3	high marketing private limited	flat 1203 glen classic hiranandani central avenue road powai mumbai mumbai city maharashtra	india	india		empty_or_missing_name
S1-434464460	S3-872210031	S3	gober sun inc	3619 saint margaret street md baltimore	us	us	inc,gober	partial_token_overlap_unindexed
S1-189698956	S3-89530891	S3	division of public works	629 201 lake front place virginia beach city va	us	us	public,division,works,of	partial_token_overlap_unindexed
S1-921851461	S2-197046138	S2	avaneesh public school	house no 1020 gali no 30 block b sant nagar burari delhi north delhi delhi	india	india	avaneesh,school	partial_token_overlap_unindexed
S1-423620626	S2-190529288	S2	big international school	48 karnataka 1st cross 1st main kamalanagar bangalore bangalore north	india	india	school,big	partial_token_overlap_unindexed
S1-680506089	S2-534006690	S2	south impex private limited	plot no 51a zone asector a mancheswar industria l estate rasulgarh bhubaneswar khurda puri orissa	india	india		empty_or_missing_name
S1-904571917	S3-156093906	S3	navi mumbai farmer private limited	plot no h 2 m i d c industrial area behind hindliver taloja navi mumbai raigarh maharashtra	india	india	private,limited,farmer,navi	partial_token_overlap_unindexed
S1-842295843	S2-809794628	S2	secure audio installation inc	208 columbia avenue greensburg ky	us	us	inc,secure,installation,audio	partial_token_overlap_unindexed
S1-244890000	S3-971524963	S3	pune solutions private limited	nirmal township ii sno 42 kale padal road hadapsar pune maharashtra	india	india	solutions,limited,pune	partial_token_overlap_unindexed
S1-753637724	S3-781364229	S3	mumbai innovations private limited	flat 603 akruti erica shraddhanand road mumbai maharashtra	india	india	private,limited,mumbai	partial_token_overlap_unindexed
S1-175107354	S3-477734426	S3	aviva ellis tri state coastal clinic	3950 fairsted drive unit 327 raleigh nc	us	us	aviva,coastal,clinic,ellis	partial_token_overlap_unindexed
S1-264600155	S3-321337781	S3	super systems limited	ghaziabad khsra no 629 daulatpura eudc i and ii ghaziabad uttar pradesh shop 3	india	india		empty_or_missing_name
S1-406468682	S2-73308164	S2	san tan valley crane	2182 silver creek lane san tan valley az	us	us	tan,crane,valley,san	partial_token_overlap_unindexed
S1-377884642	S2-793833428	S2	orthopedic center pllc	russell ks 454 7th street	us	us	center,orthopedic	partial_token_overlap_unindexed
S1-90874088	S2-812394006	S2	chiropractic national care	6723 cedar lane westmont il	us	us	chiropractic,national	partial_token_overlap_unindexed
S1-232131364	S2-211936461	S2	hunger ministries of richland inc	1129 green acres richland in	us	us	inc,hunger,richland,of	partial_token_overlap_unindexed
S1-814067260	S3-466656730	S3	united trading limited	ernakulam c and a building vallathole kakkanad 4 1905 ernakulam kerala	india	india	united,trading	partial_token_overlap_unindexed
S1-483042630	S3-618029463	S3	zion pulses llp	c o mrs dharam sheela sinha at 6 m i g lohiya nagar kankarbagh patna bihar	india	india	pulses,zion	partial_token_overlap_unindexed
S1-499298317	S3-659710562	S3	jacobs force limited	12th floor gh 7 crossing republic ghaziabad uttar pradesh	india	india	jacobs,force	partial_token_overlap_unindexed
S1-873216059	S3-125982881	S3	advanced transit brands inc	1627 spring road lenoir city tn	us	us	inc,advanced,brands	partial_token_overlap_unindexed
S1-880324716	S3-622213185	S3	siia investments inc	8411 gabrielino court rancho cucamonga ca	us	us	inc,siia	partial_token_overlap_unindexed
S1-470699785	S3-363342939	S3	krystyna s energy inc	ny unit apartment 206 183 main street fredonia	us	us	krystyna,s,inc	partial_token_overlap_unindexed
S1-480806934	S3-145948716	S3	ridge fellowship	114 timber top drive spring tx	us	us	ridge,fellowship	partial_token_overlap_unindexed
S1-290098922	S2-212219170	S2	misti lee md group	4124 carrollton court unit apt a bridgeton mo	us	us	lee,misti,md	partial_token_overlap_unindexed
S1-912518943	S3-607038320	S3	perfect products private limited	c s complex near police chowki 100ft road shimoga 2nd floor vinobanagara karnataka	india	india		empty_or_missing_name
S1-233981657	S3-73641505	S3	unique impex pvt ltd	kolkata calcutta 43 dumdum par4th fl west bengal	india	india		zero_shared_tokens_transliteration
S1-795195261	S2-729639379	S2	clay oriental co	nc 1429 perry street gastonia	us	us		zero_shared_tokens_transliteration
S1-138217554	S3-990537250	S3	desert animal hospital	1237 east street indianapolis in	us	us	desert,animal,hospital	partial_token_overlap_unindexed
S1-810122828	S2-6879126	S2	guruharsahai energy	rishi chownk guruharsahai guruharsahai ferozepur punjab	india	india	energy	partial_token_overlap_unindexed
S1-865787206	S3-393873587	S3	spaces india hospitality ltd	3 128 vibhav khand gomti nagar lucknow uttar pradesh	india	india	spaces,hospitality,india	partial_token_overlap_unindexed
S1-212632055	S3-990574238	S3	ghazipur infotech pvt ltd	c o nira pirnagar ghazipur govind chad ghazipur uttar pradesh	india	india	pvt,ltd,ghazipur	partial_token_overlap_unindexed
S1-263779962	S2-802701269	S2	ajay eco private limited	f 201 rajeshwar co op hsg soc jogeshwari vikhroli link road opp syam nagar talav jogeshwari e mumbai mumbai city maharashtra	india	india	eco,limited,ajay	partial_token_overlap_unindexed
S1-455774124	S3-544246869	S3	south builders private limited	plot no 210 pension nagar nagpur maharashtra	india	india	south,private,limited	partial_token_overlap_unindexed
S1-765557507	S3-499965285	S3	hall harbor home care inc	2 springhill street fairhaven ma	us	us	hall,home,harbor	partial_token_overlap_unindexed
S1-631165181	S3-835344177	S3	brown and martinez	1119 24th avenue grand forks nd	us	us	brown,martinez	partial_token_overlap_unindexed
S1-896058648	S3-165003891	S3	united agro pvt ltd	t8 36 3rd floor palm olympia gh 2 sector 16 c gautam buddha nagar uttar pradesh	india	india	united,pvt,agro	partial_token_overlap_unindexed
S1-609550886	S3-596851190	S3	camper capital llc	80 volunteer lane fairmont wv	us	us		zero_shared_tokens_transliteration
S1-212810559	S3-123991628	S3	supreme bharat marketing limited	santoshima farm byrasettyhalli gollahalli gate nelamangala bangalore karnataka	india	india		empty_or_missing_name
S1-320707624	S2-226779720	S2	gold tech llp	244 ghodasar maninagar ahmedabad gujarat	india	india	tech,gold	partial_token_overlap_unindexed
S1-550938653	S3-673370557	S3	balaji foods llp	h no 102 1st floor mahalaxmi layout behind sbm gokul road hubli dharwad dharwar karnataka	india	india	balaji,foods	partial_token_overlap_unindexed
S1-179613553	S3-323996342	S3	kilgore and mill inc	il 2481 1500 road n windsor	us	us	kilgore,inc,and	partial_token_overlap_unindexed
S1-346682498	S3-310488502	S3	foot and ankle associates inc	7201 79th avenue brooklyn park mn	us	us	ankle,associates,foot,and	partial_token_overlap_unindexed
S1-151073973	S3-849299549	S3	mysore opticals private limited	no 1173ch chamarajapuram mysore karnataka	india	india		zero_shared_tokens_transliteration
S1-956352158	S3-146936522	S3	western academy partners	802 park boulevard tx austin	us	us	western,partners	partial_token_overlap_unindexed
S1-434802827	S3-229523300	S3	laborers union local no 40	865 kings parkway hempstead ny	us	us	laborers,union,local,no	partial_token_overlap_unindexed
S1-298258650	S2-101291024	S2	sai products private limited	mumbai office no 302 maharashtra 3rd floor navakar plaza cts no 949 bajaj road vile parle west	india	india	private,sai,products	partial_token_overlap_unindexed
S1-72785829	S3-402046701	S3	baltazar and barbosa inc	3623 queen avenue minneapolis mn	us	us	baltazar,inc,barbosa	partial_token_overlap_unindexed
S1-85396495	S3-638991636	S3	royal consultants pvt ltd	31 mistry courtdinshaw vatcha road churchgate mumbai maharashtra mumbai	india	india		empty_or_missing_name
S1-226817070	S2-351190792	S2	sai consultantprivate pvt ltd	2nd floor pranava the business park adjacent to harsha toyota serilingampally k v rangareddy telangana	india	india	pvt,ltd,sai	partial_token_overlap_unindexed
S1-623385922	S2-490632643	S2	quantum and co	f no 141 1 first floor vigneshwara dhanalakshmi a kilampakkam kilam kanchipuram kancheepuram tamil nadu	india	india	and,quantum	partial_token_overlap_unindexed
S1-956502954	S2-730555993	S2	rev it up nails	4231 james street winston salem nc	us	us	it,rev,up	partial_token_overlap_unindexed
S1-620120205	S3-767200875	S3	tech sas marketing llp	krishna andhra pradesh rs219 2c veerapanenigudem road gannavaram mandal	india	india	marketing,sas,tech	partial_token_overlap_unindexed
S1-412422423	S3-983195610	S3	orthopedic partners of cambridge	cambridge vt 465 sterling ridge drive	us	us	orthopedic,cambridge,of	partial_token_overlap_unindexed
S1-308240187	S3-377116427	S3	lb xrp	3118 soaring pines trail conroe tx	us	us	lb	partial_token_overlap_unindexed
S1-329377434	S3-66080211	S3	maa hospitality pvt ltd	amc xi 674 geetha nivas v v clinic lane k s r a 96 attingal thiruvananthapuram trivandrum kerala	india	india	pvt,ltd,hospitality	partial_token_overlap_unindexed
S1-197934161	S3-212259351	S3	verrify communications llc	3745 english avenue eaton ny	us	us	verrify,communications	partial_token_overlap_unindexed
S1-83797178	S3-48558783	S3	sk health private limited	north west delhi block c sector 19 rohini delhi north west delhi house no 330	india	india	private,limited,sk	partial_token_overlap_unindexed
S1-715855842	S2-471616118	S2	holy catholic church	3300 graf street unit unit 83 bozeman mt	us	us	catholic,church,holy	partial_token_overlap_unindexed
S1-743605943	S3-228652011	S3	pediatric health llc	108 bedbug hill road otsego ny	us	us	pediatric,health	partial_token_overlap_unindexed
S1-367810996	S3-406711811	S3	jones ford of warren	1816 milton street warren oh	us	us	warren,jones,ford,of	partial_token_overlap_unindexed
S1-654779565	S3-838242375	S3	regional golden horse llc	14210 moore road marion il	us	us	regional,golden	partial_token_overlap_unindexed
S1-662614977	S3-13477449	S3	all tech pvt ltd	plot no 22 krishna nagarannexe off evr periyar road manapakkam chennai 600 116 tamil nadu	india	india		empty_or_missing_name
S1-651440891	S3-739167409	S3	smriti india systems limited	rz 179b first floor gali no 16 tughlakabad extention new delhi south delhi delhi	india	india	systems,smriti,india	partial_token_overlap_unindexed
S1-71382864	S3-977966093	S3	rodriguez apex ngl	6068 sparrow street millington tn	us	us	apex	partial_token_overlap_unindexed
S1-87922685	S3-868562280	S3	moti traders private limited	delhi village hiranki narela 100 delhi	india	india	private,moti,limited	partial_token_overlap_unindexed
S1-548386514	S3-58730496	S3	bridgers delta southern	2206 baywood drive atlanta ga	us	us		zero_shared_tokens_transliteration
S1-111065528	S3-340441081	S3	duplantis wisekey inc	7340 stock ranch road unit apt 7 citrus heights ca	us	us	inc,duplantis	partial_token_overlap_unindexed
S1-990758630	S2-262707381	S2	obsidian llc	2109 215th street court spanaway wa	us	us	obsidian,llc	partial_token_overlap_unindexed
S1-990703745	S3-45607258	S3	zevue	8004 20 masonville ny	us	us		zero_shared_tokens_transliteration
S1-430486264	S3-373475446	S3	ashleigh tolbert dds pc	tx stamford 1215 landon street	us	us	ashleigh,tolbert	partial_token_overlap_unindexed
S1-305905760	S3-509763447	S3	mumbai computer private limited	flat no 1004 10th floor runwal tower opp veena nagar lbs marg mulund west mumbai maharashtra	india	india		zero_shared_tokens_transliteration
S1-263933904	S3-674953264	S3	global amplify inc	230 pinebrook school road mocksville nc	us	us	amplify,inc	partial_token_overlap_unindexed
S1-909714160	S3-799703737	S3	unique energy limited	c o dharam pal singh ff225 vidhyakniwas upil aishbagh lucknow uttar pradesh	india	india		empty_or_missing_name
S1-96384267	S3-612454592	S3	bharat construction private limited	325 mico layout n s palya bangalore 34 bangalore karnataka	india	india	construction,private,limited	partial_token_overlap_unindexed
S1-248350153	S3-296165612	S3	ortiz value inc	2352 breckenridge court va harrisonburg city	us	us	ortiz,value	partial_token_overlap_unindexed
S1-609714937	S3-949480863	S3	swastik foods private limited	101 meridien palace ceaser road amboli andheri west mumbai maharashtra	india	india		empty_or_missing_name
S1-389170212	S3-160956773	S3	back alley deli	nc 6154 andrew jackson highway chadbourn	us	us	alley,back	partial_token_overlap_unindexed
S1-711611699	S2-185968101	S2	nunez s eye care	159 02 riverside drive whitestone ny	us	us	nunez,s,eye	partial_token_overlap_unindexed
S1-940994641	S3-12907325	S3	gbs india chamber limited	scf 10 2nd floor phase vi mohali punjab	india	india	limited,gbs,india	partial_token_overlap_unindexed
S1-222532596	S2-688411657	S2	bangalore north biz llp	no 106 arya krishna apart canarabank layout bangalore north bangalore karnataka	india	india	biz,bangalore,north	partial_token_overlap_unindexed
S1-942449735	S3-287216346	S3	construction information india pvt ltd	plot no 86 132 khata no 206 143 at bijepur post khariar dist nuapada khariar kalahandi orissa	india	india	construction,pvt,ltd,information	partial_token_overlap_unindexed
S1-139763012	S3-363940545	S3	mckenzie green corporate	ravenna oh 3753 sandy lake road	us	us	green,mckenzie	partial_token_overlap_unindexed
S1-193678413	S3-302027056	S3	alliance durga private limited	flat no 15 a plot no b 9 8 p d i l appartment sector 62 noida gautam buddha nagar uttar pradesh	india	india	durga,limited,alliance	partial_token_overlap_unindexed
S1-99208842	S3-219527887	S3	bright yoga	9512 snow heights boulevard albuquerque nm	us	us	bright,yoga	partial_token_overlap_unindexed
S1-644883617	S3-915357559	S3	jainam trust	office no a 4 first floor bldg no 13 shivam chsl shastri nagar link road goregaon west mumbai maharashtra	india	india	jainam,trust	partial_token_overlap_unindexed
S1-674999328	S2-383431754	S2	shivam seeds pvt ltd	3 ground floor gulab dutt chs ltd plot no 30 d k sandhu marg chembur mumbai mumbai city maharashtra	india	india	pvt,seeds,shivam,ltd	partial_token_overlap_unindexed
S1-541418443	S3-630402944	S3	planet industries private limited	house no 53 street no 3 chunni mohammadpurazampur hapur ghaziabad uttar pradesh	india	india		zero_shared_tokens_transliteration
S1-227616508	S3-102122407	S3	underwood stowe and monroe inc	2400 richland drive des moines ia	us	us	stowe,inc,monroe,underwood	partial_token_overlap_unindexed
S1-773585271	S2-584433477	S2	interstate premier infinite pllc	21 black walnut lane nelson county va	us	us	interstate,infinite,premier	partial_token_overlap_unindexed
S1-222532596	S3-494569623	S3	bangalore north biz llp	no 106 arya krishna apart canarabank layout bangalore north bangalore karnataka	india	india		zero_shared_tokens_transliteration
S1-174478460	S3-798840262	S3	vanguard cargo works	1537 oak forest parkway court unit apt c saint louis mo	us	us	works,vanguard	partial_token_overlap_unindexed
S1-72793779	S3-937839316	S3	chiropractic advanced care associates	ia mcclelland 411 railroad ave	us	us	chiropractic,associates,advanced	partial_token_overlap_unindexed
S1-369102598	S3-757449356	S3	valley institute vi inc	22 a balsam street rockland ma	us	us	institute,valley	partial_token_overlap_unindexed
S1-821397907	S2-250950363	S2	rudransh consultancy limited	16a 19 s 4 second floor barsati w e a karol bagh new delhi central delhi delhi	india	india	rudransh,limited	partial_token_overlap_unindexed
S1-730458882	S3-514468311	S3	evans tbk llc	8368 citrus road unit 1 2 malvern oh	us	us	tbk,evans	partial_token_overlap_unindexed
S1-157183174	S2-362831930	S2	vinny fernandez advisory associates	142 w grandiflora drive wallace nc	us	us	vinny,advisory,fernandez	partial_token_overlap_unindexed
S1-795331547	S3-849001613	S3	gay infrastructure pvt ltd	shivnaath saahu tilwara kalaari ke saamane jabalpur madhya pradesh	india	india		zero_shared_tokens_transliteration
S1-929272542	S3-872625673	S3	onyx llc	83 seine drive cheektowaga ny	us	us	llc	partial_token_overlap_unindexed
S1-291991311	S3-226390850	S3	physical therapy coastal group	710 7th avenue mandan nd	us	us	coastal,group,physical,therapy	partial_token_overlap_unindexed
S1-640963226	S3-64677195	S3	surya foods limited	ff 53 avishkar complex old padra road vadodara gujarat	india	india		empty_or_missing_name
S1-144980832	S3-849688795	S3	blue estate	7 1 619 a 24 1 and 2 f no 103 ameerpet telangana hyderabad sai bhargavi residency	india	india		empty_or_missing_name
S1-817122885	S2-648897141	S2	ace foundation limited	e 50 2nd floor greater kailash enclave ii delhi south delhi delhi	india	india		empty_or_missing_name
S1-436048301	S2-27011003	S2	better first net	phoenix az 2319 glendale avenue	us	us	net,better	partial_token_overlap_unindexed
S1-128303392	S2-541984539	S2	stanton genetics llc	7542 garden lane justice il	us	us	stanton,llc	partial_token_overlap_unindexed
S1-914022652	S3-887893276	S3	international products private limited	shimoga karnataka shop no 101 srinidhi complex shivaji road sagara shimoga	india	india	private,limited,international	partial_token_overlap_unindexed
S1-179790769	S2-839429449	S2	48 hour towing	1200 12th street west des moines ia	us	us	48,hour	partial_token_overlap_unindexed
S1-943567970	S2-970285299	S2	blunt robotics llc	477 ipswich road boxford ma	us	us		zero_shared_tokens_transliteration
S1-813205952	S3-882063564	S3	dahl unified armada inc	102 r south street cuba ny	us	us	armada,unified,dahl	partial_token_overlap_unindexed
S1-680760019	S3-646780562	S3	indian foundation private limited	187 1 a 1 jawahar nagar meerut uttar pradesh	india	india	indian,limited,foundation	partial_token_overlap_unindexed
S1-263622539	S2-738611199	S2	newberry jerrine e dmd	806 e wood drive fl ground floor columbia il	us	us	newberry,e,dmd	partial_token_overlap_unindexed
S1-859043162	S3-569949541	S3	anchor wireless enterprises llc	3863 bright street madill ok	us	us	enterprises,anchor,llc	partial_token_overlap_unindexed
S1-88136188	S3-821069484	S3	east engineering private limited	c o hanuman r o h no 1 dhamraiya paraspur tarabganj gonda uttar pradesh	india	india	east	partial_token_overlap_unindexed
S1-270481905	S2-848209005	S2	shakti technologies pvt ltd	36 lodhi mohalla indore madhya pradesh	india	india		empty_or_missing_name
S1-937421126	S2-851917518	S2	beacon digital labs inc	2500 s park loop road jackson wy	us	us	beacon,digital	partial_token_overlap_unindexed
S1-447172933	S3-613517062	S3	custom strategic iheartmedia llc	78 rigsby road marshall nc	us	us	custom,iheartmedia,strategic	partial_token_overlap_unindexed
S1-652394838	S3-913540979	S3	latin	fort worth tx 101 nursery lane	us	us		zero_shared_tokens_transliteration
S1-683697428	S3-122318621	S3	grayce s partners	13508 riding drive pflugerville tx	us	us	s,grayce	partial_token_overlap_unindexed
S1-400182936	S3-942051017	S3	young dedie d o dds pc	17146 running deer trail surprise az	us	us	dedie,d,o,young	partial_token_overlap_unindexed
S1-15032560	S3-853701084	S3	j and g trust	va roanoke county 3050 creekside drive	us	us		zero_shared_tokens_transliteration
S1-502043608	S2-631646082	S2	ij constructions limited	d 37 iind floor gautam buddha nagar uttar pradesh sector 63 noida noida	india	india	ij,constructions	partial_token_overlap_unindexed
S1-650284192	S3-476472664	S3	black infrastructure private limited	no 10 nehru nagar west kalapatty village coimbatore tamil nadu	india	india		empty_or_missing_name
S1-132887604	S2-925272159	S2	peak safe pipeline inc	155 cumberland avenue attleboro ma	us	us	peak,pipeline,safe	partial_token_overlap_unindexed
S1-754516032	S2-996973924	S2	ear nose and throat partners corp	2 jaeger drive cornwall ny	us	us		zero_shared_tokens_transliteration
S1-77374624	S3-182729432	S3	lucky ice cream	2539 redding drive whitestown in	us	us	lucky,ice,cream	partial_token_overlap_unindexed
S1-739611320	S2-578701465	S2	southern northland llc	101 n sierra woods drive rockport tx	us	us	llc,northland	partial_token_overlap_unindexed
S1-307826956	S2-231962122	S2	ace research advisors	3424 tibbett avenue bronx ny	us	us	research,ace	partial_token_overlap_unindexed
S1-67240476	S3-925320502	S3	silver bistro llc	305 caroline street ashland town va	us	us	silver,llc,bistro	partial_token_overlap_unindexed
S1-872683586	S2-259133287	S2	womens health physicians	2747 greenup avenue ashland ky	us	us	physicians,health,womens	partial_token_overlap_unindexed
S1-224326275	S3-525249333	S3	fresh seafood	4188 oak meadows drive unit 21 taylorsville city ut	us	us	seafood,fresh	partial_token_overlap_unindexed
S1-580205927	S3-798637030	S3	indo projects pvt ltd	sy no 710 near nuthankal rice mill nuthankal medchal rangareddy telangana	india	india		empty_or_missing_name
S1-875230664	S2-64572839	S2	smith alibaba llc	585 bethlehem road statesville nc	us	us	smith,llc	partial_token_overlap_unindexed
S1-144106358	S3-196464527	S3	sree business private limited	plot no 188 t 3 third floor shakari nagar chiranjeev vihar ghaziabad uttar pradesh	india	india	sree,limited,business	partial_token_overlap_unindexed
S1-301658594	S2-898367978	S2	metz senior llc	3872 harrison circle trappe md	us	us	senior,metz	partial_token_overlap_unindexed
S1-743364627	S2-490926249	S2	kolkata education private limited	6 a 6 b t road kolkata howrah west bengal	india	india	kolkata,education	partial_token_overlap_unindexed
S1-742621289	S3-596276279	S3	black dream technology private limited	17 1st cross pipeline road kumaraswamy layout bengaluru bangalore karnataka	india	india	private,limited,black,technology	partial_token_overlap_unindexed
S1-239875910	S2-316500095	S2	ted osborn strategic commodity clinic	1407 summit road benton ar	us	us		zero_shared_tokens_transliteration
S1-354653934	S2-154877233	S2	sun builders private limited	7a national pearl star bu near changapuzha metro ernakulam kerala	india	india	sun,private,limited	partial_token_overlap_unindexed
S1-435339766	S3-229052685	S3	temple methodist church	8066 lake haven drive hanover county va	us	us	temple,methodist	partial_token_overlap_unindexed
S1-512939885	S3-321547963	S3	lotus iq llp	207 maharshi debendra road 4th floor room no 73a kolkata kolkata howrah west bengal	india	india	iq,lotus	partial_token_overlap_unindexed
S1-724315493	S3-87221440	S3	cobalt lp	3300 204th street unit room 12 wa lynnwood	us	us	lp,cobalt	partial_token_overlap_unindexed
S1-443538659	S3-586808165	S3	consulting soubhagya manager private limited	room no 301 third floor 408 g t road south post botanical garden p s shibpur howrah west bengal	india	india	private,limited,consulting,manager	partial_token_overlap_unindexed
S1-548474253	S3-844666494	S3	jai classic foods private limited	roystonea s no 139140141 p mpt 26 b no m 8th floor flat no 802 magarpatta city hadapsar pune maharashtra	india	india	private,limited,jai,foods	partial_token_overlap_unindexed
S1-367503338	S3-647073521	S3	hitech investments private limited	2 4 sector j jankipuram lucknow uttar pradesh	india	india		empty_or_missing_name
S1-534954466	S3-95019510	S3	peak aura pllc	1619 sunray drive murfreesboro tn	us	us	peak,pllc	partial_token_overlap_unindexed
S1-103510122	S2-672854820	S2	h 7 s logistics lp	7849 costa fl 1 scottsdale az	us	us	h,lp,7,logistics	partial_token_overlap_unindexed
S1-19868030	S3-842118790	S3	leech hammer and baratta environmental services	730 bierly street walkerton in	us	us	environmental,and,services,leech,baratta	partial_token_overlap_unindexed
S1-737552114	S3-165975302	S3	eye capital health	60 sunset drive titus al	us	us	eye,health,capital	partial_token_overlap_unindexed
S1-538643272	S3-884771330	S3	discover dimensional india limited	b 39 sector 64 hcl noida gautam buddha nagar uttar pradesh	india	india	discover,limited,india	partial_token_overlap_unindexed
S1-758583517	S3-574424286	S3	smartlife sangh	a175 and 176peenya industrial 1stage4cross p i a peenya bangalore north bangalore karnataka	india	india	sangh,smartlife	partial_token_overlap_unindexed
S1-591419217	S3-206228453	S3	family partners llc	9707 230th place kent wa	us	us	partners,family	partial_token_overlap_unindexed
S1-458402369	S2-315763515	S2	saint chapel	6929 2nd street unit apt 19 scottsdale az	us	us	saint,chapel	partial_token_overlap_unindexed
S1-951376783	S2-106730426	S2	oa classic cleaning service clinic	ca 902 redwood boulevard redding	us	us	oa,classic,cleaning	partial_token_overlap_unindexed
S1-509283665	S2-994731641	S2	bay pinnacle horizon lp	2450 county road 022 tx jasper	us	us	bay,pinnacle,horizon	partial_token_overlap_unindexed
S1-212132831	S2-402043287	S2	frontier dynamic security inc	133 woodmere drive williamsburg city va	us	us	inc,dynamic,frontier	partial_token_overlap_unindexed
S1-751274308	S2-772254974	S2	smith dominguez and sparacio llc	132 holly drive ca camarillo	us	us		zero_shared_tokens_transliteration
S1-732585910	S3-778193779	S3	rosales certified pan	7972 vaughn road montgomery al	us	us	rosales,pan	partial_token_overlap_unindexed
S1-447600441	S3-1246894	S3	arihant business private limited	house no 118 aradhana professor colony punaichak patna bihar	india	india		empty_or_missing_name
S1-315937884	S2-907022471	S2	ratnagiri india international private limited	uttar pradesh c 157 sec 93 noida c o kps sishodia gautam buddha nagar dadri	india	india	international,private,ratnagiri,limited	partial_token_overlap_unindexed
S1-486510827	S2-611691432	S2	creative developers private limited	2 floor 5 72 keshari bhavan shaikh memon street zaveri bazar kalbadevi mumbai mumbai city maharashtra	india	india		empty_or_missing_name
S1-326914722	S3-852158523	S3	simone college p c	bridgeton mo 3617 archerton drive	us	us	college,simone	partial_token_overlap_unindexed
S1-688465442	S3-505379567	S3	609 highland lane apartments lp	1820 union street seattle wa	us	us	apartments,609,highland,lane	partial_token_overlap_unindexed
S1-22901106	S3-397199355	S3	sibel nguyen metropolitan associates inc	913 4th street sinton tx	us	us		zero_shared_tokens_transliteration
S1-677904677	S3-849633832	S3	metro classic martin llc	250 campbell court east gadsden al	us	us		zero_shared_tokens_transliteration
S1-450167159	S3-417970489	S3	maa and co	sf no 827 6b3 1 3rd street sarathambal nagar avanashi coimbatore tamil nadu	india	india	maa	partial_token_overlap_unindexed
S1-811584019	S3-911718450	S3	national interprivate inc	128 lenoxplace circle garner nc	us	us	interprivate,national	partial_token_overlap_unindexed
S1-569650556	S2-98420113	S2	guzman paez and cruz american	nc 1812 emerald drive emerald isle	us	us	cruz,and,guzman,paez	partial_token_overlap_unindexed
S1-274775469	S2-549156779	S2	purvis great nippon	510 livingston circle seneca sc	us	us	purvis,great	partial_token_overlap_unindexed
S1-804244480	S3-768707991	S3	empire alliance	tx austin 602 colonial park boulevard	us	us	alliance,empire	partial_token_overlap_unindexed
S1-264533506	S3-278874926	S3	personal services india private limited	25 40 everest co op housing society d road dombivli thane maharashtra	india	india	private,services,personal,india	partial_token_overlap_unindexed
S1-52131287	S3-814589292	S3	skin traders limited	ward no 24 fooj ka mohalla near chourasiya mandir jhunjhunu jhunjhunun rajasthan	india	india	skin,traders	partial_token_overlap_unindexed
S1-436972386	S2-904635991	S2	fj piedmont figx llc	39393 parsons road grafton oh	us	us		zero_shared_tokens_transliteration
S1-382018301	S2-692445487	S2	ms farmers limited	372 raj nivas ottupura karikkuzhi kollam kerala	india	india	ms,limited	partial_token_overlap_unindexed
S1-467736405	S3-975496406	S3	big construction pvt ltd	mumbai city maharashtra mumbai 5 floor 1 plot 24 a b bomanji dhunji bhoy building brahmadeo khot marg nawab tank road mazg aon	india	india		empty_or_missing_name
S1-835581754	S3-793749688	S3	cure coffee	2840 dave ward drive unit apt f2 conway ar	us	us	coffee,cure	partial_token_overlap_unindexed
S1-783575505	S2-75798168	S2	aditya best international private limited	60ff gajanand park soc 2 b h chikuvadi puna road choryasi surat gujarat	india	india		empty_or_missing_name
S1-91890249	S3-752025049	S3	south services llp	c o mita mukherjee kochdihi jhanjra burdwan laudoha bardhaman west bengal	india	india	south,services	partial_token_overlap_unindexed
S1-227361974	S3-893171214	S3	ellie holland esq m d p c	tx 6617 moss lane fort worth	us	us	esq,holland,ellie	partial_token_overlap_unindexed
S1-620179786	S2-934629392	S2	washington and dillon precious	il 1589 rochester road pingree grove	us	us	precious,washington,dillon,and	partial_token_overlap_unindexed
S1-427156059	S2-695978301	S2	mueller young and lessing inc	807 golfview place mount prospect il	us	us	mueller,inc,and,young	partial_token_overlap_unindexed
S1-846738032	S2-234052417	S2	new industries private limited	plot 190 1 ground floor kh no 25 11 rishal garden new delhi west delhi delhi	india	india		empty_or_missing_name
S1-803676246	S2-373765134	S2	laxmi perfect it private limited	uttar pradesh noida 16th avenue gaur city 2 g noida west gautam buddha nagar h 18057	india	india		empty_or_missing_name
S1-702151226	S3-737949504	S3	great housing pvt ltd	g 15 plot no 12 v3s mall east centre laxmi nagar new delhi east delhi delhi	india	india	pvt,great,housing	partial_token_overlap_unindexed
S1-648886561	S3-46834107	S3	torrent biotech private limited	geeta bhavan pardesi pura gaddi godam nagpur maharashtra	india	india	private,torrent,biotech	partial_token_overlap_unindexed
S1-993793143	S2-101011369	S2	secure freight partners pllc	25041 20th avenue wa des moines	us	us	freight,secure,pllc	partial_token_overlap_unindexed
S1-865766416	S3-406169283	S3	jerrine greenlaw farms	kermit wv 1024 mudlick road	us	us	greenlaw,jerrine	partial_token_overlap_unindexed
S1-991707666	S2-988412780	S2	silver estate private limited	220 anoop nagar indore madhya pradesh	india	india		empty_or_missing_name
S1-566143634	S2-918885619	S2	unique services private limited	47 matheshwartala road kolkata kolkata howrah west bengal	india	india	limited,unique,services	partial_token_overlap_unindexed
S1-962497832	S3-791329206	S3	excel brothers limited	s o ratten lal kanwali buroli rewari haryana	india	india	excel,brothers	partial_token_overlap_unindexed
S1-831523781	S3-239391304	S3	latur college private limited	67 s f sewak park uttam nagar new delhi south west delhi delhi	india	india		zero_shared_tokens_transliteration
S1-434314956	S3-293830401	S3	kc india corporation	7th floor b 11 g malviya industrial area jaipur rajasthan	india	india	kc,corporation	partial_token_overlap_unindexed
S1-553547335	S3-460603708	S3	ted bailey fusion llc	4475 sandpiper circle gunbarrel co	us	us	ted,fusion,llc	partial_token_overlap_unindexed
S1-548093714	S3-416496605	S3	dental partners inc	1106 kingsway drive unit apt 1 lorain oh	us	us	inc,partners,dental	partial_token_overlap_unindexed
S1-3247254	S3-926557227	S3	star velos ltd	port arthur tx 4349 willow bend lane	us	us		zero_shared_tokens_transliteration
S1-19053820	S2-51046564	S2	meridian	4301 laurel oak lane muncie in	us	us	meridian	partial_token_overlap_unindexed
S1-239549407	S3-511066366	S3	ganpati technologies limited	2 e 99 prasana vastu chsl marve road malad w mumbai maharashtra	india	india	ganpati,technologies	partial_token_overlap_unindexed
S1-568399811	S2-315913194	S2	big constructions private limited	80 chandralok colony f no 202 ishwar aptt indore madhya pradesh	india	india		empty_or_missing_name
S1-803212175	S3-881045304	S3	sureka welfare society	plot no 90 scheme 53 ratnalok colony near medanta hospital indore madhya pradesh	india	india	sureka,welfare	partial_token_overlap_unindexed
S1-791548645	S3-899848294	S3	gouveia foods inc	401 w 3rd st unit apt 102 davenport ia	us	us	gouveia,foods	partial_token_overlap_unindexed
S1-998047546	S3-956032474	S3	innovative superior tge p c	33380 salisbury road albemarle nc	us	us	innovative,tge,superior	partial_token_overlap_unindexed
S1-874682146	S3-894820870	S3	jay infrastructure pvt ltd	187 sainagar soc dindoli mangrol surat gujarat	india	india	jay,pvt,ltd	partial_token_overlap_unindexed
S1-294333645	S3-742169668	S3	strategic aerospace alliance inc	8839 leclaire meadow drive humble tx	us	us	aerospace,alliance,strategic	partial_token_overlap_unindexed
S1-15474575	S2-548742658	S2	unified aerospace associates llc	154 9892 cushing tx	us	us	aerospace,unified,llc	partial_token_overlap_unindexed
S1-529046082	S3-246207172	S3	hari management private limited	shop no 2 ground floor sri niwas puri i market opp mother dair y new delhi south delhi delhi	india	india		empty_or_missing_name
S1-907628644	S2-455608863	S2	united montessori school	100 market street upper providence township pa	us	us	united,school	partial_token_overlap_unindexed
S1-328864149	S3-393813094	S3	lotus international limited	thabore p o ernakulam building no ix 481b olive mount kerala	india	india	limited,international	partial_token_overlap_unindexed
S1-44427760	S2-213520642	S2	vision innovative developers private limited	c 71 dda flat new ranjeeet nagar new delhi central delhi delhi	india	india	vision,developers,innovative	partial_token_overlap_unindexed
S1-684624531	S2-553665270	S2	raj global private limited	c o lhadom wangdi patel road behind sn bose siliguri darjiling darjeeling west bengal	india	india	private,raj,limited	partial_token_overlap_unindexed
S1-803212175	S2-558550837	S2	sureka welfare society	plot no 90 scheme 53 ratnalok colony near medanta hospital indore madhya pradesh	india	india	society,sureka,welfare	partial_token_overlap_unindexed
S1-522543700	S3-139930318	S3	dermatology specialists llc	405 lee avenue colonial heights city va	us	us	dermatology,llc,specialists	partial_token_overlap_unindexed
S1-896058648	S2-116945026	S2	united agro pvt ltd	t8 36 3rd floor palm olympia gh 2 sector 16 c gautam buddha nagar uttar pradesh	india	india		empty_or_missing_name
S1-249258670	S3-434301066	S3	dior inc	69 siders pond road falmouth ma	us	us	dior	partial_token_overlap_unindexed
S1-862223871	S3-922214964	S3	aditya foundation private limited	vivekanand nagar 1091 uttar pradesh ghaziabad	india	india	aditya,foundation	partial_token_overlap_unindexed
S1-957062429	S2-573077849	S2	vantify andretti llc	1538 millman street peoria il	us	us	andretti,vantify	partial_token_overlap_unindexed
S1-561463598	S2-888908151	S2	surya care	11 372 plot no 372 second floor gali no 11 lalita park laxmi nagar delhi east delhi delhi	india	india	surya	partial_token_overlap_unindexed
S1-189776996	S2-973769810	S2	khurana and partners pvt ltd	gala no 301 shri guru gobindsingh indl premises co op society weh goregaon mumbai mumbai city maharashtra	india	india		zero_shared_tokens_transliteration
S1-612743416	S3-175454102	S3	ace bright biologics associates	426 14th paris tx	us	us	bright,ace,biologics,associates	partial_token_overlap_unindexed
S1-509094995	S3-877536390	S3	corner pilates inc	2261 littlemore drive tn memphis	us	us	inc,corner	partial_token_overlap_unindexed
S1-721571073	S2-639518826	S2	ss consultants private limited	office no 29 3rd floor vega chsl hiranandani estate patlipada road thane maharashtra	india	india		empty_or_missing_name
S1-149887453	S2-130112230	S2	international august heights public limited	plno 7 srushti bangalow srno 119 4 opp my world haveli pune maharashtra	india	india		zero_shared_tokens_transliteration
S1-174758675	S3-966491223	S3	phillis rios quantum	1091 addice way cincinnati oh	us	us	phillis,rios	partial_token_overlap_unindexed
S1-463954056	S3-405055319	S3	high care limited	shop no 108 first floor new york arecad village bopal ct taluka daskroi ahmedabad gujarat	india	india	high,care	partial_token_overlap_unindexed
S1-424056867	S3-193973019	S3	red infra pvt ltd	mumbai maharashtra mumbai 35 k lami indl estatenew link rd andheri w	india	india	infra,pvt,red	partial_token_overlap_unindexed
S1-322450738	S2-885497007	S2	shakti healthcare llp	c o madhavrao daund jeur kumbhari taluka kopargaon district ahmednagar jeur kumbhari kopergaon ahmed nagar maharashtra	india	india	healthcare,shakti	partial_token_overlap_unindexed
S1-810276312	S2-107776928	S2	surya media pvt ltd	88 1 near ambika fabrication akola ahmadnagar akole ahmednagar maharashtra	india	india		empty_or_missing_name
S1-566722777	S2-220492147	S2	prabha and co	no 21 alavukkara street madurai tamil nadu	india	india	prabha,and	partial_token_overlap_unindexed
S1-455885431	S3-609790585	S3	lyrial aria	21406 catalina circle rehoboth beach de	us	us		zero_shared_tokens_transliteration
S1-565604644	S2-682394549	S2	crimson communications private limited	k v 40 27 387 9th cross road panampilly nagar cochin kerala	india	india	crimson,limited,communications	partial_token_overlap_unindexed
S1-221644615	S3-474724064	S3	high foundation	gf and 1st flr b no 7a dlf phase 2 cyber city sec 24 dlf qe gurgaon haryana	india	india		empty_or_missing_name
S1-459760851	S3-6283053	S3	cabaniss and robinson foods newton falls	322 columbia avenue newton falls oh	us	us	and,cabaniss,newton,robinson,falls,foods	partial_token_overlap_unindexed
S1-523140890	S3-692099494	S3	nexis shipping inc	tx irving 512 bryan court	us	us		zero_shared_tokens_transliteration
S1-473375664	S2-513350847	S2	lakshmi products pvt ltd	house no 45 omaxe anandam omaxe city 1 baliyakheda indore madhya pradesh	india	india	lakshmi,products	partial_token_overlap_unindexed
S1-120742234	S2-434005581	S2	diamond coastal micro	5270 b diamond drive oak forest il	us	us	coastal,diamond,micro	partial_token_overlap_unindexed
S1-963750815	S3-456237420	S3	smith services	1502 meadow lane randolph ma	us	us	smith	partial_token_overlap_unindexed
S1-498316043	S3-626140411	S3	shivam projects private limited	bldg no 18 r no 2indrayani nagar pradhikaran bhosari pune maharashtra	india	india	private,limited,shivam	partial_token_overlap_unindexed
S1-341291980	S3-161921244	S3	oncology care llc	8905 penrith drive spotsylvania county va	us	us		zero_shared_tokens_transliteration
S1-674387874	S2-98569951	S2	dotti burton atlantic athena	7825 41st street phoenix az	us	us	dotti,burton,atlantic	partial_token_overlap_unindexed
S1-598158852	S3-86463491	S3	certified semiconductor corporation	2445 hogan lane lake havasu city az	us	us	certified,semiconductor	partial_token_overlap_unindexed
S1-919721730	S3-904988394	S3	darshana educational society	emaar mohali hills mohali sector 105 sahibzada ajit singh nagar s a s nagar mohali rupnagar punjab	india	india	darshana,educational	partial_token_overlap_unindexed
S1-852334435	S3-3763546	S3	bay keystone indigo llc	2445 52nd street lincoln ne	us	us	bay,keystone,llc	partial_token_overlap_unindexed
S1-253775422	S2-946363513	S2	gold projects	old no 27 new no 77 redhills road chennai tamil nadu	india	india		empty_or_missing_name
S1-105011790	S2-545934961	S2	lakshmi infra private limited	ground floor block no 694 plot no 13 to 18 jayraj textile park mahuej road mangrol surat gujarat	india	india	infra,lakshmi,private	partial_token_overlap_unindexed
S1-992003464	S2-762264647	S2	aashi and co corp	row house 10syno246 1mani konda chitrapuri colony rangareddy telangana	india	india	corp,co,and	partial_token_overlap_unindexed
S1-695706953	S3-362820185	S3	pet services private limited	uttar pradesh mathura ranhera chhata mathura uttar pradesh 203 mathura	india	india		zero_shared_tokens_transliteration
S1-63011872	S3-706121040	S3	etah india ltd	c o ashad miya holi darwaza etah uttar pradesh	india	india	etah,india	partial_token_overlap_unindexed
S1-798087364	S3-143048226	S3	all developers private limited	b 108 sobha opal 39th cross 4th t block jayanagar bangalore karnataka	india	india		empty_or_missing_name
S1-890371167	S3-45170629	S3	anand tech private limited	s no 176 flat no 801 shivom regency baner road haveli pune maharashtra	india	india	tech,anand,limited,private	partial_token_overlap_unindexed
S1-362037275	S2-481809482	S2	wisdom sciences llp	shop no 26 first floor escort herion limited mujessar sector 24 faridabad haryana	india	india	wisdom,sciences	partial_token_overlap_unindexed
S1-976162944	S2-909219651	S2	scholarship ministries	303 main street village of eden wi	us	us	scholarship,ministries	partial_token_overlap_unindexed
S1-763328326	S2-366337209	S2	ward paceline	2952 old walton circle algood tn	us	us	ward,paceline	partial_token_overlap_unindexed
S1-507722559	S2-384119630	S2	supreme construction collective	655 promenade parkway unit 2092 irving tx	us	us		zero_shared_tokens_transliteration
S1-654168735	S3-732768031	S3	anil raise ltd	no 72 kno 53 1 3rd cros ramanjineya layout bangalore north bangalore karnataka	india	india	ltd,anil	partial_token_overlap_unindexed
S1-684460528	S3-178901429	S3	global consultants private limited	sco 9 gf and basement huda market sector 31 32a sadar bazar gurgaon haryana	india	india		empty_or_missing_name
S1-763445734	S3-317522377	S3	first logistics company	877 pryor creek road huntley mt	us	us	logistics,first	partial_token_overlap_unindexed
S1-18076290	S2-753026541	S2	chorasi mutual private limited	148 h no kawas chorasi surat gujarat	india	india	chorasi,private,mutual	partial_token_overlap_unindexed
S1-447633176	S3-984319129	S3	om consultants	tower f 2122 gaur sportswood noida gautam buddha nagar uttar pradesh	india	india	om,consultants	partial_token_overlap_unindexed
S1-503168886	S2-356667247	S2	precision allstate inc	210 burton street gillespie il	us	us		zero_shared_tokens_transliteration
S1-870992471	S3-421984194	S3	active shoes pvt ltd	shree bhihar colony rai dt083 p203 railway station road gwalior madhya pradesh	india	india	active,pvt,ltd	partial_token_overlap_unindexed
S1-582041644	S3-319870747	S3	delhi infra clinic	315 g floor block bg sanjay gandhi tp nagar north west delhi delhi	india	india	clinic,delhi	partial_token_overlap_unindexed
S1-509228574	S3-310339409	S3	coleman isahella g ph d p c	1442 lakeshore drive louisa county va	us	us	coleman,g,ph,d,isahella	partial_token_overlap_unindexed
S1-111239278	S2-573085616	S2	kassi tucker columbia llc	2895 premae drive akron oh	us	us	columbia,kassi,tucker	partial_token_overlap_unindexed
S1-242195439	S3-761389926	S3	dream infra limited	gat no 71 22 turkheda near mamurabad jalgaon jalgaon maharashtra	india	india		empty_or_missing_name
S1-371814600	S3-103576628	S3	heidi w cortes l c s w	246 northpoint avenue huntington in	us	us	w,s,l,c,heidi	partial_token_overlap_unindexed
S1-851158608	S3-334623392	S3	vetri college corp	175 pocket dmayur vihar phase ii delhi east delhi delhi	india	india	corp,vetri	partial_token_overlap_unindexed
S1-133868991	S2-209534171	S2	hyderabad 7 travels public limited	telangana andhra pradesh h no 2 98 3 10 b block b kakateeyaagar habsiguda hyderabad 7	india	india	limited,hyderabad,7	partial_token_overlap_unindexed
S1-914501306	S3-522277143	S3	perfect marketing private limited	kalane house tal mahur post wai bajar plot no 151 nanded maharashtra mahore	india	india		empty_or_missing_name
S1-669276233	S2-10527536	S2	munoz scuti	2449 remington road unit apartment 2 city of green bay wi	us	us	munoz	partial_token_overlap_unindexed
S1-522592418	S3-921699747	S3	united fellowship	18 b street drummond mt	us	us	united,fellowship	partial_token_overlap_unindexed
S1-124391901	S3-324960904	S3	children s fund llc	34973 polo arizmendi circle san benito tx	us	us		zero_shared_tokens_transliteration
S1-879957116	S2-969705686	S2	guru builders private limited	a block gf 41 avichal sho daskroi ahmedabad gujarat	india	india		empty_or_missing_name
S1-140408664	S3-362373604	S3	martinez and hurd group	columbus 2876 fox hollow in	us	us	martinez,and,hurd	partial_token_overlap_unindexed
S1-775160533	S3-88915606	S3	twisted yoga inc	63 esmond street unit 1 boston ma	us	us	yoga,twisted	partial_token_overlap_unindexed
S1-800226602	S3-956544389	S3	global telecom works llc	3892 sherbourne drive erlanger ky	us	us	telecom,global	partial_token_overlap_unindexed
S1-590367734	S2-632247738	S2	drayic quality llc	220 hempstead street nashville ar	us	us		zero_shared_tokens_transliteration
S1-618592992	S3-416051848	S3	integrated defense enterprises	1537 acorn way woodmoor co	us	us	enterprises,integrated,defense	partial_token_overlap_unindexed
S1-295937307	S3-899943801	S3	back alley deli llc	300 park terrace drive unit 323 stoneham ma	us	us	alley,llc,back	partial_token_overlap_unindexed
S1-211147486	S3-621917896	S3	little barbershop	nc pittsboro 125 dusty arbor lane	us	us	little,barbershop	partial_token_overlap_unindexed
S1-801231306	S2-669201997	S2	chordia association private limited	d 220 2 4th floor 401 abulfazal enclave 1 okhla south delhi delhi new delhi	india	india	chordia,private,association	partial_token_overlap_unindexed
S1-321002892	S3-608570699	S3	wick and heisey manulife inc	10939 running brook road indianapolis in	us	us	manulife,and,heisey,wick	partial_token_overlap_unindexed
S1-280808416	S3-87044616	S3	tx capital monte	101 2nd street garden city ks	us	us		zero_shared_tokens_transliteration
S1-176399598	S2-561149085	S2	kelly stores l l c	1209 johnson street massillon oh	us	us	stores,kelly	partial_token_overlap_unindexed
S1-69727842	S3-662046050	S3	h y and k figx	171 oakmont cove bells tn	us	us	h,and,y,k	partial_token_overlap_unindexed
S1-990084334	S3-758828470	S3	ram hospitality private limited	v and po burari delhi north delhi delhi 621 delhi	india	india	private,limited,hospitality	partial_token_overlap_unindexed
S1-977979640	S2-167491545	S2	corporate staffing concepts inc	133 fleetwood terrace amherst ny	us	us	concepts,inc,corporate	partial_token_overlap_unindexed
S1-807899625	S2-223493855	S2	associated educational society	d 1 32 chennai arumbakkam tamil nadu police station street mmda colony	india	india	educational,associated	partial_token_overlap_unindexed
S1-601924236	S3-952816704	S3	american pampa	ok 1119 colt drive durant	us	us	pampa,american	partial_token_overlap_unindexed
S1-11331276	S3-790150525	S3	kishore polytechnic	door no 1 2 286 domalaguda hyderabad telangana	india	india	kishore,polytechnic	partial_token_overlap_unindexed
S1-505374525	S2-294485927	S2	quality media associates inc	618 friendship cross street north wilkesboro nc	us	us	media,inc,quality	partial_token_overlap_unindexed
S1-254626800	S2-455931795	S2	heritage vanguard wintergreen inc	41 fermoy heights avenue boston ma	us	us		zero_shared_tokens_transliteration
S1-595525735	S2-81364603	S2	mega machine private limited	c o rajendra srivastav ambedkar nagar banda uttar pradesh	india	india	private,mega,machine	partial_token_overlap_unindexed
S1-542989178	S2-784104371	S2	urgent care united associates	234 whitesell street unit 204 monmouth or	us	us	united,associates,urgent	partial_token_overlap_unindexed
S1-667250249	S2-195501440	S2	pinnacle pllc	419 washington avenue warden wa	us	us	pllc	partial_token_overlap_unindexed
S1-208123691	S2-548694133	S2	clausen health center p c	13510 65th street vancouver wa	us	us	health,center,clausen	partial_token_overlap_unindexed
S1-715561850	S3-70538056	S3	huang sprott inc	co pueblo west 1332 avenida del oro	us	us		zero_shared_tokens_transliteration
S1-936095007	S3-861025184	S3	kashyap infratech bangalore	201 diamond nest nr colony old airport road konanaagrahara bangalore karnataka	india	india	bangalore,kashyap	partial_token_overlap_unindexed
S1-874660306	S3-289365741	S3	physical therapy associates group	4303 elkins avenue unit b nashville tn	us	us	physical,therapy	partial_token_overlap_unindexed
S1-874703841	S2-354790200	S2	nishtha vincom private limited	430 1st phase jade garden opp club cabana sadahalli bangalore karnataka	india	india	private,limited,nishtha	partial_token_overlap_unindexed
S1-850826669	S3-720100931	S3	capita labs private limited	flat no 402 4th floor kailash building 26 k g marg new delhi delhi	india	india	private,limited,capita	partial_token_overlap_unindexed
S1-997382020	S2-129456412	S2	collins pacific kensington	1014 dartmouth street chattanooga tn	us	us	kensington,collins	partial_token_overlap_unindexed
S1-994834382	S3-647035417	S3	deerdre berg precision brewing inc	1300 grandview drive fl 0 saint louis mo	us	us	inc,deerdre,berg,brewing,precision	partial_token_overlap_unindexed
S1-718054624	S3-279168687	S3	brynna k colson l c s w pc	2001 cherry street olean ny	us	us	pc,w,k,brynna,colson,l,c,s	partial_token_overlap_unindexed
S1-518468319	S3-261497738	S3	anant care pvt ltd	flat no 201 prasad apartments gunfoundry hyderabad telangana	india	india	care,anant,pvt	partial_token_overlap_unindexed
S1-462348603	S3-531556609	S3	bright payment digital corporation	183 edgewater avenue islip ny	us	us	payment,bright	partial_token_overlap_unindexed
S1-854207766	S2-455413377	S2	yamuan education private limited	h no 17 sector 41 aghapur noida gautam buddha nagar uttar pradesh	india	india	private,yamuan,education	partial_token_overlap_unindexed
S1-725151419	S3-409411034	S3	pioneer estate private limited	h1 85 ii floor riico industrial area mansarovar jaipur rajasthan	india	india	private,limited,estate,pioneer	partial_token_overlap_unindexed
S1-762440821	S3-378411289	S3	emco promoters	shop no 158 159 mehnandvas house nehru bazar jaipur rajasthan	india	india	emco	partial_token_overlap_unindexed
S1-921664491	S2-3325917	S2	maryjane l martin m d p c llc	4 martine avenue unit apartment 1219 white plains ny	us	us	llc,d,maryjane,l,c,m,p	partial_token_overlap_unindexed
S1-373405845	S3-228997702	S3	pioneer shiva logistics private limited	no 19 aladi road pudhupet ppt vriddhachalam cuddalore tamil nadu	india	india		empty_or_missing_name
S1-959324129	S2-460557479	S2	digital arihant global llp	bangalore bangalore south 42 4 near east point hospital karnataka	india	india		empty_or_missing_name
S1-870806489	S3-594619115	S3	bharat and brothers private limited	57a park street kolkata calcutta west bengal	india	india	bharat,private,limited,brothers	partial_token_overlap_unindexed
S1-669413769	S2-848895807	S2	first investment private limited	57b purna das road kolkata howrah west bengal	india	india	limited,first,investment	partial_token_overlap_unindexed
S1-805535132	S2-586609643	S2	bombay ss hospitality pvt ltd	c o sukhbir singh huda sector 34 village shahpur ambala haryana	india	india	ss,pvt,bombay,hospitality	partial_token_overlap_unindexed
S1-127463334	S3-605179833	S3	shakti industries	h no 11a s f patparganj nr bapu nacher hospital east delhi delhi	india	india		empty_or_missing_name
S1-546751738	S2-704911239	S2	holloway medical	everett 121 linden street unit 2 ma	us	us		zero_shared_tokens_transliteration
S1-282807299	S2-810730579	S2	doralyn frankel siddhi p c	tonawanda ny 22 channing place	us	us	doralyn,frankel	partial_token_overlap_unindexed
S1-809913071	S3-818129773	S3	quva senior inc	bonifay 3174 rucker lane fl	us	us	inc,quva	partial_token_overlap_unindexed
S1-14306813	S3-713984317	S3	newway india mills private limited	no 10 karnataka old no c 26 3rd main road k s i d c industrial estate rajajinagar bangalore	india	india		zero_shared_tokens_transliteration
S1-682461404	S2-496316891	S2	aditya infra limited	e 39 riico growth centre hamirgarh bhilwara rajasthan	india	india		empty_or_missing_name
S1-775720636	S3-275718984	S3	g materials	1908 hutto road georgetown tx	us	us	materials,g	partial_token_overlap_unindexed
S1-372727616	S3-44413956	S3	gao biotechnologies llc	19 milwaukee street dubuque ia	us	us	gao,biotechnologies	partial_token_overlap_unindexed
S1-867874591	S2-237208673	S2	indian creative hospitality	d 414 u g f lhs gali no 14a 5 kh no 94 20 2 sadh nagar palam colony delhi south west delhi delhi	india	india	indian,creative,hospitality	partial_token_overlap_unindexed
S1-947028134	S3-808878365	S3	premier prime fidelity	1743 85th street chicago il	us	us	fidelity,premier	partial_token_overlap_unindexed
S1-161238851	S3-864579853	S3	k b stiffler partners	109 legends way unit apartment 296 walton ky	us	us	partners,k,b	partial_token_overlap_unindexed
S1-601242427	S2-51814769	S2	housing charities	ky 701 monroe street unit apartment b newport	us	us	housing,charities	partial_token_overlap_unindexed
S1-940977934	S2-995336190	S2	united and marketing limited	2 66 arya mohalla nangloi east delhi delhi	india	india	united,limited,and	partial_token_overlap_unindexed
S1-112045460	S3-133280269	S3	all exports pvt ltd	pune maharashtra nr republic school dehuroad h no 58 pune	india	india		empty_or_missing_name
S1-266407460	S2-57209764	S2	global infra private limited	102 anand bhavan k n road chinch bunder dongri mumbai mumbai city maharashtra	india	india		empty_or_missing_name
S1-747799453	S3-423518176	S3	al finance limited	603 sankar mahal premises co op soc ctc 874 f p b vile parle west mumbai mumbai city maharashtra	india	india		empty_or_missing_name
S1-880136778	S2-397518933	S2	perfect projects limited	b32 shranam 9 opp chandan party plot ahmadabad city ahmedabad gujarat	india	india		empty_or_missing_name
S1-340745284	S2-767083235	S2	premier construction services inc	421 hunter loop bertram tx	us	us	construction,premier	partial_token_overlap_unindexed
S1-924702753	S3-524088539	S3	hutcherson cosmetics llc	912 hannaway road columbia tn	us	us	cosmetics,hutcherson	partial_token_overlap_unindexed
S1-852009155	S3-212162519	S3	chiropractic center	fort fairfield me 244 presque isle road	us	us	chiropractic,center	partial_token_overlap_unindexed
S1-313600572	S2-785947007	S2	my healthcare private limited	c o sumedh jaypalji mohagaon nagpur narkher nagpur maharashtra	india	india		empty_or_missing_name
S1-961531577	S2-517597680	S2	wwi strategy private limited	plot no 48 2nd floor office no 201 near park hasanpur east delhi delhi	india	india		zero_shared_tokens_transliteration
S1-58259520	S3-95232594	S3	better security worldwide llc	402 church street ofallon mo	us	us		zero_shared_tokens_transliteration
S1-803677059	S3-86574551	S3	badami technoengineers co	98 way side of aaher vadi aaher vadi area kalyanpur 3 kalyanpur jamnagar gujarat	india	india	badami,co	partial_token_overlap_unindexed
S1-501252929	S3-653215502	S3	granite	livingston ca 1930 f street	us	us	granite	partial_token_overlap_unindexed
S1-993208933	S2-551236240	S2	tech business	haryana ph 3 sai kunj n p v b 9 palam vihar gurgaon	india	india		empty_or_missing_name
S1-713009011	S3-79151504	S3	back alley nails	219 central street danville city va	us	us	back,nails	partial_token_overlap_unindexed
S1-569281801	S3-594386582	S3	atlantic staking llc	3360 glenbrook drive hailey id	us	us		zero_shared_tokens_transliteration
S1-620173167	S2-183691396	S2	shiva guru power limited	38 a main street kalipalayam elavanatham post arachalur erode tamil nadu	india	india		empty_or_missing_name
S1-342389087	S2-337078782	S2	great prime studios ltd	1430 prairie village drive waukee ia	us	us		zero_shared_tokens_transliteration
S1-408643468	S2-233653566	S2	gd enterprises private limited	c o sunny sharma vii panighata t e siliguri darjiling darjeeling west bengal	india	india	enterprises,gd,private	partial_token_overlap_unindexed
S1-669348062	S3-341702692	S3	novus construction pllc	28 corey street unit 1 everett ma	us	us	pllc,novus	partial_token_overlap_unindexed
S1-610850812	S3-178470362	S3	vivekanand financiers corporation	flat no 1 top floor lalitha krishna apartments 2 giri road t nagar chennai tamil nadu	india	india	vivekanand,corporation	partial_token_overlap_unindexed
S1-709206753	S3-984671759	S3	pacific star bny llc	521 a street oregon city or	us	us	pacific,star,bny	partial_token_overlap_unindexed
S1-242797708	S3-306629431	S3	universal logistics limited	supath ii opp wadaj bus terminal nr union bank of india usmanpura ashram road ahmedabad 102 e gujarat ahmadabad city	india	india		empty_or_missing_name
S1-850019522	S3-114582764	S3	kestiq gabelli corporation	61 windmere circle tyngsborough ma	us	us		zero_shared_tokens_transliteration
S1-237514166	S2-79434961	S2	delhi solutions ltd	tamil nadu chennai new no 25 g2 agasthiyar street east tambaram old no 9 chennai	india	india	solutions,delhi	partial_token_overlap_unindexed
S1-579215071	S2-265908095	S2	soares bank llc	3324 magnolia hill drive unit 912 charlotte nc	us	us	llc,soares	partial_token_overlap_unindexed
S1-172723888	S2-553010583	S2	kendig graphics llc	2616 poinciana drive virginia beach city va	us	us	kendig,graphics	partial_token_overlap_unindexed
S1-522715990	S2-5813470	S2	rockhold aviles and sawyers media llc	oh tiffin 1653 sr 53	us	us		zero_shared_tokens_transliteration
S1-144622048	S3-914661014	S3	royal digital group	3151 garnet drive mo high ridge	us	us	royal,digital	partial_token_overlap_unindexed
S1-84850234	S2-975378149	S2	roberson duke llc	5734 wabash avenue baltimore md	us	us	duke,roberson	partial_token_overlap_unindexed
S1-739331292	S3-549954444	S3	kelley next inc	3126 stratford pointe drive sugar land tx	us	us		zero_shared_tokens_transliteration
S1-513658304	S3-395792494	S3	novic motors llc	765 clipper way sacramento ca	us	us	llc,novic	partial_token_overlap_unindexed
S1-959407953	S3-364354264	S3	sukh commercial private limited	f no 42 s no 77 p no 10 eden myfair complex nashik maharashtra	india	india	private,commercial,sukh	partial_token_overlap_unindexed
S1-600559238	S3-166615837	S3	international investment private limited	vivekanand society kupwad sangli maharashtra s no 3730 sangli	india	india		empty_or_missing_name
S1-270255759	S3-439338467	S3	ay entertainment group	5629 galloway road flemington wv	us	us	ay,entertainment	partial_token_overlap_unindexed
S1-46916077	S3-637058605	S3	saloni fund limited	vpo jeeni surajgarh jhunjhunun rajasthan jhunjhunun rajasthan	india	india	fund,saloni	partial_token_overlap_unindexed
S1-249796146	S3-823827310	S3	colonial assets llc	2913 oxwich avenue rio rancho nm	us	us	colonial,assets	partial_token_overlap_unindexed
S1-763163915	S3-701804335	S3	best investment private limited	flat no 3 e block db g 8 area rajouri garden hari nagar dadb block new delhi south west delhi delhi	india	india	private,best,investment	partial_token_overlap_unindexed
S1-962375035	S3-408974817	S3	obsidian inc	10927 thomas avenue bloomington mn	us	us	inc	partial_token_overlap_unindexed
S1-721213593	S3-155008605	S3	swaraj and brothers corp	d 4 sweet home chs ltd mumbai maharashtra plot 253 rscc 39 sec 2 gorai 2 nr pragati sch borivli w mumbai city	india	india	swaraj	partial_token_overlap_unindexed
S1-425588246	S3-680339489	S3	abraham preferred pllc	8519 alcott drive houston tx	us	us	abraham,preferred	partial_token_overlap_unindexed
S1-178253376	S3-664040133	S3	diena s safe communications	4301 whittle springs road unit 1205 knoxville tn	us	us	safe,diena,s,communications	partial_token_overlap_unindexed
S1-566396711	S2-730461338	S2	redwood zhejiang llc	1231 echo glen road charlotte nc	us	us	llc,redwood	partial_token_overlap_unindexed
S1-574426299	S3-284073581	S3	west bitwise pllc	in 6034 salisbury lane noblesville	us	us		zero_shared_tokens_transliteration
S1-551605303	S2-976172728	S2	monika harper value biomedical llc	229 landis court asheboro nc	us	us	monika,harper,value,biomedical	partial_token_overlap_unindexed
S1-755546342	S3-989714910	S3	behavioral health clean group	4316 163rd street cleveland oh	us	us	health,clean,behavioral	partial_token_overlap_unindexed
S1-34880354	S2-945161916	S2	lotus properties private limited	11 a bidhan pally p o goria south 24 parganas west bengal	india	india		empty_or_missing_name
S1-906079981	S3-489697405	S3	radhakrishna ship private limited	108 b devika tower new delhi south delhi delhi	india	india	private,radhakrishna	partial_token_overlap_unindexed
S1-592476714	S3-39437536	S3	products ap services	no 312 3rd cross royal corner k h road bangalore karnataka	india	india	ap,products,services	partial_token_overlap_unindexed
S1-485299299	S3-613671263	S3	sumner resorts	wa sumner 7407 154th avenue	us	us	sumner	partial_token_overlap_unindexed
S1-723682516	S3-56239491	S3	new finance pvt ltd	27 braboune road 6th floor r n 601 kolkata howrah west bengal	india	india	new,finance	partial_token_overlap_unindexed
S1-303121780	S3-387860114	S3	foot and ankle care associates llc	261 pawnee road scott city ks	us	us	care,foot,and	partial_token_overlap_unindexed
S1-392902135	S3-683156766	S3	sampat enterprises llp	plot no 22 harikrishna enclave shivaji nagar nagpur flat no 601 nagpur maharashtra	india	india	llp,sampat	partial_token_overlap_unindexed
S1-63440658	S3-14592461	S3	pravin and brothers private limited	ff1 dwarakamai residency no 2278 c block sahakarnagar bangalore bangalore karnataka	india	india	pravin,limited,and,brothers	partial_token_overlap_unindexed
S1-796091373	S2-583486535	S2	fresh nails	20746 1430 road lone wolf ok	us	us	fresh,nails	partial_token_overlap_unindexed
S1-194024460	S3-227757148	S3	lambodar pharmacy private limited	house no 8 4 maharashtra kolhapur e ward jamadar colony kolhapur karvir	india	india	private,limited,lambodar	partial_token_overlap_unindexed
S1-740119573	S2-381343040	S2	womens health clinic	il 4637 laramie avenue chicago	us	us	health,clinic,womens	partial_token_overlap_unindexed
S1-776311615	S2-613925330	S2	regional smart communities	718 washington street grand forks nd	us	us	smart,regional	partial_token_overlap_unindexed
S1-322621669	S2-718450162	S2	happy book store pllc	29 endicott street lynn ma	us	us	pllc,happy,book	partial_token_overlap_unindexed
S1-681326197	S3-370109892	S3	pediatric dental medicine	2051 185th street decorah ia	us	us	medicine,pediatric,dental	partial_token_overlap_unindexed
S1-84773725	S2-950608607	S2	trinity methodist church	157 sabattus street unit apt 2 lewiston me	us	us	methodist,trinity	partial_token_overlap_unindexed
S1-762533427	S3-320835926	S3	infra india craft pvt ltd	pune neeta chambers maharashtra 216 office 12 shivajinagar	india	india	infra,pvt,craft,india	partial_token_overlap_unindexed
S1-214429155	S3-792061379	S3	family services	14244 windrose drive surprise az	us	us	family,services	partial_token_overlap_unindexed
S1-757905995	S2-363963767	S2	economic development society	9219 foxboro drive brentwood tn	us	us		zero_shared_tokens_transliteration
S1-578549069	S2-523556108	S2	solic ingredients	3754 badger run denver nc	us	us	solic,ingredients	partial_token_overlap_unindexed
S1-532167943	S2-91948019	S2	universal enterprises private limited	b s complex nayabans noida uttar pradesh noida gautam buddha nagar uttar pradesh	india	india	enterprises,private,universal	partial_token_overlap_unindexed
S1-580254632	S2-514675016	S2	as and sons pvt ltd	maharashtra 401 402 thane smruti apartment vishnunagar naupada	india	india	as,pvt,ltd,sons	partial_token_overlap_unindexed
S1-519076290	S2-484080182	S2	jay infra private limited	malayankulamambasamudram taluk tirunelveli district tirunelveli pin tamil nadu	india	india		zero_shared_tokens_transliteration
S1-901107675	S2-560676174	S2	harbor bright llc	hooper ut 5346 4700	us	us	llc,harbor	partial_token_overlap_unindexed
S1-202434240	S2-49033495	S2	family bay group	110 whip lane fl 0 glen burnie md	us	us	bay,family	partial_token_overlap_unindexed
S1-876899003	S2-101728052	S2	hari sky infra llp	b 166 gali no 2 nehru vihar karawal nagar road new delhi east delhi delhi	india	india		empty_or_missing_name
S1-701826028	S2-488024362	S2	sunrise southern technologies private limited	bn 347 bapuji nagar pongumoodu medical college p o thiruvananthapuram thiruvananthapuram trivandrum kerala	india	india		empty_or_missing_name
S1-220825875	S3-310059946	S3	rev it up ice cream	3203 guion road indianapolis in	us	us	rev,ice,it,up,cream	partial_token_overlap_unindexed
S1-24479142	S3-338716838	S3	north textiles	619 2nd street humboldt ks	us	us	north	partial_token_overlap_unindexed
S1-773585271	S3-506119253	S3	interstate premier infinite pllc	21 black walnut lane nelson county va	us	us	pllc,interstate,infinite	partial_token_overlap_unindexed
S1-549242522	S3-980455785	S3	global apple inc	1323 sunset boulevard st george city ut	us	us	apple,global	partial_token_overlap_unindexed
S1-832115704	S2-9218870	S2	too solutions private limited	a 20 2c chet ram gali mouj pur delhi north east delhi	india	india	too	partial_token_overlap_unindexed
S1-149289528	S2-602000182	S2	hotel advisory llp	5 1 clive row 2nd floor kolkata howrah west bengal	india	india	hotel,advisory	partial_token_overlap_unindexed
S1-149710918	S3-856934488	S3	d 5 bright imperii llc	3944 hemway court simi valley ca	us	us	bright,d,llc,5	partial_token_overlap_unindexed
S1-170243264	S3-991918262	S3	baba hospitality private limited	house of suman ranjan w o sanjeev ranjan ramdhanipur sampatchak shahpur patna bihar	india	india	baba,limited,private	partial_token_overlap_unindexed
S1-896734527	S3-502399569	S3	unickon traders limited	44 a govt industrial estate m g road charkop opp ganesh hotel kandivali w est mumbai mumbai city maharashtra	india	india		zero_shared_tokens_transliteration
S1-902711336	S3-659018038	S3	jackson federal investment llc	864 pilot school road thomasville nc	us	us	jackson,federal,investment	partial_token_overlap_unindexed
S1-108566532	S3-561604972	S3	perfect media limited	first floor city point narsang tekri chhaya porbandar gujarat	india	india		empty_or_missing_name
S1-736579963	S3-767984343	S3	bombay technology private limited	flat no 202 f building fiorella phase 2 sukhwani campus near s t stand pimpri pune maharashtra	india	india		empty_or_missing_name
S1-490917776	S3-231567757	S3	secure medical union llc	2702 randolph street indianapolis in	us	us	medical,secure	partial_token_overlap_unindexed
S1-139425336	S3-669696440	S3	ramsarup international school	ahmedabad 401 shaili complex b h rainbow complex nr railway line gujarat ahmadabad city	india	india	ramsarup,international	partial_token_overlap_unindexed
S1-119074893	S2-742022754	S2	peak group pllc	110 mary alice drive valley mills tx	us	us	pllc,group	partial_token_overlap_unindexed
S1-848672453	S3-899864997	S3	ludhiana traders private limited	7 7 1 brojonath lahiri lane howrah west bengal	india	india	ludhiana,traders	partial_token_overlap_unindexed
S1-113824804	S3-467762783	S3	data property brands inc	4230 garden drive phoenix az	us	us	inc,data,property	partial_token_overlap_unindexed
S1-269046216	S2-67776116	S2	zephova jena corporation	17804 altesino cove pflugerville tx	us	us		zero_shared_tokens_transliteration
S1-514423627	S3-967570233	S3	valley coalition	9628 laurel lane fl 1 scottsdale az	us	us	valley	partial_token_overlap_unindexed
S1-439660345	S2-229530122	S2	marcellina s studios	110 w breckinridge st unit 204 louisville ky	us	us	marcellina,s	partial_token_overlap_unindexed
S1-247132924	S2-907730112	S2	gold software private limited	pn 47 ram nagar colony malpura gate ke pass sanganer jaipur rajasthan	india	india	software,gold,limited	partial_token_overlap_unindexed
S1-966343032	S3-238295112	S3	macy parks and casas	4211 morgan circle ellettsville in	us	us	parks,and,macy,casas	partial_token_overlap_unindexed
S1-16541529	S3-798423619	S3	shyam projects private limited	surat gujarat surat shiv shakti ind estate vill sanki ta palsana dist plot no 72 to 76	india	india	private,shyam,limited	partial_token_overlap_unindexed
S1-102733049	S3-311332123	S3	global first security llc	al 156 pinecrest drive weaver	us	us	llc,first,global,security	partial_token_overlap_unindexed
S1-265316124	S3-642695795	S3	metropolitan biomedical advisors lp	5970 la castana way sacramento ca	us	us		zero_shared_tokens_transliteration
S1-172260482	S3-961672058	S3	department of labor	4716 3rd street west fargo nd	us	us	labor,of,department	partial_token_overlap_unindexed
S1-409356989	S3-959169358	S3	swastik infra private limited	mumbai a 503 maharashtra vertex vikas bldg sir m v road mumbai	india	india		empty_or_missing_name
S1-562155757	S3-861938274	S3	mclaughlin equity inc	1174 kingston street fl 1 chandler az	us	us	mclaughlin,equity	partial_token_overlap_unindexed
S1-540849894	S3-216826331	S3	bavue llc	722 douglas road gould ar	us	us	llc	partial_token_overlap_unindexed
S1-558138436	S3-530686931	S3	krishna infotech llp	punjab kapurthala v p o dudwindi teh sultanpur lodhi kapurthala	india	india	infotech,krishna	partial_token_overlap_unindexed
S1-922429406	S3-516103089	S3	new delhi india private limited	plot no 33 33a ground floor rama road najafgarh road industrial area new delhi west delhi delhi	india	india	new,delhi,india	partial_token_overlap_unindexed
S1-344332796	S3-632882199	S3	economic development committee iv	5264 old sand road salt lick ky	us	us	economic,committee,development,iv	partial_token_overlap_unindexed
S1-558752887	S2-59294725	S2	preferred great abony inc	81 northern parkway oyster bay ny	us	us	great,abony,preferred	partial_token_overlap_unindexed
S1-702151226	S2-973175037	S2	great housing pvt ltd	g 15 plot no 12 v3s mall east centre laxmi nagar new delhi east delhi delhi	india	india	pvt,great,ltd	partial_token_overlap_unindexed
S1-882754131	S3-192111332	S3	all global pvt ltd	262 4 h a r colony char dawaza jaipur rajasthan	india	india	all,pvt,global	partial_token_overlap_unindexed
S1-833931576	S2-74036412	S2	chiropractic specialists l l c	charlotte nc 2739 hilliard drive	us	us	chiropractic,specialists	partial_token_overlap_unindexed
S1-339727390	S2-263716473	S2	keystone optimal products	1075 jason circle ashland city tn	us	us	keystone,optimal	partial_token_overlap_unindexed
S1-628555152	S2-157776133	S2	super aditya producer pvt ltd	shop no 8 and 9 ruhela market adarsh colony muzaffarnagar uttar pradesh	india	india		empty_or_missing_name
S1-936563215	S2-700017822	S2	anay chem private limited	105 floor 1 amir industrial estate sitaram jadhav marg sun mill compound de lisle road lower parle mumbai city maharashtra	india	india	private,chem,anay	partial_token_overlap_unindexed
S1-356107352	S2-367369383	S2	ear nose and throat group of belvidere inc	unit 0 belvidere il 1005 grover	us	us	inc,of,nose,throat,and,group,ear	partial_token_overlap_unindexed
S1-600659240	S2-111751293	S2	bright auto body center	ca 916 ocean drive oxnard	us	us	bright,center,auto	partial_token_overlap_unindexed
S1-106198727	S3-398676109	S3	ai manufacturing pvt ltd	w no 2 h no 59 pratik nagar mangesh nakat house murtizapur akola maharashtra	india	india	pvt,ltd,ai	partial_token_overlap_unindexed
S1-640030507	S2-945098051	S2	great food private limited	office no 7 floor ground plot 385 pine building barrister nath pai marg mazgaon mumbai maharashtra	india	india		empty_or_missing_name
S1-96174244	S3-770503124	S3	vibrant enterprises	new no 36 old no 17 4th street raghupathy nagar palavanthangal chennai tamil nadu	india	india	enterprises,vibrant	partial_token_overlap_unindexed
S1-866010623	S2-417750824	S2	shanley and miller	6626 gaywood drive mobile al	us	us		zero_shared_tokens_transliteration
S1-419348024	S3-904161930	S3	west verde inc	15 santiago avenue haverstraw ny	us	us		zero_shared_tokens_transliteration
S1-684178342	S3-953610032	S3	cornerstone premier tge corp	225 maple avenue timberville town va	us	us	cornerstone,tge,corp	partial_token_overlap_unindexed
S1-301800906	S3-284727622	S3	family health	20 perkins lane stafford county va	us	us	health,family	partial_token_overlap_unindexed
S1-622641987	S2-935881838	S2	saidabad services public limited	17 1 391 s 216 no 216 singareni colony saidabad hyderabad telangana	india	india		zero_shared_tokens_transliteration
S1-960928443	S3-278343143	S3	773 second avenue owners corp p c	2657 vermont street blue island il	us	us	avenue,owners,773,corp,second	partial_token_overlap_unindexed
S1-661664085	S3-609155589	S3	hotel finance private limited	door no 8 dream horizon sector 23 nerul east navi mumbai thane maharashtra	india	india		empty_or_missing_name
S1-702780135	S3-375235573	S3	main street pub	4614 berta road memphis tn	us	us	street,main,pub	partial_token_overlap_unindexed
S1-963388771	S2-714955438	S2	best business ventures inc	7168 egerton lane germantown tn	us	us	inc,best,business	partial_token_overlap_unindexed
S1-688260177	S2-73217869	S2	williams highland connecticut llc	6730 purdy parkway city of appleton wi	us	us	connecticut,highland,williams	partial_token_overlap_unindexed
S1-716955096	S3-684961438	S3	properties noor service center	pune haveli maharashtra f l no e 2 state bank nagar chs s no 140 3	india	india	service,center,properties,noor	partial_token_overlap_unindexed
S1-786081971	S2-241162326	S2	sameer welfare society	14 gautam park co op housing society nanakumbhnath road nadiad kheda gujarat	india	india	welfare	partial_token_overlap_unindexed
S1-597398434	S2-15236512	S2	american institute of technology	ny 15 ridge drive southampton	us	us		zero_shared_tokens_transliteration
S1-952894638	S2-995812169	S2	sitara success llp	gajanana cashew industries building no 3 88a shakaranarayana post kundapur taluk udupi karnataka	india	india	llp,success	partial_token_overlap_unindexed
S1-536948776	S3-315892953	S3	i corporate inc	718 94 warwick ny	us	us	corporate,i	partial_token_overlap_unindexed
S1-446522336	S2-354019477	S2	cedar merchants inc	6448 snowflake drive flagstaff az	us	us	cedar,inc	partial_token_overlap_unindexed
S1-147676645	S3-670430152	S3	digital peace limited	c o inderjit singh village satiyewala firozepur firozpur punjab	india	india	peace,limited	partial_token_overlap_unindexed
S1-653403177	S3-186854189	S3	big bear city housing golden foundation partners	ca big bear city 365 downey drive	us	us		zero_shared_tokens_transliteration
S1-171653159	S3-567837252	S3	first hospitality llp	wz 351 delhi shakurpur village delhi	india	india	llp,first	partial_token_overlap_unindexed
S1-29246929	S3-138149499	S3	vijay healthcare private limited	37a bentick street 2nd floor room no 202 kolkata howrah west bengal	india	india	vijay,private,healthcare	partial_token_overlap_unindexed
S1-661315962	S2-906228400	S2	scott eagle inc	4828 hedges avenue kansas city mo	us	us	inc,eagle,scott	partial_token_overlap_unindexed
S1-144608284	S3-39991363	S3	solutions avaada solutions private limited	a 139 mahadev nagar 4 dindoli surat gujarat	india	india	solutions,private,limited	partial_token_overlap_unindexed
S1-68688729	S3-320820154	S3	gf saraswati vihar pitampura singh limited	d 763 gf saraswati vihar pitampura new delhi delhi	india	india	saraswati,gf,singh,vihar,limited	partial_token_overlap_unindexed
S1-649638711	S3-702263250	S3	shyam producer pvt ltd	79 abul fazalvasundhra enclave new delhi north delhi delhi	india	india		empty_or_missing_name
S1-109574742	S2-497314322	S2	shv and brothers private limited	12 brindavan bldg poonam nagaroff mahalkali road andheri e andheri mumbai maharashtra	india	india		zero_shared_tokens_transliteration
S1-705759195	S2-84728721	S2	sweet deli llc	toledo oh 306 streicher street	us	us	deli,sweet	partial_token_overlap_unindexed
S1-314352402	S2-841800155	S2	great food private limited	p t 134 phase b golden green ind park lodhika gondal rajkot gujarat	india	india		zero_shared_tokens_transliteration
S1-763758768	S3-698828428	S3	empire travel	136 county road 4002 chilton tx	us	us	empire	partial_token_overlap_unindexed
S1-579569038	S3-953366769	S3	green trading	uttar pradesh k 1494 gautam buddha nagar noida 11th avenue sector 16c plot no gh03 gaur city 2	india	india		empty_or_missing_name
S1-340746308	S3-259917842	S3	shilpi consultancy company	c o amshya fulji padvi at post koyalivihir tal akkalkuwa dist nandurbar nandurbar maharashtra	india	india	shilpi,consultancy	partial_token_overlap_unindexed
S1-402366232	S2-129309224	S2	ns india farm private limited	e108 second floor greater kailash 1 new delhi new delhi south delhi delhi	india	india	farm,private,ns,india	partial_token_overlap_unindexed
S1-1604537	S2-65485063	S2	ul rapid oncology	253 cumberland avenue unit apt 3 portland me	us	us		zero_shared_tokens_transliteration
S1-676311882	S3-205268380	S3	rising brothers pvt ltd	uttar pradesh 359 5 civil lines muzaffarnagar	india	india	rising,pvt,brothers	partial_token_overlap_unindexed
S1-568933218	S2-185750505	S2	yamuya hospitality pvt ltd	210 b ark industrial estate makwana road marol andheri east mumbai maharashtra	india	india	pvt,ltd,yamuya	partial_token_overlap_unindexed
S1-919658075	S2-368310121	S2	star piedmont foods l l c	1413 olive street gainesville tx	us	us	star,piedmont,foods	partial_token_overlap_unindexed
S1-678563949	S3-175722446	S3	o z cea inc	206 laycrest drive mt juliet tn	us	us	inc,o,cea,z	partial_token_overlap_unindexed
S1-633321060	S2-772090428	S2	golden secure supply	6574 evans road rome ny	us	us	secure,supply	partial_token_overlap_unindexed
S1-100901319	S3-654049172	S3	indian it private limited	52 forest park 1st floor bhubaneswar khordha orissa	india	india		empty_or_missing_name
S1-819325787	S3-94409414	S3	red investment private limited	c o rinaben yashvantbhai inani gayatri industrial estate chandial daskroi daskroi ahmedabad gujarat	india	india	red,private,limited,investment	partial_token_overlap_unindexed
S1-973202523	S3-827573060	S3	pediatric care lp	1968 archer drive hermiston or	us	us	pediatric,lp	partial_token_overlap_unindexed
S1-78755494	S3-355563921	S3	jaclyn ruby l c s w	9 east street vernon ct	us	us	w,ruby,jaclyn,l,c,s	partial_token_overlap_unindexed
S1-683671808	S3-821964043	S3	highland peak analytics inc	2338 kathleen avenue evansville in	us	us	peak,inc,analytics	partial_token_overlap_unindexed
S1-803421408	S3-713520787	S3	community committee	35375 schafer ranch road yucaipa ca	us	us	community,committee	partial_token_overlap_unindexed
S1-840247873	S2-339183263	S2	city hospitality private limited	plot no 7 kp nagar menendal tamil nadu madurai north madurai no 1 11a	india	india	private,limited,city	partial_token_overlap_unindexed
S1-219158922	S3-625065646	S3	all mountain southern corp	1018 woodlawn drive charleston il	us	us	southern,all,mountain	partial_token_overlap_unindexed
S1-444761187	S3-740139982	S3	megen griggs esq dds pc lp	16450 parklawn avenue middleburg heights oh	us	us		zero_shared_tokens_transliteration
S1-786623136	S3-711641932	S3	surgical specialists l l c	5698 state highway 22 hillsboro tx	us	us	surgical,specialists	partial_token_overlap_unindexed
S1-744156532	S2-436081209	S2	beacon excavation corporation	4637 denver avenue tulsa ok	us	us		zero_shared_tokens_transliteration
S1-171443606	S3-339957916	S3	housing council	921 main street fl 1 hillsboro or	us	us	council,housing	partial_token_overlap_unindexed
S1-204456890	S3-522399879	S3	modern star services limited	83 dsidc complex okhla industrial area phase i new delhi south delhi delhi	india	india		empty_or_missing_name
S1-823484110	S2-238102946	S2	blakely superior select llc	1120 facio court nm albuquerque	us	us	select,superior,blakely	partial_token_overlap_unindexed
S1-514230422	S3-498089439	S3	pinnacle cargo private limited	uttar pradesh 9 41 ghaziabad panchwati extn opp pawan cinema	india	india	pinnacle,cargo,limited	partial_token_overlap_unindexed
S1-656531567	S2-347193313	S2	drayola point inc	9015 kings chapel road centertown mo	us	us	point,drayola	partial_token_overlap_unindexed
S1-291103394	S3-891593784	S3	roopora logistics pvt ltd	flat no 305 tower 7 saya gold avanue ghaziabad uttar pradesh	india	india		zero_shared_tokens_transliteration
S1-43505848	S3-883542690	S3	perfect tech private limited	bl no 6 flat no 96 guru prasad 24 bund garden road pune maharashtra	india	india	perfect	partial_token_overlap_unindexed
S1-975041124	S2-642525988	S2	caton onfolio of worcester inc	34 royal road worcester ma	us	us	caton,inc,onfolio,of	partial_token_overlap_unindexed
S1-290187706	S3-335546071	S3	east infra private limited	h n 23 412 rk colony bighar road fatehabad haryana	india	india	infra,limited,private	partial_token_overlap_unindexed
S1-158792892	S3-713228284	S3	shree infra private limited	1826 amarnath building bhagirath palace delhi new delhi delhi	india	india		empty_or_missing_name
S1-131911443	S2-168479009	S2	parivar metal llp	a 1 industrial estate varanasi uttar pradesh	india	india	parivar,metal	partial_token_overlap_unindexed
S1-610284272	S3-626050265	S3	strategic valley acquisition pc	9703 hudson boulevard unit unit 17 lake elmo mn	us	us	acquisition,strategic	partial_token_overlap_unindexed
S1-831227785	S2-106428880	S2	santana institute limited	b 702 7th floor joyos hubtown geeta mandir astodia nr gsrtc bus ter minal ahmedabad gujarat	india	india	institute	partial_token_overlap_unindexed
S1-637431475	S3-842609267	S3	pinnacle intelligence holdings	3530 old winchester trail xenia oh	us	us	pinnacle,holdings	partial_token_overlap_unindexed
S1-93695493	S3-184528079	S3	db systems llp	shop no 3 plot no 44 bajaj nagar nagpur maharashtra	india	india	systems,db	partial_token_overlap_unindexed
S1-105191606	S2-935133337	S2	nowak greene and te	unit apt 373 az flagstaff 5000 mall way	us	us	greene,nowak,and	partial_token_overlap_unindexed
S1-38402575	S2-704567209	S2	white marketing private limited	s no 142 4 cts no 5102 fl no 1001 bld no c 10th floor aishwaryam ventures pune city pune maharashtra	india	india	private,marketing,white	partial_token_overlap_unindexed
S1-379956956	S3-195288946	S3	vidarbha and sons private limited	a 1 71 apanchsheel enclave new delhi south delhi delhi	india	india		zero_shared_tokens_transliteration
S1-421498729	S3-336170215	S3	anand finance private limited	plot no 38a dabgram industrial estate p o satellite township jalpaiguri west bengal	india	india	finance	partial_token_overlap_unindexed
S1-260017810	S2-289425854	S2	hitech media pvt ltd	gala no f 25 rameshwar plaza near moti talav sawantwadi sindhudurg maharashtra	india	india		empty_or_missing_name
S1-939045953	S3-658672536	S3	abrams and michelson centurion clinic	7927 cortland parkway elmwood park il	us	us	michelson,and,clinic,abrams,centurion	partial_token_overlap_unindexed
S1-565633204	S3-637072736	S3	silver packaging products	5631 53rd street unit apt 4 sacramento ca	us	us	silver,products	partial_token_overlap_unindexed
S1-562919896	S3-650737013	S3	pcr medical centre private limited	c 142 manu apartments mayur vihar phase 1 delhi	india	india		zero_shared_tokens_transliteration
S1-759283843	S2-316716000	S2	kolkata service private limited	144 t n g road kolkata howrah west bengal	india	india	private,kolkata,limited	partial_token_overlap_unindexed
S1-464309352	S3-383778536	S3	vector nursing home	41 bipinbehariganguly streetcentralplaza4th floor kolkata kolkata howrah west bengal	india	india	vector,nursing	partial_token_overlap_unindexed
S1-440937763	S2-559730340	S2	moss and sons corp	a 1404 zenith apartments opposite keshav pada p k road mulund west mumbai maharashtra	india	india	moss,corp,sons	partial_token_overlap_unindexed
S1-571497340	S2-961637831	S2	sunrise hospitality private limited	door no 10 street no 8chb colony velur road tiruchengode namakkal district namakkal tamil nadu	india	india	hospitality,sunrise	partial_token_overlap_unindexed
S1-235258587	S3-659570780	S3	tri state preferred gsr	925 3rd street burlington ia	us	us	tri,state,preferred,gsr	partial_token_overlap_unindexed
S1-978732778	S3-699507117	S3	vertice jp private limited	63 64 tardeo air condition market ground floor tardeo road mumbai maharashtra	india	india	vertice,jp	partial_token_overlap_unindexed
S1-22257302	S2-45947312	S2	no solutions private limited	rajasthan karansar road hingoniya jaipur 851 rajoria ki dhani jaipur	india	india	solutions,private,no	partial_token_overlap_unindexed
S1-528290170	S3-774514284	S3	tech food pvt ltd	s 15 leisure valley shopping centre opposite kingdom of dreams sector 29 gurgaon haryana	india	india	tech,pvt,food	partial_token_overlap_unindexed
S1-337370847	S2-659540452	S2	harbor works	968 march street lake zurich il	us	us	works,harbor	partial_token_overlap_unindexed
S1-523991829	S2-164347383	S2	sonal baby private limited	maharashtra west mumbai city d 103 benhur chs ltd lokhandwala complex opp link rd andheri mumbai	india	india	baby,private,sonal	partial_token_overlap_unindexed
